"scenario","within_slope_mean","simulation","enrolled_n","target_complete_reached","complete_n","two_observation_n","one_or_zero_observation_n","analysis_n","total_observations","beta_posterior_mean","beta_lower_95","beta_upper_95","beta_error","beta_squared_error","beta_coverage_95","beta_interval_width_95","log_bf","bridge_logbf_difference","bridge_decision_stable","full_diagnostic_pass","null_diagnostic_pass","full_retry","null_retry","valid_simulation","strong_negative_evidence","estimated_slope_sd","slope_sd_coverage","slope_sd_interval_width"
"expected",-0.3,1,60,FALSE,46,7,7,53,152,-0.319834305204712,-0.442018625490331,-0.193712784813593,-0.0198343052047117,0.000393399662953655,TRUE,0.248305840676737,8.33434248996934,0.0116179884255132,TRUE,TRUE,TRUE,FALSE,FALSE,TRUE,TRUE,0.163273118046454,TRUE,0.337254258680291
"expected",-0.3,2,59,TRUE,50,4,5,54,158,-0.326135485624274,-0.453236724798194,-0.189181117184594,-0.0261354856242736,0.000683063608816612,TRUE,0.2640556076136,7.47250886743021,0.00661672204634556,TRUE,TRUE,TRUE,FALSE,FALSE,TRUE,TRUE,0.196603333687929,TRUE,0.3274959274356
"expected",-0.3,3,58,TRUE,50,6,2,56,162,-0.300020268980551,-0.397635803776161,-0.204406673902563,-2.02689805506862e-05,4.10831572564094e-10,TRUE,0.193229129873598,13.2663443409153,0.00422696791858357,TRUE,TRUE,TRUE,FALSE,FALSE,TRUE,TRUE,0.0933459775077187,TRUE,0.235166205579689
"expected",-0.3,4,56,TRUE,50,5,1,55,160,-0.26722847843054,-0.397474481541696,-0.126687234766677,0.0327715215694602,0.00107397262597759,TRUE,0.270787246775019,4.5345462463132,0.0138720590435355,TRUE,TRUE,TRUE,FALSE,FALSE,TRUE,TRUE,0.199508271976514,TRUE,0.357124139228473
"expected",-0.3,5,57,TRUE,50,6,1,56,162,-0.293257682415653,-0.418440577320277,-0.166330664816139,0.0067423175843474,4.54588464082002e-05,TRUE,0.252109912504138,6.39123587779565,0.0415515416116534,TRUE,TRUE,TRUE,FALSE,FALSE,TRUE,TRUE,0.232965286796862,TRUE,0.342407659017295
"expected",-0.3,6,57,TRUE,50,4,3,54,158,-0.239217620340526,-0.352572666623207,-0.129516915297092,0.060782379659474,0.00369449767706844,TRUE,0.223055751326116,5.94051361673772,0.0030053153685401,TRUE,TRUE,TRUE,FALSE,FALSE,TRUE,TRUE,0.140789828963172,TRUE,0.315335788707423
"expected",-0.3,7,58,TRUE,50,7,1,57,164,-0.188595533064682,-0.305762513924924,-0.0724488824744811,0.111404466935318,0.0124109552531424,TRUE,0.233313631450443,2.82650611550076,0.0371582656868839,TRUE,TRUE,TRUE,FALSE,FALSE,TRUE,TRUE,0.221141152169626,TRUE,0.353554322147348
"expected",-0.3,8,60,FALSE,47,9,4,56,159,-0.27863112402682,-0.392772568525534,-0.162615091248852,0.0213688759731802,0.000456628860357159,TRUE,0.230157477276682,7.31324155920515,0.0242089314943712,TRUE,TRUE,TRUE,FALSE,FALSE,TRUE,TRUE,0.144546079331859,TRUE,0.330364313022361
"expected",-0.3,9,58,TRUE,50,7,1,57,164,-0.327408236569129,-0.424183221936372,-0.230428473414393,-0.0274082365691288,0.000751211431829328,TRUE,0.193754748521979,13.5817800828853,0.0667746522606194,TRUE,TRUE,TRUE,FALSE,FALSE,TRUE,TRUE,0.0847352843406516,TRUE,0.224556613340491
"expected",-0.3,10,60,FALSE,49,7,4,56,161,-0.231050912840613,-0.363478203515184,-0.0920753452250978,0.0689490871593866,0.00475397662011269,TRUE,0.271402858290086,3.25477057734224,0.0285220997016324,TRUE,TRUE,TRUE,FALSE,FALSE,TRUE,TRUE,0.23407055306147,TRUE,0.393767121440671
"expected",-0.3,11,60,FALSE,49,6,5,55,159,-0.262509183047655,-0.385792422015133,-0.142122238785196,0.0374908169523455,0.00140556135575427,TRUE,0.243670183229936,5.96049091884191,0.0146975423218407,TRUE,TRUE,TRUE,FALSE,FALSE,TRUE,TRUE,0.177969033687259,TRUE,0.324171913145427
"expected",-0.3,12,60,FALSE,48,8,4,56,160,-0.220391116420903,-0.356703899362034,-0.0838691341146109,0.0796088835790968,0.00633757434471019,TRUE,0.272834765247423,3.05494378047766,0.0556723753617234,TRUE,TRUE,TRUE,FALSE,FALSE,TRUE,TRUE,0.332167128760404,TRUE,0.291715555875661
"expected",-0.3,13,56,TRUE,50,5,1,55,160,-0.210286731826047,-0.338606883548946,-0.0895154960797138,0.0897132681739527,0.00804847048645156,TRUE,0.249091387469232,3.59271193066328,0.0508654770802934,TRUE,TRUE,TRUE,FALSE,FALSE,TRUE,TRUE,0.235784946543504,TRUE,0.278886140730483
"expected",-0.3,14,55,TRUE,50,4,1,54,158,-0.304016187161704,-0.412084468474871,-0.196245243447398,-0.00401618716170427,1.61297593178382e-05,TRUE,0.215839225027473,10.6954104542193,0.0115922128388775,TRUE,TRUE,TRUE,FALSE,FALSE,TRUE,TRUE,0.160782518998718,TRUE,0.299491517075184
"expected",-0.3,15,57,TRUE,50,5,2,55,160,-0.235638858952484,-0.390300372547141,-0.0766494957596353,0.0643611410475156,0.00414235647693819,TRUE,0.313650876787505,2.44287795562934,0.0184085639116347,TRUE,TRUE,TRUE,FALSE,FALSE,TRUE,TRUE,0.365464799328344,FALSE,0.304611293964613
"expected",-0.3,16,55,TRUE,50,3,2,53,156,-0.246652607985349,-0.360055946265708,-0.134780157304459,0.0533473920146507,0.00284594423476482,TRUE,0.22527578896125,5.73862367779992,0.03422072748387,TRUE,TRUE,TRUE,FALSE,FALSE,TRUE,TRUE,0.137034377085818,TRUE,0.31632297370817
"expected",-0.3,17,60,FALSE,41,11,8,52,145,-0.194532389118937,-0.34482679381425,-0.043884037988829,0.105467610881063,0.0111234169449594,TRUE,0.300942755825421,1.39865355854116,0.0477518719872876,TRUE,TRUE,TRUE,FALSE,FALSE,TRUE,FALSE,0.286559163277047,TRUE,0.354497012634623
"expected",-0.3,18,58,TRUE,50,5,3,55,160,-0.28853021147131,-0.395544093047973,-0.178898942877183,0.0114697885286899,0.000131556048892867,TRUE,0.216645150170789,9.03228223286035,0.0325020701567666,TRUE,TRUE,TRUE,FALSE,FALSE,TRUE,TRUE,0.14717394065736,TRUE,0.321402792052239
"expected",-0.3,19,58,TRUE,50,5,3,55,160,-0.272110778386266,-0.400289601132569,-0.140469158339,0.0278892216137344,0.000777808682219991,TRUE,0.25982044279357,5.07790101357887,0.0388633337780959,TRUE,TRUE,TRUE,FALSE,FALSE,TRUE,TRUE,0.227773870940246,TRUE,0.39047626487274
"expected",-0.3,20,60,FALSE,49,5,6,54,157,-0.375015255187076,-0.494091248020313,-0.251308454226276,-0.0750152551870762,0.00562728851078217,TRUE,0.242782793794037,10.5141557634838,0.0293611842176631,TRUE,TRUE,TRUE,FALSE,FALSE,TRUE,TRUE,0.206085700665639,TRUE,0.341528553848979
"expected",-0.3,21,60,FALSE,48,7,5,55,158,-0.261003010016511,-0.392718510103926,-0.129272146978764,0.0389969899834889,0.00152076522777234,TRUE,0.263446363125162,4.88476163063345,0.0293516241552254,TRUE,TRUE,TRUE,FALSE,FALSE,TRUE,TRUE,0.233244154695328,TRUE,0.382206929588309
"expected",-0.3,22,60,FALSE,49,4,7,53,155,-0.341279697287399,-0.453484259539581,-0.230420885970595,-0.0412796972873992,0.00170401340813931,TRUE,0.223063373568985,12.0318061327503,0.0143410325523234,TRUE,TRUE,TRUE,FALSE,FALSE,TRUE,TRUE,0.12586005260951,TRUE,0.298913484406674
"expected",-0.3,23,60,FALSE,49,6,5,55,159,-0.214146161281735,-0.324683689473014,-0.100999735431972,0.0858538387182648,0.00737088162266183,TRUE,0.223683954041041,4.16071821847922,0.0347544049821522,TRUE,TRUE,TRUE,FALSE,FALSE,TRUE,TRUE,0.162438721141654,TRUE,0.311076974532907
"expected",-0.3,24,56,TRUE,50,4,2,54,158,-0.289148089561122,-0.423051847957486,-0.157522545209902,0.0108519104388784,0.000117763960173438,TRUE,0.265529302747583,6.16628468837771,0.0653034237770953,TRUE,TRUE,TRUE,FALSE,FALSE,TRUE,TRUE,0.215090446304046,TRUE,0.378917681562235
"expected",-0.3,25,60,TRUE,50,6,4,56,162,-0.279176892561909,-0.401556676119722,-0.161556413722015,0.0208231074380909,0.000433601803378277,TRUE,0.240000262397706,7.67310332061311,0.0418578134339782,TRUE,TRUE,TRUE,FALSE,FALSE,TRUE,TRUE,0.164072858371379,TRUE,0.349950756779943
"expected",-0.3,26,58,TRUE,50,7,1,57,164,-0.226421880964769,-0.357114952860312,-0.0916149009120753,0.0735781190352314,0.00541373960076268,TRUE,0.265500051948236,3.5016810517796,0.0110822357721929,TRUE,TRUE,TRUE,FALSE,FALSE,TRUE,TRUE,0.289380818479084,TRUE,0.301734973602433
"expected",-0.3,27,55,TRUE,50,3,2,53,156,-0.243783671051879,-0.343587163746923,-0.141418800302905,0.0562163289481213,0.00316027564040338,TRUE,0.202168363444018,6.65544636977393,0.0454622001891778,TRUE,TRUE,TRUE,FALSE,FALSE,TRUE,TRUE,0.0781314566862314,TRUE,0.209751491257332
"expected",-0.3,28,59,TRUE,50,4,5,54,158,-0.371289399565939,-0.471858569138043,-0.268112428306678,-0.0712893995659392,0.00508217849047213,TRUE,0.203746140831365,13.9367125278858,0.0289675310598625,TRUE,TRUE,TRUE,FALSE,FALSE,TRUE,TRUE,0.161632706607264,TRUE,0.313806038081456
"expected",-0.3,29,60,FALSE,46,10,4,56,158,-0.328113354445314,-0.444577248538274,-0.211937665538219,-0.0281133544453144,0.000790360698167881,TRUE,0.232639583000055,9.79872627440056,0.0309418810191175,TRUE,TRUE,TRUE,FALSE,FALSE,TRUE,TRUE,0.157444512600195,TRUE,0.320834069462717
"expected",-0.3,30,53,TRUE,50,2,1,52,154,-0.249171308204769,-0.359905589296026,-0.137934471869855,0.0508286917952313,0.00258355590961461,TRUE,0.221971117426172,6.67132551705666,0.00896421805765613,TRUE,TRUE,TRUE,FALSE,FALSE,TRUE,TRUE,0.109811820891786,TRUE,0.273617631953663
"expected",-0.3,31,59,TRUE,50,2,7,52,154,-0.160131411275935,-0.258212444183037,-0.0621153322650473,0.139868588724065,0.0195632221116615,FALSE,0.19609711191799,2.78548544764604,0.0284997888329031,TRUE,TRUE,TRUE,FALSE,FALSE,TRUE,TRUE,0.0895962220807732,TRUE,0.221535165847207
"expected",-0.3,32,60,TRUE,50,5,5,55,160,-0.279102059442358,-0.379080803867802,-0.178830744346195,0.0208979405576419,0.000436723919550733,TRUE,0.200250059521607,9.80952727400643,0.00695646666900984,TRUE,TRUE,TRUE,FALSE,FALSE,TRUE,TRUE,0.0996265100090621,TRUE,0.264778943227796
"expected",-0.3,33,59,TRUE,50,6,3,56,162,-0.364403942576399,-0.475837856391644,-0.253820291988319,-0.0644039425763993,0.00414786781938413,TRUE,0.222017564403325,11.8797104638122,0.0259703608077473,TRUE,TRUE,TRUE,FALSE,FALSE,TRUE,TRUE,0.183280270321061,TRUE,0.377300917375994
"expected",-0.3,34,57,TRUE,50,6,1,56,162,-0.26989449652079,-0.405199230962269,-0.130656209366289,0.0301055034792101,0.000906341339736731,TRUE,0.27454302159598,4.97479963907873,0.0287245932464089,TRUE,TRUE,TRUE,FALSE,FALSE,TRUE,TRUE,0.310492966134226,TRUE,0.327851871101587
"expected",-0.3,35,54,TRUE,50,2,2,52,154,-0.343018282039795,-0.456988962632368,-0.227075568404395,-0.0430182820397947,0.00185057258965532,TRUE,0.229913394227973,9.03187621117223,0.0235790824521871,TRUE,TRUE,TRUE,FALSE,FALSE,TRUE,TRUE,0.15949966454146,TRUE,0.361834845261085
"expected",-0.3,36,60,TRUE,50,8,2,58,166,-0.234868182539188,-0.349787533610117,-0.121442070021128,0.065131817460812,0.00424215364574853,TRUE,0.228345463588989,5.334245911148,0.00045958474430563,TRUE,TRUE,TRUE,FALSE,FALSE,TRUE,TRUE,0.210010228527786,TRUE,0.346639321176319
"expected",-0.3,37,60,TRUE,50,9,1,59,168,-0.280197404769979,-0.392599555508995,-0.16632722500574,0.0198025952300215,0.000392142777844069,TRUE,0.226272330503255,8.27503084254053,0.0309879174928938,TRUE,TRUE,TRUE,FALSE,FALSE,TRUE,TRUE,0.168120005593112,TRUE,0.312633543097519
"expected",-0.3,38,60,FALSE,46,6,8,52,150,-0.392695909745975,-0.505271598559928,-0.281617560040732,-0.0926959097459746,0.00859253168363387,TRUE,0.223654038519196,15.1456256632627,0.00560000120103155,TRUE,TRUE,TRUE,FALSE,FALSE,TRUE,TRUE,0.120082979203571,TRUE,0.274503253900603
"expected",-0.3,39,54,TRUE,50,3,1,53,156,-0.259898507727578,-0.384646638791301,-0.134117348118265,0.0401014922724221,0.00160812968247513,TRUE,0.250529290673036,5.59461944349022,0.018584447796627,TRUE,TRUE,TRUE,FALSE,FALSE,TRUE,TRUE,0.294163550649991,TRUE,0.259196102591331
"expected",-0.3,40,59,TRUE,50,7,2,57,164,-0.366932612380076,-0.510826721520401,-0.222726027500372,-0.0669326123800755,0.00447997460002144,TRUE,0.288100694020029,8.78417000256761,0.0101524733844087,TRUE,TRUE,TRUE,FALSE,FALSE,TRUE,TRUE,0.326385660017126,TRUE,0.318288993807333
"expected",-0.3,41,60,FALSE,49,6,5,55,159,-0.425696542926992,-0.53861544716239,-0.305107339332171,-0.125696542926992,0.015799620903797,FALSE,0.233508107830218,13.6413882442703,0.020789354834335,TRUE,TRUE,TRUE,FALSE,FALSE,TRUE,TRUE,0.124147028936926,TRUE,0.29531464173549
"expected",-0.3,42,60,FALSE,47,6,7,53,153,-0.163695989952281,-0.297747745144511,-0.0393346629951045,0.136304010047719,0.0185787831550887,FALSE,0.258413082149406,1.32704098289562,0.0353578629590743,TRUE,TRUE,TRUE,FALSE,FALSE,TRUE,FALSE,0.211201925580717,TRUE,0.36005145236809
"expected",-0.3,43,60,FALSE,49,7,4,56,161,-0.347302984944794,-0.464723701913766,-0.234464947381065,-0.0473029849447943,0.00223757238468744,TRUE,0.230258754532701,12.900960284711,0.00642560515117907,TRUE,TRUE,TRUE,FALSE,FALSE,TRUE,TRUE,0.153213330637406,TRUE,0.290622295831918
"expected",-0.3,44,59,TRUE,50,5,4,55,160,-0.323196488906046,-0.451992238889839,-0.19639164863058,-0.0231964889060461,0.000538077097568322,TRUE,0.255600590259258,8.15780226185112,0.00530138345189357,TRUE,TRUE,TRUE,FALSE,FALSE,TRUE,TRUE,0.212948879814832,TRUE,0.375269554397496
"expected",-0.3,45,60,FALSE,47,8,5,55,157,-0.334313162642143,-0.440262160615837,-0.222298578638622,-0.0343131626421425,0.00117739313050612,TRUE,0.217963581977215,10.9514496678247,0.111290758356432,TRUE,TRUE,TRUE,FALSE,FALSE,TRUE,TRUE,0.124596347766948,TRUE,0.279243653395304
"expected",-0.3,46,57,TRUE,50,4,3,54,158,-0.189267054704547,-0.321643692281186,-0.04874183601237,0.110732945295453,0.0122617851738059,TRUE,0.272901856268816,1.62458091703897,0.0713766938086167,TRUE,TRUE,TRUE,FALSE,FALSE,TRUE,FALSE,0.287727353773747,TRUE,0.318630135238838
"expected",-0.3,47,60,FALSE,48,10,2,58,164,-0.281215273740335,-0.379520982407775,-0.183927895989542,0.0187847262596645,0.000352865940650531,TRUE,0.195593086418233,10.2305376602695,0.0153499025202848,TRUE,TRUE,TRUE,FALSE,FALSE,TRUE,TRUE,0.102351242124138,TRUE,0.271140901820938
"expected",-0.3,48,58,TRUE,50,8,0,58,166,-0.210786478593338,-0.345943471778566,-0.0702177801979122,0.0892135214066622,0.00795905240177698,TRUE,0.275725691580654,2.15914123556058,0.0388961912469199,TRUE,TRUE,TRUE,FALSE,FALSE,TRUE,FALSE,0.34814225449516,FALSE,0.284750707546518
"expected",-0.3,49,60,FALSE,49,6,5,55,159,-0.136367448930023,-0.261448178683233,-0.0107133215960417,0.163632551069977,0.0267756117696687,FALSE,0.250734857087191,0.369298915239511,0.0217324766269087,TRUE,TRUE,TRUE,FALSE,FALSE,TRUE,FALSE,0.171900434789758,TRUE,0.345908907809524
"expected",-0.3,50,54,TRUE,50,4,0,54,158,-0.31867307406307,-0.460285450848856,-0.174045426926102,-0.0186730740630703,0.000348683694964908,TRUE,0.286240023922754,6.20841501525643,0.00897930959465043,TRUE,TRUE,TRUE,FALSE,FALSE,TRUE,TRUE,0.24891186611937,TRUE,0.421906103123821
"expected",-0.3,51,60,TRUE,50,9,1,59,168,-0.234705809905763,-0.347662576931021,-0.119291853016174,0.065294190094237,0.00426333126006235,TRUE,0.228370723914847,4.76965155819778,0.00338996354662413,TRUE,TRUE,TRUE,FALSE,FALSE,TRUE,TRUE,0.198840037082489,TRUE,0.310816341217024
"expected",-0.3,52,56,TRUE,50,3,3,53,156,-0.292048548556956,-0.415773364464676,-0.161374664438999,0.00795145144304421,6.32255800510899e-05,TRUE,0.254398700025678,6.31185157663904,0.0237339771305187,TRUE,TRUE,TRUE,FALSE,FALSE,TRUE,TRUE,0.198976667022204,TRUE,0.390858480915769
"expected",-0.3,53,57,TRUE,50,6,1,56,162,-0.332053948759911,-0.44972139175663,-0.21290840605496,-0.0320539487599111,0.00102745563110301,TRUE,0.236812985701671,9.81773752538317,0.088505873148506,TRUE,TRUE,TRUE,FALSE,FALSE,TRUE,TRUE,0.161406578429267,TRUE,0.343060444199689
"expected",-0.3,54,59,TRUE,50,6,3,56,162,-0.236889198933043,-0.342322667447844,-0.132008008993335,0.0631108010669569,0.00398297321131301,TRUE,0.21031465845451,6.58324042394662,0.0130893611285217,TRUE,TRUE,TRUE,FALSE,FALSE,TRUE,TRUE,0.108230618128807,TRUE,0.268106272340974
"expected",-0.3,55,55,TRUE,50,4,1,54,158,-0.300112823518592,-0.413892848625705,-0.185805203722279,-0.000112823518591931,1.27291463474639e-08,TRUE,0.228087644903426,9.47825988951192,0.00192933992670419,TRUE,TRUE,TRUE,FALSE,FALSE,TRUE,TRUE,0.153301237123896,TRUE,0.307879660400561
"expected",-0.3,56,60,FALSE,49,7,4,56,161,-0.380443531244784,-0.486910478008288,-0.266841038384785,-0.0804435312447841,0.00647116171913056,TRUE,0.220069439623503,13.4308093226995,0.00375064514093992,TRUE,TRUE,TRUE,FALSE,FALSE,TRUE,TRUE,0.1587955827989,TRUE,0.272391844070085
"expected",-0.3,57,58,TRUE,50,6,2,56,162,-0.370082907279369,-0.501568277994951,-0.237993985854174,-0.0700829072793686,0.00491161389272857,TRUE,0.263574292140777,10.1506461839065,0.056932574676523,TRUE,TRUE,TRUE,FALSE,FALSE,TRUE,TRUE,0.293358992339252,TRUE,0.348165740426023
"expected",-0.3,58,60,TRUE,50,5,5,55,160,-0.19088044304909,-0.328996444589548,-0.0592597392286205,0.10911955695091,0.011907077709163,TRUE,0.269736705360928,2.05401130730041,0.0295042150506788,TRUE,TRUE,TRUE,FALSE,FALSE,TRUE,FALSE,0.28441640387097,TRUE,0.346144939778257
"expected",-0.3,59,60,TRUE,50,6,4,56,162,-0.397526927347176,-0.52988882949722,-0.254110887694932,-0.0975269273471765,0.00951150155778144,TRUE,0.275777941802288,10.3011201148564,0.0691687028911474,TRUE,TRUE,TRUE,FALSE,FALSE,TRUE,TRUE,0.213932648628109,TRUE,0.368813165879986
"expected",-0.3,60,58,TRUE,50,5,3,55,160,-0.376498457716829,-0.492264677390741,-0.259314157361747,-0.0764984577168292,0.00585201403305351,TRUE,0.232950520028994,11.7536409070166,0.0684223682821994,TRUE,TRUE,TRUE,FALSE,FALSE,TRUE,TRUE,0.132486188807307,TRUE,0.299173356839306
"expected",-0.3,61,56,TRUE,50,2,4,52,154,-0.315856335048101,-0.452029500593353,-0.181275282972709,-0.0158563350481011,0.000251423361157639,TRUE,0.270754217620644,7.19876553101872,0.0271612355891762,TRUE,TRUE,TRUE,FALSE,FALSE,TRUE,TRUE,0.23583460518611,TRUE,0.376145279625266
"expected",-0.3,62,60,TRUE,50,4,6,54,158,-0.346660439439069,-0.489750492873763,-0.214950791681967,-0.0466604394390687,0.00217719660864699,TRUE,0.274799701191796,10.456947422931,0.0233146609891435,TRUE,TRUE,TRUE,FALSE,FALSE,TRUE,TRUE,0.19216296080557,TRUE,0.369043601532844
"expected",-0.3,63,60,FALSE,46,10,4,56,158,-0.273069792326992,-0.425423741597259,-0.118300049446077,0.0269302076730082,0.000725236085311349,TRUE,0.307123692151182,3.92717921582971,0.0358685032500432,TRUE,TRUE,TRUE,FALSE,FALSE,TRUE,TRUE,0.384794616913769,FALSE,0.324001446426368
"expected",-0.3,64,60,FALSE,47,8,5,55,157,-0.322304284816701,-0.439821672676746,-0.200243140988759,-0.0223042848167013,0.000497481121184531,TRUE,0.239578531687987,7.6654378684479,0.0815933550507566,TRUE,TRUE,TRUE,FALSE,FALSE,TRUE,TRUE,0.157656941354236,TRUE,0.321594973069739
"expected",-0.3,65,59,TRUE,50,8,1,58,166,-0.307165865916054,-0.436162139756427,-0.168035032864646,-0.00716586591605395,5.13496343268637e-05,TRUE,0.268127106891782,6.45485267825231,0.0558647224080175,TRUE,TRUE,TRUE,FALSE,FALSE,TRUE,TRUE,0.256473073231552,TRUE,0.353836524236391
"expected",-0.3,66,59,TRUE,50,8,1,58,166,-0.316107119853003,-0.441326176875607,-0.187083757317777,-0.0161071198530028,0.000259439309958998,TRUE,0.25424241955783,7.68313187757789,0.0853509981383809,TRUE,TRUE,TRUE,FALSE,FALSE,TRUE,TRUE,0.249356370694412,TRUE,0.284997465260903
"expected",-0.3,67,60,FALSE,47,8,5,55,157,-0.192170458712398,-0.28839109029188,-0.0938068216847519,0.107829541287602,0.0116272099742946,FALSE,0.194584268607128,4.49474203140693,0.0470897876439267,TRUE,TRUE,TRUE,FALSE,FALSE,TRUE,TRUE,0.12836779285692,TRUE,0.274707975789809
"expected",-0.3,68,58,TRUE,50,4,4,54,158,-0.276339767175331,-0.38730262986968,-0.165494025324522,0.0236602328246691,0.000559806617317547,TRUE,0.221808604545157,7.29930734315661,0.0279135313959387,TRUE,TRUE,TRUE,FALSE,FALSE,TRUE,TRUE,0.201519244647745,TRUE,0.325943000209981
"expected",-0.3,69,57,TRUE,50,4,3,54,158,-0.292183925341206,-0.42462018013683,-0.163515336314042,0.00781607465879419,6.10910230718447e-05,TRUE,0.261104843822788,7.17890274038305,0.0645800815065627,TRUE,TRUE,TRUE,FALSE,FALSE,TRUE,TRUE,0.25410199541516,TRUE,0.314750639282547
"expected",-0.3,70,59,TRUE,50,6,3,56,162,-0.378101197212298,-0.481530627098438,-0.273961162689923,-0.078101197212298,0.00609979700599426,TRUE,0.207569464408515,14.4626419884408,0.00673584771450919,TRUE,TRUE,TRUE,FALSE,FALSE,TRUE,TRUE,0.105117025167521,TRUE,0.269937136100185
"expected",-0.3,71,58,TRUE,50,7,1,57,164,-0.274443603639277,-0.377463306709072,-0.168678729451352,0.0255563963607227,0.000653129394946358,TRUE,0.20878457725772,9.07159028620396,0.024115350193,TRUE,TRUE,TRUE,FALSE,FALSE,TRUE,TRUE,0.150163953428204,TRUE,0.29266713883753
"expected",-0.3,72,60,FALSE,49,7,4,56,161,-0.413591506709919,-0.520549358578195,-0.310230140802262,-0.113591506709919,0.0129030303966295,FALSE,0.210319217775933,18.3104164480392,0.041757344687511,TRUE,TRUE,TRUE,FALSE,FALSE,TRUE,TRUE,0.112915092717615,TRUE,0.266555544193274
"expected",-0.3,73,60,FALSE,49,4,7,53,155,-0.37314872817458,-0.485881834447834,-0.25333354176557,-0.07314872817458,0.0053507364335586,TRUE,0.232548292682263,11.4532975190385,0.0755117292598868,TRUE,TRUE,TRUE,FALSE,FALSE,TRUE,TRUE,0.168365373154215,TRUE,0.328704846633879
"expected",-0.3,74,60,FALSE,46,11,3,57,160,-0.324726024916824,-0.432901023892755,-0.216402066859786,-0.0247260249168241,0.000611376308187408,TRUE,0.216498957032969,11.7593626523399,0.0128177648564929,TRUE,TRUE,TRUE,FALSE,FALSE,TRUE,TRUE,0.169586321568762,TRUE,0.301962485580273
"expected",-0.3,75,59,TRUE,50,6,3,56,162,-0.337336226802018,-0.453198704438375,-0.219023175918442,-0.0373362268020183,0.00139399383181175,TRUE,0.234175528519933,10.5121169843076,0.00791444180961776,TRUE,TRUE,TRUE,FALSE,FALSE,TRUE,TRUE,0.126985753044843,TRUE,0.290205852621955
"expected",-0.3,76,60,FALSE,49,7,4,56,161,-0.307578651565958,-0.417666624981993,-0.199435150757451,-0.00757865156595816,5.74359595582001e-05,TRUE,0.218231474224541,10.7644977375099,0.019639364109338,TRUE,TRUE,TRUE,FALSE,FALSE,TRUE,TRUE,0.11458037756109,TRUE,0.267427792520221
"expected",-0.3,77,55,TRUE,50,2,3,52,154,-0.228390653459057,-0.328094866742748,-0.130238330772549,0.0716093465409431,0.00512789851202088,TRUE,0.197856535970199,6.77366147388949,0.0136707387540866,TRUE,TRUE,TRUE,FALSE,FALSE,TRUE,TRUE,0.110841306817856,TRUE,0.25995606935537
"expected",-0.3,78,55,TRUE,50,3,2,53,156,-0.389407860725743,-0.511967016069072,-0.262472393243788,-0.0894078607257431,0.00799376555955387,TRUE,0.249494622825283,11.1555008218076,0.0395299724339964,TRUE,TRUE,TRUE,FALSE,FALSE,TRUE,TRUE,0.198256417550639,TRUE,0.331134610937333
"expected",-0.3,79,60,TRUE,50,5,5,55,160,-0.211778706648278,-0.317808314671859,-0.100250631028501,0.088221293351722,0.0077829966006506,TRUE,0.217557683643358,3.93583654403614,0.100415010788652,TRUE,TRUE,TRUE,FALSE,FALSE,TRUE,TRUE,0.131767282746222,TRUE,0.299004190023558
"expected",-0.3,80,60,TRUE,50,9,1,59,168,-0.338466565939884,-0.440648685413476,-0.231562816050178,-0.0384665659398837,0.00147967669520742,TRUE,0.209085869363298,12.7839568159895,0.0472994206764952,TRUE,TRUE,TRUE,FALSE,FALSE,TRUE,TRUE,0.0826867661472258,TRUE,0.211444788423176
"expected",-0.3,81,60,FALSE,49,3,8,52,153,-0.218225128079281,-0.341179552007222,-0.0884963284284875,0.0817748719207194,0.00668712967765007,TRUE,0.252683223578734,3.24533487015393,0.0156757278913062,TRUE,TRUE,TRUE,FALSE,FALSE,TRUE,TRUE,0.204583810065656,TRUE,0.349533966604711
"expected",-0.3,82,57,TRUE,50,7,0,57,164,-0.359578825540043,-0.481116524213093,-0.237655690565902,-0.0595788255400426,0.00354963645273083,TRUE,0.243460833647191,11.092464491383,0.103648042052811,TRUE,TRUE,TRUE,FALSE,FALSE,TRUE,TRUE,0.218991675199373,TRUE,0.32585018528655
"expected",-0.3,83,60,FALSE,48,7,5,55,158,-0.373523929442905,-0.474036895140997,-0.266054676707276,-0.0735239294429055,0.00540576820072534,TRUE,0.207982218433721,12.3458639105891,0.00100776235549915,TRUE,TRUE,TRUE,FALSE,FALSE,TRUE,TRUE,0.0994631913739207,TRUE,0.236926892475247
"expected",-0.3,84,60,FALSE,44,14,2,58,160,-0.282390755243867,-0.391938973910854,-0.176305137892769,0.0176092447561329,0.000310085500881394,TRUE,0.215633836018085,9.04688907902519,0.00835851674096943,TRUE,TRUE,TRUE,FALSE,FALSE,TRUE,TRUE,0.133027504676928,TRUE,0.279800282564916
"expected",-0.3,85,59,TRUE,50,4,5,54,158,-0.354531819695586,-0.466692213478049,-0.239607587769563,-0.0545318196955865,0.00297371935931195,TRUE,0.227084625708486,10.7844120196851,0.00129709563492497,TRUE,TRUE,TRUE,FALSE,FALSE,TRUE,TRUE,0.127631689042038,TRUE,0.310494263667716
"expected",-0.3,86,60,TRUE,50,8,2,58,166,-0.326366980093918,-0.437938137711234,-0.217787556176066,-0.0263669800939181,0.000695217639273072,TRUE,0.220150581535168,11.1953627423008,0.0419253039467549,TRUE,TRUE,TRUE,FALSE,FALSE,TRUE,TRUE,0.145049757001429,TRUE,0.332957536901682
"expected",-0.3,87,60,TRUE,50,6,4,56,162,-0.31508127505115,-0.40686530586956,-0.221347865958087,-0.0150812750511505,0.000227444857168454,TRUE,0.185517439911473,13.0354192199364,0.0154970056499337,TRUE,TRUE,TRUE,FALSE,FALSE,TRUE,TRUE,0.120614072742624,TRUE,0.252545829624519
"expected",-0.3,88,60,FALSE,46,7,7,53,152,-0.343022584510132,-0.480250891137763,-0.201229564291316,-0.0430225845101319,0.00185094277793144,TRUE,0.279021326846447,7.92586323243628,0.0190224383198938,TRUE,TRUE,TRUE,FALSE,FALSE,TRUE,TRUE,0.261114281969579,TRUE,0.314021888938362
"expected",-0.3,89,60,FALSE,48,8,4,56,160,-0.336103240434732,-0.46199839914631,-0.219671348943066,-0.0361032404347317,0.00130344396988805,TRUE,0.242327050203244,11.1058617960501,0.0512125434120776,TRUE,TRUE,TRUE,FALSE,FALSE,TRUE,TRUE,0.136334012962607,TRUE,0.307134592904703
"expected",-0.3,90,60,FALSE,48,8,4,56,160,-0.29981268247047,-0.428090057308537,-0.165811366547139,0.000187317529529663,3.5087856869096e-08,TRUE,0.262278690761399,6.72364126962339,0.0499617022214522,TRUE,TRUE,TRUE,FALSE,FALSE,TRUE,TRUE,0.238127629934146,TRUE,0.352872124405019
"expected",-0.3,91,60,TRUE,50,8,2,58,166,-0.204998938203418,-0.323788760545029,-0.0876023292136609,0.0950010617965819,0.00902520174247797,TRUE,0.236186431331368,3.44490932171746,0.00457681734928883,TRUE,TRUE,TRUE,FALSE,FALSE,TRUE,TRUE,0.213134881712684,TRUE,0.340430950847372
"expected",-0.3,92,60,FALSE,46,7,7,53,152,-0.437060069549606,-0.575594389756078,-0.293963790505718,-0.137060069549606,0.0187854626649427,TRUE,0.28163059925036,11.587171322532,0.0315653050202798,TRUE,TRUE,TRUE,FALSE,FALSE,TRUE,TRUE,0.281866729090184,TRUE,0.338004931558178
"expected",-0.3,93,58,TRUE,50,5,3,55,160,-0.196387285699904,-0.2889077366113,-0.102207387774513,0.103612714300095,0.0107355945646332,FALSE,0.186700348836786,5.57827289272257,0.0120249796723613,TRUE,TRUE,TRUE,FALSE,FALSE,TRUE,TRUE,0.0963115735685783,TRUE,0.243442980393098
"expected",-0.3,94,60,FALSE,49,8,3,57,163,-0.395130591266422,-0.525225165350967,-0.257211252909454,-0.0951305912664225,0.00904982939469914,TRUE,0.268013912441514,10.70601433016,0.0582531248191458,TRUE,TRUE,TRUE,FALSE,FALSE,TRUE,TRUE,0.299165982362976,TRUE,0.300071266734694
"expected",-0.3,95,60,TRUE,50,10,0,60,170,-0.289231532518138,-0.410472805089358,-0.165917756639557,0.0107684674818615,0.000115959891907909,TRUE,0.244555048449801,7.70000974941652,0.0433109973131138,TRUE,TRUE,TRUE,FALSE,FALSE,TRUE,TRUE,0.281322696995667,TRUE,0.278484598099934
"expected",-0.3,96,60,FALSE,46,7,7,53,152,-0.272475151707425,-0.388477206070045,-0.157225187724636,0.0275248482925753,0.000757617273529288,TRUE,0.23125201834541,7.50722638097213,0.026729419031966,TRUE,TRUE,TRUE,FALSE,FALSE,TRUE,TRUE,0.192474482983716,TRUE,0.322297024929653
"expected",-0.3,97,60,TRUE,50,4,6,54,158,-0.305564025984005,-0.423286471630509,-0.178054769338604,-0.00556402598400468,3.09583851506793e-05,TRUE,0.245231702291905,7.25947028177504,0.0321068205894903,TRUE,TRUE,TRUE,FALSE,FALSE,TRUE,TRUE,0.233262986738504,TRUE,0.323739589474068
"expected",-0.3,98,57,TRUE,50,3,4,53,156,-0.329151645208836,-0.47388171262172,-0.188920858586959,-0.0291516452088361,0.000849818418381858,TRUE,0.284960854034761,7.95912199279189,0.055726336805094,TRUE,TRUE,TRUE,FALSE,FALSE,TRUE,TRUE,0.27556821178271,TRUE,0.289345277852005
"expected",-0.3,99,56,TRUE,50,4,2,54,158,-0.346994051432885,-0.45008658783653,-0.242206479149381,-0.0469940514328852,0.00220844087007666,TRUE,0.207880108687149,12.5838431650846,0.0391066132183084,TRUE,TRUE,TRUE,FALSE,FALSE,TRUE,TRUE,0.16196391002518,TRUE,0.299629782920948
"expected",-0.3,100,60,TRUE,50,7,3,57,164,-0.256298684922102,-0.384694375959205,-0.126224361869784,0.0437013150778979,0.00190980493953771,TRUE,0.258470014089421,5.06603538152768,0.0519939180247491,TRUE,TRUE,TRUE,FALSE,FALSE,TRUE,TRUE,0.257142363657113,TRUE,0.280641280361194
"expected",0,1,57,TRUE,50,6,1,56,162,0.0768020670958751,-0.051139553092147,0.193701137078583,0.0768020670958751,0.00589855751019931,TRUE,0.24484069017073,-1.08497307049265,0.039295853285978,TRUE,TRUE,TRUE,FALSE,FALSE,TRUE,FALSE,0.168207439075851,TRUE,0.349071095670907
"expected",0,2,60,TRUE,50,8,2,58,166,0.0222047136134198,-0.0983919674714654,0.141557912940542,0.0222047136134198,0.00049304930665399,TRUE,0.239949880412007,-1.94676760078517,0.00937812756725975,TRUE,TRUE,TRUE,FALSE,FALSE,TRUE,FALSE,0.201060766907018,TRUE,0.341599434268493
"expected",0,3,56,TRUE,50,4,2,54,158,-0.069757253155172,-0.219094756607375,0.0749591510943468,-0.069757253155172,0.00486607436775476,TRUE,0.294053907701721,-1.28115072818562,0.0125754184472271,TRUE,TRUE,TRUE,FALSE,FALSE,TRUE,FALSE,0.30311694385303,TRUE,0.441897833978595
"expected",0,4,60,FALSE,44,7,9,51,146,0.068231107059288,-0.0481736000794859,0.186711448774781,0.068231107059288,0.00465548397053602,TRUE,0.234885048854266,-1.31611797529843,0.00558725178942154,TRUE,TRUE,TRUE,FALSE,FALSE,TRUE,FALSE,0.136965983085361,TRUE,0.310507582381192
"expected",0,5,60,FALSE,49,7,4,56,161,-0.0424615614060316,-0.149143404136258,0.066562063764709,-0.0424615614060316,0.00180298419703819,TRUE,0.215705467900967,-1.75596173289279,0.0524401489443846,TRUE,TRUE,TRUE,FALSE,FALSE,TRUE,FALSE,0.140730462460311,TRUE,0.333033269723789
"expected",0,6,60,FALSE,49,7,4,56,161,-0.0200611954056772,-0.165340820489559,0.118645659272626,-0.0200611954056772,0.000402451561104764,TRUE,0.283986479762185,-1.89282711835961,0.0119214837043273,TRUE,TRUE,TRUE,FALSE,FALSE,TRUE,FALSE,0.262605166771959,TRUE,0.394251822440672
"expected",0,7,60,FALSE,47,6,7,53,153,0.0986818591907333,-0.0342199488785571,0.223854326701143,0.0986818591907333,0.00973810933333972,TRUE,0.2580742755797,-0.752345162778539,0.0290746283840804,TRUE,TRUE,TRUE,FALSE,FALSE,TRUE,FALSE,0.212634452023755,TRUE,0.354586692870916
"expected",0,8,60,FALSE,49,7,4,56,161,-0.0181190206816573,-0.129382309445355,0.095407323974925,-0.0181190206816573,0.000328298910462326,TRUE,0.22478963342028,-1.89476025076993,0.000825568980076241,TRUE,TRUE,TRUE,FALSE,FALSE,TRUE,FALSE,0.155166356900316,TRUE,0.340493158848963
"expected",0,9,59,TRUE,50,5,4,55,160,0.0273588311355131,-0.0880290103093986,0.146005114249002,0.0273588311355131,0.000748505641101522,TRUE,0.234034124558401,-1.94383546762154,0.00398553502174082,TRUE,TRUE,TRUE,FALSE,FALSE,TRUE,FALSE,0.142255315830299,TRUE,0.322718464093032
"expected",0,10,56,TRUE,50,4,2,54,158,-0.02797451552127,-0.145229227068876,0.0860491722713604,-0.02797451552127,0.000782573518649774,TRUE,0.231278399340236,-1.89730039004382,0.0207802602749325,TRUE,TRUE,TRUE,FALSE,FALSE,TRUE,FALSE,0.19241228362098,TRUE,0.304724661723161
"expected",0,11,57,TRUE,50,3,4,53,156,0.0348856719359022,-0.0711900805993183,0.138139437694882,0.0348856719359022,0.00121701010641939,TRUE,0.209329518294201,-1.91230752346743,0.0155636374211667,TRUE,TRUE,TRUE,FALSE,FALSE,TRUE,FALSE,0.0912062732299913,TRUE,0.230752056855817
"expected",0,12,58,TRUE,50,7,1,57,164,0.0317684493133727,-0.0710613451252132,0.131345439508042,0.0317684493133727,0.00100923437177633,TRUE,0.202406784633255,-2.0141878782924,0.0136711773517675,TRUE,TRUE,TRUE,FALSE,FALSE,TRUE,FALSE,0.103550186150789,TRUE,0.271315577189222
"expected",0,13,56,TRUE,50,5,1,55,160,-0.0291171098670512,-0.146691350453623,0.088590439707266,-0.0291171098670512,0.000847806087009928,TRUE,0.235281790160889,-1.92850024723785,0.0298442235038294,TRUE,TRUE,TRUE,FALSE,FALSE,TRUE,FALSE,0.17133571233056,TRUE,0.331774791327279
"expected",0,14,59,TRUE,50,6,3,56,162,-0.0423013647677433,-0.186993443923942,0.106605397182234,-0.0423013647677433,0.00178940546121368,TRUE,0.293598841106176,-1.58443351373205,0.0283604617574724,TRUE,TRUE,TRUE,FALSE,FALSE,TRUE,FALSE,0.33959345465345,TRUE,0.343753656732065
"expected",0,15,60,FALSE,49,8,3,57,163,-0.0190894676833373,-0.13066888208629,0.0967904671869291,-0.0190894676833373,0.00036440777643318,TRUE,0.227459349273219,-1.86774950383744,0.011360745254791,TRUE,TRUE,TRUE,FALSE,FALSE,TRUE,FALSE,0.167335886041424,TRUE,0.301627532071666
"expected",0,16,54,TRUE,50,4,0,54,158,0.0182393976022197,-0.0736373834260662,0.106195369205929,0.0182393976022197,0.000332675624891856,TRUE,0.179832752631995,-2.21336558181935,0.0208505361141533,TRUE,TRUE,TRUE,FALSE,FALSE,TRUE,FALSE,0.0797091699470325,TRUE,0.206276461467213
"expected",0,17,55,TRUE,50,4,1,54,158,0.0760521915576202,-0.0504725340131764,0.205854913779986,0.0760521915576202,0.00578393584071696,TRUE,0.256327447793162,-1.31772458979768,0.010765164281537,TRUE,TRUE,TRUE,FALSE,FALSE,TRUE,FALSE,0.265412548412704,TRUE,0.362272049891537
"expected",0,18,56,TRUE,50,4,2,54,158,0.0693633382368518,-0.0485972018420219,0.182864000599849,0.0693633382368518,0.00481127269135991,TRUE,0.231461202441871,-1.28298922382061,0.00798646271104531,TRUE,TRUE,TRUE,FALSE,FALSE,TRUE,FALSE,0.175489974226691,TRUE,0.337833428347177
"expected",0,19,58,TRUE,50,5,3,55,160,0.0123327308821168,-0.112868751800325,0.136155095566401,0.0123327308821168,0.000152096251010717,TRUE,0.249023847366726,-1.92807550356457,0.0166148023728283,TRUE,TRUE,TRUE,FALSE,FALSE,TRUE,FALSE,0.262753810303172,TRUE,0.293732376818087
"expected",0,20,60,FALSE,39,18,3,57,153,-0.0144570340008021,-0.127464732117058,0.0971339496136887,-0.0144570340008021,0.000209005832100348,TRUE,0.224598681730747,-2.00342461480957,0.0223415587091722,TRUE,TRUE,TRUE,FALSE,FALSE,TRUE,FALSE,0.165528000455483,TRUE,0.320817916373473
"expected",0,21,58,TRUE,50,6,2,56,162,0.00448598058638004,-0.111494992302432,0.118662354079191,0.00448598058638004,2.01240218213786e-05,TRUE,0.230157346381624,-2.03003879198158,0.063783886962284,TRUE,TRUE,TRUE,FALSE,FALSE,TRUE,FALSE,0.190363972665744,TRUE,0.321138206231772
"expected",0,22,60,TRUE,50,7,3,57,164,-0.00143796325360058,-0.104163240589879,0.100603973542245,-0.00143796325360058,2.06773831870558e-06,TRUE,0.204767214132123,-2.28191999393499,0.0318598730210624,TRUE,TRUE,TRUE,FALSE,FALSE,TRUE,FALSE,0.128391384354118,TRUE,0.298567656076774
"expected",0,23,60,FALSE,49,8,3,57,163,-0.0708438756138724,-0.186736886884965,0.0469007984781122,-0.0708438756138724,0.00501885471199383,TRUE,0.233637685363077,-1.24591299131239,0.0139324367243319,TRUE,TRUE,TRUE,FALSE,FALSE,TRUE,FALSE,0.143523876493013,TRUE,0.31269590798397
"expected",0,24,59,TRUE,50,6,3,56,162,-0.0419899376953534,-0.15355152992796,0.073687024014929,-0.0419899376953534,0.00176315486765966,TRUE,0.227238553942889,-1.67896648552923,0.0372037845909006,TRUE,TRUE,TRUE,FALSE,FALSE,TRUE,FALSE,0.171823900634556,TRUE,0.336047064056421
"expected",0,25,58,TRUE,50,4,4,54,158,0.0755292164508203,-0.0464746409032114,0.20577138653663,0.0755292164508203,0.00570466253767486,TRUE,0.252246027439841,-1.28115576444424,0.004678965842146,TRUE,TRUE,TRUE,FALSE,FALSE,TRUE,FALSE,0.234529550603201,TRUE,0.331877107200845
"expected",0,26,60,FALSE,47,7,6,54,155,-0.0118996210159042,-0.124279242522921,0.0986072892373091,-0.0118996210159042,0.000141600980322149,TRUE,0.22288653176023,-2.01626240794326,0.0131980502621047,TRUE,TRUE,TRUE,FALSE,FALSE,TRUE,FALSE,0.146206211922784,TRUE,0.302355783313454
"expected",0,27,60,FALSE,48,7,5,55,158,-0.0831463355081989,-0.222495410947538,0.0613810538204457,-0.0831463355081989,0.00691331310844198,TRUE,0.283876464767984,-1.18394467537516,0.00846619790371506,TRUE,TRUE,TRUE,FALSE,FALSE,TRUE,FALSE,0.270267410347229,TRUE,0.441157445860379
"expected",0,28,60,FALSE,49,9,2,58,165,0.0226274376201277,-0.0717757814423095,0.119586376132952,0.0226274376201277,0.000512000933252771,TRUE,0.191362157575261,-2.08795553361773,0.00370941291575377,TRUE,TRUE,TRUE,FALSE,FALSE,TRUE,FALSE,0.122259638667357,TRUE,0.272169676695377
"expected",0,29,60,TRUE,50,4,6,54,158,0.0164782779101575,-0.0962561277585099,0.130944612561572,0.0164782779101575,0.000271533642884384,TRUE,0.227200740320081,-2.15857010789614,0.0961647814969524,TRUE,TRUE,TRUE,FALSE,FALSE,TRUE,FALSE,0.151227234710766,TRUE,0.327953743222286
"expected",0,30,60,FALSE,47,9,4,56,159,0.147457340812034,0.0287295245810743,0.263279278762275,0.147457340812034,0.0217436673593564,FALSE,0.234549754181201,0.976790337109207,0.0729792277703325,TRUE,TRUE,TRUE,FALSE,FALSE,TRUE,FALSE,0.164272222123924,TRUE,0.318340792224745
"expected",0,31,59,TRUE,50,6,3,56,162,-0.00342921177024138,-0.117955508197767,0.107261858967093,-0.00342921177024138,1.17594933651621e-05,TRUE,0.225217367164859,-1.98961239538374,0.0377131102910369,TRUE,TRUE,TRUE,FALSE,FALSE,TRUE,FALSE,0.187205809914257,TRUE,0.326133533394321
"expected",0,32,58,TRUE,50,5,3,55,160,-0.000121325661398356,-0.12235714122532,0.115794410485512,-0.000121325661398356,1.47199161137486e-08,TRUE,0.238151551710832,-1.92272838260277,0.00671033857710768,TRUE,TRUE,TRUE,FALSE,FALSE,TRUE,FALSE,0.125585657134322,TRUE,0.305289261751151
"expected",0,33,58,TRUE,50,5,3,55,160,0.0321942064666407,-0.0832871776587962,0.149961556424193,0.0321942064666407,0.00103646693001669,TRUE,0.233248734082989,-1.85995198095702,0.0162523906925855,TRUE,TRUE,TRUE,FALSE,FALSE,TRUE,FALSE,0.130462461005113,TRUE,0.31567153981651
"expected",0,34,59,TRUE,50,7,2,57,164,0.0212510394243428,-0.064900426840826,0.109837254176164,0.0212510394243428,0.000451606676614973,TRUE,0.17473768101699,-2.19456879905809,0.00666709214360139,TRUE,TRUE,TRUE,FALSE,FALSE,TRUE,FALSE,0.071111562095799,TRUE,0.199694057966267
"expected",0,35,60,FALSE,49,6,5,55,159,-0.0259054655052607,-0.130575447564744,0.076149269997163,-0.0259054655052607,0.00067109314304425,TRUE,0.206724717561907,-2.02035145178161,0.0187067835593666,TRUE,TRUE,TRUE,FALSE,FALSE,TRUE,FALSE,0.0742756981540259,TRUE,0.211630577146313
"expected",0,36,55,TRUE,50,5,0,55,160,0.0135496622730595,-0.105564858607448,0.134948842386208,0.0135496622730595,0.000183593347713973,TRUE,0.240513700993656,-1.96491239735192,0.04194058929329,TRUE,TRUE,TRUE,FALSE,FALSE,TRUE,FALSE,0.229650926458469,TRUE,0.392240466310734
"expected",0,37,57,TRUE,50,6,1,56,162,0.0810961815977792,-0.0293914451786135,0.195112091332837,0.0810961815977792,0.00657659066973998,TRUE,0.224503536511451,-1.05286599572909,0.0826527754179267,TRUE,TRUE,TRUE,FALSE,FALSE,TRUE,FALSE,0.167271137085407,TRUE,0.321066243804243
"expected",0,38,60,FALSE,49,10,1,59,167,-0.154057418160716,-0.267551382371919,-0.0421966665639778,-0.154057418160716,0.0237336880903458,FALSE,0.225354715807942,1.57859875635023,0.00763177155019434,TRUE,TRUE,TRUE,FALSE,FALSE,TRUE,FALSE,0.135243682354118,TRUE,0.294517212674311
"expected",0,39,58,TRUE,50,6,2,56,162,-0.0312672393144728,-0.133353681056987,0.0686352512913924,-0.0312672393144728,0.000977640254348512,TRUE,0.201988932348379,-2.04093201520493,0.0239370394315586,TRUE,TRUE,TRUE,FALSE,FALSE,TRUE,FALSE,0.0879871018533381,TRUE,0.216062230103328
"expected",0,40,56,TRUE,50,4,2,54,158,-0.0800483762692654,-0.194456248394571,0.030369436109678,-0.0800483762692654,0.00640774254334589,TRUE,0.224825684504249,-1.03639494963656,0.00160105953656853,TRUE,TRUE,TRUE,FALSE,FALSE,TRUE,FALSE,0.162998174830835,TRUE,0.291301826914722
"expected",0,41,54,TRUE,50,2,2,52,154,0.00114265975886625,-0.10267410255223,0.103050067352585,0.00114265975886625,1.30567132453229e-06,TRUE,0.205724169904815,-2.11235324473611,0.0599975147752616,TRUE,TRUE,TRUE,FALSE,FALSE,TRUE,FALSE,0.118672145418668,TRUE,0.267095522028675
"expected",0,42,60,TRUE,50,7,3,57,164,-0.0342593155506515,-0.148535143330287,0.079799105969021,-0.0342593155506515,0.00117370070199911,TRUE,0.228334249299308,-1.94214189874933,0.0223180232638072,TRUE,TRUE,TRUE,FALSE,FALSE,TRUE,FALSE,0.201422983100055,TRUE,0.32873279262067
"expected",0,43,60,FALSE,46,8,6,54,154,0.0243362521228167,-0.0810830104392252,0.133483048616385,0.0243362521228167,0.000592253167385301,TRUE,0.21456605905561,-2.03273874884076,0.067014611071329,TRUE,TRUE,TRUE,FALSE,FALSE,TRUE,FALSE,0.173760310356942,TRUE,0.327309183721302
"expected",0,44,60,FALSE,46,10,4,56,158,-0.062574073008238,-0.167832071517448,0.0476144019985432,-0.062574073008238,0.0039155146128403,TRUE,0.215446473515991,-1.4021080598427,0.0483859807360147,TRUE,TRUE,TRUE,FALSE,FALSE,TRUE,FALSE,0.101860725963968,TRUE,0.254983172047867
"expected",0,45,60,FALSE,46,8,6,54,154,-0.0699546251387669,-0.199889187457623,0.0554522459868982,-0.0699546251387669,0.0048936495783054,TRUE,0.255341433444521,-1.40520316448502,0.0166709964114204,TRUE,TRUE,TRUE,FALSE,FALSE,TRUE,FALSE,0.255393822275317,TRUE,0.340713632138059
"expected",0,46,60,FALSE,48,11,1,59,166,-0.0144611872434166,-0.121207647193198,0.090181696355893,-0.0144611872434166,0.000209125936489155,TRUE,0.211389343549091,-1.99824978025541,0.0165148696117967,TRUE,TRUE,TRUE,FALSE,FALSE,TRUE,FALSE,0.15541118793245,TRUE,0.32441709926564
"expected",0,47,54,TRUE,50,3,1,53,156,0.0374587411626024,-0.0731704448225944,0.149997543713454,0.0374587411626024,0.00140315728948685,TRUE,0.223167988536048,-1.78498159707868,0.0228428747095961,TRUE,TRUE,TRUE,FALSE,FALSE,TRUE,FALSE,0.18521232680961,TRUE,0.286686003545008
"expected",0,48,60,FALSE,48,7,5,55,158,-0.0627974992185317,-0.174221711194603,0.045747015357507,-0.0627974992185317,0.00394352590810149,TRUE,0.21996872655211,-1.46473997155991,0.0267709520935568,TRUE,TRUE,TRUE,FALSE,FALSE,TRUE,FALSE,0.130932957814888,TRUE,0.286754948111427
"expected",0,49,56,TRUE,50,6,0,56,162,-0.0631270051181863,-0.165251634776959,0.0395635351088789,-0.0631270051181863,0.00398501877519152,TRUE,0.204815169885837,-1.32152940171636,0.0231696336991263,TRUE,TRUE,TRUE,FALSE,FALSE,TRUE,FALSE,0.111262922822337,TRUE,0.259497566862478
"expected",0,50,58,TRUE,50,5,3,55,160,0.0454678524896384,-0.0616812862453889,0.154062191438477,0.0454678524896384,0.00206732561001952,TRUE,0.215743477683866,-1.71191872512131,0.000720888905647143,TRUE,TRUE,TRUE,FALSE,FALSE,TRUE,FALSE,0.176841433214906,TRUE,0.275607317507502
"expected",0,51,60,FALSE,49,7,4,56,161,-0.0576342467316308,-0.17525149761217,0.0599295112997826,-0.0576342467316308,0.00332170639632249,TRUE,0.235181008911952,-1.5314685588443,0.000151717582326683,TRUE,TRUE,TRUE,FALSE,FALSE,TRUE,FALSE,0.13352032742608,TRUE,0.301842881186985
"expected",0,52,57,TRUE,50,5,2,55,160,-0.0324195664669529,-0.161248567725335,0.0928581723557621,-0.0324195664669529,0.00105102828990518,TRUE,0.254106740081097,-1.74744008681827,0.045990624872303,TRUE,TRUE,TRUE,FALSE,FALSE,TRUE,FALSE,0.294842124600116,TRUE,0.284161292101253
"expected",0,53,57,TRUE,50,6,1,56,162,-0.0279829966972098,-0.161432531499861,0.104479882455667,-0.0279829966972098,0.000783048104156054,TRUE,0.265912413955528,-1.747628786608,0.0413098340397653,TRUE,TRUE,TRUE,FALSE,FALSE,TRUE,FALSE,0.354827238908265,FALSE,0.268562462005572
"expected",0,54,60,TRUE,50,7,3,57,164,-0.0819928010747352,-0.202079382293633,0.0372012219572248,-0.0819928010747352,0.00672281942808109,TRUE,0.239280604250858,-1.15561335161513,0.0022566771341701,TRUE,TRUE,TRUE,FALSE,FALSE,TRUE,FALSE,0.163527219272679,TRUE,0.364645643452963
"expected",0,55,60,TRUE,50,5,5,55,160,0.0515246339089297,-0.0607736617096398,0.163399822955606,0.0515246339089297,0.00265478789944923,TRUE,0.224173484665245,-1.59828705984853,0.00815761545075588,TRUE,TRUE,TRUE,FALSE,FALSE,TRUE,FALSE,0.182013305709483,TRUE,0.338822171065881
"expected",0,56,56,TRUE,50,3,3,53,156,-0.00550703336462411,-0.138504758808185,0.129094701368565,-0.00550703336462411,3.03274164790832e-05,TRUE,0.26759946017675,-1.89637858959239,0.0339033751580757,TRUE,TRUE,TRUE,FALSE,FALSE,TRUE,FALSE,0.282888471405665,TRUE,0.277323342205464
"expected",0,57,56,TRUE,50,4,2,54,158,0.104563673308142,-0.0353891485127799,0.239970878479844,0.104563673308142,0.0109335617756918,TRUE,0.275360026992624,-0.73842540871658,0.0347850028493895,TRUE,TRUE,TRUE,FALSE,FALSE,TRUE,FALSE,0.272682860303477,TRUE,0.334001588379975
"expected",0,58,60,FALSE,49,10,1,59,167,0.0738976992731394,-0.0118593895163384,0.160632035924619,0.0738976992731394,0.00546086995786335,TRUE,0.172491425440957,-0.92350526536066,0.0329610768548321,TRUE,TRUE,TRUE,FALSE,FALSE,TRUE,FALSE,0.0554846303083966,FALSE,0.155701468834601
"expected",0,59,55,TRUE,50,2,3,52,154,0.0259215230679447,-0.0738765731570092,0.127683924110291,0.0259215230679447,0.000671925358161988,TRUE,0.2015604972673,-1.95463194613865,0.0878955471106906,TRUE,TRUE,TRUE,FALSE,FALSE,TRUE,FALSE,0.157457147948378,TRUE,0.294489544745425
"expected",0,60,56,TRUE,50,2,4,52,154,-0.00327834734324896,-0.11165393132485,0.10653528641461,-0.00327834734324896,1.07475613029875e-05,TRUE,0.21818921773946,-2.14849843207583,0.00993981314510961,TRUE,TRUE,TRUE,FALSE,FALSE,TRUE,FALSE,0.156046903213386,TRUE,0.323035939837394
"expected",0,61,60,FALSE,48,9,3,57,162,-0.0550953602952012,-0.166926069645101,0.0521680279128982,-0.0550953602952012,0.00303549872605803,TRUE,0.219094097557999,-1.62836825101135,0.00705764238554707,TRUE,TRUE,TRUE,FALSE,FALSE,TRUE,FALSE,0.136966518989846,TRUE,0.294014865900902
"expected",0,62,55,TRUE,50,4,1,54,158,-0.0604769938753648,-0.193249123347441,0.074029446392589,-0.0604769938753648,0.00365746678820091,TRUE,0.26727856974003,-1.40938256804856,0.00652154947164263,TRUE,TRUE,TRUE,FALSE,FALSE,TRUE,FALSE,0.158772708288926,TRUE,0.335657344482961
"expected",0,63,59,TRUE,50,3,6,53,156,-0.0455576909936191,-0.155837425456234,0.0625339163203932,-0.0455576909936191,0.00207550320867008,TRUE,0.218371341776627,-1.7555572555649,0.0368364788100735,TRUE,TRUE,TRUE,FALSE,FALSE,TRUE,FALSE,0.103535538798334,TRUE,0.254892330905098
"expected",0,64,58,TRUE,50,5,3,55,160,-0.0452179391663538,-0.142349660318925,0.0577210712615928,-0.0452179391663538,0.00204466202245207,TRUE,0.200070731580518,-1.64372331807027,0.00891345845766978,TRUE,TRUE,TRUE,FALSE,FALSE,TRUE,FALSE,0.162660834919376,TRUE,0.318046988077277
"expected",0,65,56,TRUE,50,1,5,51,152,0.0187124408486533,-0.136163771973335,0.184065706756854,0.0187124408486533,0.000350155442514347,TRUE,0.320229478730189,-1.72510934313866,0.0177246583578494,TRUE,TRUE,TRUE,FALSE,FALSE,TRUE,FALSE,0.404793013214173,FALSE,0.336684806675426
"expected",0,66,60,FALSE,48,6,6,54,156,0.0119985770155117,-0.113638161452843,0.134795531782232,0.0119985770155117,0.000143965850397167,TRUE,0.248433693235074,-1.91717371470438,0.0158378752418002,TRUE,TRUE,TRUE,FALSE,FALSE,TRUE,FALSE,0.206284834452887,TRUE,0.341823620566232
"expected",0,67,56,TRUE,50,4,2,54,158,-0.0604439422990594,-0.199222808610408,0.071868268137544,-0.0604439422990594,0.00365347016065202,TRUE,0.271091076747952,-1.50606436094833,0.0144294409665804,TRUE,TRUE,TRUE,FALSE,FALSE,TRUE,FALSE,0.337677766487905,FALSE,0.277078900667393
"expected",0,68,60,TRUE,50,9,1,59,168,0.0624666714596504,-0.0659009035789308,0.201295027486011,0.0624666714596504,0.0039020850432479,TRUE,0.267195931064942,-1.48788802187181,0.0369965492269273,TRUE,TRUE,TRUE,FALSE,FALSE,TRUE,FALSE,0.260351185674836,TRUE,0.368936410845215
"expected",0,69,60,FALSE,49,7,4,56,161,0.026018107731476,-0.0944170256488451,0.138048341334827,0.026018107731476,0.00067694192992669,TRUE,0.232465366983673,-1.91030316285327,0.0126983341367009,TRUE,TRUE,TRUE,FALSE,FALSE,TRUE,FALSE,0.147535357903545,TRUE,0.325780318096783
"expected",0,70,58,TRUE,50,6,2,56,162,0.0200374995242879,-0.0899503350816004,0.13083400754175,0.0200374995242879,0.000401501387185839,TRUE,0.220784342623351,-1.97788878253266,0.00633448466703612,TRUE,TRUE,TRUE,FALSE,FALSE,TRUE,FALSE,0.172573153486394,TRUE,0.331682033425244
"expected",0,71,59,TRUE,50,7,2,57,164,-0.0756939465812033,-0.190687878055125,0.0392470952299201,-0.0756939465812033,0.00572957354903806,TRUE,0.229934973285045,-1.21712544245133,0.0182348203955485,TRUE,TRUE,TRUE,FALSE,FALSE,TRUE,FALSE,0.216324697605972,TRUE,0.331337090973125
"expected",0,72,60,FALSE,48,8,4,56,160,0.00486641597132747,-0.107611337906189,0.120479688700705,0.00486641597132747,2.36820044059911e-05,TRUE,0.228091026606895,-2.17532782627433,0.0259424712471059,TRUE,TRUE,TRUE,FALSE,FALSE,TRUE,FALSE,0.204908724770162,TRUE,0.323903492905286
"expected",0,73,60,FALSE,47,8,5,55,157,0.0968750707222579,-0.0351738715155547,0.232080240108489,0.0968750707222579,0.00938477932744246,TRUE,0.267254111624044,-0.806071714640893,0.0196489629762482,TRUE,TRUE,TRUE,FALSE,FALSE,TRUE,FALSE,0.271672364017893,TRUE,0.301380374878384
"expected",0,74,58,TRUE,50,7,1,57,164,-0.0261666855302794,-0.135573397698063,0.0805215757531051,-0.0261666855302794,0.000684695431640534,TRUE,0.216094973451168,-1.98292054709822,0.0344987397761543,TRUE,TRUE,TRUE,FALSE,FALSE,TRUE,FALSE,0.0904921056111184,TRUE,0.246181236684362
"expected",0,75,60,TRUE,50,9,1,59,168,-0.0713028790214743,-0.178255414580823,0.0365658050532628,-0.0713028790214743,0.005084100556751,TRUE,0.214821219634086,-1.14554224238441,0.00788074489238966,TRUE,TRUE,TRUE,FALSE,FALSE,TRUE,FALSE,0.111547391751059,TRUE,0.265665476225081
"expected",0,76,55,TRUE,50,2,3,52,154,0.14038171839421,0.0339253999158993,0.245997521349518,0.14038171839421,0.0197070268593112,FALSE,0.212072121433618,1.20469304468699,0.0588225535562401,TRUE,TRUE,TRUE,FALSE,FALSE,TRUE,FALSE,0.151885702554641,TRUE,0.285512440033934
"expected",0,77,55,TRUE,50,4,1,54,158,-0.133059807064793,-0.258317219283606,-0.0051722629836551,-0.133059807064793,0.01770491225612,FALSE,0.253144956299951,0.23727732415432,0.0315970862151858,TRUE,TRUE,TRUE,FALSE,FALSE,TRUE,FALSE,0.198071643336555,TRUE,0.370160041166136
"expected",0,78,59,TRUE,50,6,3,56,162,0.0919459040580482,-0.0283878259496152,0.208743911171554,0.0919459040580482,0.0084540492730518,TRUE,0.237131737121169,-0.771459847886888,0.0501356059652664,TRUE,TRUE,TRUE,FALSE,FALSE,TRUE,FALSE,0.180837587198505,TRUE,0.355139147621728
"expected",0,79,59,TRUE,50,4,5,54,158,-0.113239525953553,-0.242137813198911,0.0126512720809158,-0.113239525953553,0.0128231902381854,TRUE,0.254789085279826,-0.324515538409798,0.0283225200979871,TRUE,TRUE,TRUE,FALSE,FALSE,TRUE,FALSE,0.279793440972079,TRUE,0.29530956292797
"expected",0,80,58,TRUE,50,6,2,56,162,-0.000588811429363424,-0.113949432255298,0.107856733899332,-0.000588811429363424,3.46698899348998e-07,TRUE,0.22180616615463,-2.13917369065746,0.133662618021475,TRUE,TRUE,TRUE,FALSE,FALSE,TRUE,FALSE,0.139867746788931,TRUE,0.30431088030912
"expected",0,81,57,TRUE,50,5,2,55,160,-0.0150625644142155,-0.126593756227448,0.0982714131416611,-0.0150625644142155,0.000226880846732391,TRUE,0.224865169369109,-2.03488402046335,0.0077068414519772,TRUE,TRUE,TRUE,FALSE,FALSE,TRUE,FALSE,0.142891544685562,TRUE,0.324819671388422
"expected",0,82,55,TRUE,50,3,2,53,156,0.0557873964670094,-0.0563981622599851,0.16584052851131,0.0557873964670094,0.0031122336045673,TRUE,0.222238690771295,-1.60858425743913,0.0625042718291411,TRUE,TRUE,TRUE,FALSE,FALSE,TRUE,FALSE,0.0894560219259174,TRUE,0.233823622765756
"expected",0,83,60,FALSE,44,10,6,54,152,0.0358450176850399,-0.0771098523262105,0.148653504214945,0.0358450176850399,0.00128486529284083,TRUE,0.225763356541155,-1.79693338222185,0.0356255352072026,TRUE,TRUE,TRUE,FALSE,FALSE,TRUE,FALSE,0.219090907918213,TRUE,0.264287655754814
"expected",0,84,59,TRUE,50,4,5,54,158,-0.0346363474409512,-0.15474873158483,0.084334236594414,-0.0346363474409512,0.00119967656405028,TRUE,0.239082968179244,-1.70892498047107,0.0158567504160203,TRUE,TRUE,TRUE,FALSE,FALSE,TRUE,FALSE,0.158304052298049,TRUE,0.341715043224057
"expected",0,85,56,TRUE,50,5,1,55,160,-0.0377470905874537,-0.137240807010234,0.0634095320623355,-0.0377470905874537,0.00142484284781744,TRUE,0.20065033907257,-1.88826495990799,0.00615985696316557,TRUE,TRUE,TRUE,FALSE,FALSE,TRUE,FALSE,0.150471950633699,TRUE,0.298255331310414
"expected",0,86,58,TRUE,50,6,2,56,162,-0.0436566246458795,-0.160523647698767,0.0703334042771301,-0.0436566246458795,0.00190590087547122,TRUE,0.230857051975897,-1.81951718415249,0.0182229582060529,TRUE,TRUE,TRUE,FALSE,FALSE,TRUE,FALSE,0.17547828773827,TRUE,0.346159926188664
"expected",0,87,60,TRUE,50,6,4,56,162,0.0194712890522693,-0.116033768425483,0.160594077406215,0.0194712890522693,0.000379131097357021,TRUE,0.276627845831698,-1.73836045186735,0.0934412784499159,TRUE,TRUE,TRUE,FALSE,FALSE,TRUE,FALSE,0.340681484911147,TRUE,0.325280134095848
"expected",0,88,53,TRUE,50,3,0,53,156,-0.0505120815130801,-0.161197558288609,0.0652743250475619,-0.0505120815130801,0.00255147037878405,TRUE,0.226471883336171,-1.65419519644186,0.0368051121175199,TRUE,TRUE,TRUE,FALSE,FALSE,TRUE,FALSE,0.207212676979453,TRUE,0.352260437068512
"expected",0,89,59,TRUE,50,7,2,57,164,0.0668214287936378,-0.0426770386086455,0.178040917255671,0.0668214287936378,0.0044651033460232,TRUE,0.220717955864316,-1.40079927202638,0.00448968007782469,TRUE,TRUE,TRUE,FALSE,FALSE,TRUE,FALSE,0.12358299707678,TRUE,0.268231985210428
"expected",0,90,54,TRUE,50,2,2,52,154,-0.0593953294959511,-0.157640827678219,0.0419591265755447,-0.0593953294959511,0.0035278051659326,TRUE,0.199599954253764,-1.42679677357845,0.0159433151099222,TRUE,TRUE,TRUE,FALSE,FALSE,TRUE,FALSE,0.100996694523366,TRUE,0.232905032993516
"expected",0,91,56,TRUE,50,2,4,52,154,-0.0297113140429734,-0.137045163171283,0.0757661515537248,-0.0297113140429734,0.000882762182160186,TRUE,0.212811314725008,-2.06180056665153,0.00793885176966569,TRUE,TRUE,TRUE,FALSE,FALSE,TRUE,FALSE,0.0806397869142552,TRUE,0.216268274648722
"expected",0,92,58,TRUE,50,1,7,51,152,0.0704955963994812,-0.0585648768347194,0.199725260921131,0.0704955963994812,0.00496962911171854,TRUE,0.258290137755851,-1.36085655647659,0.00511825204671368,TRUE,TRUE,TRUE,FALSE,FALSE,TRUE,FALSE,0.280125773792545,TRUE,0.24524104224138
"expected",0,93,57,TRUE,50,7,0,57,164,0.0268458902030337,-0.070500401423582,0.122961581305662,0.0268458902030337,0.00072070182079334,TRUE,0.193461982729244,-2.05353297070329,0.00768609005109511,TRUE,TRUE,TRUE,FALSE,FALSE,TRUE,FALSE,0.0875156282677165,TRUE,0.229763390885354
"expected",0,94,54,TRUE,50,3,1,53,156,-0.0575864280268263,-0.175361746252172,0.0644241133094601,-0.0575864280268263,0.00331619669288884,TRUE,0.239785859561632,-1.42860622828388,0.0208358701261204,TRUE,TRUE,TRUE,FALSE,FALSE,TRUE,FALSE,0.23037515419023,TRUE,0.344455127872507
"expected",0,95,60,TRUE,50,5,5,55,160,0.121206196683729,0.0184498830892152,0.225276934021898,0.121206196683729,0.0146909421145348,FALSE,0.206827050932683,0.555868590152926,0.0439172549060345,TRUE,TRUE,TRUE,FALSE,FALSE,TRUE,FALSE,0.0925947346968134,TRUE,0.242040505334657
"expected",0,96,60,FALSE,49,8,3,57,163,0.0859557599293961,-0.0186240544452455,0.193746768394095,0.0859557599293961,0.00738839266503997,TRUE,0.212370822839341,-0.816060983209411,0.0591800418172284,TRUE,TRUE,TRUE,FALSE,FALSE,TRUE,FALSE,0.129010986073861,TRUE,0.296090917133193
"expected",0,97,60,TRUE,50,8,2,58,166,0.0383978667261707,-0.0587912348259376,0.134307996392452,0.0383978667261707,0.00147439616912077,TRUE,0.193099231218389,-1.94898891599954,0.0217385173742741,TRUE,TRUE,TRUE,FALSE,FALSE,TRUE,FALSE,0.108921909059243,TRUE,0.248780137355534
"expected",0,98,59,TRUE,50,3,6,53,156,-0.0142364600819177,-0.136080702282629,0.106732094567268,-0.0142364600819177,0.000202676795664036,TRUE,0.242812796849896,-2.02969889452626,0.0143236901483306,TRUE,TRUE,TRUE,FALSE,FALSE,TRUE,FALSE,0.216829483681945,TRUE,0.338826209853088
"expected",0,99,60,FALSE,49,5,6,54,157,-0.0441812314794109,-0.151519456200464,0.0644702067300715,-0.0441812314794109,0.00195198121503729,TRUE,0.215989662930536,-1.67361199606734,0.000605285171957348,TRUE,TRUE,TRUE,FALSE,FALSE,TRUE,FALSE,0.107938034591081,TRUE,0.265062766934418
"expected",0,100,60,FALSE,49,5,6,54,157,0.0012028215339962,-0.117788148917699,0.11827153242239,0.0012028215339962,1.44677964264498e-06,TRUE,0.236059681340089,-2.02389753035217,0.0219912790805381,TRUE,TRUE,TRUE,FALSE,FALSE,TRUE,FALSE,0.147662886869091,TRUE,0.333075738529591
"high",-0.3,1,56,TRUE,50,5,1,55,160,-0.185516134675754,-0.314352025680004,-0.0577430627187801,0.114483865324246,0.0131065554195802,TRUE,0.256608962961224,2.04059674179413,0.0264819790570243,TRUE,TRUE,TRUE,FALSE,FALSE,TRUE,FALSE,0.294270690095319,TRUE,0.292921293302237
"high",-0.3,2,55,TRUE,50,4,1,54,158,-0.321649370813341,-0.427583407672553,-0.215802675382555,-0.0216493708133415,0.000468695256613561,TRUE,0.211780732289998,11.6372323467625,0.0198404561641325,TRUE,TRUE,TRUE,FALSE,FALSE,TRUE,TRUE,0.0826250246449742,TRUE,0.221297657856101
"high",-0.3,3,54,TRUE,50,3,1,53,156,-0.320286798508982,-0.427671989308898,-0.214718285008543,-0.0202867985089821,0.00041155419374404,TRUE,0.212953704300355,11.6125929371124,0.0679773638070742,TRUE,TRUE,TRUE,FALSE,FALSE,TRUE,TRUE,0.0838964305259677,TRUE,0.221524570456252
"high",-0.3,4,57,TRUE,50,6,1,56,162,-0.200576434238857,-0.322912178605285,-0.0738034140184836,0.0994235657611432,0.00988504542866037,TRUE,0.249108764586802,2.6805222704721,0.0222975624263313,TRUE,TRUE,TRUE,FALSE,FALSE,TRUE,TRUE,0.281162280964107,TRUE,0.252682308172843
"high",-0.3,5,56,TRUE,50,5,1,55,160,-0.395434915900669,-0.527815232640201,-0.254893111275838,-0.0954349159006686,0.00910782317296769,TRUE,0.272922121364363,10.2245939334345,0.00968852335225279,TRUE,TRUE,TRUE,FALSE,FALSE,TRUE,TRUE,0.293594907178305,TRUE,0.293687161704628
"high",-0.3,6,57,TRUE,50,5,2,55,160,-0.255404930287733,-0.380035005164857,-0.129234099999095,0.044595069712267,0.00198872024264195,TRUE,0.250800905165761,5.54706921753296,0.0535918930394814,TRUE,TRUE,TRUE,FALSE,FALSE,TRUE,TRUE,0.219318643925612,TRUE,0.350320925161841
"high",-0.3,7,56,TRUE,50,3,3,53,156,-0.29672406200202,-0.419711756321176,-0.173173189726202,0.00327593799797982,1.0731769766608e-05,TRUE,0.246538566594973,7.50478443624351,0.00097459538608291,TRUE,TRUE,TRUE,FALSE,FALSE,TRUE,TRUE,0.152148941930646,TRUE,0.330894097418327
"high",-0.3,8,56,TRUE,50,3,3,53,156,-0.315593707172681,-0.436706417331237,-0.195987876092921,-0.015593707172681,0.000243163703387324,TRUE,0.240718541238316,8.76331520080564,0.00169613350965392,TRUE,TRUE,TRUE,FALSE,FALSE,TRUE,TRUE,0.125860416351701,TRUE,0.309389079045048
"high",-0.3,9,52,TRUE,50,1,1,51,152,-0.463135409229711,-0.602127907753717,-0.319221068633252,-0.163135409229711,0.0266131617445454,FALSE,0.282906839120465,12.7234064263932,0.0522556369207337,TRUE,TRUE,TRUE,FALSE,FALSE,TRUE,TRUE,0.257856148041706,TRUE,0.400397712488368
"high",-0.3,10,57,TRUE,50,6,1,56,162,-0.303582220339602,-0.412279632958559,-0.195103866365339,-0.00358222033960243,1.28323025614613e-05,TRUE,0.21717576659322,9.42825268342077,0.018082483152682,TRUE,TRUE,TRUE,FALSE,FALSE,TRUE,TRUE,0.137793945504658,TRUE,0.311967847908363
"high",-0.3,11,54,TRUE,50,4,0,54,158,-0.264051693469632,-0.374859531964049,-0.149585637673046,0.0359483065303683,0.00129228074240132,TRUE,0.225273894291003,6.31430750444611,0.0175153146839762,TRUE,TRUE,TRUE,FALSE,FALSE,TRUE,TRUE,0.123836010628626,TRUE,0.295512942823648
"high",-0.3,12,55,TRUE,50,4,1,54,158,-0.165416816849613,-0.276788502791802,-0.0518653409278602,0.134583183150387,0.0181126331868907,FALSE,0.224923161863942,2.05148767785786,0.0351336703310494,TRUE,TRUE,TRUE,FALSE,FALSE,TRUE,FALSE,0.150164159102124,TRUE,0.305492676551694
"high",-0.3,13,52,TRUE,50,1,1,51,152,-0.28664931078381,-0.425939009849278,-0.146936711952817,0.0133506892161901,0.000178240902547294,TRUE,0.279002297896461,5.45595137448865,0.0606879061536745,TRUE,TRUE,TRUE,FALSE,FALSE,TRUE,TRUE,0.209312573877676,TRUE,0.423219756700764
"high",-0.3,14,52,TRUE,50,1,1,51,152,-0.25634449837321,-0.378880796868632,-0.139421574235391,0.0436555016267899,0.00190580282228665,TRUE,0.239459222633242,6.55022874404077,0.0395071242265601,TRUE,TRUE,TRUE,FALSE,FALSE,TRUE,TRUE,0.178197822439319,TRUE,0.32466629328966
"high",-0.3,15,56,TRUE,50,6,0,56,162,-0.255225926692954,-0.383198853789479,-0.123861650808163,0.0447740733070464,0.00200471764050476,TRUE,0.259337202981315,4.80079193107721,0.0530838187204949,TRUE,TRUE,TRUE,FALSE,FALSE,TRUE,TRUE,0.29889228205522,TRUE,0.280882267571337
"high",-0.3,16,54,TRUE,50,4,0,54,158,-0.270537143752149,-0.404508808897967,-0.137910213578215,0.0294628562478512,0.000868059898281542,TRUE,0.266598595319752,5.02963649467395,0.00328328126931865,TRUE,TRUE,TRUE,FALSE,FALSE,TRUE,TRUE,0.27092282225027,TRUE,0.319292464735588
"high",-0.3,17,54,TRUE,50,2,2,52,154,-0.32451808100005,-0.436394729596582,-0.208845921608322,-0.0245180810000496,0.000601136295924993,TRUE,0.22754880798826,9.6352516863607,0.0146178162728461,TRUE,TRUE,TRUE,FALSE,FALSE,TRUE,TRUE,0.153193347150042,TRUE,0.290026182841766
"high",-0.3,18,54,TRUE,50,1,3,51,152,-0.359680441326965,-0.496243093929276,-0.218477229806496,-0.0596804413269649,0.0035617550769813,TRUE,0.27776586412278,8.34620106509297,0.02688669242022,TRUE,TRUE,TRUE,FALSE,FALSE,TRUE,TRUE,0.185849889284937,TRUE,0.36647844524043
"high",-0.3,19,56,TRUE,50,6,0,56,162,-0.271077210653628,-0.384709838142949,-0.151665939273995,0.0289227893463721,0.000836527743574616,TRUE,0.233043898868954,7.02397665489957,0.0744844140436669,TRUE,TRUE,TRUE,FALSE,FALSE,TRUE,TRUE,0.185703577384441,TRUE,0.296197861898058
"high",-0.3,20,52,TRUE,50,1,1,51,152,-0.318232574079944,-0.427888752919784,-0.202730377360492,-0.0182325740799441,0.000332426757580648,TRUE,0.225158375559292,9.24679289858116,0.0234618850655579,TRUE,TRUE,TRUE,FALSE,FALSE,TRUE,TRUE,0.151679841412334,TRUE,0.311721345562843
"high",-0.3,21,51,TRUE,50,1,0,51,152,-0.273402467234773,-0.394721916938622,-0.152119114091506,0.0265975327652265,0.000707428749197299,TRUE,0.242602802847116,6.74395919074075,0.0294733082185132,TRUE,TRUE,TRUE,FALSE,FALSE,TRUE,TRUE,0.181740033148726,TRUE,0.317324665979278
"high",-0.3,22,57,TRUE,50,5,2,55,160,-0.311576297832761,-0.436291471917634,-0.18696822057838,-0.0115762978327611,0.000134010671512789,TRUE,0.249323251339254,7.54044992062492,0.0505546642274624,TRUE,TRUE,TRUE,FALSE,FALSE,TRUE,TRUE,0.185270799672671,TRUE,0.336476349148458
"high",-0.3,23,54,TRUE,50,3,1,53,156,-0.393584592032272,-0.502039541224116,-0.285059569198549,-0.0935845920322722,0.00875807586584683,TRUE,0.216979972025567,15.5642665094455,0.0276386365405301,TRUE,TRUE,TRUE,FALSE,FALSE,TRUE,TRUE,0.0848214288354407,TRUE,0.225393319153411
"high",-0.3,24,52,TRUE,50,2,0,52,154,-0.259756757223339,-0.368110190089087,-0.148999572125556,0.040243242776661,0.00161951858918128,TRUE,0.219110617963531,6.67571801474728,0.0260702529429295,TRUE,TRUE,TRUE,FALSE,FALSE,TRUE,TRUE,0.137213352063366,TRUE,0.295110958348844
"high",-0.3,25,53,TRUE,50,1,2,51,152,-0.327107954655931,-0.439217579812561,-0.213605760470982,-0.0271079546559307,0.000734841205627994,TRUE,0.225611819341578,8.96282586333379,0.0471870834755634,TRUE,TRUE,TRUE,FALSE,FALSE,TRUE,TRUE,0.129702176320975,TRUE,0.305831065683375
"high",-0.3,26,52,TRUE,50,2,0,52,154,-0.230624666016868,-0.349717232025326,-0.113972780689995,0.0693753339831316,0.00481293696527106,TRUE,0.235744451335331,5.19166633218313,0.0460071765702423,TRUE,TRUE,TRUE,FALSE,FALSE,TRUE,TRUE,0.13838565353468,TRUE,0.321033437788916
"high",-0.3,27,56,TRUE,50,5,1,55,160,-0.379669512764722,-0.51095038459067,-0.239138414868313,-0.079669512764722,0.0063472312641682,TRUE,0.271811969722357,9.56776617673341,0.0310927321485508,TRUE,TRUE,TRUE,FALSE,FALSE,TRUE,TRUE,0.232583785614868,TRUE,0.329163816718398
"high",-0.3,28,52,TRUE,50,1,1,51,152,-0.305918685063412,-0.423954620533617,-0.186630094080158,-0.00591868506341237,3.50308328798606e-05,TRUE,0.237324526453459,7.77338567094557,0.0213026525071882,TRUE,TRUE,TRUE,FALSE,FALSE,TRUE,TRUE,0.218245679762029,TRUE,0.391635375877394
"high",-0.3,29,59,TRUE,50,7,2,57,164,-0.316558199386512,-0.428657486524873,-0.20207831448828,-0.016558199386512,0.000274173966923486,TRUE,0.226579172036593,9.73477349475127,0.00597599781869462,TRUE,TRUE,TRUE,FALSE,FALSE,TRUE,TRUE,0.0929142497455909,TRUE,0.243042966975062
"high",-0.3,30,53,TRUE,50,3,0,53,156,-0.299513141334589,-0.42635232479748,-0.173094316326677,0.000486858665411094,2.37031360085872e-07,TRUE,0.253258008470803,7.18067125400393,0.00212370883079416,TRUE,TRUE,TRUE,FALSE,FALSE,TRUE,TRUE,0.277277514618939,TRUE,0.276709855495174
"high",-0.3,31,55,TRUE,50,5,0,55,160,-0.348654078831026,-0.473878802229486,-0.228334307944288,-0.048654078831026,0.00236721938689569,TRUE,0.245544494285198,11.1912549638291,0.0427650899871708,TRUE,TRUE,TRUE,FALSE,FALSE,TRUE,TRUE,0.165248063067587,TRUE,0.323079750943218
"high",-0.3,32,50,TRUE,50,0,0,50,150,-0.214506071425715,-0.326473618083331,-0.0990214374646916,0.0854939285742849,0.00730921182306494,TRUE,0.227452180618639,3.8965561356556,0.0121045798258308,TRUE,TRUE,TRUE,FALSE,FALSE,TRUE,TRUE,0.140005908891373,TRUE,0.306213867361864
"high",-0.3,33,57,TRUE,50,4,3,54,158,-0.381635602437038,-0.494942674144244,-0.264659968146206,-0.0816356024370382,0.00666437158525816,TRUE,0.230282705998038,12.025064003751,0.0302646962448705,TRUE,TRUE,TRUE,FALSE,FALSE,TRUE,TRUE,0.1445379273859,TRUE,0.307334147520174
"high",-0.3,34,60,FALSE,48,9,3,57,162,-0.198361040293715,-0.341174623717595,-0.0581712550769872,0.101638959706285,0.0103304781301758,TRUE,0.283003368640608,1.76842102961604,0.0362181665232413,TRUE,TRUE,TRUE,FALSE,FALSE,TRUE,FALSE,0.340298192850702,TRUE,0.329981625195483
"high",-0.3,35,56,TRUE,50,4,2,54,158,-0.28936383022841,-0.408261304604069,-0.169408252110704,0.0106361697715899,0.000113128107410082,TRUE,0.238853052493365,8.07618204408624,0.0386193815182594,TRUE,TRUE,TRUE,FALSE,FALSE,TRUE,TRUE,0.215010182218329,TRUE,0.334532466927086
"high",-0.3,36,58,TRUE,50,7,1,57,164,-0.163971644550582,-0.298131219482085,-0.030009757671989,0.136028355449418,0.0185037134862731,FALSE,0.268121461810096,1.03863578520122,0.0726081735872981,TRUE,TRUE,TRUE,FALSE,FALSE,TRUE,FALSE,0.343769646771791,FALSE,0.278720602349138
"high",-0.3,37,58,TRUE,50,6,2,56,162,-0.273917109671019,-0.371467718270088,-0.175744694051484,0.0260828903289809,0.000680317167913647,TRUE,0.195723024218603,10.1312827183668,0.00366188519419097,TRUE,TRUE,TRUE,FALSE,FALSE,TRUE,TRUE,0.0864340672154216,TRUE,0.224665468134046
"high",-0.3,38,54,TRUE,50,3,1,53,156,-0.244674534561236,-0.356739199674452,-0.13217636698293,0.0553254654387637,0.00306090712601584,TRUE,0.224562832691522,5.58239483084606,0.0521528381979692,TRUE,TRUE,TRUE,TRUE,FALSE,TRUE,TRUE,0.138305423097379,TRUE,0.318991067738384
"high",-0.3,39,56,TRUE,50,6,0,56,162,-0.36903978025222,-0.496234788638859,-0.240813941892177,-0.0690397802522204,0.00476649125727488,TRUE,0.255420846746682,9.72202996941567,0.031061480482947,TRUE,TRUE,TRUE,FALSE,FALSE,TRUE,TRUE,0.205076887776939,TRUE,0.355571647284589
"high",-0.3,40,57,TRUE,50,4,3,54,158,-0.32169600019511,-0.427226274537842,-0.209807223916958,-0.0216960001951101,0.000470716424466219,TRUE,0.217419050620885,10.0624890191864,0.0689801801416365,TRUE,TRUE,TRUE,FALSE,FALSE,TRUE,TRUE,0.135539908314418,TRUE,0.279984923867198
"high",-0.3,41,53,TRUE,50,3,0,53,156,-0.24296913609862,-0.356022068879945,-0.133385266186505,0.0570308639013804,0.00325251943733778,TRUE,0.22263680269344,6.60736817859262,0.027672282942973,TRUE,TRUE,TRUE,FALSE,FALSE,TRUE,TRUE,0.115374897849351,TRUE,0.27308657984706
"high",-0.3,42,59,TRUE,50,4,5,54,158,-0.338450200356911,-0.448141918944626,-0.21778346158825,-0.038450200356911,0.0014784179074866,TRUE,0.230358457356376,9.56724637315239,0.0230112470213726,TRUE,TRUE,TRUE,FALSE,FALSE,TRUE,TRUE,0.137852462938571,TRUE,0.281633041989229
"high",-0.3,43,60,FALSE,47,12,1,59,165,-0.261132500643524,-0.384032475095268,-0.137305806806452,0.0388674993564756,0.00151068250622563,TRUE,0.246726668288815,5.65781599888331,0.0183084642957567,TRUE,TRUE,TRUE,FALSE,FALSE,TRUE,TRUE,0.195710996520996,TRUE,0.364198740194873
"high",-0.3,44,54,TRUE,50,3,1,53,156,-0.195678605564898,-0.298824181059431,-0.0868593298975089,0.104321394435102,0.0108829533368841,FALSE,0.211964851161922,3.83129753038077,0.0578125151933477,TRUE,TRUE,TRUE,FALSE,FALSE,TRUE,TRUE,0.0906328639610683,TRUE,0.226228072934796
"high",-0.3,45,53,TRUE,50,1,2,51,152,-0.375224400001857,-0.515874968053156,-0.231683245324266,-0.0752244000018574,0.00565871035563944,TRUE,0.28419172272889,8.52038373888993,0.00703039117931326,TRUE,TRUE,TRUE,FALSE,TRUE,TRUE,TRUE,0.272395156269171,TRUE,0.319016640032262
"high",-0.3,46,56,TRUE,50,4,2,54,158,-0.29244512987608,-0.41326972859461,-0.170047297534451,0.00755487012391987,5.7076062589297e-05,TRUE,0.243222431060159,7.30703022342121,0.00519209514882846,TRUE,TRUE,TRUE,FALSE,FALSE,TRUE,TRUE,0.131136789013456,TRUE,0.295492782199368
"high",-0.3,47,54,TRUE,50,3,1,53,156,-0.250255646942893,-0.369232681756578,-0.131438789105268,0.0497443530571068,0.00247450066107009,TRUE,0.23779389265131,5.89854347681364,0.0153470990134963,TRUE,TRUE,TRUE,FALSE,FALSE,TRUE,TRUE,0.183422879689624,TRUE,0.340382632912133
"high",-0.3,48,56,TRUE,50,5,1,55,160,-0.329931787588755,-0.476978535260265,-0.188004371675189,-0.0299317875887553,0.000895911908258363,TRUE,0.288974163585076,7.89375057388398,0.0454556723108226,TRUE,TRUE,TRUE,FALSE,FALSE,TRUE,TRUE,0.313997622541907,TRUE,0.334624383106991
"high",-0.3,49,55,TRUE,50,5,0,55,160,-0.259064208690389,-0.383576960595589,-0.12887537881854,0.0409357913096109,0.00167573901014401,TRUE,0.254701581777049,5.07922077519055,0.0327684225163694,TRUE,TRUE,TRUE,FALSE,FALSE,TRUE,TRUE,0.238142998210273,TRUE,0.274086668864366
"high",-0.3,50,54,TRUE,50,3,1,53,156,-0.244722317558937,-0.359932953032759,-0.129410704089152,0.0552776824410632,0.00305562217605503,TRUE,0.230522248943607,5.62300956714213,0.0825663282064966,TRUE,TRUE,TRUE,FALSE,FALSE,TRUE,TRUE,0.158295265839479,TRUE,0.340161093036755
"high",-0.3,51,59,TRUE,50,6,3,56,162,-0.297555254640507,-0.411863621332937,-0.18090967925741,0.00244474535949341,5.97677987276454e-06,TRUE,0.230953942075527,8.15790335297154,0.0086410175577214,TRUE,TRUE,TRUE,FALSE,FALSE,TRUE,TRUE,0.0936498769193138,TRUE,0.253215141082484
"high",-0.3,52,57,TRUE,50,6,1,56,162,-0.193742417697998,-0.328199293211186,-0.0455128203415965,0.106257582302002,0.0112906737966668,TRUE,0.282686472869589,1.54798051357656,0.00456318124437871,TRUE,TRUE,TRUE,FALSE,FALSE,TRUE,FALSE,0.225198642304528,TRUE,0.390607281557334
"high",-0.3,53,58,TRUE,50,4,4,54,158,-0.230235066663561,-0.347575837721888,-0.109157817745189,0.0697649333364394,0.00486714592343783,TRUE,0.238418019976699,4.63267255253041,0.0319425486819398,TRUE,TRUE,TRUE,FALSE,FALSE,TRUE,TRUE,0.21746741761283,TRUE,0.332846662256196
"high",-0.3,54,53,TRUE,50,3,0,53,156,-0.246013539346572,-0.352626241637397,-0.142239801698272,0.0539864606534275,0.00291453793388407,TRUE,0.210386439939125,6.69844158075293,0.0832949135415504,TRUE,TRUE,TRUE,FALSE,FALSE,TRUE,TRUE,0.115888769150106,TRUE,0.289583379401379
"high",-0.3,55,56,TRUE,50,3,3,53,156,-0.251952075397713,-0.413372965935719,-0.0896400460602977,0.0480479246022869,0.00230860305858705,TRUE,0.323732919875421,2.90421833655776,0.0925675765383289,TRUE,TRUE,TRUE,FALSE,FALSE,TRUE,TRUE,0.391505929424176,FALSE,0.347507068358555
"high",-0.3,56,54,TRUE,50,4,0,54,158,-0.287213906593829,-0.418677199678551,-0.155157266415171,0.0127860934061712,0.000163484184591335,TRUE,0.26351993326338,5.83279201022324,0.027816895366243,TRUE,TRUE,TRUE,FALSE,FALSE,TRUE,TRUE,0.287837190847334,TRUE,0.381970308106958
"high",-0.3,57,58,TRUE,50,7,1,57,164,-0.27376370012888,-0.387405700108328,-0.160723874395344,0.0262362998711201,0.000688343430927336,TRUE,0.226681825712984,7.76399007995406,0.0167283329000441,TRUE,TRUE,TRUE,FALSE,FALSE,TRUE,TRUE,0.16976492893556,TRUE,0.327157339471512
"high",-0.3,58,55,TRUE,50,2,3,52,154,-0.404798463202133,-0.549076266792703,-0.259180141020943,-0.104798463202133,0.0109827178895288,TRUE,0.28989612577176,9.42484791041778,0.038775765181839,TRUE,TRUE,TRUE,FALSE,FALSE,TRUE,TRUE,0.282670509821046,TRUE,0.300880275349203
"high",-0.3,59,56,TRUE,50,2,4,52,154,-0.302339984259529,-0.423200537545187,-0.181221289198499,-0.0023399842595288,5.47552633484257e-06,TRUE,0.241979248346688,7.48493916910201,0.0318192246030833,TRUE,TRUE,TRUE,FALSE,FALSE,TRUE,TRUE,0.194304081081219,TRUE,0.372497173656233
"high",-0.3,60,55,TRUE,50,3,2,53,156,-0.293469503436803,-0.411035497804294,-0.171190089164576,0.00653049656319732,4.2647385361932e-05,TRUE,0.239845408639718,7.08326659267823,0.0293867893209949,TRUE,TRUE,TRUE,FALSE,FALSE,TRUE,TRUE,0.158594780151589,TRUE,0.320602142139523
"high",-0.3,61,56,TRUE,50,5,1,55,160,-0.272967177374386,-0.39184669755003,-0.155249756532943,0.0270328226256141,0.000730773499107912,TRUE,0.236596941017087,6.91956113174291,0.036946236101187,TRUE,TRUE,TRUE,FALSE,FALSE,TRUE,TRUE,0.18862716663626,TRUE,0.358706084002717
"high",-0.3,62,53,TRUE,50,2,1,52,154,-0.27973087638722,-0.400971246934273,-0.159267585017157,0.0202691236127801,0.00041083737203016,TRUE,0.241703661917116,6.87822266531808,0.0211895082921956,TRUE,TRUE,TRUE,FALSE,FALSE,TRUE,TRUE,0.190392468314723,TRUE,0.356251492351229
"high",-0.3,63,56,TRUE,50,4,2,54,158,-0.348237925014899,-0.466031476183495,-0.230635269995624,-0.0482379250148993,0.00232689740974305,TRUE,0.235396206187871,11.0866216887198,0.0172078255935446,TRUE,TRUE,TRUE,FALSE,FALSE,TRUE,TRUE,0.119585128396878,TRUE,0.305851943181465
"high",-0.3,64,56,TRUE,50,4,2,54,158,-0.194510125594788,-0.327985547733687,-0.0634693209665159,0.105489874405212,0.0111281136020274,TRUE,0.264516226767171,2.4143870291135,0.00603455642502126,TRUE,TRUE,TRUE,FALSE,FALSE,TRUE,TRUE,0.200024146026423,TRUE,0.388832845194509
"high",-0.3,65,56,TRUE,50,4,2,54,158,-0.278923535294434,-0.398767526286106,-0.156827586042066,0.0210764647055656,0.000444217364484951,TRUE,0.241939940244041,6.34567376516617,0.0342548063372305,TRUE,TRUE,TRUE,FALSE,FALSE,TRUE,TRUE,0.259323540958504,TRUE,0.24619422679318
"high",-0.3,66,55,TRUE,50,4,1,54,158,-0.408851239972013,-0.556338247313532,-0.260066785259115,-0.108851239972013,0.0118485924434448,TRUE,0.296271462054417,10.0535545820921,0.0807053482191691,TRUE,TRUE,TRUE,FALSE,FALSE,TRUE,TRUE,0.273520107160403,TRUE,0.370773556049313
"high",-0.3,67,58,TRUE,50,5,3,55,160,-0.257924886794466,-0.383678270023926,-0.128314811348263,0.0420751132055343,0.00177031515125852,TRUE,0.255363458675663,5.29912302364889,0.0547348629480666,TRUE,TRUE,TRUE,FALSE,FALSE,TRUE,TRUE,0.208538808434018,TRUE,0.344029067010653
"high",-0.3,68,55,TRUE,50,2,3,52,154,-0.362221729971532,-0.489469699872417,-0.221668661123126,-0.0622217299715322,0.00387154368065027,TRUE,0.267801038749291,8.20585842908679,0.0838681393565821,TRUE,TRUE,TRUE,FALSE,FALSE,TRUE,TRUE,0.25952252458891,TRUE,0.428878302527718
"high",-0.3,69,54,TRUE,50,3,1,53,156,-0.345729397089438,-0.456565410719134,-0.230846320918613,-0.0457293970894377,0.00209117775816348,TRUE,0.225719089800521,11.0997081239392,0.0316504736111654,TRUE,TRUE,TRUE,FALSE,FALSE,TRUE,TRUE,0.184360600961868,TRUE,0.313598359520334
"high",-0.3,70,54,TRUE,50,3,1,53,156,-0.287365038890268,-0.40394068276317,-0.171524590511668,0.0126349611097318,0.000159642242244435,TRUE,0.232416092251502,8.05228550637776,0.021712063001246,TRUE,TRUE,TRUE,FALSE,FALSE,TRUE,TRUE,0.156783915316842,TRUE,0.309626988107381
"high",-0.3,71,55,TRUE,50,2,3,52,154,-0.247322557332092,-0.392579643622955,-0.0904016469456493,0.0526774426679081,0.00277491296603075,TRUE,0.302177996677306,2.84823014500915,0.0790855900891358,TRUE,TRUE,TRUE,FALSE,FALSE,TRUE,TRUE,0.309155156176969,TRUE,0.463072828353601
"high",-0.3,72,56,TRUE,50,4,2,54,158,-0.246967423356387,-0.37789936176249,-0.119402146457456,0.0530325766436133,0.00281245418546072,TRUE,0.258497215305035,4.7068006278339,0.0194042051335828,TRUE,TRUE,TRUE,FALSE,FALSE,TRUE,TRUE,0.261334458463864,TRUE,0.282572469618593
"high",-0.3,73,54,TRUE,50,4,0,54,158,-0.235170068583905,-0.350769551250706,-0.122233426041161,0.0648299314160948,0.00420292000741555,TRUE,0.228536125209545,5.76029734459311,0.0391639900793166,TRUE,TRUE,TRUE,FALSE,FALSE,TRUE,TRUE,0.128756092453825,TRUE,0.304334646286433
"high",-0.3,74,56,TRUE,50,4,2,54,158,-0.298766549184718,-0.443146302533692,-0.162819744590442,0.00123345081528153,1.52140091371868e-06,TRUE,0.280326557943249,6.50333049536462,0.0472895890836753,TRUE,TRUE,TRUE,FALSE,FALSE,TRUE,TRUE,0.3064926011769,TRUE,0.305876659430649
"high",-0.3,75,56,TRUE,50,4,2,54,158,-0.378558718211677,-0.491855903810209,-0.267370339064751,-0.078558718211677,0.00617147220706167,TRUE,0.224485564745458,14.1239908441982,0.0731727229745047,TRUE,TRUE,TRUE,FALSE,FALSE,TRUE,TRUE,0.11047389120762,TRUE,0.284505506358698
"high",-0.3,76,58,TRUE,50,5,3,55,160,-0.358944168458559,-0.465996909847527,-0.248299363418385,-0.0589441684585593,0.00347441499527102,TRUE,0.217697546429142,11.8352689985774,0.041827986463943,TRUE,TRUE,TRUE,FALSE,FALSE,TRUE,TRUE,0.146712498507649,TRUE,0.284978649461012
"high",-0.3,77,55,TRUE,50,2,3,52,154,-0.325145372896584,-0.460925946445259,-0.186928478477992,-0.0251453728965843,0.000632289778108277,TRUE,0.273997467967267,7.34656783203977,0.00738818073483571,TRUE,TRUE,TRUE,FALSE,FALSE,TRUE,TRUE,0.276814533264923,TRUE,0.407415799130262
"high",-0.3,78,55,TRUE,50,5,0,55,160,-0.305022999301021,-0.439183705676689,-0.161280451855488,-0.00502299930102107,2.52305219780582e-05,TRUE,0.277903253821201,6.02070850552622,0.0366831293208634,TRUE,TRUE,TRUE,FALSE,FALSE,TRUE,TRUE,0.23117895388222,TRUE,0.378627138280725
"high",-0.3,79,55,TRUE,50,5,0,55,160,-0.326727029026343,-0.45499634008071,-0.192388345973305,-0.0267270290263427,0.000714334080574966,TRUE,0.262607994107405,7.54645301733575,0.00528892571824713,TRUE,TRUE,TRUE,FALSE,FALSE,TRUE,TRUE,0.259270608559381,TRUE,0.339962298868424
"high",-0.3,80,56,TRUE,50,4,2,54,158,-0.352572657111693,-0.492510530149354,-0.222005657514633,-0.0525726571116928,0.00276388427578363,TRUE,0.270504872634721,10.4085820812746,0.0806425935324739,TRUE,TRUE,TRUE,FALSE,FALSE,TRUE,TRUE,0.237685416076631,TRUE,0.38123557363915
"high",-0.3,81,54,TRUE,50,2,2,52,154,-0.392980891095765,-0.491744298254009,-0.292084513812668,-0.0929808910957655,0.0086454461089626,TRUE,0.199659784441341,16.837049825413,0.0621839772671251,TRUE,TRUE,TRUE,FALSE,FALSE,TRUE,TRUE,0.086368385132322,TRUE,0.21788802045306
"high",-0.3,82,54,TRUE,50,3,1,53,156,-0.313643804881926,-0.448375060837137,-0.183952468194721,-0.013643804881926,0.000186153411656067,TRUE,0.264422592642415,8.02547207881457,0.0595957879183118,TRUE,TRUE,TRUE,FALSE,FALSE,TRUE,TRUE,0.234754352534746,TRUE,0.393673758070175
"high",-0.3,83,53,TRUE,50,2,1,52,154,-0.254548793403626,-0.381650417925203,-0.134315968828583,0.0454512065963739,0.00206581218106626,TRUE,0.24733444909662,6.14186288436312,0.00694321454807323,TRUE,TRUE,TRUE,FALSE,FALSE,TRUE,TRUE,0.188389546448223,TRUE,0.281660158293895
"high",-0.3,84,59,TRUE,50,4,5,54,158,-0.260179035133639,-0.370435719550437,-0.150145209325971,0.0398209648663613,0.00158570924288798,TRUE,0.220290510224466,6.78370347284303,0.0494174321793253,TRUE,TRUE,TRUE,FALSE,FALSE,TRUE,TRUE,0.134145284088566,TRUE,0.290953999996965
"high",-0.3,85,57,TRUE,50,5,2,55,160,-0.366405506525638,-0.488135170930298,-0.232416578340687,-0.0664055065256376,0.0044096912969265,TRUE,0.255718592589611,9.92942423023203,0.0512547879332033,TRUE,TRUE,TRUE,FALSE,FALSE,TRUE,TRUE,0.197740156241165,TRUE,0.354516554340231
"high",-0.3,86,57,TRUE,50,4,3,54,158,-0.357385007747322,-0.486913280687871,-0.221916323244003,-0.0573850077473221,0.00329303911416022,TRUE,0.264996957443869,9.13524798008822,0.0429938519168616,TRUE,TRUE,TRUE,FALSE,FALSE,TRUE,TRUE,0.235646832592713,TRUE,0.350574609104227
"high",-0.3,87,55,TRUE,50,5,0,55,160,-0.353355431026453,-0.467896908880007,-0.239429821514347,-0.0533554310264535,0.00284680202001863,TRUE,0.22846708736566,11.8514075224381,0.0219065456553267,TRUE,TRUE,TRUE,FALSE,FALSE,TRUE,TRUE,0.130539077277482,TRUE,0.307351594649715
"high",-0.3,88,57,TRUE,50,4,3,54,158,-0.384083672013144,-0.527064970605397,-0.234314292290651,-0.0840836720131442,0.007070063899214,TRUE,0.292750678314746,8.84515644100307,0.0683534406753097,TRUE,TRUE,TRUE,FALSE,FALSE,TRUE,TRUE,0.324234995756396,TRUE,0.390405926377575
"high",-0.3,89,53,TRUE,50,1,2,51,152,-0.206672018041591,-0.330143100637645,-0.0845904091959658,0.0933279819584089,0.0087101122164291,TRUE,0.245552691441679,3.35517424093979,0.0202798372180268,TRUE,TRUE,TRUE,FALSE,FALSE,TRUE,TRUE,0.187527993817735,TRUE,0.363084519546423
"high",-0.3,90,52,TRUE,50,1,1,51,152,-0.27242410143352,-0.39495168248141,-0.152819648089757,0.0275758985664797,0.000760430181748779,TRUE,0.242132034391653,7.01318723618999,0.0131821378373331,TRUE,TRUE,TRUE,FALSE,FALSE,TRUE,TRUE,0.176350082025119,TRUE,0.337593543199431
"high",-0.3,91,54,TRUE,50,2,2,52,154,-0.266783551448057,-0.385572277687502,-0.142120369068609,0.0332164485519434,0.00110333245440391,TRUE,0.243451908618892,5.47252581200098,0.00848960424687561,TRUE,TRUE,TRUE,FALSE,FALSE,TRUE,TRUE,0.249714668773793,TRUE,0.373449383763281
"high",-0.3,92,58,TRUE,50,7,1,57,164,-0.350346938113441,-0.482492390693357,-0.221864631064594,-0.0503469381134409,0.00253481417739865,TRUE,0.260627759628763,9.49483446994378,0.0555327917068951,TRUE,TRUE,TRUE,FALSE,FALSE,TRUE,TRUE,0.220176380940419,TRUE,0.390810663280389
"high",-0.3,93,55,TRUE,50,4,1,54,158,-0.345709592162673,-0.447366541000579,-0.250325969022321,-0.0457095921626726,0.00208936681567786,TRUE,0.197040571978259,15.5046567297414,0.0253698390826855,TRUE,TRUE,TRUE,FALSE,FALSE,TRUE,TRUE,0.124801381938259,TRUE,0.264955090717345
"high",-0.3,94,53,TRUE,50,3,0,53,156,-0.241623507986788,-0.389715035909648,-0.0943897811786947,0.058376492013212,0.00340781481976861,TRUE,0.295325254730953,3.19564953699813,0.00908952882340941,TRUE,TRUE,TRUE,FALSE,FALSE,TRUE,TRUE,0.327417050523127,TRUE,0.326839825041943
"high",-0.3,95,57,TRUE,50,5,2,55,160,-0.329809776067945,-0.439539250912079,-0.216973163899894,-0.0298097760679451,0.000888622749221033,TRUE,0.222566087012185,10.1102381153308,0.0764090798516293,TRUE,TRUE,TRUE,FALSE,FALSE,TRUE,TRUE,0.153080364297124,TRUE,0.304704228385524
"high",-0.3,96,55,TRUE,50,5,0,55,160,-0.317009344461735,-0.441020617534814,-0.188918290095402,-0.0170093444617355,0.000289317799017971,TRUE,0.252102327439412,7.95227681420221,0.00712077033225,TRUE,TRUE,TRUE,FALSE,FALSE,TRUE,TRUE,0.215547286108418,TRUE,0.390712896943052
"high",-0.3,97,59,TRUE,50,8,1,58,166,-0.321230616466787,-0.418553140903802,-0.223765311610516,-0.0212306164667866,0.00045073907555979,TRUE,0.194787829293286,13.284253613816,0.0512784061012894,TRUE,TRUE,TRUE,FALSE,FALSE,TRUE,TRUE,0.0843363697098307,TRUE,0.221267137689975
"high",-0.3,98,53,TRUE,50,2,1,52,154,-0.346768898196609,-0.460197055629945,-0.232377208117395,-0.0467688981966092,0.00218732983852479,TRUE,0.22781984751255,11.2496087810627,0.0191984189976324,TRUE,TRUE,TRUE,FALSE,FALSE,TRUE,TRUE,0.184178173304077,TRUE,0.307351187557121
"high",-0.3,99,54,TRUE,50,4,0,54,158,-0.249071770309793,-0.384834189445518,-0.112109257867076,0.0509282296902067,0.00259368457937846,TRUE,0.272724931578441,4.05348067955626,0.0785932674592971,TRUE,TRUE,TRUE,FALSE,FALSE,TRUE,TRUE,0.267576535991886,TRUE,0.390286586120848
"high",-0.3,100,54,TRUE,50,4,0,54,158,-0.299781934902894,-0.421768978999605,-0.174217169286098,0.000218065097106146,4.75523865759129e-08,TRUE,0.247551809713507,7.29174085403827,0.00529020467013197,TRUE,TRUE,TRUE,FALSE,FALSE,TRUE,TRUE,0.219124391356296,TRUE,0.365655645786275
"high",0,1,58,TRUE,50,7,1,57,164,1.30000435297978e-05,-0.122992083646229,0.124818058650305,1.30000435297978e-05,1.69001131776636e-10,TRUE,0.247810142296534,-2.04459161195481,0.0519871671836256,TRUE,TRUE,TRUE,FALSE,FALSE,TRUE,FALSE,0.209382879521708,TRUE,0.411030159335223
"high",0,2,57,TRUE,50,5,2,55,160,-0.112122711929913,-0.242094791998202,0.0232973434734396,-0.112122711929913,0.0125715025305183,TRUE,0.265392135471641,-0.467597798669317,0.00611346190731865,TRUE,TRUE,TRUE,FALSE,FALSE,TRUE,FALSE,0.242748954604803,TRUE,0.361922896592956
"high",0,3,57,TRUE,50,3,4,53,156,-0.00326381918134841,-0.139673217893203,0.130017726410802,-0.00326381918134841,1.06525156485378e-05,TRUE,0.269690944304004,-1.85985597774621,0.0118272642096997,TRUE,TRUE,TRUE,FALSE,FALSE,TRUE,FALSE,0.230861101814939,TRUE,0.366900464521965
"high",0,4,54,TRUE,50,1,3,51,152,-0.129887392247926,-0.252584482846313,-0.0105101627433965,-0.129887392247926,0.0168707346649666,FALSE,0.242074320102917,0.16272736706091,0.047969188286487,TRUE,TRUE,TRUE,FALSE,FALSE,TRUE,FALSE,0.238973135654553,TRUE,0.292256116612311
"high",0,5,56,TRUE,50,4,2,54,158,0.0253222619703668,-0.100135492342413,0.146737016343498,0.0253222619703668,0.000641216951295885,TRUE,0.246872508685911,-1.88238818928582,0.0385588032595763,TRUE,TRUE,TRUE,FALSE,FALSE,TRUE,FALSE,0.275143889534701,TRUE,0.303730048425321
"high",0,6,55,TRUE,50,3,2,53,156,0.0151358219846345,-0.0790136160924684,0.109749507190109,0.0151358219846345,0.000229093107150545,TRUE,0.188763123282578,-2.2277760020373,0.0487455030713306,TRUE,TRUE,TRUE,FALSE,FALSE,TRUE,FALSE,0.0745100913656825,FALSE,0.194552545296562
"high",0,7,56,TRUE,50,5,1,55,160,-0.0567257912277045,-0.159726765728179,0.051056889761466,-0.0567257912277045,0.00321781539040912,TRUE,0.210783655489645,-1.50753766402636,0.0249561740530737,TRUE,TRUE,TRUE,FALSE,FALSE,TRUE,FALSE,0.128533690797076,TRUE,0.294995658773771
"high",0,8,53,TRUE,50,1,2,51,152,-0.0255560663975972,-0.164684298891953,0.116583427522194,-0.0255560663975972,0.000653112529718398,TRUE,0.281267726414148,-1.81365911085496,0.0324577035518985,TRUE,TRUE,TRUE,FALSE,FALSE,TRUE,FALSE,0.281523082799778,TRUE,0.398537547446266
"high",0,9,57,TRUE,50,6,1,56,162,0.0177301233048816,-0.107557759638074,0.148904547108144,0.0177301233048816,0.000314357272406306,TRUE,0.256462306746218,-1.87157872494984,0.0299477913413284,TRUE,TRUE,TRUE,FALSE,FALSE,TRUE,FALSE,0.242407660120472,TRUE,0.395256958109792
"high",0,10,55,TRUE,50,1,4,51,152,-0.0920757526179532,-0.199231995808104,0.0159337704821602,-0.0920757526179532,0.00847794422016252,TRUE,0.215165766290265,-0.643350908150211,0.0429094913162373,TRUE,TRUE,TRUE,FALSE,FALSE,TRUE,FALSE,0.105591031412351,TRUE,0.272911898730628
"high",0,11,60,TRUE,50,7,3,57,164,0.0280227423501937,-0.0762076685278103,0.131588551673708,0.0280227423501937,0.000785274088825339,TRUE,0.207796220201518,-2.03851595377782,0.0134265352354532,TRUE,TRUE,TRUE,FALSE,FALSE,TRUE,FALSE,0.129369826438982,TRUE,0.28096033112065
"high",0,12,55,TRUE,50,3,2,53,156,0.0786469789016277,-0.0415441056986828,0.201110694264944,0.0786469789016277,0.00618534729035307,TRUE,0.242654799963626,-1.13726606917794,0.0368405095109949,TRUE,TRUE,TRUE,FALSE,FALSE,TRUE,FALSE,0.163152664727003,TRUE,0.335401165481707
"high",0,13,58,TRUE,50,6,2,56,162,-0.0571821965518273,-0.180614584668928,0.0658218463789404,-0.0571821965518273,0.00326980360249181,TRUE,0.246436431047869,-1.53844157060669,0.0517423279435718,TRUE,TRUE,TRUE,FALSE,FALSE,TRUE,FALSE,0.293790378148422,TRUE,0.301811238969089
"high",0,14,55,TRUE,50,4,1,54,158,-0.0905020201630565,-0.223315871849237,0.0435575880146537,-0.0905020201630565,0.00819061565359429,TRUE,0.266873459863891,-0.893904149008591,0.0590634066979305,TRUE,TRUE,TRUE,FALSE,FALSE,TRUE,FALSE,0.293737022373053,TRUE,0.378936770139874
"high",0,15,53,TRUE,50,3,0,53,156,-0.0434093151750816,-0.15538799018283,0.0654026861164953,-0.0434093151750816,0.00188436864396957,TRUE,0.220790676299325,-1.75355845472521,0.0214874185937219,TRUE,TRUE,TRUE,FALSE,FALSE,TRUE,FALSE,0.148226698499546,TRUE,0.303573565445694
"high",0,16,56,TRUE,50,3,3,53,156,0.0463735297095336,-0.056545374198356,0.150797702711993,0.0463735297095336,0.00215050425772099,TRUE,0.207343076910349,-1.71888628885793,0.0438986800217833,TRUE,TRUE,TRUE,FALSE,FALSE,TRUE,FALSE,0.10838001614187,TRUE,0.262379326576777
"high",0,17,57,TRUE,50,6,1,56,162,0.0143433012160702,-0.0973911262882187,0.132929993652988,0.0143433012160702,0.000205730289774922,TRUE,0.230321119941206,-1.99998169008708,0.0145407961875321,TRUE,TRUE,TRUE,FALSE,FALSE,TRUE,FALSE,0.210528878493032,TRUE,0.351222364273605
"high",0,18,57,TRUE,50,6,1,56,162,0.0452549078206918,-0.0955368097700712,0.189067263776524,0.0452549078206918,0.00204800668185931,TRUE,0.284604073546596,-1.63776108504337,0.0559670113506741,TRUE,TRUE,TRUE,FALSE,FALSE,TRUE,FALSE,0.335735124449896,TRUE,0.313546503525318
"high",0,19,56,TRUE,50,5,1,55,160,0.0206693991320529,-0.0788664203766752,0.121800606599424,0.0206693991320529,0.000427224060480108,TRUE,0.2006670269761,-2.08091847084648,0.0261508869135127,TRUE,TRUE,TRUE,FALSE,FALSE,TRUE,FALSE,0.0971915290769796,TRUE,0.255943094621557
"high",0,20,51,TRUE,50,1,0,51,152,0.0816985762169759,-0.0436589888496346,0.207851915889166,0.0816985762169759,0.00667465735588102,TRUE,0.251510904738801,-1.0046846430557,0.0672994439411809,TRUE,TRUE,TRUE,FALSE,FALSE,TRUE,FALSE,0.166297883139272,TRUE,0.321694257004634
"high",0,21,55,TRUE,50,4,1,54,158,-0.0559103145570007,-0.176541613205232,0.059497415152152,-0.0559103145570007,0.00312596327386277,TRUE,0.236039028357384,-1.60866640525336,0.00690522033352181,TRUE,TRUE,TRUE,FALSE,FALSE,TRUE,FALSE,0.150425042932485,TRUE,0.31122948457348
"high",0,22,59,TRUE,50,8,1,58,166,-0.0127873577787151,-0.125459961351876,0.0986269597967843,-0.0127873577787151,0.000163516518960867,TRUE,0.224086921148661,-2.00395110627545,0.0152244960374048,TRUE,TRUE,TRUE,FALSE,FALSE,TRUE,FALSE,0.20437407152561,TRUE,0.320634199026494
"high",0,23,58,TRUE,50,7,1,57,164,0.0507804478859618,-0.0840936324003993,0.187430532951537,0.0507804478859618,0.00257865388749888,TRUE,0.271524165351936,-1.70585713177465,0.117127347097977,TRUE,TRUE,TRUE,FALSE,FALSE,TRUE,FALSE,0.270515188983778,TRUE,0.309781488807222
"high",0,24,55,TRUE,50,5,0,55,160,-0.00210950477026455,-0.109213780164358,0.112420093057068,-0.00210950477026455,4.45001037576889e-06,TRUE,0.221633873221426,-2.11744292267591,0.0204574268520048,TRUE,TRUE,TRUE,FALSE,FALSE,TRUE,FALSE,0.107574305420531,TRUE,0.266794205701733
"high",0,25,60,TRUE,50,8,2,58,166,0.0306056333613848,-0.101606687096571,0.162307201021668,0.0306056333613848,0.000936704793451508,TRUE,0.263913888118238,-1.79505874510389,0.0245931449757393,TRUE,TRUE,TRUE,FALSE,FALSE,TRUE,FALSE,0.26250509247096,TRUE,0.313959031395057
"high",0,26,58,TRUE,50,8,0,58,166,0.0523512855597472,-0.0803082107574671,0.183700745973352,0.0523512855597472,0.0027406570997582,TRUE,0.264008956730819,-1.56045932632998,0.00911921518903114,TRUE,TRUE,TRUE,FALSE,FALSE,TRUE,FALSE,0.316607468479375,TRUE,0.299947025625307
"high",0,27,56,TRUE,50,6,0,56,162,-0.0115183888059384,-0.131816257001641,0.108892544064511,-0.0115183888059384,0.000132673280684767,TRUE,0.240708801066152,-2.01842521081261,0.00937101120734951,TRUE,TRUE,TRUE,FALSE,FALSE,TRUE,FALSE,0.205999327202711,TRUE,0.355148882026362
"high",0,28,52,TRUE,50,2,0,52,154,0.00483570787478951,-0.109211809677292,0.117856647698653,0.00483570787478951,2.33840706503013e-05,TRUE,0.227068457375945,-2.08741572918359,0.0932347160431846,TRUE,TRUE,TRUE,FALSE,FALSE,TRUE,FALSE,0.0999942347699881,TRUE,0.26761792744086
"high",0,29,55,TRUE,50,3,2,53,156,-0.0100653941345515,-0.124240539985257,0.101558331962277,-0.0100653941345515,0.000101312159083865,TRUE,0.225798871947534,-2.05736175535858,0.014223539771848,TRUE,TRUE,TRUE,FALSE,FALSE,TRUE,FALSE,0.160986464573173,TRUE,0.315480754134342
"high",0,30,52,TRUE,50,2,0,52,154,-0.0752140988032148,-0.185893263262454,0.0347322376422501,-0.0752140988032148,0.00565716065877976,TRUE,0.220625500904704,-1.08314189148919,0.000521497882061794,TRUE,TRUE,TRUE,FALSE,FALSE,TRUE,FALSE,0.15793307919797,TRUE,0.365801891070097
"high",0,31,53,TRUE,50,3,0,53,156,-0.0697503394152271,-0.193311681230985,0.0535773035906213,-0.0697503394152271,0.00486510984853939,TRUE,0.246888984821607,-1.48681642601346,0.0164160995714724,TRUE,TRUE,TRUE,FALSE,FALSE,TRUE,FALSE,0.276825244686379,TRUE,0.333017540997109
"high",0,32,57,TRUE,50,5,2,55,160,-0.124440963246892,-0.245007671757849,-0.00393577125884962,-0.124440963246892,0.0154855533338144,FALSE,0.241071900499,0.125895209124081,0.0415072498619224,TRUE,TRUE,TRUE,FALSE,FALSE,TRUE,FALSE,0.227686743654883,TRUE,0.298583048199501
"high",0,33,57,TRUE,50,6,1,56,162,-0.0377664232557841,-0.174646365934732,0.0978418287955179,-0.0377664232557841,0.00142630272553503,TRUE,0.27248819473025,-1.73715766010307,0.0951857651362786,TRUE,TRUE,TRUE,FALSE,FALSE,TRUE,FALSE,0.365165114572029,FALSE,0.298885112812046
"high",0,34,55,TRUE,50,4,1,54,158,-0.146422557019327,-0.261310220319515,-0.0320843431674607,-0.146422557019327,0.0214395652040781,FALSE,0.229225877152054,1.16719171330394,0.0101112833245907,TRUE,TRUE,TRUE,FALSE,FALSE,TRUE,FALSE,0.154421182696436,TRUE,0.318712926293478
"high",0,35,51,TRUE,50,1,0,51,152,-0.111587264675316,-0.233091311337248,0.0189076164557397,-0.111587264675316,0.0124517176377189,TRUE,0.251998927792988,-0.325437095092923,0.0222783951098222,TRUE,TRUE,TRUE,FALSE,FALSE,TRUE,FALSE,0.153643184915606,TRUE,0.329042264959058
"high",0,36,58,TRUE,50,4,4,54,158,-0.0516975409166082,-0.174659906822132,0.0731509798843669,-0.0516975409166082,0.00267263573682438,TRUE,0.247810886706498,-1.74726605960802,0.0857717504356117,TRUE,TRUE,TRUE,FALSE,FALSE,TRUE,FALSE,0.213704284087789,TRUE,0.358470565180011
"high",0,37,55,TRUE,50,3,2,53,156,0.0602920845553082,-0.0490860943792225,0.170632375948648,0.0602920845553082,0.00363513546002444,TRUE,0.21971847032787,-1.48589892400915,0.056798702086212,TRUE,TRUE,TRUE,FALSE,FALSE,TRUE,FALSE,0.126033666593581,TRUE,0.298007197513417
"high",0,38,52,TRUE,50,1,1,51,152,-0.0753168644207155,-0.208779723388318,0.0559287950083231,-0.0753168644207155,0.00567263006616845,TRUE,0.264708518396641,-1.2456415324813,0.021242200363929,TRUE,TRUE,TRUE,FALSE,FALSE,TRUE,FALSE,0.211752981693962,TRUE,0.4094988380703
"high",0,39,56,TRUE,50,6,0,56,162,-0.0659007567748409,-0.166291584434227,0.0372600430300714,-0.0659007567748409,0.00434290974349674,TRUE,0.203551627464299,-1.23206855160507,0.0237614242696793,TRUE,TRUE,TRUE,FALSE,FALSE,TRUE,FALSE,0.126421697193631,TRUE,0.262130705893866
"high",0,40,55,TRUE,50,5,0,55,160,0.0699802788937462,-0.0347411423072317,0.175193601525318,0.0699802788937462,0.0048972394340465,TRUE,0.20993474383255,-1.30970288478636,0.00749318211725836,TRUE,TRUE,TRUE,FALSE,FALSE,TRUE,FALSE,0.0963958983402866,TRUE,0.247527750074504
"high",0,41,55,TRUE,50,4,1,54,158,-0.0909721746410612,-0.206073255929416,0.0260608161732203,-0.0909721746410612,0.00827593655892375,TRUE,0.232134072102637,-0.892741503289784,0.025590918150499,TRUE,TRUE,TRUE,FALSE,FALSE,TRUE,FALSE,0.139372634845921,TRUE,0.294923272057675
"high",0,42,56,TRUE,50,6,0,56,162,0.0135192353845795,-0.113902645774847,0.139248213913849,0.0135192353845795,0.000182769725383667,TRUE,0.253150859688696,-1.89586693897635,0.0289456238618868,TRUE,TRUE,TRUE,FALSE,FALSE,TRUE,FALSE,0.236399867798073,TRUE,0.411887624298713
"high",0,43,55,TRUE,50,3,2,53,156,-0.00370273385548678,-0.134298676878806,0.130698066210706,-0.00370273385548678,1.3710238004568e-05,TRUE,0.264996743089511,-1.95165964060038,0.0474676328887256,TRUE,TRUE,TRUE,FALSE,FALSE,TRUE,FALSE,0.267026053624104,TRUE,0.316558700529842
"high",0,44,53,TRUE,50,3,0,53,156,-0.0628145879448481,-0.181352011199453,0.0564875840690476,-0.0628145879448481,0.00394567245868105,TRUE,0.2378395952685,-1.48941705066864,0.0432576511232696,TRUE,TRUE,TRUE,FALSE,FALSE,TRUE,FALSE,0.216366559031003,TRUE,0.273664262223331
"high",0,45,54,TRUE,50,2,2,52,154,0.0125160274407213,-0.101049959432629,0.126552825143099,0.0125160274407213,0.000156650942896887,TRUE,0.227602784575728,-1.9640341285988,0.0368109807402845,TRUE,TRUE,TRUE,FALSE,FALSE,TRUE,FALSE,0.178627547027193,TRUE,0.300340405875512
"high",0,46,57,TRUE,50,3,4,53,156,-0.0327758110616281,-0.167016021297693,0.103883724746962,-0.0327758110616281,0.00107425379074754,TRUE,0.270899746044655,-1.69291391558863,0.0517095246441102,TRUE,TRUE,TRUE,FALSE,FALSE,TRUE,FALSE,0.278385952880567,TRUE,0.367468303747371
"high",0,47,56,TRUE,50,4,2,54,158,-0.120460058339234,-0.219719530907447,-0.0199435235362109,-0.120460058339234,0.0145106256550916,FALSE,0.199776007371236,0.500591809238642,0.018562046585572,TRUE,TRUE,TRUE,FALSE,FALSE,TRUE,FALSE,0.0940540444765263,TRUE,0.244988957364054
"high",0,48,54,TRUE,50,4,0,54,158,0.107897204513388,-0.0103820118017675,0.214960257681922,0.107897204513388,0.011641806741804,TRUE,0.225342269483689,-0.394146214273775,0.0742322016410526,TRUE,TRUE,TRUE,FALSE,FALSE,TRUE,FALSE,0.189617964293663,TRUE,0.366537157669859
"high",0,49,54,TRUE,50,2,2,52,154,0.0357763775949796,-0.1129300447185,0.184278198174462,0.0357763775949796,0.00127994919381856,TRUE,0.297208242892962,-1.73160396797817,0.00175453330422215,TRUE,TRUE,TRUE,FALSE,FALSE,TRUE,FALSE,0.356892823067677,FALSE,0.277581250152478
"high",0,50,55,TRUE,50,2,3,52,154,-0.0515934316571724,-0.170740261378799,0.0718524511624562,-0.0515934316571724,0.00266188219016332,TRUE,0.242592712541255,-1.58879085682918,0.0315378573828298,TRUE,TRUE,TRUE,FALSE,FALSE,TRUE,FALSE,0.205614216348537,TRUE,0.367719496479868
"high",0,51,55,TRUE,50,5,0,55,160,0.0492664947748988,-0.0821723285258621,0.182686449217643,0.0492664947748988,0.00242718750740513,TRUE,0.264858777743505,-1.67694730172676,0.0107725559152527,TRUE,TRUE,TRUE,FALSE,FALSE,TRUE,FALSE,0.32995138393098,TRUE,0.275171626278817
"high",0,52,54,TRUE,50,2,2,52,154,-0.127710963210406,-0.258772749172463,0.00372840051162859,-0.127710963210406,0.0163100901241298,TRUE,0.262501149684092,-0.183786610780686,0.0714553512311227,TRUE,TRUE,TRUE,FALSE,FALSE,TRUE,FALSE,0.281286475804228,TRUE,0.304804465718866
"high",0,53,57,TRUE,50,7,0,57,164,-0.0215630305668267,-0.127274944098664,0.0838508598196646,-0.0215630305668267,0.000464964287225904,TRUE,0.211125803918329,-1.98436227862786,0.0143508418528882,TRUE,TRUE,TRUE,FALSE,FALSE,TRUE,FALSE,0.0933584187943977,TRUE,0.235962377795206
"high",0,54,57,TRUE,50,6,1,56,162,0.0253924541137823,-0.0779786175960959,0.129007226789634,0.0253924541137823,0.000644776725920541,TRUE,0.20698584438573,-2.09688638782964,0.00140147621638675,TRUE,TRUE,TRUE,FALSE,FALSE,TRUE,FALSE,0.0923660229858498,TRUE,0.251587341850256
"high",0,55,57,TRUE,50,7,0,57,164,-0.152005082238834,-0.256901523167494,-0.0437905111060782,-0.152005082238834,0.0231055450264347,FALSE,0.213111012061416,1.58849643413149,0.0416731143056666,TRUE,TRUE,TRUE,FALSE,FALSE,TRUE,FALSE,0.18260064314318,TRUE,0.317406375726914
"high",0,56,60,FALSE,48,10,2,58,164,-0.0466594376868342,-0.182965653956271,0.0961250075595179,-0.0466594376868342,0.00217710312525157,TRUE,0.279090661515789,-1.49623579370541,0.0201227299426137,TRUE,TRUE,TRUE,FALSE,FALSE,TRUE,FALSE,0.373069678239159,FALSE,0.331161848293256
"high",0,57,57,TRUE,50,6,1,56,162,-0.0793288438553012,-0.211273617430828,0.0520904074030978,-0.0793288438553012,0.00629306546741875,TRUE,0.263364024833926,-1.08490028688092,0.0323468488538765,TRUE,TRUE,TRUE,FALSE,FALSE,TRUE,FALSE,0.23420710959313,TRUE,0.427051731665895
"high",0,58,53,TRUE,50,2,1,52,154,-0.0114006298051895,-0.115678468721561,0.0875872682301929,-0.0114006298051895,0.000129974359954975,TRUE,0.203265736951754,-2.0736501777501,0.0234420940647624,TRUE,TRUE,TRUE,FALSE,FALSE,TRUE,FALSE,0.0929509105963995,TRUE,0.240020123446172
"high",0,59,53,TRUE,50,3,0,53,156,-0.134987471086965,-0.265315378075566,-0.00202852267169439,-0.134987471086965,0.0182216173504542,FALSE,0.263286855403871,0.133714202074714,0.00665616682306336,TRUE,TRUE,TRUE,FALSE,FALSE,TRUE,FALSE,0.281662131579828,TRUE,0.359040235048179
"high",0,60,60,FALSE,49,6,5,55,159,0.0497947064407072,-0.0487315409757362,0.148154593737965,0.0497947064407072,0.00247951278951621,TRUE,0.196886134713701,-1.6792106275949,0.0197118134268521,TRUE,TRUE,TRUE,FALSE,FALSE,TRUE,FALSE,0.113188769602106,TRUE,0.281768301170934
"high",0,61,51,TRUE,50,0,1,50,150,0.0042744458671407,-0.125475742403263,0.126025497765663,0.0042744458671407,1.82708874711162e-05,TRUE,0.251501240168926,-1.95739042255019,0.029741586781995,TRUE,TRUE,TRUE,FALSE,FALSE,TRUE,FALSE,0.254085118052355,TRUE,0.302553934049995
"high",0,62,58,TRUE,50,6,2,56,162,-0.0722331003982317,-0.163706094029425,0.0177684622980574,-0.0722331003982317,0.00521762079314102,TRUE,0.181474556327483,-1.03220128005088,0.0438122145288844,TRUE,TRUE,TRUE,FALSE,FALSE,TRUE,FALSE,0.0664870800487851,FALSE,0.183235142339514
"high",0,63,57,TRUE,50,6,1,56,162,0.105853606175576,-0.0162125408473014,0.224164696628614,0.105853606175576,0.0112049859403738,TRUE,0.240377237475916,-0.423861601221091,8.83953596826359e-05,TRUE,TRUE,TRUE,FALSE,FALSE,TRUE,FALSE,0.24062487060595,TRUE,0.341384868875298
"high",0,64,58,TRUE,50,5,3,55,160,0.0115397918337659,-0.102939124995604,0.122781480987062,0.0115397918337659,0.00013316679556665,TRUE,0.225720605982665,-2.03961561436739,0.0630693164692957,TRUE,TRUE,TRUE,FALSE,FALSE,TRUE,FALSE,0.198493801213847,TRUE,0.333761507149585
"high",0,65,53,TRUE,50,2,1,52,154,0.00465621734088227,-0.139999943885269,0.155603711888233,0.00465621734088227,2.16803599255327e-05,TRUE,0.295603655773502,-1.84416853496583,0.0546008490872509,TRUE,TRUE,TRUE,FALSE,FALSE,TRUE,FALSE,0.329497888063461,TRUE,0.349161869686703
"high",0,66,53,TRUE,50,3,0,53,156,-0.0994579386114874,-0.237140470359803,0.0399779462571608,-0.0994579386114874,0.00989188155284639,TRUE,0.277118416616964,-0.740960714991388,0.0140489237677173,TRUE,TRUE,TRUE,FALSE,FALSE,TRUE,FALSE,0.288450808972757,TRUE,0.362088433055131
"high",0,67,54,TRUE,50,3,1,53,156,0.0358170028113089,-0.0795128033908979,0.149769770491088,0.0358170028113089,0.00128285769038531,TRUE,0.229282573881986,-1.85507788343077,0.0586011736094179,TRUE,TRUE,TRUE,FALSE,FALSE,TRUE,FALSE,0.119868056383073,TRUE,0.30598230060807
"high",0,68,53,TRUE,50,3,0,53,156,0.026965332673622,-0.0928717444743172,0.150267339303183,0.026965332673622,0.000727129166199106,TRUE,0.2431390837775,-1.92064453914844,0.0105217741936201,TRUE,TRUE,TRUE,FALSE,FALSE,TRUE,FALSE,0.136729612833379,TRUE,0.317627892448234
"high",0,69,55,TRUE,50,2,3,52,154,0.0364028105646673,-0.0772930913022701,0.153213987329694,0.0364028105646673,0.00132516461700705,TRUE,0.230507078631964,-1.81459653291358,0.0524048829475134,TRUE,TRUE,TRUE,FALSE,FALSE,TRUE,FALSE,0.179083794982294,TRUE,0.335374764487145
"high",0,70,57,TRUE,50,7,0,57,164,-0.0561857460834636,-0.192575705434229,0.0823239705657395,-0.0561857460834636,0.00315683806295544,TRUE,0.274899675999968,-1.52109909944679,0.0075934495719423,TRUE,TRUE,TRUE,FALSE,FALSE,TRUE,FALSE,0.287375470896056,TRUE,0.317517037582263
"high",0,71,56,TRUE,50,5,1,55,160,-0.0469346538806994,-0.169235447571594,0.0726348976876641,-0.0469346538806994,0.00220286173490105,TRUE,0.241870345259258,-1.67658687565628,0.0221031481413831,TRUE,TRUE,TRUE,FALSE,FALSE,TRUE,FALSE,0.279733100257449,TRUE,0.286778052093561
"high",0,72,55,TRUE,50,3,2,53,156,-0.0271748362988963,-0.15584114348031,0.0982018009967301,-0.0271748362988963,0.000738471727871813,TRUE,0.25404294447704,-1.81614251243019,0.0215346675848309,TRUE,TRUE,TRUE,FALSE,FALSE,TRUE,FALSE,0.207106747005702,TRUE,0.378420853153947
"high",0,73,56,TRUE,50,2,4,52,154,-0.0349952154181952,-0.142540710383387,0.0746223656123864,-0.0349952154181952,0.00122466510216589,TRUE,0.217163075995774,-1.91746560273864,0.0314154331222483,TRUE,TRUE,TRUE,FALSE,FALSE,TRUE,FALSE,0.190171402970059,TRUE,0.299039274201257
"high",0,74,55,TRUE,50,4,1,54,158,0.0319561773236566,-0.0901343519208352,0.155441630115328,0.0319561773236566,0.00102119726914098,TRUE,0.245575982036164,-1.89320547781057,0.00988291639612271,TRUE,TRUE,TRUE,FALSE,FALSE,TRUE,FALSE,0.239119309665274,TRUE,0.328134461156138
"high",0,75,57,TRUE,50,4,3,54,158,-0.0473747352844267,-0.169448733115239,0.0818045719041215,-0.0473747352844267,0.00224436554326951,TRUE,0.25125330501936,-1.71767769451395,0.0834642158887391,TRUE,TRUE,TRUE,FALSE,FALSE,TRUE,FALSE,0.273224491943334,TRUE,0.271390352062534
"high",0,76,57,TRUE,50,3,4,53,156,0.0832481449653155,-0.00146503939365033,0.168817607372189,0.0832481449653155,0.00693025364016619,TRUE,0.17028264676584,-0.473278655234878,0.00718178638189215,TRUE,TRUE,TRUE,FALSE,FALSE,TRUE,FALSE,0.0576849176525185,FALSE,0.154394173465163
"high",0,77,59,TRUE,50,4,5,54,158,0.026321481140513,-0.0872443329886955,0.138038250403308,0.026321481140513,0.000692820369430384,TRUE,0.225282583392003,-1.95669052220478,0.0411886689725804,TRUE,TRUE,TRUE,FALSE,FALSE,TRUE,FALSE,0.143913331494009,TRUE,0.318734722235905
"high",0,78,55,TRUE,50,3,2,53,156,-0.0385286997902586,-0.186682395096421,0.11032935382634,-0.0385286997902586,0.00148446070752788,TRUE,0.297011748922761,-1.62989606461997,0.0468491757580694,TRUE,TRUE,TRUE,FALSE,FALSE,TRUE,FALSE,0.381812259354189,FALSE,0.340576831062952
"high",0,79,53,TRUE,50,2,1,52,154,0.0779948608813325,-0.0334910857880573,0.189806900758296,0.0779948608813325,0.00608319832389841,TRUE,0.223297986546353,-1.0596428191788,0.00062794202835903,TRUE,TRUE,TRUE,FALSE,FALSE,TRUE,FALSE,0.0892816321767611,TRUE,0.24446285105825
"high",0,80,58,TRUE,50,8,0,58,166,-0.0410661485496337,-0.148187700572918,0.070529382083219,-0.0410661485496337,0.00168642855670058,TRUE,0.218717082656137,-1.81476737380689,0.0187879660757631,TRUE,TRUE,TRUE,FALSE,FALSE,TRUE,FALSE,0.142533760690282,TRUE,0.304976754724829
"high",0,81,52,TRUE,50,1,1,51,152,-0.0212681350380624,-0.141394224163792,0.104358911909374,-0.0212681350380624,0.000452333567997256,TRUE,0.245753136073166,-2.01293733205162,0.0938558229019293,TRUE,TRUE,TRUE,FALSE,FALSE,TRUE,FALSE,0.172095291415412,TRUE,0.406146058945474
"high",0,82,53,TRUE,50,2,1,52,154,-0.0206337457461817,-0.150847607390508,0.119559190639043,-0.0206337457461817,0.000425751463518071,TRUE,0.27040679802955,-1.84499063566932,0.00346897184164163,TRUE,TRUE,TRUE,FALSE,FALSE,TRUE,FALSE,0.235734532783482,TRUE,0.407648547451665
"high",0,83,55,TRUE,50,2,3,52,154,-0.0887563461536236,-0.202107444053857,0.0276274853737132,-0.0887563461536236,0.00787768898254185,TRUE,0.22973492942757,-0.782618296850671,0.00683502539399683,TRUE,TRUE,TRUE,FALSE,FALSE,TRUE,FALSE,0.132815069539703,TRUE,0.315811930029221
"high",0,84,51,TRUE,50,1,0,51,152,-0.0231148963713023,-0.135012121752448,0.0871609277550082,-0.0231148963713023,0.000534298434256043,TRUE,0.222173049507457,-1.96602685729587,0.0230329152660431,TRUE,TRUE,TRUE,FALSE,FALSE,TRUE,FALSE,0.112289268987281,TRUE,0.27048611720838
"high",0,85,58,TRUE,50,7,1,57,164,0.00120245648163232,-0.108868638372319,0.109331667885697,0.00120245648163232,1.44590159021957e-06,TRUE,0.218200306258016,-2.10601861398024,0.0822852093303084,TRUE,TRUE,TRUE,FALSE,FALSE,TRUE,FALSE,0.148351938759875,TRUE,0.30472649402772
"high",0,86,57,TRUE,50,3,4,53,156,0.0285690214142497,-0.101036729907993,0.159522019030827,0.0285690214142497,0.000816188984567858,TRUE,0.26055874893882,-1.79474010395845,0.0311291395982209,TRUE,TRUE,TRUE,FALSE,FALSE,TRUE,FALSE,0.254822159970997,TRUE,0.40938769051031
"high",0,87,55,TRUE,50,4,1,54,158,0.10049705907556,-0.00135476559542404,0.199295254922351,0.10049705907556,0.0100996588828366,TRUE,0.200650020517775,-0.218020804542761,0.00773280537154619,TRUE,TRUE,TRUE,FALSE,FALSE,TRUE,FALSE,0.108985815008342,TRUE,0.244787312202775
"high",0,88,56,TRUE,50,6,0,56,162,-0.0939655764679324,-0.19558874476432,0.00909623851381907,-0.0939655764679324,0.00882952956095085,TRUE,0.204684983278139,-0.552553951638004,0.0133552978483351,TRUE,TRUE,TRUE,FALSE,FALSE,TRUE,FALSE,0.117691839631359,TRUE,0.283005784077083
"high",0,89,53,TRUE,50,3,0,53,156,-0.00888377498737867,-0.118313179771042,0.104263973802905,-0.00888377498737867,7.89214580263749e-05,TRUE,0.222577153573947,-2.04730093000782,0.00231048625258268,TRUE,TRUE,TRUE,FALSE,FALSE,TRUE,FALSE,0.123894791940029,TRUE,0.305542705556687
"high",0,90,58,TRUE,50,7,1,57,164,-0.0212651641868274,-0.130560713197634,0.0951704143314661,-0.0212651641868274,0.000452207207892728,TRUE,0.2257311275291,-2.0207479163567,0.00502435075117091,TRUE,TRUE,TRUE,FALSE,FALSE,TRUE,FALSE,0.149252947458577,TRUE,0.302924504587385
"high",0,91,52,TRUE,50,2,0,52,154,0.0305653387914444,-0.0818207400522841,0.146472575710971,0.0305653387914444,0.000934239935435773,TRUE,0.228293315763255,-1.94817599812117,0.00883924589305707,TRUE,TRUE,TRUE,FALSE,FALSE,TRUE,FALSE,0.143365120045161,TRUE,0.317667819874047
"high",0,92,53,TRUE,50,1,2,51,152,0.106910197754851,-0.0199549386203147,0.238147391863779,0.106910197754851,0.0114297903839814,TRUE,0.258102330484094,-0.496233714576078,0.0430258743036518,TRUE,TRUE,TRUE,FALSE,FALSE,TRUE,FALSE,0.223837508852445,TRUE,0.36906586826076
"high",0,93,60,TRUE,50,7,3,57,164,-0.0119759770328744,-0.121633631033898,0.100463454982898,-0.0119759770328744,0.000143424025891936,TRUE,0.222097086016796,-2.06891117845646,0.0505251331948386,TRUE,TRUE,TRUE,FALSE,FALSE,TRUE,FALSE,0.190535999133488,TRUE,0.301693903663255
"high",0,94,52,TRUE,50,1,1,51,152,0.0646396875253125,-0.0555116675390401,0.192083438431671,0.0646396875253125,0.00417828920337004,TRUE,0.247595105970711,-1.41733994411354,0.0227494310137502,TRUE,TRUE,TRUE,FALSE,FALSE,TRUE,FALSE,0.222882272294969,TRUE,0.360817941357008
"high",0,95,60,TRUE,50,4,6,54,158,0.0374585515555423,-0.0744860252727976,0.149530891495023,0.0374585515555423,0.00140314308463922,TRUE,0.224016916767821,-1.91223877448073,0.00394345546780528,TRUE,TRUE,TRUE,FALSE,FALSE,TRUE,FALSE,0.118405837854201,TRUE,0.27697285339602
"high",0,96,54,TRUE,50,3,1,53,156,0.0134671667264306,-0.105001195384714,0.138979839351181,0.0134671667264306,0.000181364579637478,TRUE,0.243981034735896,-1.92402974565806,0.00867719714759119,TRUE,TRUE,TRUE,FALSE,FALSE,TRUE,FALSE,0.218221620711184,TRUE,0.326111020947725
"high",0,97,56,TRUE,50,2,4,52,154,-0.040529542562962,-0.18012593399677,0.0969507320272859,-0.040529542562962,0.00164264382036295,TRUE,0.277076666024056,-1.6066271594924,0.0469308924059533,TRUE,TRUE,TRUE,FALSE,FALSE,TRUE,FALSE,0.289418643720402,TRUE,0.32671419097218
"high",0,98,56,TRUE,50,2,4,52,154,-0.0141590103150034,-0.118006649697385,0.0880640395793606,-0.0141590103150034,0.000200477573100374,TRUE,0.206070689276746,-2.13798591459766,0.0318317925661518,TRUE,TRUE,TRUE,FALSE,FALSE,TRUE,FALSE,0.111985504885275,TRUE,0.265314528779354
"high",0,99,53,TRUE,50,3,0,53,156,-0.0723385407136428,-0.194779588019064,0.0581221548919265,-0.0723385407136428,0.00523286447257936,TRUE,0.25290174291099,-1.26212216499701,0.0243484537130882,TRUE,TRUE,TRUE,FALSE,FALSE,TRUE,FALSE,0.193016951615308,TRUE,0.318630719719179
"high",0,100,56,TRUE,50,4,2,54,158,-0.0614364702193997,-0.201338054784111,0.0807037330380147,-0.0614364702193997,0.00377443987301918,TRUE,0.282041787822126,-1.41987330329601,0.026245247769225,TRUE,TRUE,TRUE,FALSE,FALSE,TRUE,FALSE,0.351548220732936,TRUE,0.362787764843924
"stress",-0.3,1,60,FALSE,43,9,8,52,147,-0.191695602240284,-0.327235211999469,-0.0557112289137642,0.108304397759716,0.0117298425740948,TRUE,0.271523983085705,1.86154053747168,0.0547737777110058,TRUE,TRUE,TRUE,FALSE,FALSE,TRUE,FALSE,0.222109208959832,TRUE,0.418225199407927
"stress",-0.3,2,60,FALSE,39,16,5,55,149,-0.349805098898973,-0.466823800732689,-0.22958040580883,-0.0498050988989726,0.00248054787633644,TRUE,0.237243394923859,10.4179148847152,0.0248225641177555,TRUE,TRUE,TRUE,FALSE,FALSE,TRUE,TRUE,0.147850467351871,TRUE,0.31438216765376
"stress",-0.3,3,60,FALSE,43,13,4,56,155,-0.279812177882733,-0.386229579750959,-0.170736361474511,0.0201878221172666,0.000407548161838397,TRUE,0.215493218276448,8.79854303285526,0.0165279545220756,TRUE,TRUE,TRUE,FALSE,FALSE,TRUE,TRUE,0.120587420260868,TRUE,0.268416038053886
"stress",-0.3,4,60,FALSE,43,12,5,55,153,-0.227642635744293,-0.360509798701052,-0.091576849634746,0.072357364255707,0.00523558816203306,TRUE,0.268932949066306,3.25778838786465,0.066963552058013,TRUE,TRUE,TRUE,FALSE,FALSE,TRUE,TRUE,0.289394553475547,TRUE,0.299271325021819
"stress",-0.3,5,60,FALSE,42,16,2,58,158,-0.302923679456386,-0.425287585580295,-0.186190748510212,-0.00292367945638605,8.54790156369384e-06,TRUE,0.239096837070083,9.38133164916056,0.0648201576819076,TRUE,TRUE,TRUE,FALSE,FALSE,TRUE,TRUE,0.192347901366764,TRUE,0.324172305267389
"stress",-0.3,6,60,FALSE,35,16,9,51,137,-0.273283950376316,-0.386786592594303,-0.162594680461969,0.0267160496236837,0.000713747307495129,TRUE,0.224191912132334,7.47301051769387,0.0280874813227285,TRUE,TRUE,TRUE,FALSE,FALSE,TRUE,TRUE,0.0973061306001862,TRUE,0.250042113341224
"stress",-0.3,7,60,FALSE,41,16,3,57,155,-0.334064800999073,-0.46559712997896,-0.193313552801256,-0.0340648009990731,0.00116041066710645,TRUE,0.272283577177704,7.28977530615279,0.00407080212326605,TRUE,TRUE,TRUE,FALSE,FALSE,TRUE,TRUE,0.205106367840776,TRUE,0.360459573910853
"stress",-0.3,8,60,FALSE,41,11,8,52,145,-0.23145962467849,-0.357135511950575,-0.104999692403768,0.0685403753215103,0.00469778304921349,TRUE,0.252135819546808,4.01294618546245,0.00934444498335552,TRUE,TRUE,TRUE,FALSE,FALSE,TRUE,TRUE,0.172976735339284,TRUE,0.346623983291495
"stress",-0.3,9,60,FALSE,42,13,5,55,152,-0.234338051668202,-0.358414462165502,-0.111441498338381,0.0656619483317983,0.00431149145872774,TRUE,0.24697296382712,4.50834036106141,0.0110873374299274,TRUE,TRUE,TRUE,FALSE,FALSE,TRUE,TRUE,0.135380443003108,TRUE,0.312356458270772
"stress",-0.3,10,60,FALSE,39,16,5,55,149,-0.225434428238347,-0.336999352676404,-0.117825877135688,0.074565571761653,0.00556002449214223,TRUE,0.219173475540716,6.10568782234697,0.0154898959536069,TRUE,TRUE,TRUE,FALSE,FALSE,TRUE,TRUE,0.105998343049471,TRUE,0.268135496943484
"stress",-0.3,11,60,FALSE,49,7,4,56,161,-0.294358238946442,-0.429026251861521,-0.150737833048372,0.0056417610535584,3.18294677854484e-05,TRUE,0.278288418813149,5.4611640616086,0.0336019937737149,TRUE,TRUE,TRUE,FALSE,FALSE,TRUE,TRUE,0.2615791995147,TRUE,0.406557797211404
"stress",-0.3,12,60,FALSE,44,8,8,52,148,-0.369016333354132,-0.495622673913587,-0.242445950301298,-0.0690163333541325,0.00476325426964874,TRUE,0.253176723612289,9.59013985149824,0.0519105234402559,TRUE,TRUE,TRUE,FALSE,FALSE,TRUE,TRUE,0.210621465567752,TRUE,0.345395237006596
"stress",-0.3,13,60,FALSE,44,7,9,51,146,-0.296304184028239,-0.429935356757027,-0.136761745452927,0.0036958159717605,1.365905569712e-05,TRUE,0.2931736113041,3.80954549777974,0.0366223786988087,TRUE,TRUE,TRUE,FALSE,FALSE,TRUE,TRUE,0.201413989526697,TRUE,0.432958004513872
"stress",-0.3,14,60,FALSE,41,12,7,53,147,-0.36369168018901,-0.493244913745671,-0.24134148559644,-0.0636916801890101,0.00405663012529914,TRUE,0.251903428149231,12.0421937040685,0.0875223858155039,TRUE,TRUE,TRUE,FALSE,TRUE,TRUE,TRUE,0.2588317031655,TRUE,0.338265944389974
"stress",-0.3,15,60,FALSE,43,12,5,55,153,-0.259041461010812,-0.374050541842409,-0.135230405838896,0.0409585389891883,0.00167760191612886,TRUE,0.238820136003513,5.6089622289802,0.0408003125396874,TRUE,TRUE,TRUE,FALSE,FALSE,TRUE,TRUE,0.180843406968055,TRUE,0.305991932208619
"stress",-0.3,16,60,FALSE,45,14,1,59,163,-0.185937267827273,-0.333830079782757,-0.0419059758173763,0.114062732172727,0.0130103068707071,TRUE,0.29192410396538,1.57224270637508,0.0126712189166938,TRUE,TRUE,TRUE,FALSE,FALSE,TRUE,FALSE,0.320357617375002,TRUE,0.37862780786494
"stress",-0.3,17,60,FALSE,45,8,7,53,151,-0.287240623521289,-0.412381570325089,-0.155461352340256,0.0127593764787113,0.000162801688125492,TRUE,0.256920217984833,5.85473386382247,0.0234461771044039,TRUE,TRUE,TRUE,FALSE,FALSE,TRUE,TRUE,0.175346603068706,TRUE,0.340311261198406
"stress",-0.3,18,60,FALSE,41,15,4,56,153,-0.263432308512385,-0.361009836615602,-0.166860623969518,0.0365676914876146,0.00133719606073336,TRUE,0.194149212646084,10.3446359240298,0.0328360008207369,TRUE,TRUE,TRUE,FALSE,FALSE,TRUE,TRUE,0.0780096813539434,TRUE,0.200318091729116
"stress",-0.3,19,60,FALSE,42,14,4,56,154,-0.234155926833314,-0.352374339202291,-0.113201358053074,0.0658440731666864,0.00433544197117995,TRUE,0.239172981149217,4.64756429305163,0.0288290223188881,TRUE,TRUE,TRUE,FALSE,FALSE,TRUE,TRUE,0.13286169278312,TRUE,0.304942680628384
"stress",-0.3,20,60,FALSE,43,11,6,54,151,-0.286980613063768,-0.411036223611401,-0.167286012804221,0.013019386936232,0.000169504436195329,TRUE,0.24375021080718,8.1411394872172,0.0962425927846198,TRUE,TRUE,TRUE,FALSE,FALSE,TRUE,TRUE,0.153314899550698,TRUE,0.343966033750634
"stress",-0.3,21,60,FALSE,34,19,7,53,140,-0.374722143113878,-0.518082758098016,-0.231403899844353,-0.0747221431138785,0.00558339867153094,TRUE,0.286678858253662,9.07026358110275,0.0891883174406018,TRUE,TRUE,TRUE,FALSE,FALSE,TRUE,TRUE,0.325988158151406,TRUE,0.281132533373681
"stress",-0.3,22,60,FALSE,42,10,8,52,146,-0.360688950183772,-0.495851901006472,-0.223756545365532,-0.0606889501837723,0.0036831486744084,TRUE,0.27209535564094,9.54817603361369,0.017118882553433,TRUE,TRUE,TRUE,FALSE,FALSE,TRUE,TRUE,0.186290230872513,TRUE,0.369051594788101
"stress",-0.3,23,60,FALSE,42,11,7,53,148,-0.289786011631628,-0.437675708504091,-0.143087813612043,0.0102139883683723,0.000104325558389244,TRUE,0.294587894892048,5.04794021933978,0.0513924606515843,TRUE,TRUE,TRUE,FALSE,FALSE,TRUE,TRUE,0.316777677378405,TRUE,0.319736826797465
"stress",-0.3,24,60,FALSE,47,10,3,57,161,-0.26826980266812,-0.418289733595518,-0.124409746676052,0.0317301973318804,0.00100680542272007,TRUE,0.293879986919466,4.76730529969058,0.0525665902413834,TRUE,TRUE,TRUE,FALSE,FALSE,TRUE,TRUE,0.29625085332246,TRUE,0.333763548372387
"stress",-0.3,25,60,FALSE,47,7,6,54,155,-0.257007226681281,-0.389118937601612,-0.13011519776255,0.0429927733187193,0.00184837855763478,TRUE,0.259003739839062,5.55834116335632,0.0132758091490359,TRUE,TRUE,TRUE,FALSE,FALSE,TRUE,TRUE,0.21288167458378,TRUE,0.311908352701405
"stress",-0.3,26,60,FALSE,41,12,7,53,147,-0.227461467960402,-0.378013659576979,-0.0681355907496544,0.0725385320395984,0.00526183863045985,TRUE,0.309878068827324,2.11168907257951,0.03625189512573,TRUE,TRUE,TRUE,FALSE,FALSE,TRUE,FALSE,0.314725966545792,TRUE,0.336732992516061
"stress",-0.3,27,60,FALSE,42,8,10,50,142,-0.278669840514133,-0.410529279562401,-0.139047085645179,0.0213301594858666,0.000454975703692507,TRUE,0.271482193917221,4.9948438566731,0.0567481895216133,TRUE,TRUE,TRUE,FALSE,FALSE,TRUE,TRUE,0.250821968473922,TRUE,0.300592253841765
"stress",-0.3,28,60,FALSE,35,21,4,56,147,-0.287635342850197,-0.400779768745572,-0.165445719391662,0.0123646571498033,0.000152884746432181,TRUE,0.23533404935391,6.77206079637654,0.00815725880124774,TRUE,TRUE,TRUE,FALSE,FALSE,TRUE,TRUE,0.168251043106248,TRUE,0.315789518172165
"stress",-0.3,29,60,FALSE,47,9,4,56,159,-0.215949818410464,-0.365592332150464,-0.056059837018175,0.0840501815895355,0.00706443302523389,TRUE,0.309532495132289,1.79076217876633,0.0308946090767677,TRUE,TRUE,TRUE,FALSE,FALSE,TRUE,FALSE,0.276499585947315,TRUE,0.441221294168978
"stress",-0.3,30,60,FALSE,41,12,7,53,147,-0.23535499388227,-0.382891332213769,-0.088201306246487,0.0646450061177298,0.00417897681596132,TRUE,0.294690025967282,3.0253575635017,0.0552641329356902,TRUE,TRUE,TRUE,FALSE,FALSE,TRUE,TRUE,0.316001995681069,TRUE,0.292717540329584
"stress",-0.3,31,60,FALSE,43,10,7,53,149,-0.200924358249627,-0.311657677412513,-0.086311251730329,0.0990756417503727,0.0098159827882482,TRUE,0.225346425682184,3.34659840524236,0.000682866699378337,TRUE,TRUE,TRUE,FALSE,FALSE,TRUE,TRUE,0.153628816923957,TRUE,0.299645914145661
"stress",-0.3,32,60,FALSE,39,19,2,58,155,-0.26297786122263,-0.377550304031335,-0.148689881238754,0.03702213877737,0.00137063875965085,TRUE,0.228860422792581,6.39180630117372,0.00320481889252733,TRUE,TRUE,TRUE,FALSE,FALSE,TRUE,TRUE,0.200185849351407,TRUE,0.351943983344004
"stress",-0.3,33,60,FALSE,39,11,10,50,139,-0.322200551216437,-0.455559684837892,-0.18240604568375,-0.0222005512164366,0.000492864474313625,TRUE,0.273153639154142,6.70508576322482,0.0446345501494818,TRUE,TRUE,TRUE,FALSE,FALSE,TRUE,TRUE,0.159557554306933,TRUE,0.359002609833237
"stress",-0.3,34,60,FALSE,46,11,3,57,160,-0.225668361381994,-0.360170100663854,-0.0914074150786517,0.0743316386180055,0.00552519249963777,TRUE,0.268762685585203,3.41042782802717,0.00322995883416866,TRUE,TRUE,TRUE,FALSE,FALSE,TRUE,TRUE,0.304522340642788,TRUE,0.287690792207428
"stress",-0.3,35,60,FALSE,46,11,3,57,160,-0.288593386392452,-0.412194679826575,-0.163981348099747,0.0114066136075479,0.000130110833991896,TRUE,0.248213331726829,6.8893475576341,0.00166302675324914,TRUE,TRUE,TRUE,FALSE,FALSE,TRUE,TRUE,0.235035384314805,TRUE,0.314255241046102
"stress",-0.3,36,60,FALSE,44,10,6,54,152,-0.376911426863686,-0.50460975805457,-0.248308508445837,-0.0769114268636864,0.00591536758220818,TRUE,0.256301249608733,10.17015381946,0.0148500694504889,TRUE,TRUE,TRUE,FALSE,FALSE,TRUE,TRUE,0.163482916527537,TRUE,0.330616217219233
"stress",-0.3,37,60,FALSE,44,12,4,56,156,-0.238601858768783,-0.358261380649313,-0.119345066260099,0.0613981412312171,0.00376973174664848,TRUE,0.238916314389214,4.98312643825244,0.0199560339605966,TRUE,TRUE,TRUE,FALSE,FALSE,TRUE,TRUE,0.135224642739206,TRUE,0.320004693790863
"stress",-0.3,38,53,TRUE,50,2,1,52,154,-0.293764403000055,-0.386692664750334,-0.200120960308817,0.00623559699994486,3.88826699457213e-05,TRUE,0.186571704441517,12.3255985197341,0.0249014720049558,TRUE,TRUE,TRUE,FALSE,FALSE,TRUE,TRUE,0.0638226962490362,FALSE,0.17627071490609
"stress",-0.3,39,60,FALSE,36,16,8,52,140,-0.262976796488336,-0.399845677134915,-0.127864453728965,0.0370232035116642,0.0013707175982661,TRUE,0.271981223405951,4.92901560452222,0.01385210310508,TRUE,TRUE,TRUE,FALSE,FALSE,TRUE,TRUE,0.162076048447225,TRUE,0.399754614154576
"stress",-0.3,40,60,FALSE,39,18,3,57,153,-0.219498912619496,-0.346997529354515,-0.0993689314302938,0.0805010873805043,0.00648042506944358,TRUE,0.247628597924222,4.01000196343924,0.000765923522038747,TRUE,TRUE,TRUE,FALSE,FALSE,TRUE,TRUE,0.202323841007189,TRUE,0.361121168966419
"stress",-0.3,41,60,FALSE,43,12,5,55,153,-0.356095601461284,-0.478333126672442,-0.22426669490125,-0.0560956014612844,0.00314671650330325,TRUE,0.254066431771191,9.56743128393023,0.0447893468694076,TRUE,TRUE,TRUE,FALSE,FALSE,TRUE,TRUE,0.19858465244307,TRUE,0.352997084373758
"stress",-0.3,42,60,FALSE,43,12,5,55,153,-0.333955432511725,-0.455879090701824,-0.210074459274571,-0.0339554325117253,0.00115297139705833,TRUE,0.245804631427253,10.3588689375905,0.0219457682406698,TRUE,TRUE,TRUE,FALSE,FALSE,TRUE,TRUE,0.186007863736877,TRUE,0.337872155371022
"stress",-0.3,43,60,FALSE,42,11,7,53,148,-0.341648326668346,-0.448484972103182,-0.23345480557557,-0.0416483266683459,0.00173458311427326,TRUE,0.215030166527612,12.7527317373446,0.00663165458126969,TRUE,TRUE,TRUE,FALSE,FALSE,TRUE,TRUE,0.0831080234507511,TRUE,0.224691788663423
"stress",-0.3,44,60,FALSE,44,9,7,53,150,-0.235450764288891,-0.366605810212876,-0.109546543784268,0.0645492357111092,0.00416660383088834,TRUE,0.257059266428608,4.3092902606555,0.0357013647682436,TRUE,TRUE,TRUE,FALSE,FALSE,TRUE,TRUE,0.237471930084183,TRUE,0.32996384172203
"stress",-0.3,45,60,FALSE,42,12,6,54,150,-0.331590137806147,-0.470037236373973,-0.193237934259864,-0.0315901378061467,0.000997936806611337,TRUE,0.276799302114109,7.7464661243373,0.0203512467706446,TRUE,TRUE,TRUE,FALSE,FALSE,TRUE,TRUE,0.266247120945671,TRUE,0.299483415248653
"stress",-0.3,46,60,FALSE,42,15,3,57,156,-0.290036574983145,-0.387387403345271,-0.19479580963933,0.00996342501685527,9.92698380664973e-05,TRUE,0.192591593705941,11.5860576786276,0.0267971682953885,TRUE,TRUE,TRUE,FALSE,FALSE,TRUE,TRUE,0.097010120232815,TRUE,0.234824284694969
"stress",-0.3,47,60,FALSE,42,10,8,52,146,-0.436376818667283,-0.568923403329781,-0.310159085761331,-0.136376818667283,0.0185986366698091,FALSE,0.258764317568449,15.2825659875505,0.151063472952984,TRUE,TRUE,TRUE,FALSE,FALSE,TRUE,TRUE,0.225156762812572,TRUE,0.380642815710501
"stress",-0.3,48,60,FALSE,44,9,7,53,150,-0.347312576438928,-0.468161915605787,-0.226757661472999,-0.0473125764389284,0.00223847988928944,TRUE,0.241404254132788,12.0924142455783,0.0155752657328492,TRUE,TRUE,TRUE,FALSE,FALSE,TRUE,TRUE,0.15351421224526,TRUE,0.319496100103879
"stress",-0.3,49,60,FALSE,41,13,6,54,149,-0.316666437635382,-0.467600425044839,-0.169731856637363,-0.0166664376353819,0.000277770143454076,TRUE,0.297868568407475,5.7973816797473,0.03435216899328,TRUE,TRUE,TRUE,FALSE,FALSE,TRUE,TRUE,0.308561938770044,TRUE,0.375065789498862
"stress",-0.3,50,60,FALSE,45,11,4,56,157,-0.314176960725824,-0.435435343370553,-0.188295422852242,-0.0141769607258243,0.000200986215421565,TRUE,0.247139920518312,7.29159394696941,0.0591608084087909,TRUE,TRUE,TRUE,FALSE,FALSE,TRUE,TRUE,0.237384612508266,TRUE,0.412878129986207
"stress",-0.3,51,60,FALSE,38,14,8,52,142,-0.25116541951789,-0.371047468674365,-0.129233123573712,0.0488345804821104,0.00238481625086372,TRUE,0.241814345100654,5.36109529342738,0.0342494648761829,TRUE,TRUE,TRUE,FALSE,FALSE,TRUE,TRUE,0.150663038534792,TRUE,0.324692130533207
"stress",-0.3,52,60,FALSE,38,11,11,49,136,-0.313275738183522,-0.429385429631695,-0.192974680166613,-0.0132757381835222,0.00017624522431743,TRUE,0.236410749465082,7.95307645640992,0.0233871964269667,TRUE,TRUE,TRUE,FALSE,FALSE,TRUE,TRUE,0.136342823075577,TRUE,0.31439800247465
"stress",-0.3,53,60,FALSE,40,11,9,51,142,-0.372411563168395,-0.502600630044183,-0.242910149853072,-0.0724115631683953,0.0052434344804905,TRUE,0.259690480191112,10.0825724271683,0.00957855429942356,TRUE,TRUE,TRUE,FALSE,FALSE,TRUE,TRUE,0.230933139785845,TRUE,0.298330602945373
"stress",-0.3,54,60,FALSE,42,12,6,54,150,-0.286453767630776,-0.410984281355724,-0.167336332976644,0.0135462323692237,0.000183500411401004,TRUE,0.24364794837908,7.71512050726705,0.0445365992476923,TRUE,TRUE,TRUE,FALSE,FALSE,TRUE,TRUE,0.202442303322373,TRUE,0.320210847249726
"stress",-0.3,55,60,FALSE,38,14,8,52,142,-0.293194838086236,-0.413585376226524,-0.1714982246688,0.00680516191376423,4.63102286725473e-05,TRUE,0.242087151557724,6.77657390410459,0.00371615558356098,TRUE,TRUE,TRUE,FALSE,FALSE,TRUE,TRUE,0.123721509503632,TRUE,0.302787867438302
"stress",-0.3,56,60,FALSE,46,9,5,55,156,-0.243615740455853,-0.349873789428331,-0.137570048722073,0.0563842595441473,0.00317918472434177,TRUE,0.212303740706257,6.98743567088457,0.00237086008715437,TRUE,TRUE,TRUE,FALSE,FALSE,TRUE,TRUE,0.123622624363676,TRUE,0.299536111034258
"stress",-0.3,57,60,FALSE,37,12,11,49,135,-0.278914354078311,-0.417797067088825,-0.143135860469407,0.0210856459216894,0.000444604463934856,TRUE,0.274661206619418,5.5433124129444,0.0168568311122499,TRUE,TRUE,TRUE,FALSE,FALSE,TRUE,TRUE,0.214249181887912,TRUE,0.378219253717254
"stress",-0.3,58,60,FALSE,43,11,6,54,151,-0.241418334671684,-0.336147145250011,-0.14178858426383,0.0585816653283155,0.00343181151263877,TRUE,0.19435856098618,6.81649923155788,0.0165870881187118,TRUE,TRUE,TRUE,FALSE,FALSE,TRUE,TRUE,0.0899628863666336,TRUE,0.223107328053608
"stress",-0.3,59,60,FALSE,47,8,5,55,157,-0.197385958388374,-0.316496678351303,-0.0749636234873734,0.102614041611626,0.0105296415358725,TRUE,0.241533054863929,3.00318646278083,0.0070244311306169,TRUE,TRUE,TRUE,FALSE,FALSE,TRUE,TRUE,0.135551577136919,TRUE,0.310005073394112
"stress",-0.3,60,60,FALSE,42,11,7,53,148,-0.468126791497085,-0.605619981471528,-0.333773775916283,-0.168126791497085,0.0282666180191041,FALSE,0.271846205555244,13.7610906801665,0.0959029594708909,TRUE,TRUE,TRUE,FALSE,TRUE,TRUE,TRUE,0.206755041211717,TRUE,0.398477196822672
"stress",-0.3,61,60,FALSE,43,10,7,53,149,-0.283426161924633,-0.420090816844745,-0.146176974158073,0.0165738380753674,0.0002746921085485,TRUE,0.273913842686672,5.34272770164304,0.0545137238536597,TRUE,TRUE,TRUE,FALSE,FALSE,TRUE,TRUE,0.254000328568307,TRUE,0.370528008126358
"stress",-0.3,62,60,FALSE,41,10,9,51,143,-0.313716487238448,-0.432163946721828,-0.192918036896101,-0.0137164872384484,0.000188142022162519,TRUE,0.239245909825727,8.06764292476947,0.0128053072762953,TRUE,TRUE,TRUE,FALSE,FALSE,TRUE,TRUE,0.186149315180121,TRUE,0.353203712286275
"stress",-0.3,63,60,FALSE,41,14,5,55,151,-0.333081676904264,-0.461085805582099,-0.200516782249306,-0.0330816769042641,0.00109439734679812,TRUE,0.260569023332793,8.37145035440176,0.12812015640381,TRUE,TRUE,TRUE,FALSE,FALSE,TRUE,TRUE,0.25435959905849,TRUE,0.303793045673355
"stress",-0.3,64,60,FALSE,47,10,3,57,161,-0.31695061997368,-0.424521491558897,-0.209252540268457,-0.0169506199736795,0.000287323517492103,TRUE,0.21526895129044,11.3240902980466,0.0417284731722418,TRUE,TRUE,TRUE,FALSE,FALSE,TRUE,TRUE,0.108489255843472,TRUE,0.287008992525318
"stress",-0.3,65,60,FALSE,36,17,7,53,142,-0.301042667772565,-0.43471577558328,-0.176150669438366,-0.0010426677725649,1.08715608394545e-06,TRUE,0.258565106144914,7.9001649493309,0.0224506196683194,TRUE,TRUE,TRUE,FALSE,FALSE,TRUE,TRUE,0.207227193606374,TRUE,0.372611402097735
"stress",-0.3,66,60,FALSE,40,14,6,54,148,-0.269247377232019,-0.405309408600723,-0.133042869749947,0.0307526227679808,0.000945723807109731,TRUE,0.272266538850776,5.36427289955557,0.0103763306393319,TRUE,TRUE,TRUE,FALSE,FALSE,TRUE,TRUE,0.265982255202528,TRUE,0.376168207865107
"stress",-0.3,67,60,FALSE,45,8,7,53,151,-0.217283489830327,-0.331344816196185,-0.10744515835007,0.0827165101696734,0.00684202105464967,TRUE,0.223899657846115,5.19745839066869,0.0277381728859041,TRUE,TRUE,TRUE,FALSE,FALSE,TRUE,TRUE,0.159357945982367,TRUE,0.31884377147083
"stress",-0.3,68,60,FALSE,44,10,6,54,152,-0.295958521981394,-0.41559769191491,-0.17773481430444,0.00404147801860549,1.63335445748714e-05,TRUE,0.237862877610471,8.9290285811598,0.00223131126588783,TRUE,TRUE,TRUE,FALSE,FALSE,TRUE,TRUE,0.119466007793643,TRUE,0.278189395702432
"stress",-0.3,69,60,FALSE,40,12,8,52,144,-0.16856668581698,-0.294310895044429,-0.0364616603021152,0.13143331418302,0.0172747160771325,FALSE,0.257849234742314,1.20744708915058,0.0575678973370941,TRUE,TRUE,TRUE,FALSE,FALSE,TRUE,FALSE,0.239545316635113,TRUE,0.349214534460002
"stress",-0.3,70,60,FALSE,46,10,4,56,158,-0.364727612555356,-0.47980724909551,-0.249517900496124,-0.0647276125553558,0.00418966382711625,TRUE,0.230289348599386,12.5194828539632,0.00104342955236802,TRUE,TRUE,TRUE,FALSE,FALSE,TRUE,TRUE,0.180662785401977,TRUE,0.322508332167597
"stress",-0.3,71,60,FALSE,38,12,10,50,138,-0.243981289173578,-0.386037651932971,-0.103132135950196,0.0560187108264219,0.00313809596265428,TRUE,0.282905515982776,3.6086517609412,0.0425863236492603,TRUE,TRUE,TRUE,FALSE,FALSE,TRUE,TRUE,0.273133689846505,TRUE,0.345300045742859
"stress",-0.3,72,60,FALSE,42,15,3,57,156,-0.386068066533764,-0.494266472310802,-0.276115206565964,-0.0860680665337643,0.00740771207686048,TRUE,0.218151265744838,14.4476594119105,0.0258360505908115,TRUE,TRUE,TRUE,FALSE,FALSE,TRUE,TRUE,0.082839279368431,TRUE,0.226274348147064
"stress",-0.3,73,60,FALSE,42,10,8,52,146,-0.31415902231201,-0.429019215593141,-0.195319924969605,-0.0141590223120096,0.000200477912831986,TRUE,0.233699290623536,8.22112235780688,0.0702684620462435,TRUE,TRUE,TRUE,FALSE,FALSE,TRUE,TRUE,0.176156500942546,TRUE,0.340167482208181
"stress",-0.3,74,60,FALSE,38,14,8,52,142,-0.378848866820366,-0.505493479219848,-0.243293701965447,-0.0788488668203661,0.00621714379885583,TRUE,0.262199777254402,8.20470324495486,0.0332475263120955,TRUE,TRUE,TRUE,FALSE,FALSE,TRUE,TRUE,0.157557103366178,TRUE,0.36797370039511
"stress",-0.3,75,60,FALSE,40,13,7,53,146,-0.286237489055201,-0.429952079965502,-0.145238939496277,0.013762510944799,0.000189406707505713,TRUE,0.284713140469225,5.50794378441557,0.0810889778905448,TRUE,TRUE,TRUE,FALSE,FALSE,TRUE,TRUE,0.281911272381572,TRUE,0.378798259880902
"stress",-0.3,76,60,FALSE,41,11,8,52,145,-0.215046148205242,-0.331251662636228,-0.100817248676534,0.0849538517947582,0.00721715693476574,TRUE,0.230434413959694,4.43760204403108,0.0201322884381057,TRUE,TRUE,TRUE,FALSE,FALSE,TRUE,TRUE,0.137323617808116,TRUE,0.311939411643387
"stress",-0.3,77,60,FALSE,40,11,9,51,142,-0.302112494229595,-0.425795447430366,-0.174070238412916,-0.00211249422959503,4.4626318700723e-06,TRUE,0.25172520901745,7.14739167224525,0.129172835733272,TRUE,TRUE,TRUE,FALSE,FALSE,TRUE,TRUE,0.177716965958946,TRUE,0.339955853408464
"stress",-0.3,78,60,FALSE,39,10,11,49,137,-0.243041008965396,-0.357162460045556,-0.125615741806301,0.0569589910346041,0.00324432665968011,TRUE,0.231546718239254,5.39652251856711,0.0577341018329491,TRUE,TRUE,TRUE,FALSE,FALSE,TRUE,TRUE,0.0914539733640948,TRUE,0.249119729444078
"stress",-0.3,79,60,FALSE,40,16,4,56,152,-0.222104337431782,-0.344711908190188,-0.102169669550851,0.0778956625682181,0.00606773424694169,TRUE,0.242542238639337,4.13167423740677,0.0203891341120936,TRUE,TRUE,TRUE,FALSE,FALSE,TRUE,TRUE,0.153714970872438,TRUE,0.334278690399078
"stress",-0.3,80,60,FALSE,37,13,10,50,137,-0.358959310957583,-0.495779813451489,-0.217129005129808,-0.0589593109575832,0.00347620034859299,TRUE,0.278650808321682,8.33738502832486,0.0319831633152887,TRUE,TRUE,TRUE,FALSE,FALSE,TRUE,TRUE,0.271236092097,TRUE,0.367961149128013
"stress",-0.3,81,60,FALSE,47,10,3,57,161,-0.368360954412023,-0.494298628880657,-0.233802458523325,-0.0683609544120234,0.00467322008812274,TRUE,0.260496170357332,8.84317164414875,0.00914898066989167,TRUE,TRUE,TRUE,FALSE,FALSE,TRUE,TRUE,0.172951192527206,TRUE,0.351940961964321
"stress",-0.3,82,60,FALSE,42,12,6,54,150,-0.270745112068055,-0.391090673841099,-0.14238313180358,0.0292548879319449,0.000855848467910656,TRUE,0.248707542037519,5.35877959332072,0.0100052387481639,TRUE,TRUE,TRUE,FALSE,FALSE,TRUE,TRUE,0.181755030020935,TRUE,0.331339087500306
"stress",-0.3,83,60,FALSE,40,17,3,57,154,-0.339436484537174,-0.443197821074983,-0.23418704156224,-0.0394364845371737,0.00155523631265074,TRUE,0.209010779512743,13.0671474319933,0.0216401075566353,TRUE,TRUE,TRUE,FALSE,FALSE,TRUE,TRUE,0.107341964401555,TRUE,0.235376940741916
"stress",-0.3,84,60,FALSE,41,11,8,52,145,-0.340765547890657,-0.478237277416865,-0.198496284249234,-0.0407655478906573,0.00166182989482547,TRUE,0.279740993167631,6.9341361213985,0.000263956203241378,TRUE,TRUE,TRUE,FALSE,FALSE,TRUE,TRUE,0.199969958106586,TRUE,0.39191511262601
"stress",-0.3,85,60,FALSE,38,13,9,51,140,-0.312881493286236,-0.432787843425351,-0.193983006306373,-0.0128814932862361,0.000165932869283346,TRUE,0.238804837118978,9.79190555511866,0.0209563650974474,TRUE,TRUE,TRUE,FALSE,FALSE,TRUE,TRUE,0.112306789744099,TRUE,0.283738183977186
"stress",-0.3,86,60,FALSE,41,17,2,58,157,-0.347637133762065,-0.469564029114949,-0.224637763574143,-0.0476371337620646,0.00226929651306484,TRUE,0.244926265540806,9.62880867025234,0.0184373873912023,TRUE,TRUE,TRUE,FALSE,FALSE,TRUE,TRUE,0.263191987768651,TRUE,0.353918865998365
"stress",-0.3,87,60,FALSE,46,8,6,54,154,-0.230561654532483,-0.35661516906137,-0.108632235476782,0.0694383454675166,0.00482168382126618,TRUE,0.247982933584587,4.45339947338843,0.00189103851249683,TRUE,TRUE,TRUE,FALSE,FALSE,TRUE,TRUE,0.188862693001055,TRUE,0.35415149951592
"stress",-0.3,88,60,FALSE,36,12,12,48,132,-0.166538339708045,-0.304087660360833,-0.026748363473637,0.133461660291955,0.0178120147678851,TRUE,0.277339296887196,0.92771631984283,0.0312509002169179,TRUE,TRUE,TRUE,FALSE,FALSE,TRUE,FALSE,0.23293941323638,TRUE,0.423441774544662
"stress",-0.3,89,60,FALSE,36,19,5,55,146,-0.297282913442741,-0.452052233130636,-0.147826832468078,0.00271708655725933,7.38255935963936e-06,TRUE,0.304225400662558,5.37773783091092,0.075268390791706,TRUE,TRUE,TRUE,FALSE,FALSE,TRUE,TRUE,0.248236292058088,TRUE,0.39926134915611
"stress",-0.3,90,60,FALSE,47,8,5,55,157,-0.279349323991999,-0.40823631920428,-0.157674861891486,0.0206506760080005,0.000426450419587408,TRUE,0.250561457312794,7.09595569571613,0.000664243417929811,TRUE,TRUE,TRUE,FALSE,FALSE,TRUE,TRUE,0.204882341845959,TRUE,0.388143353469509
"stress",-0.3,91,60,FALSE,42,13,5,55,152,-0.230110417249187,-0.351283094755909,-0.104191647340069,0.0698895827508133,0.00488455377708279,TRUE,0.24709144741584,4.1078511397381,0.0357902222379209,TRUE,TRUE,TRUE,FALSE,FALSE,TRUE,TRUE,0.22457257641479,TRUE,0.347089825874437
"stress",-0.3,92,60,FALSE,42,10,8,52,146,-0.257928405528384,-0.40257269421072,-0.118112107075824,0.0420715944716161,0.00177001906138412,TRUE,0.284460587134896,4.42155919017875,0.0238146002008648,TRUE,TRUE,TRUE,FALSE,FALSE,TRUE,TRUE,0.225468647459365,TRUE,0.403958748198869
"stress",-0.3,93,60,FALSE,45,10,5,55,155,-0.267503094123325,-0.374760691381453,-0.162625130475403,0.0324969058766746,0.00105604889155745,TRUE,0.212135560906051,8.83943327255011,0.0196295650154923,TRUE,TRUE,TRUE,FALSE,FALSE,TRUE,TRUE,0.175580497158799,TRUE,0.308320476169156
"stress",-0.3,94,60,FALSE,37,15,8,52,141,-0.269694767192338,-0.377411334983502,-0.160417568671679,0.0303052328076623,0.000918407135526611,TRUE,0.216993766311823,7.44983604523722,0.0146601741693075,TRUE,TRUE,TRUE,FALSE,FALSE,TRUE,TRUE,0.12362364949293,TRUE,0.273776087906264
"stress",-0.3,95,60,FALSE,41,12,7,53,147,-0.261079432977326,-0.374633827322087,-0.14860484912126,0.0389205670226742,0.00151481053736648,TRUE,0.226028978200827,6.86328085939473,0.0289988072282483,TRUE,TRUE,TRUE,FALSE,FALSE,TRUE,TRUE,0.123671031734392,TRUE,0.291400725604767
"stress",-0.3,96,60,FALSE,43,13,4,56,155,-0.376094340098336,-0.483372980360362,-0.266771672380174,-0.0760943400983359,0.00579034859500121,TRUE,0.216601307980188,14.0071573899576,0.0279385948473134,TRUE,TRUE,TRUE,FALSE,FALSE,TRUE,TRUE,0.120690686206225,TRUE,0.267580055841101
"stress",-0.3,97,60,FALSE,47,9,4,56,159,-0.363510141868943,-0.472881999941917,-0.247810621078187,-0.0635101418689433,0.0040335381202133,TRUE,0.22507137886373,11.9090966667936,0.0761401390836056,TRUE,TRUE,TRUE,FALSE,FALSE,TRUE,TRUE,0.214025708477812,TRUE,0.332453660150689
"stress",-0.3,98,60,FALSE,42,14,4,56,154,-0.295499684123782,-0.409612059913729,-0.180308166018805,0.0045003158762178,2.0252842985738e-05,TRUE,0.229303893894924,8.24930034248615,0.00418749236470717,TRUE,TRUE,TRUE,FALSE,FALSE,TRUE,TRUE,0.0908203492051764,TRUE,0.241529636374886
"stress",-0.3,99,60,FALSE,42,12,6,54,150,-0.289471029782501,-0.400114616622124,-0.173194264024743,0.0105289702174991,0.000110859213840983,TRUE,0.226920352597381,7.74557281774216,0.0162512558723051,TRUE,TRUE,TRUE,FALSE,FALSE,TRUE,TRUE,0.157545540879671,TRUE,0.303756778471914
"stress",-0.3,100,60,FALSE,43,10,7,53,149,-0.387917139768123,-0.499273968658836,-0.276992161560728,-0.0879171397681225,0.00772942346500759,TRUE,0.222281807098108,15.0988848589426,0.0729128731960884,TRUE,TRUE,TRUE,FALSE,FALSE,TRUE,TRUE,0.164579421672279,TRUE,0.307791438059118
"stress",0,1,60,FALSE,44,8,8,52,148,0.029468036662814,-0.108594676676642,0.174383797795816,0.029468036662814,0.00086836518476095,TRUE,0.282978474472459,-1.78705433251142,0.0372406003547781,TRUE,TRUE,TRUE,FALSE,FALSE,TRUE,FALSE,0.316286977613298,TRUE,0.360734306250209
"stress",0,2,60,FALSE,48,8,4,56,160,-0.0381135857026067,-0.150634178354493,0.0796207010198667,-0.0381135857026067,0.00145264541510995,TRUE,0.23025487937436,-1.75660014170674,0.0166128920756705,TRUE,TRUE,TRUE,FALSE,FALSE,TRUE,FALSE,0.132469497569931,TRUE,0.30615341304949
"stress",0,3,60,FALSE,44,11,5,55,154,0.0133912681222121,-0.110633585564466,0.138183364526828,0.0133912681222121,0.000179326061920974,TRUE,0.248816950091294,-1.90334366875899,0.0298984694919966,TRUE,TRUE,TRUE,FALSE,FALSE,TRUE,FALSE,0.222133469293645,TRUE,0.331497751570613
"stress",0,4,60,FALSE,42,12,6,54,150,-0.0261602047607785,-0.148923462644518,0.0918475640650646,-0.0261602047607785,0.000684356313125857,TRUE,0.240771026709583,-1.87422947559637,0.0275728458343565,TRUE,TRUE,TRUE,FALSE,FALSE,TRUE,FALSE,0.212922907015292,TRUE,0.294637116510702
"stress",0,5,60,FALSE,43,8,9,51,145,-0.00740603692141429,-0.125886386593668,0.109989084598223,-0.00740603692141429,5.48493828813516e-05,TRUE,0.235875471191892,-2.00627776734675,0.0606271897523243,TRUE,TRUE,TRUE,FALSE,FALSE,TRUE,FALSE,0.161310950000566,TRUE,0.340541792825607
"stress",0,6,60,FALSE,42,14,4,56,154,0.0628148929794761,-0.0628894049673442,0.201424357432732,0.0628148929794761,0.00394571078002303,TRUE,0.264313762400077,-1.52252745679664,0.0102767321448027,TRUE,TRUE,TRUE,FALSE,FALSE,TRUE,FALSE,0.221199908656653,TRUE,0.383188613739895
"stress",0,7,60,FALSE,42,12,6,54,150,0.0331388743393085,-0.0866927691155392,0.15446065014811,0.0331388743393085,0.00109818499247648,TRUE,0.241153419263649,-1.84109566367528,0.0139504133449293,TRUE,TRUE,TRUE,FALSE,FALSE,TRUE,FALSE,0.165533407158977,TRUE,0.336519963577708
"stress",0,8,60,FALSE,41,10,9,51,143,0.021779960261067,-0.105283299373405,0.142987464903857,0.021779960261067,0.000474366668973657,TRUE,0.248270764277262,-1.91673957195022,0.04251014244565,TRUE,TRUE,TRUE,FALSE,FALSE,TRUE,FALSE,0.146055841052309,TRUE,0.339183825691796
"stress",0,9,60,FALSE,44,9,7,53,150,-0.0384173326843053,-0.156944922331638,0.0871812062888633,-0.0384173326843053,0.0014758914505766,TRUE,0.244126128620501,-1.78837389624314,0.00228207014791337,TRUE,TRUE,TRUE,FALSE,FALSE,TRUE,FALSE,0.189054640102808,TRUE,0.35154470784363
"stress",0,10,60,FALSE,41,14,5,55,151,0.0351564146096568,-0.0883041325463639,0.168780000904065,0.0351564146096568,0.00123597348820609,TRUE,0.257084133450429,-1.72074882868057,0.0205478137350212,TRUE,TRUE,TRUE,FALSE,FALSE,TRUE,FALSE,0.259540107411042,TRUE,0.360754401620558
"stress",0,11,60,FALSE,44,10,6,54,152,0.102895668455699,-0.0236112233044646,0.227175034251959,0.102895668455699,0.0105875185869452,TRUE,0.250786257556423,-0.640700924266753,0.0528950911819379,TRUE,TRUE,TRUE,FALSE,FALSE,TRUE,FALSE,0.214914720915276,TRUE,0.383831677167156
"stress",0,12,60,FALSE,45,8,7,53,151,-0.0587391810470098,-0.171496044799491,0.0523130706303046,-0.0587391810470098,0.00345029139007339,TRUE,0.223809115429796,-1.51271151776817,0.0264733404283106,TRUE,TRUE,TRUE,FALSE,FALSE,TRUE,FALSE,0.112675896417453,TRUE,0.275842632960888
"stress",0,13,60,FALSE,37,16,7,53,143,0.107240111797695,-0.0235564209456152,0.240264883597348,0.107240111797695,0.0115004415783821,TRUE,0.263821304542963,-0.598438528340722,0.0421393150092229,TRUE,TRUE,TRUE,FALSE,FALSE,TRUE,FALSE,0.128803837311684,TRUE,0.31535160936806
"stress",0,14,60,FALSE,39,11,10,50,139,-0.026670615009468,-0.179270627158104,0.129733148998519,-0.026670615009468,0.00071132170498326,TRUE,0.309003776156623,-1.67794030586248,0.0442017921384092,TRUE,TRUE,TRUE,FALSE,FALSE,TRUE,FALSE,0.330089383433914,TRUE,0.381341255937796
"stress",0,15,60,FALSE,46,12,2,58,162,0.0452096562302072,-0.0875208189802878,0.176061238776368,0.0452096562302072,0.00204391301645351,TRUE,0.263582057756656,-1.65215055639939,0.0284212960519312,TRUE,TRUE,TRUE,FALSE,FALSE,TRUE,FALSE,0.227059966861073,TRUE,0.356384906286477
"stress",0,16,60,FALSE,37,17,6,54,145,0.0177303481639457,-0.10743495799609,0.141125853336584,0.0177303481639457,0.000314365246014734,TRUE,0.248560811332674,-1.95223421131195,0.000337306464984977,TRUE,TRUE,TRUE,FALSE,FALSE,TRUE,FALSE,0.139823793979142,TRUE,0.326688815782249
"stress",0,17,60,FALSE,38,16,6,54,146,0.0665674041024675,-0.0718939124689278,0.213623056307351,0.0665674041024675,0.00443121928894121,TRUE,0.285516968776279,-1.38966647163815,0.0182708781949543,TRUE,TRUE,TRUE,FALSE,FALSE,TRUE,FALSE,0.294699349796961,TRUE,0.329106108092145
"stress",0,18,60,FALSE,36,11,13,47,130,0.0447393343440508,-0.0992141195414409,0.199980256695395,0.0447393343440508,0.00200160803754877,TRUE,0.299194376236836,-1.5403665372998,0.00498113003945377,TRUE,TRUE,TRUE,FALSE,FALSE,TRUE,FALSE,0.252125262556333,TRUE,0.360050243224615
"stress",0,19,60,FALSE,47,7,6,54,155,-0.0322227120483004,-0.153498414039603,0.0962924954361639,-0.0322227120483004,0.00103830317174768,TRUE,0.249790909475767,-1.7493548740236,0.0249941829181921,TRUE,TRUE,TRUE,FALSE,FALSE,TRUE,FALSE,0.208634941283694,TRUE,0.392500662701791
"stress",0,20,60,FALSE,46,9,5,55,156,0.105445579698627,0.00231413191221646,0.210320101269993,0.105445579698627,0.0111187702779794,FALSE,0.208005969357777,-0.247932292251562,0.00120584915745781,TRUE,TRUE,TRUE,FALSE,FALSE,TRUE,FALSE,0.102984120159661,TRUE,0.252924399718159
"stress",0,21,60,FALSE,41,13,6,54,149,0.0247822909156585,-0.116699877041088,0.168204554834685,0.0247822909156585,0.000614161943028331,TRUE,0.284904431875773,-1.68837156648124,0.0626458728097532,TRUE,TRUE,TRUE,FALSE,FALSE,TRUE,FALSE,0.313762329994186,TRUE,0.445200337953984
"stress",0,22,60,FALSE,43,9,8,52,147,0.00263982703082317,-0.117182821254567,0.122811370194734,0.00263982703082317,6.96868675266467e-06,TRUE,0.239994191449301,-2.01265126569916,0.0210481837189889,TRUE,TRUE,TRUE,FALSE,FALSE,TRUE,FALSE,0.130563566409345,TRUE,0.296760346451812
"stress",0,23,60,FALSE,40,14,6,54,148,-0.0949149361958173,-0.203336399333034,0.0116690095360869,-0.0949149361958173,0.00900884511305608,TRUE,0.215005408869121,-0.593224207118936,0.0669771797221301,TRUE,TRUE,TRUE,FALSE,FALSE,TRUE,FALSE,0.149422834672785,TRUE,0.300045057722961
"stress",0,24,60,FALSE,41,8,11,49,139,-0.147686937663883,-0.248022746054331,-0.0394251248620419,-0.147686937663883,0.0218114315565357,FALSE,0.208597621192289,1.53087630533079,0.00374891092391749,TRUE,TRUE,TRUE,FALSE,FALSE,TRUE,FALSE,0.0868285610482693,TRUE,0.221349871911098
"stress",0,25,60,FALSE,45,12,3,57,159,-0.0112817119756103,-0.140143690801354,0.114467501448018,-0.0112817119756103,0.000127277025100628,TRUE,0.254611192249372,-1.88944222111087,0.00753915226644608,TRUE,TRUE,TRUE,FALSE,FALSE,TRUE,FALSE,0.206768144414244,TRUE,0.358839554495825
"stress",0,26,60,FALSE,48,10,2,58,164,0.0462673526225511,-0.0708839189967017,0.165724012317556,0.0462673526225511,0.00214066791869948,TRUE,0.236607931314258,-1.73557599813472,0.0332424757033891,TRUE,TRUE,TRUE,FALSE,FALSE,TRUE,FALSE,0.200748931215661,TRUE,0.342941139588453
"stress",0,27,60,FALSE,36,13,11,49,134,-0.0014474633332532,-0.123539162871783,0.120640892086312,-0.0014474633332532,2.09515010111246e-06,TRUE,0.244180054958094,-2.07398289679773,0.0223637064915181,TRUE,TRUE,TRUE,FALSE,FALSE,TRUE,FALSE,0.225515861967615,TRUE,0.285442905303613
"stress",0,28,60,FALSE,48,8,4,56,160,0.0239553499846876,-0.103510957107432,0.15424471994925,0.0239553499846876,0.000573858792888872,TRUE,0.257755677056682,-1.91400488442721,0.0117874577063617,TRUE,TRUE,TRUE,FALSE,FALSE,TRUE,FALSE,0.238468349964636,TRUE,0.396966189187913
"stress",0,29,60,FALSE,45,10,5,55,155,0.0108663646709346,-0.0991309297202782,0.123307560288679,0.0108663646709346,0.000118077881161735,TRUE,0.222438490008957,-2.0030889464135,0.0364875424274658,TRUE,TRUE,TRUE,FALSE,FALSE,TRUE,FALSE,0.179087229437046,TRUE,0.33832145324414
"stress",0,30,60,FALSE,46,8,6,54,154,0.0112278404341913,-0.113794237196767,0.137464171048301,0.0112278404341913,0.00012606440081566,TRUE,0.251258408245068,-2.04069680026922,0.00421978357226749,TRUE,TRUE,TRUE,FALSE,FALSE,TRUE,FALSE,0.179533249808953,TRUE,0.342238966251466
"stress",0,31,60,FALSE,41,15,4,56,153,0.0510171769146586,-0.0662463405233455,0.17043111582921,0.0510171769146586,0.00260275234034158,TRUE,0.236677456352556,-1.71006278464591,0.0462024426525147,TRUE,TRUE,TRUE,FALSE,FALSE,TRUE,FALSE,0.208757439111562,TRUE,0.304382403773723
"stress",0,32,60,FALSE,42,9,9,51,144,0.110681909284593,-0.00675013992989389,0.224379628287532,0.110681909284593,0.012250485042883,TRUE,0.231129768217426,-0.2549244959595,0.00673684447087908,TRUE,TRUE,TRUE,FALSE,FALSE,TRUE,FALSE,0.140791169262918,TRUE,0.298940284315279
"stress",0,33,60,FALSE,47,10,3,57,161,-0.0125471209465491,-0.128987865163798,0.104502417038384,-0.0125471209465491,0.000157430244047331,TRUE,0.233490282202182,-1.98453127297591,0.00442329051605839,TRUE,TRUE,TRUE,FALSE,FALSE,TRUE,FALSE,0.231822295613395,TRUE,0.284725357721207
"stress",0,34,60,FALSE,42,13,5,55,152,-0.00048656325409228,-0.12093291242202,0.118740833629483,-0.00048656325409228,2.36743800232868e-07,TRUE,0.239673746051503,-1.99928516023269,0.0316724496851464,TRUE,TRUE,TRUE,FALSE,FALSE,TRUE,FALSE,0.194713106555705,TRUE,0.306965339963405
"stress",0,35,60,FALSE,46,12,2,58,162,0.0307585764472034,-0.107011908295696,0.165321656772287,0.0307585764472034,0.000946090025058453,TRUE,0.272333565067983,-1.83626426729722,0.0364028693191756,TRUE,TRUE,TRUE,FALSE,FALSE,TRUE,FALSE,0.323579510403558,TRUE,0.312028026174702
"stress",0,36,60,FALSE,40,13,7,53,146,0.100506027558995,-0.057465668455318,0.256209870289396,0.100506027558995,0.0101014615756895,TRUE,0.313675538744714,-0.861385174257123,0.0443565894916276,TRUE,TRUE,TRUE,FALSE,FALSE,TRUE,FALSE,0.302853716836929,TRUE,0.354743379103379
"stress",0,37,60,FALSE,45,8,7,53,151,0.00219254718605101,-0.12273312034813,0.128521232792092,0.00219254718605101,4.80726316306019e-06,TRUE,0.251254353140222,-1.97910248549218,0.063354236057819,TRUE,TRUE,TRUE,FALSE,FALSE,TRUE,FALSE,0.249260042669889,TRUE,0.391818405276284
"stress",0,38,60,FALSE,43,9,8,52,147,-0.0405564596917358,-0.162553301098393,0.0816419413206584,-0.0405564596917358,0.00164482642272739,TRUE,0.244195242419051,-1.73267922404614,0.0336205762326074,TRUE,TRUE,TRUE,FALSE,FALSE,TRUE,FALSE,0.246290898630441,TRUE,0.329968155855763
"stress",0,39,60,FALSE,38,12,10,50,138,-0.00327465960292583,-0.13114679986501,0.131211484103036,-0.00327465960292583,1.07233955150343e-05,TRUE,0.262358283968046,-1.86597715522217,0.0111887836475546,TRUE,TRUE,TRUE,FALSE,FALSE,TRUE,FALSE,0.198626833518309,TRUE,0.405353776697516
"stress",0,40,60,FALSE,42,14,4,56,154,-0.0353201815543349,-0.160511366129683,0.0883134150150103,-0.0353201815543349,0.00124751522503118,TRUE,0.248824781144693,-1.76861152536301,0.00441021569483269,TRUE,TRUE,TRUE,FALSE,FALSE,TRUE,FALSE,0.216537279906339,TRUE,0.369719910872144
"stress",0,41,60,FALSE,42,8,10,50,142,-0.121515760676912,-0.232329077622903,-0.0127290023698433,-0.121515760676912,0.0147660800928885,FALSE,0.21960007525306,0.372388615069724,0.0284195176201081,TRUE,TRUE,TRUE,FALSE,FALSE,TRUE,FALSE,0.10484200168046,TRUE,0.259401891640973
"stress",0,42,60,FALSE,45,11,4,56,157,-0.0311311977341032,-0.144882208364007,0.0817684069529178,-0.0311311977341032,0.000969151472359833,TRUE,0.226650615316924,-1.96070309392013,0.0347931314406082,TRUE,TRUE,TRUE,FALSE,FALSE,TRUE,FALSE,0.113966628635707,TRUE,0.286053831457748
"stress",0,43,60,FALSE,38,14,8,52,142,-0.0939672417889077,-0.207879588892597,0.0210737578006668,-0.0939672417889077,0.00882984252941504,TRUE,0.228953346693264,-0.586582602471452,0.0285542375356442,TRUE,TRUE,TRUE,FALSE,FALSE,TRUE,FALSE,0.186421868085817,TRUE,0.350781688001295
"stress",0,44,60,FALSE,37,17,6,54,145,0.163929666277869,0.038567336628006,0.286660517826813,0.163929666277869,0.0268729354859736,FALSE,0.248093181198807,1.37163476635072,0.0515987350524938,TRUE,TRUE,TRUE,FALSE,FALSE,TRUE,FALSE,0.193996184421697,TRUE,0.33532559169029
"stress",0,45,60,FALSE,39,13,8,52,143,-0.000763744621794288,-0.131648563332542,0.12342448903811,-0.000763744621794288,5.833058473197e-07,TRUE,0.255073052370651,-2.00777853797234,0.0446674668299067,TRUE,TRUE,TRUE,FALSE,FALSE,TRUE,FALSE,0.236870919207861,TRUE,0.353346248147873
"stress",0,46,60,FALSE,43,11,6,54,151,0.0392511582745957,-0.0715829446369172,0.153247471503615,0.0392511582745957,0.00154065342589736,TRUE,0.224830416140532,-1.86044929604023,0.0263059185815848,TRUE,TRUE,TRUE,FALSE,FALSE,TRUE,FALSE,0.114604327025691,TRUE,0.280039331759479
"stress",0,47,60,FALSE,35,15,10,50,135,0.0354483299372281,-0.0716203800892539,0.142099126368731,0.0354483299372281,0.00125658409533858,TRUE,0.213719506457985,-1.82196978044382,0.00294566020738785,TRUE,TRUE,TRUE,FALSE,FALSE,TRUE,FALSE,0.0729718300620497,TRUE,0.201392678570097
"stress",0,48,60,FALSE,44,10,6,54,152,0.0750530858570355,-0.0405004169905112,0.196489967524231,0.0750530858570355,0.00563296569666354,TRUE,0.236990384514742,-1.29169918055638,0.0468334207789098,TRUE,TRUE,TRUE,FALSE,FALSE,TRUE,FALSE,0.166992310810811,TRUE,0.348867697347541
"stress",0,49,60,FALSE,47,9,4,56,159,-0.0433950817452327,-0.170828625192841,0.0827663893169458,-0.0433950817452327,0.00188313311967543,TRUE,0.253595014509786,-1.68371889198272,0.0847421329883673,TRUE,TRUE,TRUE,FALSE,FALSE,TRUE,FALSE,0.256418737619452,TRUE,0.2922633308174
"stress",0,50,60,FALSE,47,11,2,58,163,-0.067172179891962,-0.195915952337307,0.0629222078274553,-0.067172179891962,0.0045121017514381,TRUE,0.258838160164762,-1.36966958910895,0.038366068443537,TRUE,TRUE,TRUE,FALSE,FALSE,TRUE,FALSE,0.262649138470392,TRUE,0.393070037870146
"stress",0,51,60,FALSE,40,12,8,52,144,0.0388750142514367,-0.0794896230975368,0.155740863330103,0.0388750142514367,0.0015112667330494,TRUE,0.23523048642764,-1.75466303060264,0.0198149811065207,TRUE,TRUE,TRUE,FALSE,FALSE,TRUE,FALSE,0.164297108679199,TRUE,0.323319409774213
"stress",0,52,60,FALSE,42,16,2,58,158,0.0214803054699279,-0.0892041339371101,0.129450614247784,0.0214803054699279,0.000461403523081412,TRUE,0.218654748184894,-1.91304412229167,0.0455625345196893,TRUE,TRUE,TRUE,FALSE,FALSE,TRUE,FALSE,0.183496213288952,TRUE,0.300357030593721
"stress",0,53,60,FALSE,46,9,5,55,156,0.0593744196465688,-0.0720467768883109,0.195891002712946,0.0593744196465688,0.00352532170836686,TRUE,0.267937779601257,-1.50941858026849,0.0313754186779533,TRUE,TRUE,TRUE,FALSE,FALSE,TRUE,FALSE,0.311978435849832,TRUE,0.293376436276196
"stress",0,54,60,FALSE,34,16,10,50,134,0.0023432651374625,-0.152558461109706,0.158916165010111,0.0023432651374625,5.49089150444716e-06,TRUE,0.311474626119817,-1.69671558189955,0.0364801504550769,TRUE,TRUE,TRUE,FALSE,FALSE,TRUE,FALSE,0.338683694546555,TRUE,0.370707338130926
"stress",0,55,60,FALSE,45,10,5,55,155,-0.00498723037288653,-0.110749743517544,0.102554457749104,-0.00498723037288653,2.48724667922419e-05,TRUE,0.213304201266648,-2.04961872365243,0.0105828679479316,TRUE,TRUE,TRUE,FALSE,FALSE,TRUE,FALSE,0.104422964201911,TRUE,0.274785412529146
"stress",0,56,60,FALSE,43,11,6,54,151,-0.0216541800403989,-0.14727318020789,0.105667984671303,-0.0216541800403989,0.00046890351322201,TRUE,0.252941164879194,-1.91858115126226,0.0266307577987277,TRUE,TRUE,TRUE,FALSE,FALSE,TRUE,FALSE,0.255682265448365,TRUE,0.365409214410544
"stress",0,57,60,FALSE,46,12,2,58,162,-0.0349461695911256,-0.143089852916487,0.0717197339022574,-0.0349461695911256,0.00122123476909171,TRUE,0.214809586818744,-1.82979843748817,0.0739100268596928,TRUE,TRUE,TRUE,FALSE,FALSE,TRUE,FALSE,0.148563649156944,TRUE,0.344281144968423
"stress",0,58,60,FALSE,48,9,3,57,162,-0.000448913057997219,-0.105337694923042,0.105297726708633,-0.000448913057997219,2.01522933640414e-07,TRUE,0.210635421631675,-2.09948684690102,0.00263887227933424,TRUE,TRUE,TRUE,FALSE,FALSE,TRUE,FALSE,0.0971743641207879,TRUE,0.238388016250558
"stress",0,59,60,FALSE,42,13,5,55,152,-0.0452942781123217,-0.169102555397439,0.0776359657120307,-0.0452942781123217,0.00205157162971634,TRUE,0.24673852110947,-1.86307970440669,0.0646349594465505,TRUE,TRUE,TRUE,FALSE,FALSE,TRUE,FALSE,0.224498295451866,TRUE,0.28565103145383
"stress",0,60,60,FALSE,40,14,6,54,148,0.0378278260994637,-0.0601891792454019,0.138006805456239,0.0378278260994637,0.00143094442741127,TRUE,0.198195984701641,-1.86158646962099,0.040767747742791,TRUE,TRUE,TRUE,FALSE,FALSE,TRUE,FALSE,0.106693395376358,TRUE,0.245130323494046
"stress",0,61,60,FALSE,42,12,6,54,150,0.0637942178832633,-0.0897342336446049,0.208336597971407,0.0637942178832633,0.00406970223533728,TRUE,0.298070831616012,-1.3812140994836,0.0106016284515249,TRUE,TRUE,TRUE,FALSE,FALSE,TRUE,FALSE,0.2795451766014,TRUE,0.380837589426503
"stress",0,62,60,FALSE,45,11,4,56,157,-0.000386347412710155,-0.10681798636542,0.105767552143429,-0.000386347412710155,1.49264323307831e-07,TRUE,0.212585538508849,-2.17304742865167,0.0227754675091489,TRUE,TRUE,TRUE,FALSE,FALSE,TRUE,FALSE,0.180355329434279,TRUE,0.333391054349075
"stress",0,63,60,FALSE,42,9,9,51,144,-0.0863827759079114,-0.21704584933567,0.0374378681011821,-0.0863827759079114,0.00746198397355643,TRUE,0.254483717436852,-0.959308469372644,0.00320497210174153,TRUE,TRUE,TRUE,FALSE,FALSE,TRUE,FALSE,0.149250715873585,TRUE,0.32720743537638
"stress",0,64,60,FALSE,43,12,5,55,153,0.0645637160604531,-0.0705148841911672,0.192921493140785,0.0645637160604531,0.00416847343153481,TRUE,0.263436377331953,-1.40786553391652,0.000892884779290171,TRUE,TRUE,TRUE,FALSE,FALSE,TRUE,FALSE,0.263137119890617,TRUE,0.440842381758373
"stress",0,65,60,FALSE,45,9,6,54,153,0.0343436087271709,-0.0849842171948018,0.155537058710812,0.0343436087271709,0.00117948346040501,TRUE,0.240521275905614,-1.81536934625524,0.047120417399384,TRUE,TRUE,TRUE,FALSE,FALSE,TRUE,FALSE,0.204268526212999,TRUE,0.364904555998925
"stress",0,66,60,FALSE,43,13,4,56,155,0.0180332950954168,-0.118896569602943,0.154732543501621,0.0180332950954168,0.000325199731998384,TRUE,0.273629113104564,-1.81478146979856,0.0854528376190444,TRUE,TRUE,TRUE,FALSE,FALSE,TRUE,FALSE,0.298390252455831,TRUE,0.296281442513198
"stress",0,67,60,FALSE,42,14,4,56,154,-0.0891678268534197,-0.206014908625387,0.0244693660526233,-0.0891678268534197,0.00795090134576143,TRUE,0.230484274678011,-0.855377271837682,0.0100560621062868,TRUE,TRUE,TRUE,FALSE,FALSE,TRUE,FALSE,0.160280894459173,TRUE,0.321527973124181
"stress",0,68,60,FALSE,47,11,2,58,163,-0.0403239454553289,-0.152853193993318,0.0704579172283816,-0.0403239454553289,0.00162602057708434,TRUE,0.2233111112217,-1.76806399894318,0.0363071978914604,TRUE,TRUE,TRUE,FALSE,FALSE,TRUE,FALSE,0.187496045332922,TRUE,0.30974111595961
"stress",0,69,60,FALSE,42,11,7,53,148,-0.020361218519922,-0.142904944185739,0.106014716203543,-0.020361218519922,0.000414579219616013,TRUE,0.248919660389282,-1.90770417444938,0.0448453689710391,TRUE,TRUE,TRUE,FALSE,FALSE,TRUE,FALSE,0.180409097587921,TRUE,0.341069846717959
"stress",0,70,60,FALSE,48,8,4,56,160,0.00225119847097016,-0.143096299698365,0.146546341173908,0.00225119847097016,5.06789455569838e-06,TRUE,0.289642640872273,-1.83639122124927,0.0315264297661031,TRUE,TRUE,TRUE,FALSE,FALSE,TRUE,FALSE,0.340574167051827,TRUE,0.308441983603413
"stress",0,71,60,FALSE,37,17,6,54,145,-0.0252036127684346,-0.143329505478028,0.0872592975254323,-0.0252036127684346,0.0006352220965812,TRUE,0.23058880300346,-1.93692370815205,0.0754181611901004,TRUE,TRUE,TRUE,FALSE,FALSE,TRUE,FALSE,0.199471098701511,TRUE,0.354835595045062
"stress",0,72,60,FALSE,43,10,7,53,149,-0.0100915238236863,-0.129798461929548,0.102776769379126,-0.0100915238236863,0.000101838853084028,TRUE,0.232575231308674,-2.02664594331466,0.0383735895759401,TRUE,TRUE,TRUE,FALSE,FALSE,TRUE,FALSE,0.142871243874001,TRUE,0.297113880609315
"stress",0,73,60,FALSE,45,10,5,55,155,0.0654871912013794,-0.0394661334789923,0.169648863015498,0.0654871912013794,0.00428857221144603,TRUE,0.20911499649449,-1.37467799485844,0.0459403289034412,TRUE,TRUE,TRUE,FALSE,FALSE,TRUE,FALSE,0.0692189882043052,TRUE,0.197139344386886
"stress",0,74,60,FALSE,40,14,6,54,148,-0.0241018582861704,-0.152224687763956,0.108392606738277,-0.0241018582861704,0.000580899572846639,TRUE,0.260617294502233,-1.8579955516897,0.0367899901492024,TRUE,TRUE,TRUE,FALSE,FALSE,TRUE,FALSE,0.207698113118277,TRUE,0.390091893137875
"stress",0,75,60,FALSE,46,11,3,57,160,-0.12506023075892,-0.248447920956607,-0.00145625483500406,-0.12506023075892,0.0156400613174743,FALSE,0.246991666121603,-0.00566235922210012,0.0196411825666587,TRUE,TRUE,TRUE,FALSE,FALSE,TRUE,FALSE,0.302183462914586,TRUE,0.307137066370719
"stress",0,76,60,FALSE,40,11,9,51,142,-0.00262207811947219,-0.108386323212657,0.106024561598417,-0.00262207811947219,6.87529366461481e-06,TRUE,0.214410884811074,-2.09968597256517,0.0202862871091725,TRUE,TRUE,TRUE,FALSE,FALSE,TRUE,FALSE,0.109513530119994,TRUE,0.265604184905237
"stress",0,77,60,FALSE,42,13,5,55,152,-0.0451490328639403,-0.147618702667765,0.0546825472625586,-0.0451490328639403,0.00203843516854916,TRUE,0.202301249930323,-1.83089786283256,0.0929670392247317,TRUE,TRUE,TRUE,FALSE,FALSE,TRUE,FALSE,0.122146043214035,TRUE,0.289252991488006
"stress",0,78,60,FALSE,41,14,5,55,151,0.0246562578572117,-0.0968439855145688,0.153685924602001,0.0246562578572117,0.000607931051521314,TRUE,0.25052991011657,-1.89827462626354,0.0226471814146407,TRUE,TRUE,TRUE,FALSE,FALSE,TRUE,FALSE,0.177063082361068,TRUE,0.337670594737758
"stress",0,79,60,FALSE,43,11,6,54,151,0.108728547647378,-0.0256408841530759,0.242961693118724,0.108728547647378,0.0118218970735082,TRUE,0.2686025772718,-0.503207877597475,0.0278087211800653,TRUE,TRUE,TRUE,FALSE,FALSE,TRUE,FALSE,0.224184662310245,TRUE,0.38700191044626
"stress",0,80,60,FALSE,41,15,4,56,153,0.034682587526007,-0.0865488260627723,0.154549768169266,0.034682587526007,0.00120288187749914,TRUE,0.241098594232038,-1.80195110331482,0.0479269401361933,TRUE,TRUE,TRUE,FALSE,FALSE,TRUE,FALSE,0.202577648356896,TRUE,0.387335968363478
"stress",0,81,60,FALSE,42,11,7,53,148,0.0929795736301232,-0.0291771132603983,0.212305622750359,0.0929795736301232,0.00864520111243951,TRUE,0.241482736010757,-0.831885650350102,8.4804029455654e-05,TRUE,TRUE,TRUE,FALSE,FALSE,TRUE,FALSE,0.118738067424581,TRUE,0.282566098357215
"stress",0,82,60,FALSE,40,14,6,54,148,-0.0011373915481735,-0.1175438387109,0.12397187103814,-0.0011373915481735,1.29365953385652e-06,TRUE,0.241515709749039,-2.09585581201191,0.0485799172150223,TRUE,TRUE,TRUE,FALSE,FALSE,TRUE,FALSE,0.168092794487567,TRUE,0.321147895906684
"stress",0,83,60,FALSE,43,11,6,54,151,-0.0638452816017451,-0.175716735739933,0.0512346911715505,-0.0638452816017451,0.00407621998280613,TRUE,0.226951426911483,-1.47061366699131,0.013603165852146,TRUE,TRUE,TRUE,FALSE,FALSE,TRUE,FALSE,0.117912482982829,TRUE,0.280902524754371
"stress",0,84,60,FALSE,40,14,6,54,148,-0.00484204565182979,-0.151354677360824,0.141581122025352,-0.00484204565182979,2.34454060944037e-05,TRUE,0.292935799386175,-1.81332977356465,0.0927138624968222,TRUE,TRUE,TRUE,FALSE,FALSE,TRUE,FALSE,0.319385051269573,TRUE,0.347038635316389
"stress",0,85,60,FALSE,41,12,7,53,147,-0.036935169582834,-0.181606095644678,0.0999107812737587,-0.036935169582834,0.00136420675211271,TRUE,0.281516876918437,-1.7681055966529,0.0367987413667379,TRUE,TRUE,TRUE,FALSE,FALSE,TRUE,FALSE,0.206604441261391,TRUE,0.3880279865691
"stress",0,86,60,FALSE,44,10,6,54,152,-0.0921934945733237,-0.211360661381692,0.0242219280855035,-0.0921934945733237,0.00849964044164147,TRUE,0.235582589467196,-0.794271037800087,0.0672654085454951,TRUE,TRUE,TRUE,FALSE,FALSE,TRUE,FALSE,0.149903033601667,TRUE,0.32245733887952
"stress",0,87,60,FALSE,44,12,4,56,156,-0.0509222255328391,-0.166042496909005,0.0671003811000862,-0.0509222255328391,0.00259307305321733,TRUE,0.233142878009091,-1.60278821454665,0.105125265971708,TRUE,TRUE,TRUE,FALSE,FALSE,TRUE,FALSE,0.14689134053613,TRUE,0.320764525734297
"stress",0,88,60,FALSE,41,12,7,53,147,0.0748299720247364,-0.0501466899654021,0.197070868511046,0.0748299720247364,0.00559952471322283,TRUE,0.247217558476448,-1.23414970819965,0.0352849068436853,TRUE,TRUE,TRUE,FALSE,FALSE,TRUE,FALSE,0.204383408640585,TRUE,0.363908181421516
"stress",0,89,60,FALSE,48,8,4,56,160,-0.0345427649062609,-0.134994897533478,0.0692637691011753,-0.0345427649062609,0.00119320260736921,TRUE,0.204258666634653,-1.8971434499656,0.0343502314690909,TRUE,TRUE,TRUE,FALSE,FALSE,TRUE,FALSE,0.133849126992112,TRUE,0.287519217925132
"stress",0,90,60,FALSE,46,9,5,55,156,0.0521244571367262,-0.0648080815663297,0.168548464759984,0.0521244571367262,0.00271695903179841,TRUE,0.233356546326313,-1.64501954425168,0.0177880231396728,TRUE,TRUE,TRUE,FALSE,FALSE,TRUE,FALSE,0.108390785064342,TRUE,0.274789260061446
"stress",0,91,60,FALSE,44,8,8,52,148,0.0158499268313641,-0.103148877785846,0.141227686577481,0.0158499268313641,0.000251220180559596,TRUE,0.244376564363327,-2.01696359269025,0.04813054052849,TRUE,TRUE,TRUE,FALSE,FALSE,TRUE,FALSE,0.204506057751419,TRUE,0.354288639811202
"stress",0,92,60,FALSE,37,17,6,54,145,0.0104423015992014,-0.104490476886377,0.124764489753116,0.0104423015992014,0.000109041662688683,TRUE,0.229254966639494,-2.09488947781315,0.0417218229176513,TRUE,TRUE,TRUE,FALSE,FALSE,TRUE,FALSE,0.173495804687524,TRUE,0.339803303015454
"stress",0,93,60,FALSE,38,14,8,52,142,0.0663947420614549,-0.0577016620221833,0.187647719164751,0.0663947420614549,0.00440826177340713,TRUE,0.245349381186934,-1.36960808442686,0.0542698856420429,TRUE,TRUE,TRUE,FALSE,FALSE,TRUE,FALSE,0.197522717789143,TRUE,0.33923727876223
"stress",0,94,60,FALSE,45,12,3,57,159,0.0250249411084255,-0.108310689305156,0.15152788131763,0.0250249411084255,0.000626247677480165,TRUE,0.259838570622786,-1.79360278037646,0.0642974983759359,TRUE,TRUE,TRUE,FALSE,FALSE,TRUE,FALSE,0.284209455049197,TRUE,0.329815295654199
"stress",0,95,60,FALSE,42,10,8,52,146,0.0530301057817771,-0.0579010593601025,0.164523162665664,0.0530301057817771,0.00281219211922647,TRUE,0.222424222025767,-1.53316286571942,0.072749047855865,TRUE,TRUE,TRUE,FALSE,FALSE,TRUE,FALSE,0.164048809338317,TRUE,0.317524561173425
"stress",0,96,60,FALSE,42,13,5,55,152,0.00768060808232963,-0.105637216218771,0.118789560429808,0.00768060808232963,5.89917405143472e-05,TRUE,0.22442677664858,-2.1009433717791,0.0198954830169384,TRUE,TRUE,TRUE,FALSE,FALSE,TRUE,FALSE,0.218199571864884,TRUE,0.333798545379932
"stress",0,97,60,FALSE,34,19,7,53,140,-0.0187668404583245,-0.139937403968968,0.101290417610865,-0.0187668404583245,0.000352194300788206,TRUE,0.241227821579834,-1.97940864698728,0.0228172122695582,TRUE,TRUE,TRUE,FALSE,FALSE,TRUE,FALSE,0.233694658647764,TRUE,0.319981504705619
"stress",0,98,60,FALSE,44,10,6,54,152,0.0290967208413471,-0.109252457593119,0.163755071206819,0.0290967208413471,0.000846619163719285,TRUE,0.273007528799939,-1.79457690076168,0.00369965629073477,TRUE,TRUE,TRUE,FALSE,FALSE,TRUE,FALSE,0.270259018915072,TRUE,0.322566696041059
"stress",0,99,60,FALSE,38,15,7,53,144,-0.0311363822830851,-0.150895589186289,0.0861943858168328,-0.0311363822830851,0.000969474301678418,TRUE,0.237089975003122,-1.85806649776981,0.0558188854328137,TRUE,TRUE,TRUE,FALSE,FALSE,TRUE,FALSE,0.156468465309608,TRUE,0.317256602796426
"stress",0,100,60,FALSE,43,9,8,52,147,0.0360265173987259,-0.0845126162046699,0.159536110080048,0.0360265173987259,0.0012979099558807,TRUE,0.244048726284718,-1.88125166544381,0.037459040172422,TRUE,TRUE,TRUE,FALSE,FALSE,TRUE,FALSE,0.177183377107734,TRUE,0.33293563822094
