"intercept_mean","within_slope_mean","between_slope_mean","intercept_sd","slope_sd","intercept_slope_correlation","noise_sd","mean_y","sd_y","mean_q025_y","mean_q975_y","mean_acceptance_rate","sd_acceptance_rate","joint_acceptance_rate","accepted"
-0.9,-0.5,0,0.1,0.1,-0.5,0.3,-0.902311351161374,0.602851323801435,-2.06195979156947,0.270506580905085,0,0.45,0,"no"
-0.9,-0.5,0,0.1,0.1,-0.5,0.6,-0.904222540451522,0.798703234939726,-2.4333152309938,0.631041168840419,0,1,0,"no"
-0.9,-0.5,0,0.1,0.1,-0.5,0.9,-0.906133729741669,1.04495846139745,-2.90331215436658,1.08275918514672,0,1,0,"no"
-0.9,-0.5,0,0.1,0.1,-0.5,1,-0.906770792838385,1.13276780574254,-3.07283002332319,1.24849966270844,0,0.99,0,"no"
-0.9,-0.5,0,0.1,0.1,0,0.3,-0.902311351161374,0.60239606690358,-2.08400279833252,0.257803656821736,0,0.43,0,"no"
-0.9,-0.5,0,0.1,0.1,0,0.6,-0.904222540451522,0.79826794197952,-2.44401037014749,0.620495085521647,0,1,0,"no"
-0.9,-0.5,0,0.1,0.1,0,0.9,-0.906133729741669,1.04454987735453,-2.91250978344599,1.08355743066062,0,1,0,"no"
-0.9,-0.5,0,0.1,0.1,0,1,-0.906770792838385,1.13236715826463,-3.07795828774594,1.24896497823578,0,0.99,0,"no"
-0.9,-0.5,0,0.1,0.1,0.5,0.3,-0.902311351161374,0.602181544301761,-2.10129507269805,0.232564742539984,0,0.42,0,"no"
-0.9,-0.5,0,0.1,0.1,0.5,0.6,-0.904222540451522,0.798141213170922,-2.4531090419748,0.61035768379225,0,1,0,"no"
-0.9,-0.5,0,0.1,0.1,0.5,0.9,-0.906133729741669,1.04447801054474,-2.92010361990969,1.07813399573856,0,1,0,"no"
-0.9,-0.5,0,0.1,0.1,0.5,1,-0.906770792838385,1.13230852716299,-3.08721138057607,1.24746745372451,0,0.99,0,"no"
-0.9,-0.5,0,0.1,0.2,-0.5,0.3,-0.902311351161374,0.625312875077699,-2.11067696603119,0.349503685134825,0,0.6,0,"no"
-0.9,-0.5,0,0.1,0.2,-0.5,0.6,-0.904222540451522,0.815549707917469,-2.45597064618152,0.678894825372294,0,1,0,"no"
-0.9,-0.5,0,0.1,0.2,-0.5,0.9,-0.906133729741669,1.0576548155107,-2.92204404811718,1.12618944348402,0,1,0,"no"
-0.9,-0.5,0,0.1,0.2,-0.5,1,-0.906770792838385,1.14441014360259,-3.09260950289276,1.28917453057795,0,0.99,0,"no"
-0.9,-0.5,0,0.1,0.2,0,0.3,-0.902311351161374,0.6241802949633,-2.14501970271965,0.328032904937599,0,0.59,0,"no"
-0.9,-0.5,0,0.1,0.2,0,0.6,-0.904222540451522,0.814524236663418,-2.47763406563293,0.6629958023329,0,1,0,"no"
-0.9,-0.5,0,0.1,0.2,0,0.9,-0.906133729741669,1.05672470310345,-2.93815369532639,1.12723123976785,0,1,0,"no"
-0.9,-0.5,0,0.1,0.2,0,1,-0.906770792838385,1.14350569521337,-3.10196133504124,1.29047519431382,0,0.99,0,"no"
-0.9,-0.5,0,0.1,0.2,0.5,0.3,-0.902311351161374,0.623150559474022,-2.17145619156567,0.292317603948125,0,0.61,0,"no"
-0.9,-0.5,0,0.1,0.2,0.5,0.6,-0.904222540451522,0.813802450012142,-2.50265814530648,0.644555168747398,0,1,0,"no"
-0.9,-0.5,0,0.1,0.2,0.5,0.9,-0.906133729741669,1.05621709296672,-2.95354534774349,1.11599137949267,0,1,0,"no"
-0.9,-0.5,0,0.1,0.2,0.5,1,-0.906770792838385,1.14305169924703,-3.12118704649063,1.27984407827244,0,0.99,0,"no"
-0.9,-0.5,0,0.1,0.3,-0.5,0.3,-0.902311351161374,0.661877078554859,-2.18461187068975,0.470627324433951,0,0.83,0,"no"
-0.9,-0.5,0,0.1,0.3,-0.5,0.6,-0.904222540451522,0.843750030973552,-2.51049373051039,0.750071601115493,0,1,0,"no"
-0.9,-0.5,0,0.1,0.3,-0.5,0.9,-0.906133729741669,1.07936285530689,-2.96138949206706,1.1799538042957,0,1,0,"no"
-0.9,-0.5,0,0.1,0.3,-0.5,1,-0.906770792838385,1.16443307477575,-3.12533816445479,1.33496843422117,0,0.98,0,"no"
-0.9,-0.5,0,0.1,0.3,0,0.3,-0.902311351161374,0.659915326152979,-2.23126415491684,0.430185269602789,0,0.8,0,"no"
-0.9,-0.5,0,0.1,0.3,0,0.6,-0.904222540451522,0.842007985633576,-2.54195272888006,0.733478282878792,0,1,0,"no"
-0.9,-0.5,0,0.1,0.3,0,0.9,-0.906133729741669,1.07781048525616,-2.97571538416168,1.17498037031316,0,1,0,"no"
-0.9,-0.5,0,0.1,0.3,0,1,-0.906770792838385,1.16293117369572,-3.13968953587689,1.33575503097079,0,0.98,0,"no"
-0.9,-0.5,0,0.1,0.3,0.5,0.3,-0.902311351161374,0.657564897091393,-2.26102839191212,0.379319446017052,0,0.81,0,"no"
-0.9,-0.5,0,0.1,0.3,0.5,0.6,-0.904222540451522,0.840268816855802,-2.57178516775556,0.706274526911094,0,1,0,"no"
-0.9,-0.5,0,0.1,0.3,0.5,0.9,-0.906133729741669,1.07652434153954,-2.99687157078707,1.15691646254341,0,1,0,"no"
-0.9,-0.5,0,0.1,0.3,0.5,1,-0.906770792838385,1.16176153853135,-3.15373164012493,1.32033393039898,0,0.97,0,"no"
-0.9,-0.5,0,0.2,0.1,-0.5,0.3,-0.9027115130326,0.626560736789068,-2.08916824636563,0.326800681382418,0,0.7,0,"no"
-0.9,-0.5,0,0.2,0.1,-0.5,0.6,-0.904622702322748,0.817079682626555,-2.45446147125897,0.67603675219015,0,1,0,"no"
-0.9,-0.5,0,0.2,0.1,-0.5,0.9,-0.906533891612896,1.05932657043054,-2.92161123545942,1.11692041228635,0,1,0,"no"
-0.9,-0.5,0,0.2,0.1,-0.5,1,-0.907170954709612,1.1461154926723,-3.08808205908316,1.27365828393696,0,0.99,0,"no"
-0.9,-0.5,0,0.2,0.1,0,0.3,-0.9027115130326,0.626142575549892,-2.12259344390877,0.296623009174995,0,0.69,0,"no"
-0.9,-0.5,0,0.2,0.1,0,0.6,-0.904622702322748,0.816664120678125,-2.47389547826392,0.65726733168972,0,1,0,"no"
-0.9,-0.5,0,0.2,0.1,0,0.9,-0.906533891612896,1.0589291798412,-2.93403418086934,1.10603152434799,0,1,0,"no"
-0.9,-0.5,0,0.2,0.1,0,1,-0.907170954709612,1.1457243617903,-3.10222675424854,1.2679009928644,0,0.99,0,"no"
-0.9,-0.5,0,0.2,0.1,0.5,0.3,-0.9027115130326,0.62594619250081,-2.15349319926107,0.266067117203911,0,0.72,0,"no"
-0.9,-0.5,0,0.2,0.1,0.5,0.6,-0.904622702322748,0.816546254242492,-2.49460017274141,0.639944844227161,0,1,0,"no"
-0.9,-0.5,0,0.2,0.1,0.5,0.9,-0.906533891612896,1.05886261882809,-2.94956290750744,1.09612411367155,0,1,0,"no"
-0.9,-0.5,0,0.2,0.1,0.5,1,-0.907170954709612,1.14567038587873,-3.11309264518312,1.26006212850239,0,0.99,0,"no"
-0.9,-0.5,0,0.2,0.2,-0.5,0.3,-0.9027115130326,0.648225333777216,-2.12357455375846,0.415357766858269,0,0.83,0,"no"
-0.9,-0.5,0,0.2,0.2,-0.5,0.6,-0.904622702322748,0.833557564801417,-2.4694574666005,0.729691582293497,0,1,0,"no"
-0.9,-0.5,0,0.2,0.2,-0.5,0.9,-0.906533891612896,1.07184965790756,-2.93466357275354,1.16204809200506,0,1,0,"no"
-0.9,-0.5,0,0.2,0.2,-0.5,1,-0.907170954709612,1.15761988286312,-3.10415667522128,1.32226320543007,0,0.99,0,"no"
-0.9,-0.5,0,0.2,0.2,0,0.3,-0.9027115130326,0.647178513657271,-2.18155740485352,0.363020875139163,0,0.82,0,"no"
-0.9,-0.5,0,0.2,0.2,0,0.6,-0.904622702322748,0.832576747951226,-2.510369300575,0.695976948257772,0,1,0,"no"
-0.9,-0.5,0,0.2,0.2,0,0.9,-0.906533891612896,1.07094416225608,-2.9577628180352,1.14602085224207,0,1,0,"no"
-0.9,-0.5,0,0.2,0.2,0,1,-0.907170954709612,1.15673618153046,-3.1205781679557,1.30763925041282,0,0.99,0,"no"
-0.9,-0.5,0,0.2,0.2,0.5,0.3,-0.9027115130326,0.646198339079888,-2.23677414792351,0.29848661838373,0,0.8,0,"no"
-0.9,-0.5,0,0.2,0.2,0.5,0.6,-0.904622702322748,0.831879786267949,-2.55085553251438,0.661010027068799,0,1,0,"no"
-0.9,-0.5,0,0.2,0.2,0.5,0.9,-0.906533891612896,1.0704506904826,-2.98606290472375,1.12936088023669,0,1,0,"no"
-0.9,-0.5,0,0.2,0.2,0.5,1,-0.907170954709612,1.1562943264474,-3.14784063380575,1.28987081914253,0,0.99,0,"no"
-0.9,-0.5,0,0.2,0.3,-0.5,0.3,-0.9027115130326,0.68359882527964,-2.18440992053175,0.537992577984317,0,0.94,0,"no"
-0.9,-0.5,0,0.2,0.3,-0.5,0.6,-0.904622702322748,0.861175148546771,-2.52167484968213,0.807800092563194,0,1,0,"no"
-0.9,-0.5,0,0.2,0.3,-0.5,0.9,-0.906533891612896,1.09327399392417,-2.9671111760043,1.2185688109948,0,1,0,"no"
-0.9,-0.5,0,0.2,0.3,-0.5,1,-0.907170954709612,1.17741523983325,-3.13195302307173,1.36838354830972,0,0.97,0,"no"
-0.9,-0.5,0,0.2,0.3,0,0.3,-0.9027115130326,0.681770810000674,-2.26275162701453,0.468367020149752,0,0.93,0,"no"
-0.9,-0.5,0,0.2,0.3,0,0.6,-0.904622702322748,0.859504586383191,-2.57094700217278,0.759616690804706,0,1,0,"no"
-0.9,-0.5,0,0.2,0.3,0,0.9,-0.906533891612896,1.09176102167074,-2.99428250641142,1.19088546731209,0,1,0,"no"
-0.9,-0.5,0,0.2,0.3,0,1,-0.907170954709612,1.17594644710195,-3.15470284298642,1.34965722540318,0,0.97,0,"no"
-0.9,-0.5,0,0.2,0.3,0.5,0.3,-0.9027115130326,0.679507500727372,-2.33423560145379,0.371247678384485,0,0.92,0,"no"
-0.9,-0.5,0,0.2,0.3,0.5,0.6,-0.904622702322748,0.85781097880585,-2.62674143675482,0.712885998296128,0,1,0,"no"
-0.9,-0.5,0,0.2,0.3,0.5,0.9,-0.906533891612896,1.09050068036825,-3.03014711536138,1.16175530744138,0,1,0,"no"
-0.9,-0.5,0,0.2,0.3,0.5,1,-0.907170954709612,1.17479879154932,-3.18973500528758,1.32228947014299,0,0.96,0,"no"
-0.9,-0.5,0,0.3,0.1,-0.5,0.3,-0.903111674903827,0.663843864506444,-2.14354148131129,0.408867592025361,0,0.99,0,"no"
-0.9,-0.5,0,0.3,0.1,-0.5,0.6,-0.905022864193974,0.84635065193039,-2.50087783378492,0.73320899321692,0,1,0,"no"
-0.9,-0.5,0,0.3,0.1,-0.5,0.9,-0.906934053484122,1.08232119964852,-2.96024623993119,1.15835272696535,0,1,0,"no"
-0.9,-0.5,0,0.3,0.1,-0.5,1,-0.907571116580838,1.16748113600634,-3.13106686487205,1.31438225462932,0,0.99,0,"no"
-0.9,-0.5,0,0.3,0.1,0,0.3,-0.903111674903827,0.663474614673994,-2.18528712242927,0.368056399564266,0,0.98,0,"no"
-0.9,-0.5,0,0.3,0.1,0,0.6,-0.905022864193974,0.845962910747578,-2.52876762105934,0.708765173967915,0,1,0,"no"
-0.9,-0.5,0,0.3,0.1,0,0.9,-0.906934053484122,1.08193982715317,-2.98076532373141,1.14313362019122,0,1,0,"no"
-0.9,-0.5,0,0.3,0.1,0,1,-0.907571116580838,1.16710359582955,-3.14587300814597,1.30031750151301,0,0.99,0,"no"
-0.9,-0.5,0,0.3,0.1,0.5,0.3,-0.903111674903827,0.663302836612743,-2.22306777419313,0.322043310434875,0,0.97,0,"no"
-0.9,-0.5,0,0.3,0.1,0.5,0.6,-0.905022864193974,0.845856986915603,-2.55703070043062,0.680249460039435,0,1,0,"no"
-0.9,-0.5,0,0.3,0.1,0.5,0.9,-0.906934053484122,1.08187990571855,-2.99962871032104,1.12659037433922,0,1,0,"no"
-0.9,-0.5,0,0.3,0.1,0.5,1,-0.907571116580838,1.16705529642082,-3.16018578882344,1.28921792774234,0,0.99,0,"no"
-0.9,-0.5,0,0.3,0.2,-0.5,0.3,-0.903111674903827,0.684363678822895,-2.16198023649085,0.506199314502398,0,0.99,0,"no"
-0.9,-0.5,0,0.3,0.2,-0.5,0.6,-0.905022864193974,0.862275940076874,-2.51275553323042,0.801315691253762,0,1,0,"no"
-0.9,-0.5,0,0.3,0.2,-0.5,0.9,-0.906934053484122,1.09457963527971,-2.97121865516895,1.21086658016814,0,1,0,"no"
-0.9,-0.5,0,0.3,0.2,-0.5,1,-0.907571116580838,1.17877443716477,-3.13905438430119,1.36230580726628,0,0.98,0,"no"
-0.9,-0.5,0,0.3,0.2,0,0.3,-0.903111674903827,0.683431201952555,-2.23937626895509,0.424691598231522,0,0.98,0,"no"
-0.9,-0.5,0,0.3,0.2,0,0.6,-0.905022864193974,0.861358607164741,-2.56364518135549,0.753023351199873,0,1,0,"no"
-0.9,-0.5,0,0.3,0.2,0,0.9,-0.906934053484122,1.09370981094279,-3.00105690952857,1.18332537018611,0,1,0,"no"
-0.9,-0.5,0,0.3,0.2,0,1,-0.907571116580838,1.17792077653676,-3.16458588183119,1.33856434364356,0,0.99,0,"no"
-0.9,-0.5,0,0.3,0.2,0.5,0.3,-0.903111674903827,0.682521067689224,-2.31743049242396,0.341722444210492,0,0.98,0,"no"
-0.9,-0.5,0,0.3,0.2,0.5,0.6,-0.905022864193974,0.860696656424682,-2.61533972291566,0.693009402496724,0,1,0,"no"
-0.9,-0.5,0,0.3,0.2,0.5,0.9,-0.906934053484122,1.09323522821264,-3.04043631325897,1.15038457132146,0,1,0,"no"
-0.9,-0.5,0,0.3,0.2,0.5,1,-0.907571116580838,1.17749479226568,-3.19478443939066,1.31230401661542,0,0.97,0,"no"
-0.9,-0.5,0,0.3,0.3,-0.5,0.3,-0.903111674903827,0.718010207896426,-2.21853270305297,0.624008815933523,0,0.99,0,"no"
-0.9,-0.5,0,0.3,0.3,-0.5,0.6,-0.905022864193974,0.889015327789709,-2.5525622753909,0.888182479635389,0,1,0,"no"
-0.9,-0.5,0,0.3,0.3,-0.5,0.9,-0.906934053484122,1.11556814277297,-2.9967605841527,1.2727092839665,0,1,0,"no"
-0.9,-0.5,0,0.3,0.3,-0.5,1,-0.907571116580838,1.19821926252805,-3.16317627419185,1.41918097014831,0,0.92,0,"no"
-0.9,-0.5,0,0.3,0.3,0,0.3,-0.903111674903827,0.716363499310636,-2.31468528377326,0.52500430642896,0,0.99,0,"no"
-0.9,-0.5,0,0.3,0.3,0,0.6,-0.905022864193974,0.88744718086547,-2.6281133552489,0.814741155378824,0,1,0,"no"
-0.9,-0.5,0,0.3,0.3,0,0.9,-0.906934053484122,1.1141127865355,-3.03700568698601,1.22663239263556,0,1,0,"no"
-0.9,-0.5,0,0.3,0.3,0,1,-0.907571116580838,1.19679890084723,-3.19721675557677,1.38217414626237,0,0.92,0,"no"
-0.9,-0.5,0,0.3,0.3,0.5,0.3,-0.903111674903827,0.71422588352552,-2.41932732800469,0.395193731787636,0,0.98,0,"no"
-0.9,-0.5,0,0.3,0.3,0.5,0.6,-0.905022864193974,0.88581913117477,-2.69310543320681,0.737154896599873,0,1,0,"no"
-0.9,-0.5,0,0.3,0.3,0.5,0.9,-0.906934053484122,1.11288807195143,-3.0889361185599,1.1870536164527,0,1,0,"no"
-0.9,-0.5,0,0.3,0.3,0.5,1,-0.907571116580838,1.19568105746596,-3.2413022794636,1.34233745751951,0,0.91,0,"no"
-0.9,-0.4,0,0.1,0.1,-0.5,0.3,-0.902311351161374,0.522035096612563,-1.89934401366655,0.116833200856929,0,0,0,"no"
-0.9,-0.4,0,0.1,0.1,-0.5,0.6,-0.904222540451522,0.738905493113066,-2.31332603763589,0.515965667749255,0,1,0,"no"
-0.9,-0.4,0,0.1,0.1,-0.5,0.9,-0.906133729741669,0.99946547841562,-2.81841838534887,1.00077798346963,0,1,0,"no"
-0.9,-0.4,0,0.1,0.1,-0.5,1,-0.906770792838385,1.09077716997434,-2.99949999797798,1.17369278117919,0,1,0,"no"
-0.9,-0.4,0,0.1,0.1,0,0.3,-0.902311351161374,0.521562354818936,-1.92505497809267,0.100296522451921,0,0,0,"no"
-0.9,-0.4,0,0.1,0.1,0,0.6,-0.904222540451522,0.738470204693144,-2.32534530378308,0.511287499422888,0,1,0,"no"
-0.9,-0.4,0,0.1,0.1,0,0.9,-0.906133729741669,0.99906378300558,-2.81703156704911,0.998206345744889,0,1,0,"no"
-0.9,-0.4,0,0.1,0.1,0,1,-0.906770792838385,1.0903844368831,-2.99593980816568,1.16873354788877,0,1,0,"no"
-0.9,-0.4,0,0.1,0.1,0.5,0.3,-0.902311351161374,0.521303542459591,-1.94165237473642,0.0794058997285189,0,0,0,"no"
-0.9,-0.4,0,0.1,0.1,0.5,0.6,-0.904222540451522,0.738323632024497,-2.33416803685232,0.501295999353536,0,1,0,"no"
-0.9,-0.4,0,0.1,0.1,0.5,0.9,-0.906133729741669,0.998981509301867,-2.82640050446564,0.995068776025014,0,1,0,"no"
-0.9,-0.4,0,0.1,0.1,0.5,1,-0.906770792838385,1.09031710616815,-2.99866695957492,1.16817778095757,0,1,0,"no"
-0.9,-0.4,0,0.1,0.2,-0.5,0.3,-0.902311351161374,0.548061265342524,-1.94943098004347,0.202395536696836,0,0.07,0,"no"
-0.9,-0.4,0,0.1,0.2,-0.5,0.6,-0.904222540451522,0.757260277645171,-2.34078122396414,0.565389761180712,0,1,0,"no"
-0.9,-0.4,0,0.1,0.2,-0.5,0.9,-0.906133729741669,1.01285346102665,-2.84306186459566,1.03762836315703,0,1,0,"no"
-0.9,-0.4,0,0.1,0.2,-0.5,1,-0.906770792838385,1.10297114115316,-3.02462623963198,1.2047935568506,0,1,0,"no"
-0.9,-0.4,0,0.1,0.2,0,0.3,-0.902311351161374,0.546879498621007,-1.99008403286267,0.173054174034759,0,0.07,0,"no"
-0.9,-0.4,0,0.1,0.2,0,0.6,-0.904222540451522,0.756231431032951,-2.35773526351779,0.554046629585965,0,1,0,"no"
-0.9,-0.4,0,0.1,0.2,0,0.9,-0.906133729741669,1.01193605337354,-2.8424233984552,1.03413375758339,0,1,0,"no"
-0.9,-0.4,0,0.1,0.2,0,1,-0.906770792838385,1.10208171090734,-3.01890560921092,1.19984751682677,0,1,0,"no"
-0.9,-0.4,0,0.1,0.2,0.5,0.3,-0.902311351161374,0.545678529542441,-2.01850662464649,0.138919727382987,0,0.08,0,"no"
-0.9,-0.4,0,0.1,0.2,0.5,0.6,-0.904222540451522,0.755433659839105,-2.37851663577107,0.535188230777148,0,1,0,"no"
-0.9,-0.4,0,0.1,0.2,0.5,0.9,-0.906133729741669,1.01139123703048,-2.86217534259805,1.02674530341431,0,1,0,"no"
-0.9,-0.4,0,0.1,0.2,0.5,1,-0.906770792838385,1.10159741811267,-3.03164939342995,1.19300769621109,0,1,0,"no"
-0.9,-0.4,0,0.1,0.3,-0.5,0.3,-0.902311351161374,0.589704350962005,-2.03069788598049,0.328170448909614,0,0.37,0,"no"
-0.9,-0.4,0,0.1,0.3,-0.5,0.6,-0.904222540451522,0.787748949462121,-2.39720510780244,0.638073220201436,0,1,0,"no"
-0.9,-0.4,0,0.1,0.3,-0.5,0.9,-0.906133729741669,1.03563712446681,-2.87649215068189,1.08378879561861,0,1,0,"no"
-0.9,-0.4,0,0.1,0.3,-0.5,1,-0.906770792838385,1.12385366517708,-3.05106044913791,1.24433311197729,0,0.99,0,"no"
-0.9,-0.4,0,0.1,0.3,0,0.3,-0.902311351161374,0.587674822504379,-2.08057669007884,0.282520074937475,0,0.36,0,"no"
-0.9,-0.4,0,0.1,0.3,0,0.6,-0.904222540451522,0.786002899279197,-2.41942669817469,0.615545178231483,0,1,0,"no"
-0.9,-0.4,0,0.1,0.3,0,0.9,-0.906133729741669,1.03410393403159,-2.88742139231178,1.08620953276343,0,1,0,"no"
-0.9,-0.4,0,0.1,0.3,0,1,-0.906770792838385,1.12237429361929,-3.05936259988757,1.24834665350652,0,1,0,"no"
-0.9,-0.4,0,0.1,0.3,0.5,0.3,-0.902311351161374,0.584986763199335,-2.11267459935492,0.233360696709229,0,0.36,0,"no"
-0.9,-0.4,0,0.1,0.3,0.5,0.6,-0.904222540451522,0.784106366089501,-2.44818622830413,0.593479698099697,0,1,0,"no"
-0.9,-0.4,0,0.1,0.3,0.5,0.9,-0.906133729741669,1.03274006724082,-2.90337065241405,1.07633082296599,0,1,0,"no"
-0.9,-0.4,0,0.1,0.3,0.5,1,-0.906770792838385,1.12114156958117,-3.07415089472816,1.23956534866911,0,1,0,"no"
-0.9,-0.4,0,0.2,0.1,-0.5,0.3,-0.9027115130326,0.549228733473899,-1.93286115662275,0.179457956349849,0,0.03,0,"no"
-0.9,-0.4,0,0.2,0.1,-0.5,0.6,-0.904622702322748,0.75872008362915,-2.3370684781204,0.558137620914609,0,1,0,"no"
-0.9,-0.4,0,0.2,0.1,-0.5,0.9,-0.906533891612896,1.01447254571989,-2.84305627218239,1.0259372569104,0,1,0,"no"
-0.9,-0.4,0,0.2,0.1,-0.5,1,-0.907170954709612,1.10462829033656,-3.02267870010704,1.19481816138601,0,1,0,"no"
-0.9,-0.4,0,0.2,0.1,0,0.3,-0.9027115130326,0.548804171605703,-1.97242550271731,0.148590017884198,0,0.03,0,"no"
-0.9,-0.4,0,0.2,0.1,0,0.6,-0.904622702322748,0.75830698480409,-2.35887992576491,0.542097798055073,0,1,0,"no"
-0.9,-0.4,0,0.2,0.1,0,0.9,-0.906533891612896,1.01408262558887,-2.85144252438837,1.01994986413983,0,1,0,"no"
-0.9,-0.4,0,0.2,0.1,0,1,-0.907170954709612,1.10424544328529,-3.02533741415411,1.19052661966469,0,1,0,"no"
-0.9,-0.4,0,0.2,0.1,0.5,0.3,-0.9027115130326,0.548569612513581,-1.99938469779874,0.114035628022151,0,0.02,0,"no"
-0.9,-0.4,0,0.2,0.1,0.5,0.6,-0.904622702322748,0.758170812302219,-2.3792548303464,0.525585468376403,0,1,0,"no"
-0.9,-0.4,0,0.2,0.1,0.5,0.9,-0.906533891612896,1.01400620363638,-2.86169279535838,1.00931943448568,0,1,0,"no"
-0.9,-0.4,0,0.2,0.1,0.5,1,-0.907170954709612,1.10418317957168,-3.03318485791197,1.18038853308335,0,1,0,"no"
-0.9,-0.4,0,0.2,0.2,-0.5,0.3,-0.9027115130326,0.574053916777416,-1.96837506503607,0.275372030205432,0,0.21,0,"no"
-0.9,-0.4,0,0.2,0.2,-0.5,0.6,-0.904622702322748,0.776607632807799,-2.35916769270564,0.620369917327732,0,1,0,"no"
-0.9,-0.4,0,0.2,0.2,-0.5,0.9,-0.906533891612896,1.02766051569594,-2.85970123948646,1.07417113084469,0,1,0,"no"
-0.9,-0.4,0,0.2,0.2,-0.5,1,-0.907170954709612,1.11666608449436,-3.04003153078367,1.23976711997468,0,1,0,"no"
-0.9,-0.4,0,0.2,0.2,0,0.3,-0.9027115130326,0.572982556021233,-2.02853267620626,0.217115753396386,0,0.2,0,"no"
-0.9,-0.4,0,0.2,0.2,0,0.6,-0.904622702322748,0.775628933650008,-2.39213820158026,0.586357008667756,0,1,0,"no"
-0.9,-0.4,0,0.2,0.2,0,0.9,-0.906533891612896,1.02676900300325,-2.87161381850961,1.05416742619654,0,1,0,"no"
-0.9,-0.4,0,0.2,0.2,0,1,-0.907170954709612,1.11579820901562,-3.04564683541113,1.22137168200827,0,1,0,"no"
-0.9,-0.4,0,0.2,0.2,0.5,0.3,-0.9027115130326,0.571849623523604,-2.0894901320677,0.147810870375605,0,0.14,0,"no"
-0.9,-0.4,0,0.2,0.2,0.5,0.6,-0.904622702322748,0.774860923933536,-2.42628632591904,0.554442524343002,0,1,0,"no"
-0.9,-0.4,0,0.2,0.2,0.5,0.9,-0.906533891612896,1.02623994539182,-2.89619718184754,1.03826653505554,0,1,0,"no"
-0.9,-0.4,0,0.2,0.2,0.5,1,-0.907170954709612,1.11532724081322,-3.06647050229165,1.20752884854067,0,1,0,"no"
-0.9,-0.4,0,0.2,0.3,-0.5,0.3,-0.9027115130326,0.613977005252304,-2.04210665543751,0.396071419351369,0,0.5,0,"no"
-0.9,-0.4,0,0.2,0.3,-0.5,0.6,-0.904622702322748,0.806370340207082,-2.41226559909947,0.698690413013542,0,1,0,"no"
-0.9,-0.4,0,0.2,0.3,-0.5,0.9,-0.906533891612896,1.05011955626126,-2.88418212915857,1.12293839369378,0,1,0,"no"
-0.9,-0.4,0,0.2,0.3,-0.5,1,-0.907170954709612,1.13729290315362,-3.05994052236159,1.28123849966768,0,0.99,0,"no"
-0.9,-0.4,0,0.2,0.3,0,0.3,-0.9027115130326,0.612114169668621,-2.11503563583538,0.32553369927296,0,0.52,0,"no"
-0.9,-0.4,0,0.2,0.3,0,0.6,-0.904622702322748,0.804703804669671,-2.45608168882911,0.647017830130508,0,1,0,"no"
-0.9,-0.4,0,0.2,0.3,0,0.9,-0.906533891612896,1.04862768330092,-2.91284622427426,1.10085069241086,0,1,0,"no"
-0.9,-0.4,0,0.2,0.3,0,1,-0.907170954709612,1.13584785431275,-3.0836560915384,1.26074331450973,0,0.99,0,"no"
-0.9,-0.4,0,0.2,0.3,0.5,0.3,-0.9027115130326,0.609544538132711,-2.18822786698962,0.233113371107264,0,0.49,0,"no"
-0.9,-0.4,0,0.2,0.3,0.5,0.6,-0.904622702322748,0.802861987534866,-2.50095977348841,0.61081258361175,0,1,0,"no"
-0.9,-0.4,0,0.2,0.3,0.5,0.9,-0.906533891612896,1.04729265773498,-2.94339027566738,1.07322837078777,0,1,0,"no"
-0.9,-0.4,0,0.2,0.3,0.5,1,-0.907170954709612,1.13463931503452,-3.11212775338544,1.24164510459573,0,1,0,"no"
-0.9,-0.4,0,0.3,0.1,-0.5,0.3,-0.903111674903827,0.59136919013887,-1.99650693396058,0.271930873518011,0,0.27,0,"no"
-0.9,-0.4,0,0.3,0.1,-0.5,0.6,-0.905022864193974,0.790135039050579,-2.39190759424766,0.617566498372117,0,1,0,"no"
-0.9,-0.4,0,0.3,0.1,-0.5,0.9,-0.906934053484122,1.03845005830944,-2.88917069631223,1.07103794050393,0,1,0,"no"
-0.9,-0.4,0,0.3,0.1,-0.5,1,-0.907571116580838,1.12677237022246,-3.06196051546844,1.23530667863539,0,0.99,0,"no"
-0.9,-0.4,0,0.3,0.1,0,0.3,-0.903111674903827,0.591004388796794,-2.03992036672833,0.228105376047318,0,0.23,0,"no"
-0.9,-0.4,0,0.3,0.1,0,0.6,-0.905022864193974,0.789752523405329,-2.41746939610214,0.591055422929004,0,1,0,"no"
-0.9,-0.4,0,0.3,0.1,0,0.9,-0.906934053484122,1.03807675610774,-2.90080866527453,1.05598641772705,0,1,0,"no"
-0.9,-0.4,0,0.3,0.1,0,1,-0.907571116580838,1.12640346150576,-3.07413455297844,1.22278493228119,0,0.99,0,"no"
-0.9,-0.4,0,0.3,0.1,0.5,0.3,-0.903111674903827,0.590800979136599,-2.08253931229207,0.183374606495394,0,0.24,0,"no"
-0.9,-0.4,0,0.3,0.1,0.5,0.6,-0.905022864193974,0.789629781439459,-2.44445507868325,0.56608232151076,0,1,0,"no"
-0.9,-0.4,0,0.3,0.1,0.5,0.9,-0.906934053484122,1.03800738413026,-2.91452127453862,1.04451933701828,0,1,0,"no"
-0.9,-0.4,0,0.3,0.1,0.5,1,-0.907571116580838,1.12634715943977,-3.08500442580557,1.21251984924325,0,0.99,0,"no"
-0.9,-0.4,0,0.3,0.2,-0.5,0.3,-0.903111674903827,0.614538189814343,-2.02052277222308,0.369532157065254,0,0.53,0,"no"
-0.9,-0.4,0,0.3,0.2,-0.5,0.6,-0.905022864193974,0.807332455789823,-2.41085800380721,0.685815627878805,0,1,0,"no"
-0.9,-0.4,0,0.3,0.2,-0.5,0.9,-0.906934053484122,1.0513345263657,-2.89733005226267,1.11892395677203,0,1,0,"no"
-0.9,-0.4,0,0.3,0.2,-0.5,1,-0.907571116580838,1.1385724658957,-3.06952891186661,1.28042640368449,0,0.99,0,"no"
-0.9,-0.4,0,0.3,0.2,0,0.3,-0.903111674903827,0.613606267399268,-2.09634338641385,0.293114256902355,0,0.52,0,"no"
-0.9,-0.4,0,0.3,0.2,0,0.6,-0.905022864193974,0.806423618319548,-2.45104408427235,0.637087300499633,0,1,0,"no"
-0.9,-0.4,0,0.3,0.2,0,0.9,-0.906934053484122,1.05048010377539,-2.92493386532353,1.0918705593006,0,1,0,"no"
-0.9,-0.4,0,0.3,0.2,0,1,-0.907571116580838,1.13773547046074,-3.09473634179717,1.25664682102175,0,0.99,0,"no"
-0.9,-0.4,0,0.3,0.2,0.5,0.3,-0.903111674903827,0.612565619441294,-2.17681883408926,0.204731248501526,0,0.5,0,"no"
-0.9,-0.4,0,0.3,0.2,0.5,0.6,-0.905022864193974,0.805696371038215,-2.49783019227582,0.590862439637924,0,1,0,"no"
-0.9,-0.4,0,0.3,0.2,0.5,0.9,-0.906934053484122,1.04997157320165,-2.94823887784474,1.06609385160699,0,1,0,"no"
-0.9,-0.4,0,0.3,0.2,0.5,1,-0.907571116580838,1.13728150352941,-3.11328337636711,1.23404597403865,0,0.99,0,"no"
-0.9,-0.4,0,0.3,0.3,-0.5,0.3,-0.903111674903827,0.652049249497495,-2.08442028345113,0.485176997398147,0,0.77,0,"no"
-0.9,-0.4,0,0.3,0.3,-0.5,0.6,-0.905022864193974,0.836014893314791,-2.45475498388714,0.774463600796267,0,1,0,"no"
-0.9,-0.4,0,0.3,0.3,-0.5,0.9,-0.906934053484122,1.0732975953842,-2.92177876231044,1.17468528218998,0,1,0,"no"
-0.9,-0.4,0,0.3,0.3,-0.5,1,-0.907571116580838,1.15880715532518,-3.09538879294988,1.32600042857359,0,0.99,0,"no"
-0.9,-0.4,0,0.3,0.3,0,0.3,-0.903111674903827,0.650402630427484,-2.17441516874789,0.39013562214605,0,0.77,0,"no"
-0.9,-0.4,0,0.3,0.3,0,0.6,-0.905022864193974,0.834460307533239,-2.51440795932735,0.70536961926492,0,1,0,"no"
-0.9,-0.4,0,0.3,0.3,0,0.9,-0.906934053484122,1.07186556788121,-2.96431994168094,1.13638541667275,0,1,0,"no"
-0.9,-0.4,0,0.3,0.3,0,1,-0.907571116580838,1.15741187796049,-3.13346299535892,1.29378819046334,0,0.99,0,"no"
-0.9,-0.4,0,0.3,0.3,0.5,0.3,-0.903111674903827,0.647998171670061,-2.27623128867913,0.269432922389446,0,0.78,0,"no"
-0.9,-0.4,0,0.3,0.3,0.5,0.6,-0.905022864193974,0.832695428690399,-2.56827709945474,0.64649524257298,0,1,0,"no"
-0.9,-0.4,0,0.3,0.3,0.5,0.9,-0.906934053484122,1.07056961280762,-2.99659876915639,1.10287043091022,0,1,0,"no"
-0.9,-0.4,0,0.3,0.3,0.5,1,-0.907571116580838,1.15623554887825,-3.15662350192891,1.2681853135277,0,0.98,0,"no"
-0.9,-0.3,0,0.1,0.1,-0.5,0.3,-0.902311351161374,0.449038914047737,-1.74985911182924,-0.0242209618167301,0,0,0,"no"
-0.9,-0.3,0,0.1,0.1,-0.5,0.6,-0.904222540451522,0.688512938866079,-2.21265450185081,0.415933572242123,0,0.97,0,"no"
-0.9,-0.3,0,0.1,0.1,-0.5,0.9,-0.906133729741669,0.962244099578678,-2.75504030115968,0.928982227822706,0,1,0,"no"
-0.9,-0.3,0,0.1,0.1,-0.5,1,-0.906770792838385,1.05660264272121,-2.93800298428035,1.1067638222767,0,1,0,"no"
-0.9,-0.3,0,0.1,0.1,0,0.3,-0.902311351161374,0.448551976839142,-1.77121095535586,-0.0424123150876175,0,0,0,"no"
-0.9,-0.3,0,0.1,0.1,0,0.6,-0.904222540451522,0.688083839632406,-2.22269896198345,0.413264287902168,0,0.97,0,"no"
-0.9,-0.3,0,0.1,0.1,0,0.9,-0.906133729741669,0.961853730850048,-2.7473830720704,0.926149138662061,0,1,0,"no"
-0.9,-0.3,0,0.1,0.1,0,1,-0.906770792838385,1.05622169837864,-2.92773669529538,1.10487316778713,0,1,0,"no"
-0.9,-0.3,0,0.1,0.1,0.5,0.3,-0.902311351161374,0.448236589533092,-1.79130192099586,-0.0601098247366141,0,0,0,"no"
-0.9,-0.3,0,0.1,0.1,0.5,0.6,-0.904222540451522,0.6879160374334,-2.23548489510405,0.404844918040183,0,0.97,0,"no"
-0.9,-0.3,0,0.1,0.1,0.5,0.9,-0.906133729741669,0.961761197899048,-2.74893593974728,0.922603024314438,0,1,0,"no"
-0.9,-0.3,0,0.1,0.1,0.5,1,-0.906770792838385,1.05614591274023,-2.92928894629972,1.10199884537604,0,1,0,"no"
-0.9,-0.3,0,0.1,0.2,-0.5,0.3,-0.902311351161374,0.479354090052674,-1.80577656199971,0.0656325992013991,0,0,0,"no"
-0.9,-0.3,0,0.1,0.2,-0.5,0.6,-0.904222540451522,0.708367033312968,-2.24529544618447,0.465026866143852,0,0.98,0,"no"
-0.9,-0.3,0,0.1,0.2,-0.5,0.9,-0.906133729741669,0.976266618866007,-2.7781782148876,0.957364259292058,0,1,0,"no"
-0.9,-0.3,0,0.1,0.2,-0.5,1,-0.906770792838385,1.06929617903852,-2.96310995533459,1.1320121195933,0,1,0,"no"
-0.9,-0.3,0,0.1,0.2,0,0.3,-0.902311351161374,0.47813676858243,-1.84400453654646,0.0330672418311422,0,0,0,"no"
-0.9,-0.3,0,0.1,0.2,0,0.6,-0.904222540451522,0.707349142581686,-2.25799916466918,0.457245480154696,0,0.98,0,"no"
-0.9,-0.3,0,0.1,0.2,0,0.9,-0.906133729741669,0.975371257900582,-2.78102223553438,0.955087293093983,0,1,0,"no"
-0.9,-0.3,0,0.1,0.2,0,1,-0.906770792838385,1.06842980978601,-2.96391543575004,1.13177895579743,0,1,0,"no"
-0.9,-0.3,0,0.1,0.2,0.5,0.3,-0.902311351161374,0.476728399172336,-1.87541898231262,0.00315344065223386,0,0,0,"no"
-0.9,-0.3,0,0.1,0.2,0.5,0.6,-0.904222540451522,0.70647370252012,-2.27630039607279,0.443298422000688,0,0.98,0,"no"
-0.9,-0.3,0,0.1,0.2,0.5,0.9,-0.906133729741669,0.974791329603261,-2.78261180273046,0.945463289114041,0,1,0,"no"
-0.9,-0.3,0,0.1,0.2,0.5,1,-0.906770792838385,1.06791732546097,-2.95637049088675,1.12366155661498,0,1,0,"no"
-0.9,-0.3,0,0.1,0.3,-0.5,0.3,-0.902311351161374,0.526786762256657,-1.89987473983676,0.193336700902816,0,0.06,0,"no"
-0.9,-0.3,0,0.1,0.3,-0.5,0.6,-0.904222540451522,0.741083458768126,-2.30521126306851,0.538165732516557,0,1,0,"no"
-0.9,-0.3,0,0.1,0.3,-0.5,0.9,-0.906133729741669,1.00002203727553,-2.81683589658649,0.999200079797694,0,1,0,"no"
-0.9,-0.3,0,0.1,0.3,-0.5,1,-0.906770792838385,1.09094496072551,-2.9974585135735,1.16872991872135,0,1,0,"no"
-0.9,-0.3,0,0.1,0.3,0,0.3,-0.902311351161374,0.524725993352314,-1.93888110774455,0.148250995658938,0,0.05,0,"no"
-0.9,-0.3,0,0.1,0.3,0,0.6,-0.904222540451522,0.739357914237709,-2.3234822237135,0.520455173892564,0,1,0,"no"
-0.9,-0.3,0,0.1,0.3,0,0.9,-0.906133729741669,0.998522679183817,-2.82098275099267,1.00233284799357,0,1,0,"no"
-0.9,-0.3,0,0.1,0.3,0,1,-0.906770792838385,1.08950057788418,-2.99944668264376,1.17341732872898,0,1,0,"no"
-0.9,-0.3,0,0.1,0.3,0.5,0.3,-0.902311351161374,0.521650881256325,-1.97140590281481,0.100870402181835,0,0.06,0,"no"
-0.9,-0.3,0,0.1,0.3,0.5,0.6,-0.904222540451522,0.737304486777971,-2.34655440948555,0.500430309518347,0,1,0,"no"
-0.9,-0.3,0,0.1,0.3,0.5,0.9,-0.906133729741669,0.997086761837523,-2.82983886471476,1.00042634744449,0,1,0,"no"
-0.9,-0.3,0,0.1,0.3,0.5,1,-0.906770792838385,1.08821017189283,-2.99983081205379,1.16754582143144,0,1,0,"no"
-0.9,-0.3,0,0.2,0.1,-0.5,0.3,-0.9027115130326,0.480354523021391,-1.79336715144238,0.0510022890666607,0,0,0,"no"
-0.9,-0.3,0,0.2,0.1,-0.5,0.6,-0.904622702322748,0.70972155539789,-2.25022315648462,0.456328776495526,0,1,0,"no"
-0.9,-0.3,0,0.2,0.1,-0.5,0.9,-0.906533891612896,0.977817510183644,-2.77577658670812,0.950451300611798,0,1,0,"no"
-0.9,-0.3,0,0.2,0.1,-0.5,1,-0.907170954709612,1.07089255271488,-2.95291462927288,1.12563078731555,0,1,0,"no"
-0.9,-0.3,0,0.2,0.1,0,0.3,-0.9027115130326,0.479929301089864,-1.82696013871455,0.0214882369987328,0,0,0,"no"
-0.9,-0.3,0,0.2,0.1,0,0.6,-0.904622702322748,0.709316606711273,-2.26437461300727,0.444220683204414,0,0.99,0,"no"
-0.9,-0.3,0,0.2,0.1,0,0.9,-0.906533891612896,0.977439201724208,-2.78292167032548,0.944571183582059,0,1,0,"no"
-0.9,-0.3,0,0.2,0.1,0,1,-0.907170954709612,1.07052163227891,-2.95870039046051,1.1220274491597,0,1,0,"no"
-0.9,-0.3,0,0.2,0.1,0.5,0.3,-0.9027115130326,0.47964679934918,-1.85880965110909,-0.0186607214485217,0,0,0,"no"
-0.9,-0.3,0,0.2,0.1,0.5,0.6,-0.904622702322748,0.709160758640952,-2.28120307870635,0.428893264754959,0,0.99,0,"no"
-0.9,-0.3,0,0.2,0.1,0.5,0.9,-0.906533891612896,0.977352968469379,-2.79577455250277,0.942951189327079,0,1,0,"no"
-0.9,-0.3,0,0.2,0.1,0.5,1,-0.907170954709612,1.07045123641342,-2.97196317319724,1.12095217668576,0,1,0,"no"
-0.9,-0.3,0,0.2,0.2,-0.5,0.3,-0.9027115130326,0.50884331336154,-1.83545093046537,0.148365594223615,0,0,0,"no"
-0.9,-0.3,0,0.2,0.2,-0.5,0.6,-0.904622702322748,0.728996532591901,-2.27168595456903,0.514784759240969,0,1,0,"no"
-0.9,-0.3,0,0.2,0.2,-0.5,0.9,-0.906533891612896,0.991613772092385,-2.79859546766212,0.993817743234321,0,1,0,"no"
-0.9,-0.3,0,0.2,0.2,-0.5,1,-0.907170954709612,1.0834125037284,-2.97751360366008,1.16501383170293,0,1,0,"no"
-0.9,-0.3,0,0.2,0.2,0,0.3,-0.9027115130326,0.507764745652117,-1.89437515084855,0.0905541705298416,0,0.01,0,"no"
-0.9,-0.3,0,0.2,0.2,0,0.6,-0.904622702322748,0.728033112988837,-2.29939578228762,0.486012538454264,0,1,0,"no"
-0.9,-0.3,0,0.2,0.2,0,0.9,-0.906533891612896,0.990744956061239,-2.81193391987803,0.975972082642295,0,1,0,"no"
-0.9,-0.3,0,0.2,0.2,0,1,-0.907170954709612,1.08256801340301,-2.99093542038598,1.14600294542519,0,1,0,"no"
-0.9,-0.3,0,0.2,0.2,0.5,0.3,-0.9027115130326,0.506450880266856,-1.94926808113725,0.0227311757000551,0,0.01,0,"no"
-0.9,-0.3,0,0.2,0.2,0.5,0.6,-0.904622702322748,0.727192643271577,-2.32774519684101,0.461068670887452,0,1,0,"no"
-0.9,-0.3,0,0.2,0.2,0.5,0.9,-0.906533891612896,0.990182196508641,-2.82480693859931,0.964233910582074,0,1,0,"no"
-0.9,-0.3,0,0.2,0.2,0.5,1,-0.907170954709612,1.08206983923689,-3.00184196978052,1.14165474154112,0,1,0,"no"
-0.9,-0.3,0,0.2,0.3,-0.5,0.3,-0.9027115130326,0.553802134925252,-1.92257656012738,0.265713947380774,0,0.13,0,"no"
-0.9,-0.3,0,0.2,0.3,-0.5,0.6,-0.904622702322748,0.76082931316363,-2.32113355774862,0.596217674008527,0,1,0,"no"
-0.9,-0.3,0,0.2,0.3,-0.5,0.9,-0.906533891612896,1.015005016303,-2.82701412773954,1.0396890827544,0,1,0,"no"
-0.9,-0.3,0,0.2,0.3,-0.5,1,-0.907170954709612,1.10477907528343,-3.00964210554053,1.20143743824362,0,1,0,"no"
-0.9,-0.3,0,0.2,0.3,0,0.3,-0.9027115130326,0.551941591231544,-1.97906760435703,0.196882939798978,0,0.13,0,"no"
-0.9,-0.3,0,0.2,0.3,0,0.6,-0.904622702322748,0.759189213854218,-2.35863268424156,0.55196903312915,0,1,0,"no"
-0.9,-0.3,0,0.2,0.3,0,0.9,-0.906533891612896,1.01354790625027,-2.85280422378847,1.0218636098948,0,1,0,"no"
-0.9,-0.3,0,0.2,0.3,0,1,-0.907170954709612,1.10336947765988,-3.02560952466531,1.19028337623501,0,1,0,"no"
-0.9,-0.3,0,0.2,0.3,0.5,0.3,-0.9027115130326,0.549027235629105,-2.04801807946426,0.115863221031316,0,0.1,0,"no"
-0.9,-0.3,0,0.2,0.3,0.5,0.6,-0.904622702322748,0.757200095622871,-2.39543990272754,0.51853350194279,0,1,0,"no"
-0.9,-0.3,0,0.2,0.3,0.5,0.9,-0.906533891612896,1.01214351860391,-2.87407982380571,1.0059546502032,0,1,0,"no"
-0.9,-0.3,0,0.2,0.3,0.5,1,-0.907170954709612,1.10210513047643,-3.04756711535184,1.17802489850666,0,1,0,"no"
-0.9,-0.3,0,0.3,0.1,-0.5,0.3,-0.903111674903827,0.527964968096284,-1.87164277735241,0.14905080039262,0,0.01,0,"no"
-0.9,-0.3,0,0.3,0.1,-0.5,0.6,-0.905022864193974,0.743185733736154,-2.3103552878694,0.517261904399714,0,1,0,"no"
-0.9,-0.3,0,0.3,0.1,-0.5,0.9,-0.906934053484122,1.00266133232124,-2.81839359324426,0.996294054859627,0,1,0,"no"
-0.9,-0.3,0,0.3,0.1,-0.5,1,-0.907571116580838,1.09371195098884,-2.99377561260573,1.16650775057739,0,1,0,"no"
-0.9,-0.3,0,0.3,0.1,0,0.3,-0.903111674903827,0.527610438608934,-1.91523234302619,0.111357387489747,0,0.01,0,"no"
-0.9,-0.3,0,0.3,0.1,0,0.6,-0.905022864193974,0.74281322336284,-2.33024495670904,0.500009110179389,0,1,0,"no"
-0.9,-0.3,0,0.3,0.1,0,0.9,-0.906934053484122,1.00229978199222,-2.83591091864353,0.98533938828956,0,1,0,"no"
-0.9,-0.3,0,0.3,0.1,0,1,-0.907571116580838,1.09335496298114,-3.01276057235722,1.15846256987876,0,1,0,"no"
-0.9,-0.3,0,0.3,0.1,0.5,0.3,-0.903111674903827,0.527367300144622,-1.95268994253469,0.0654225498697617,0,0.01,0,"no"
-0.9,-0.3,0,0.3,0.1,0.5,0.6,-0.905022864193974,0.742672073634401,-2.35129441092566,0.477824488312446,0,1,0,"no"
-0.9,-0.3,0,0.3,0.1,0.5,0.9,-0.906934053484122,1.00222083150968,-2.84995309372609,0.976385769350791,0,1,0,"no"
-0.9,-0.3,0,0.3,0.1,0.5,1,-0.907571116580838,1.09329066860546,-3.0267834208057,1.15173983627716,0,1,0,"no"
-0.9,-0.3,0,0.3,0.2,-0.5,0.3,-0.903111674903827,0.554063341129432,-1.90139336188259,0.242665285268989,0,0.1,0,"no"
-0.9,-0.3,0,0.3,0.2,-0.5,0.6,-0.905022864193974,0.761618189731626,-2.32449868825497,0.583518134917311,0,1,0,"no"
-0.9,-0.3,0,0.3,0.2,-0.5,0.9,-0.906934053484122,1.01611635696006,-2.8336001976173,1.03645266998231,0,1,0,"no"
-0.9,-0.3,0,0.3,0.2,-0.5,1,-0.907571116580838,1.10596901192305,-3.0115026097632,1.2002777863064,0,1,0,"no"
-0.9,-0.3,0,0.3,0.2,0,0.3,-0.903111674903827,0.553148630246288,-1.9708283711184,0.169202610037648,0,0.08,0,"no"
-0.9,-0.3,0,0.3,0.2,0,0.6,-0.905022864193974,0.760729003169677,-2.36602013123376,0.538039076170359,0,1,0,"no"
-0.9,-0.3,0,0.3,0.2,0,0.9,-0.906934053484122,1.01528508782578,-2.85817084950338,1.0152999400464,0,1,0,"no"
-0.9,-0.3,0,0.3,0.2,0,1,-0.907571116580838,1.10515550689496,-3.03461214456152,1.18435279548846,0,1,0,"no"
-0.9,-0.3,0,0.3,0.2,0.5,0.3,-0.903111674903827,0.551956470079137,-2.0415875428714,0.090622061881592,0,0.07,0,"no"
-0.9,-0.3,0,0.3,0.2,0.5,0.6,-0.905022864193974,0.759934942613027,-2.39919223035921,0.506804640135525,0,1,0,"no"
-0.9,-0.3,0,0.3,0.2,0.5,0.9,-0.906934053484122,1.01474411799573,-2.88345433263951,0.997411216983926,0,1,0,"no"
-0.9,-0.3,0,0.3,0.2,0.5,1,-0.907571116580838,1.10467514413564,-3.05945271962288,1.17076867411172,0,1,0,"no"
-0.9,-0.3,0,0.3,0.3,-0.5,0.3,-0.903111674903827,0.595690961363621,-1.97875358245396,0.359661291403378,0,0.37,0,"no"
-0.9,-0.3,0,0.3,0.3,-0.5,0.6,-0.905022864193974,0.792152561203677,-2.37431165187803,0.66825143238071,0,1,0,"no"
-0.9,-0.3,0,0.3,0.3,-0.5,0.9,-0.906934053484122,1.03895399968527,-2.86266570249892,1.0869398204276,0,1,0,"no"
-0.9,-0.3,0,0.3,0.3,-0.5,1,-0.907571116580838,1.12690455083384,-3.041435787658,1.24665068699208,0,0.99,0,"no"
-0.9,-0.3,0,0.3,0.3,0,0.3,-0.903111674903827,0.59407716343303,-2.0516527626266,0.264298175146799,0,0.34,0,"no"
-0.9,-0.3,0,0.3,0.3,0,0.6,-0.905022864193974,0.790630617500849,-2.42182415995793,0.60364225604069,0,1,0,"no"
-0.9,-0.3,0,0.3,0.3,0,0.9,-0.906934053484122,1.03755747700569,-2.90210252938131,1.05883252158452,0,1,0,"no"
-0.9,-0.3,0,0.3,0.3,0,1,-0.907571116580838,1.12554493739539,-3.07025439011309,1.22609754512325,0,1,0,"no"
-0.9,-0.3,0,0.3,0.3,0.5,0.3,-0.903111674903827,0.591378197328572,-2.14105682374563,0.171060573402243,0,0.36,0,"no"
-0.9,-0.3,0,0.3,0.3,0.5,0.6,-0.905022864193974,0.788729832773638,-2.46654547647212,0.555039105758549,0,1,0,"no"
-0.9,-0.3,0,0.3,0.3,0.5,0.9,-0.906934053484122,1.03619501178602,-2.92522944868998,1.0382676268155,0,1,0,"no"
-0.9,-0.3,0,0.3,0.3,0.5,1,-0.907571116580838,1.12431468015931,-3.09898249061479,1.2096265445809,0,1,0,"no"
-0.9,-0.2,0,0.1,0.1,-0.5,0.3,-0.902311351161374,0.3883038164039,-1.62958384635282,-0.139815041336134,0,0,0,"no"
-0.9,-0.2,0,0.1,0.1,-0.5,0.6,-0.904222540451522,0.649704155794478,-2.14823876172246,0.335149983924005,0,0.87,0,"no"
-0.9,-0.2,0,0.1,0.1,-0.5,0.9,-0.906133729741669,0.934273319426267,-2.70293695573568,0.876582467506352,0,1,0,"no"
-0.9,-0.2,0,0.1,0.1,-0.5,1,-0.906770792838385,1.03101311068303,-2.89035066824699,1.06359330655407,0,1,0,"no"
-0.9,-0.2,0,0.1,0.1,0,0.3,-0.902311351161374,0.387814466825004,-1.64606910079013,-0.156821495666122,0,0,0,"no"
-0.9,-0.2,0,0.1,0.1,0,0.6,-0.904222540451522,0.649290256946666,-2.15078535562534,0.329536468101291,0,0.87,0,"no"
-0.9,-0.2,0,0.1,0.1,0,0.9,-0.906133729741669,0.933899481938027,-2.697449670836,0.876064004304039,0,1,0,"no"
-0.9,-0.2,0,0.1,0.1,0,1,-0.906770792838385,1.03064832736883,-2.88514255314604,1.06113960547645,0,1,0,"no"
-0.9,-0.2,0,0.1,0.1,0.5,0.3,-0.902311351161374,0.387430461966768,-1.66314316295952,-0.172778737828499,0,0,0,"no"
-0.9,-0.2,0,0.1,0.1,0.5,0.6,-0.904222540451522,0.649101682455314,-2.15436931668095,0.327129600119717,0,0.87,0,"no"
-0.9,-0.2,0,0.1,0.1,0.5,0.9,-0.906133729741669,0.933797530341987,-2.69335966654431,0.870654442037577,0,1,0,"no"
-0.9,-0.2,0,0.1,0.1,0.5,1,-0.906770792838385,1.03056483211752,-2.87973420653464,1.05713185716319,0,1,0,"no"
-0.9,-0.2,0,0.1,0.2,-0.5,0.3,-0.902311351161374,0.423372061567521,-1.69263720658296,-0.0568393613564631,0,0,0,"no"
-0.9,-0.2,0,0.1,0.2,-0.5,0.6,-0.904222540451522,0.670907374547331,-2.17786013060945,0.378649842194599,0,0.94,0,"no"
-0.9,-0.2,0,0.1,0.2,-0.5,0.9,-0.906133729741669,0.948832675723048,-2.73550045588481,0.898997291691529,0,1,0,"no"
-0.9,-0.2,0,0.1,0.2,-0.5,1,-0.906770792838385,1.04412655792416,-2.92263614667899,1.0809400806704,0,1,0,"no"
-0.9,-0.2,0,0.1,0.2,0,0.3,-0.902311351161374,0.422155322610138,-1.722690397577,-0.0856012081872029,0,0,0,"no"
-0.9,-0.2,0,0.1,0.2,0,0.6,-0.904222540451522,0.669920138220448,-2.18889999644112,0.371586837201815,0,0.92,0,"no"
-0.9,-0.2,0,0.1,0.2,0,0.9,-0.906133729741669,0.947970036751841,-2.73058624072822,0.895526968198388,0,1,0,"no"
-0.9,-0.2,0,0.1,0.2,0,1,-0.906770792838385,1.04329214275125,-2.91167412760761,1.07868894886329,0,1,0,"no"
-0.9,-0.2,0,0.1,0.2,0.5,0.3,-0.902311351161374,0.420513545624161,-1.74454141629334,-0.109166784193932,0,0,0,"no"
-0.9,-0.2,0,0.1,0.2,0.5,0.6,-0.904222540451522,0.668972393117564,-2.20046463657059,0.368076442143788,0,0.93,0,"no"
-0.9,-0.2,0,0.1,0.2,0.5,0.9,-0.906133729741669,0.947359471453735,-2.72372291300542,0.896442026187936,0,1,0,"no"
-0.9,-0.2,0,0.1,0.2,0.5,1,-0.906770792838385,1.0427552516528,-2.90396682178128,1.07661404113513,0,1,0,"no"
-0.9,-0.2,0,0.1,0.3,-0.5,0.3,-0.902311351161374,0.476784950202135,-1.80047317117633,0.0632389942520363,0,0,0,"no"
-0.9,-0.2,0,0.1,0.3,-0.5,0.6,-0.904222540451522,0.705580322075231,-2.24237761216954,0.447702375846447,0,0.98,0,"no"
-0.9,-0.2,0,0.1,0.3,-0.5,0.9,-0.906133729741669,0.973393018130432,-2.77097849840367,0.939437312935189,0,1,0,"no"
-0.9,-0.2,0,0.1,0.3,-0.5,1,-0.906770792838385,1.06640506198994,-2.95730034275259,1.11611935813318,0,1,0,"no"
-0.9,-0.2,0,0.1,0.3,0,0.3,-0.902311351161374,0.474762892430043,-1.83434591722091,0.0347995977443361,0,0.01,0,"no"
-0.9,-0.2,0,0.1,0.3,0,0.6,-0.904222540451522,0.703906633632935,-2.25532984076478,0.442947737802454,0,0.97,0,"no"
-0.9,-0.2,0,0.1,0.3,0,0.9,-0.906133729741669,0.971943732611863,-2.77148388638598,0.938943386438253,0,1,0,"no"
-0.9,-0.2,0,0.1,0.3,0,1,-0.906770792838385,1.06500911748575,-2.95217635213598,1.11519032155204,0,1,0,"no"
-0.9,-0.2,0,0.1,0.3,0.5,0.3,-0.902311351161374,0.471283535151319,-1.85173410831434,-0.00211720643217099,0,0.01,0,"no"
-0.9,-0.2,0,0.1,0.3,0.5,0.6,-0.904222540451522,0.701710902730803,-2.26530810691041,0.434107260715875,0,0.96,0,"no"
-0.9,-0.2,0,0.1,0.3,0.5,0.9,-0.906133729741669,0.970446217546962,-2.7752347952925,0.93547881825173,0,1,0,"no"
-0.9,-0.2,0,0.1,0.3,0.5,1,-0.906770792838385,1.06366981442199,-2.94987874685085,1.11174116423001,0,1,0,"no"
-0.9,-0.2,0,0.2,0.1,-0.5,0.3,-0.9027115130326,0.424080410873028,-1.68761004481423,-0.0626979119653127,0,0,0,"no"
-0.9,-0.2,0,0.2,0.1,-0.5,0.6,-0.904622702322748,0.672123629450563,-2.18085950607869,0.376349188264175,0,0.95,0,"no"
-0.9,-0.2,0,0.2,0.1,-0.5,0.9,-0.906533891612896,0.950301709872699,-2.72456189136116,0.900334544570597,0,1,0,"no"
-0.9,-0.2,0,0.2,0.1,-0.5,1,-0.907170954709612,1.04565099334868,-2.91154762119687,1.08164089891415,0,1,0,"no"
-0.9,-0.2,0,0.2,0.1,0,0.3,-0.9027115130326,0.42366560856227,-1.71355010033033,-0.0943586555252133,0,0,0,"no"
-0.9,-0.2,0,0.2,0.1,0,0.6,-0.904622702322748,0.671734649160898,-2.19681310237258,0.366157721212078,0,0.94,0,"no"
-0.9,-0.2,0,0.2,0.1,0,0.9,-0.906533891612896,0.949939792098792,-2.72793420284242,0.897692073817642,0,1,0,"no"
-0.9,-0.2,0,0.2,0.1,0,1,-0.907170954709612,1.04529606250098,-2.91138735939621,1.08051721944698,0,1,0,"no"
-0.9,-0.2,0,0.2,0.1,0.5,0.3,-0.9027115130326,0.423325497907423,-1.74175992409537,-0.125870627539928,0,0,0,"no"
-0.9,-0.2,0,0.2,0.1,0.5,0.6,-0.904622702322748,0.671559206778649,-2.20947938948546,0.357035433990276,0,0.94,0,"no"
-0.9,-0.2,0,0.2,0.1,0.5,0.9,-0.906533891612896,0.949844384885311,-2.73894402745147,0.890842145692837,0,1,0,"no"
-0.9,-0.2,0,0.2,0.1,0.5,1,-0.907170954709612,1.0452181210682,-2.91832238134723,1.07437700524118,0,1,0,"no"
-0.9,-0.2,0,0.2,0.2,-0.5,0.3,-0.9027115130326,0.456445377891139,-1.74162989482528,0.0257378091875626,0,0,0,"no"
-0.9,-0.2,0,0.2,0.2,-0.5,0.6,-0.904622702322748,0.692635999790177,-2.20844380166594,0.424626546951732,0,0.97,0,"no"
-0.9,-0.2,0,0.2,0.2,-0.5,0.9,-0.906533891612896,0.964611674168094,-2.74906892001107,0.930041631360266,0,1,0,"no"
-0.9,-0.2,0,0.2,0.2,-0.5,1,-0.907170954709612,1.05857581694837,-2.93102411341571,1.10542272976908,0,1,0,"no"
-0.9,-0.2,0,0.2,0.2,0,0.3,-0.9027115130326,0.455391355858919,-1.78147458571355,-0.0225004041425196,0,0,0,"no"
-0.9,-0.2,0,0.2,0.2,0,0.6,-0.904622702322748,0.691704984670458,-2.23473501958754,0.405888347723015,0,0.96,0,"no"
-0.9,-0.2,0,0.2,0.2,0,0.9,-0.906533891612896,0.963775353626666,-2.75790371741085,0.920240852108708,0,1,0,"no"
-0.9,-0.2,0,0.2,0.2,0,1,-0.907170954709612,1.05776297260115,-2.93502667136937,1.10080795952916,0,1,0,"no"
-0.9,-0.2,0,0.2,0.2,0.5,0.3,-0.9027115130326,0.453878017801814,-1.81964380443759,-0.0697021992455583,0,0,0,"no"
-0.9,-0.2,0,0.2,0.2,0.5,0.6,-0.904622702322748,0.690796674524011,-2.25015296579332,0.392178417877002,0,0.96,0,"no"
-0.9,-0.2,0,0.2,0.2,0.5,0.9,-0.906533891612896,0.9631828960082,-2.77623802811468,0.912055145191452,0,1,0,"no"
-0.9,-0.2,0,0.2,0.2,0.5,1,-0.907170954709612,1.05724100965439,-2.95278085813071,1.09191236045308,0,1,0,"no"
-0.9,-0.2,0,0.2,0.3,-0.5,0.3,-0.9027115130326,0.506432783770932,-1.83620493890147,0.146024894808576,0,0.02,0,"no"
-0.9,-0.2,0,0.2,0.3,-0.5,0.6,-0.904622702322748,0.726272585185556,-2.26587861471728,0.504425622938479,0,1,0,"no"
-0.9,-0.2,0,0.2,0.3,-0.5,0.9,-0.906533891612896,0.98877354318247,-2.79092600091221,0.972987696738956,0,1,0,"no"
-0.9,-0.2,0,0.2,0.3,-0.5,1,-0.907170954709612,1.08054956247516,-2.97586248616563,1.14456715957798,0,1,0,"no"
-0.9,-0.2,0,0.2,0.3,0,0.3,-0.9027115130326,0.504633050410811,-1.87901584929773,0.078374884400671,0,0.02,0,"no"
-0.9,-0.2,0,0.2,0.3,0,0.6,-0.904622702322748,0.724686262446232,-2.29559651527434,0.473463572533773,0,1,0,"no"
-0.9,-0.2,0,0.2,0.3,0,0.9,-0.906533891612896,0.987366109645933,-2.8032698011976,0.962743402884081,0,1,0,"no"
-0.9,-0.2,0,0.2,0.3,0,1,-0.907170954709612,1.07918791175828,-2.98376037505304,1.1360893800439,0,1,0,"no"
-0.9,-0.2,0,0.2,0.3,0.5,0.3,-0.9027115130326,0.501363886979781,-1.92216661527149,0.0355345629949834,0,0.02,0,"no"
-0.9,-0.2,0,0.2,0.3,0.5,0.6,-0.904622702322748,0.722563159025643,-2.3168057019542,0.450150734308747,0,0.98,0,"no"
-0.9,-0.2,0,0.2,0.3,0.5,0.9,-0.906533891612896,0.985902023094,-2.82170846766078,0.956018925362848,0,1,0,"no"
-0.9,-0.2,0,0.2,0.3,0.5,1,-0.907170954709612,1.0778759256174,-2.994631385078,1.13145977311584,0,1,0,"no"
-0.9,-0.2,0,0.3,0.1,-0.5,0.3,-0.903111674903827,0.477263750519669,-1.78507861558502,0.0414466160154705,0,0,0,"no"
-0.9,-0.2,0,0.3,0.1,-0.5,0.6,-0.905022864193974,0.707343115559681,-2.24115895546777,0.44279514502133,0,0.99,0,"no"
-0.9,-0.2,0,0.3,0.1,-0.5,0.9,-0.906934053484122,0.975837347271372,-2.76774286303662,0.940675452864357,0,1,0,"no"
-0.9,-0.2,0,0.3,0.1,-0.5,1,-0.907571116580838,1.0690031030817,-2.95120371793844,1.11900592620865,0,1,0,"no"
-0.9,-0.2,0,0.3,0.1,0,0.3,-0.903111674903827,0.47692671484849,-1.81712414783424,0.00797812297685651,0,0,0,"no"
-0.9,-0.2,0,0.3,0.1,0,0.6,-0.905022864193974,0.706986708911331,-2.26243566867505,0.423667138996875,0,1,0,"no"
-0.9,-0.2,0,0.3,0.1,0,0.9,-0.906934053484122,0.975491715848276,-2.77590677117911,0.933421436778193,0,1,0,"no"
-0.9,-0.2,0,0.3,0.1,0,1,-0.907571116580838,1.06866165461213,-2.95536091257419,1.11335431490413,0,1,0,"no"
-0.9,-0.2,0,0.3,0.1,0.5,0.3,-0.903111674903827,0.476635071481675,-1.84787348118128,-0.0299370748892835,0,0,0,"no"
-0.9,-0.2,0,0.3,0.1,0.5,0.6,-0.905022864193974,0.706826583274018,-2.27965333930922,0.407872828307834,0,1,0,"no"
-0.9,-0.2,0,0.3,0.1,0.5,0.9,-0.906934053484122,0.975403542060476,-2.78949359704166,0.928139600140949,0,1,0,"no"
-0.9,-0.2,0,0.3,0.1,0.5,1,-0.907571116580838,1.06858974163543,-2.96761441091474,1.10666398548534,0,1,0,"no"
-0.9,-0.2,0,0.3,0.2,-0.5,0.3,-0.903111674903827,0.506296960660171,-1.82257443092053,0.126553036556669,0,0.01,0,"no"
-0.9,-0.2,0,0.3,0.2,-0.5,0.6,-0.905022864193974,0.726864157019075,-2.25997974711593,0.495351360751214,0,1,0,"no"
-0.9,-0.2,0,0.3,0.2,-0.5,0.9,-0.906934053484122,0.989773146076706,-2.78746878926495,0.974279296216741,0,1,0,"no"
-0.9,-0.2,0,0.3,0.2,-0.5,1,-0.907571116580838,1.08164347067033,-2.96933255240283,1.14638588996986,0,1,0,"no"
-0.9,-0.2,0,0.3,0.2,0,0.3,-0.903111674903827,0.505421478847368,-1.868659821752,0.0659031553195896,0,0.01,0,"no"
-0.9,-0.2,0,0.3,0.2,0,0.6,-0.905022864193974,0.726008111379987,-2.29177874598745,0.464572665388052,0,1,0,"no"
-0.9,-0.2,0,0.3,0.2,0,0.9,-0.906934053484122,0.988973570711837,-2.80318738617786,0.961746564945206,0,1,0,"no"
-0.9,-0.2,0,0.3,0.2,0,1,-0.907571116580838,1.08086080736171,-2.9786445207728,1.13451406587207,0,1,0,"no"
-0.9,-0.2,0,0.3,0.2,0.5,0.3,-0.903111674903827,0.50406434764061,-1.92602862698222,0.0143806802616924,0,0.01,0,"no"
-0.9,-0.2,0,0.3,0.2,0.5,0.6,-0.905022864193974,0.725150567280023,-2.32884948898538,0.436279107645755,0,1,0,"no"
-0.9,-0.2,0,0.3,0.2,0.5,0.9,-0.906934053484122,0.98840350606401,-2.82991223241892,0.946142846564049,0,1,0,"no"
-0.9,-0.2,0,0.3,0.2,0.5,1,-0.907571116580838,1.08035696495568,-3.00564650185799,1.1216285710302,0,1,0,"no"
-0.9,-0.2,0,0.3,0.3,-0.5,0.3,-0.903111674903827,0.551867062399063,-1.90719179054753,0.236548425005981,0,0.13,0,"no"
-0.9,-0.2,0,0.3,0.3,-0.5,0.6,-0.905022864193974,0.758994935242933,-2.31531984863195,0.577707878599845,0,1,0,"no"
-0.9,-0.2,0,0.3,0.3,-0.5,0.9,-0.906934053484122,1.01333186976338,-2.82049312437936,1.02292038839783,0,1,0,"no"
-0.9,-0.2,0,0.3,0.3,-0.5,1,-0.907571116580838,1.10315334641652,-3.00177483918539,1.18973955900589,0,1,0,"no"
-0.9,-0.2,0,0.3,0.3,0,0.3,-0.903111674903827,0.550327677819784,-1.95799836126006,0.159725142979178,0,0.09,0,"no"
-0.9,-0.2,0,0.3,0.3,0,0.6,-0.905022864193974,0.757527451221174,-2.34980388337739,0.532338327204578,0,1,0,"no"
-0.9,-0.2,0,0.3,0.3,0,0.9,-0.906934053484122,1.01198387329196,-2.84503801324717,1.00413044813222,0,1,0,"no"
-0.9,-0.2,0,0.3,0.3,0,1,-0.907571116580838,1.10184052475368,-3.01878655429249,1.17780247376291,0,1,0,"no"
-0.9,-0.2,0,0.3,0.3,0.5,0.3,-0.903111674903827,0.547329234983787,-2.019330470717,0.10545572997335,0,0.07,0,"no"
-0.9,-0.2,0,0.3,0.3,0.5,0.6,-0.905022864193974,0.755502056474523,-2.39019952978353,0.499159715073671,0,1,0,"no"
-0.9,-0.2,0,0.3,0.3,0.5,0.9,-0.906934053484122,1.0105634658756,-2.87664194707647,0.988303100008506,0,1,0,"no"
-0.9,-0.2,0,0.3,0.3,0.5,1,-0.907571116580838,1.10056366886173,-3.05229567861459,1.16140535705592,0,1,0,"no"
-0.9,-0.1,0,0.1,0.1,-0.5,0.3,-0.902311351161374,0.346317999895089,-1.55422190083297,-0.237686726524134,0,0,0,"no"
-0.9,-0.1,0,0.1,0.1,-0.5,0.6,-0.904222540451522,0.624619514971486,-2.10092844519922,0.28428972359431,0,0.66,0,"no"
-0.9,-0.1,0,0.1,0.1,-0.5,0.9,-0.906133729741669,0.916389499084263,-2.66548471571889,0.84107933508391,0,1,0,"no"
-0.9,-0.1,0,0.1,0.1,-0.5,1,-0.906770792838385,1.0146495001347,-2.85482755634789,1.02621991189242,0,1,0,"no"
-0.9,-0.1,0,0.1,0.1,0,0.3,-0.902311351161374,0.345852492335229,-1.56736750979377,-0.247055826138492,0,0,0,"no"
-0.9,-0.1,0,0.1,0.1,0,0.6,-0.904222540451522,0.624232168052204,-2.09869779315886,0.282748761154512,0,0.65,0,"no"
-0.9,-0.1,0,0.1,0.1,0,0.9,-0.906133729741669,0.916037767944394,-2.66117260180567,0.836977103629833,0,1,0,"no"
-0.9,-0.1,0,0.1,0.1,0,1,-0.906770792838385,1.0143054381565,-2.85089555510218,1.024007371331,0,1,0,"no"
-0.9,-0.1,0,0.1,0.1,0.5,0.3,-0.902311351161374,0.345398337262005,-1.57507648289666,-0.253910791061499,0,0,0,"no"
-0.9,-0.1,0,0.1,0.1,0.5,0.6,-0.904222540451522,0.624026112909317,-2.10481841396762,0.279986066893539,0,0.66,0,"no"
-0.9,-0.1,0,0.1,0.1,0.5,0.9,-0.906133729741669,0.915927976270658,-2.65723565935261,0.8405163303898,0,1,0,"no"
-0.9,-0.1,0,0.1,0.1,0.5,1,-0.906770792838385,1.01421547913531,-2.84509678178426,1.02956712136875,0,1,0,"no"
-0.9,-0.1,0,0.1,0.2,-0.5,0.3,-0.902311351161374,0.385639995909602,-1.62698801581363,-0.150012321105133,0,0,0,"no"
-0.9,-0.1,0,0.1,0.2,-0.5,0.6,-0.904222540451522,0.646839450607837,-2.14009607333914,0.320617823464166,0,0.86,0,"no"
-0.9,-0.1,0,0.1,0.2,-0.5,0.9,-0.906133729741669,0.931347455537582,-2.6977441254578,0.859728656721039,0,1,0,"no"
-0.9,-0.1,0,0.1,0.2,-0.5,1,-0.906770792838385,1.02807680398549,-2.88431110794748,1.04582064065113,0,1,0,"no"
-0.9,-0.1,0,0.1,0.2,0,0.3,-0.902311351161374,0.384487519905856,-1.6465905410141,-0.165939219000147,0,0,0,"no"
-0.9,-0.1,0,0.1,0.2,0,0.6,-0.904222540451522,0.645906155639698,-2.14158522422378,0.317248766463997,0,0.87,0,"no"
-0.9,-0.1,0,0.1,0.2,0,0.9,-0.906133729741669,0.930528693257438,-2.68654555510457,0.857108351603135,0,1,0,"no"
-0.9,-0.1,0,0.1,0.2,0,1,-0.906770792838385,1.02728344315776,-2.87193838299767,1.0432577425057,0,1,0,"no"
-0.9,-0.1,0,0.1,0.2,0.5,0.3,-0.902311351161374,0.382628761344716,-1.65167600223098,-0.179216851574601,0,0,0,"no"
-0.9,-0.1,0,0.1,0.2,0.5,0.6,-0.904222540451522,0.644901271305911,-2.14817476045037,0.314380060676877,0,0.82,0,"no"
-0.9,-0.1,0,0.1,0.2,0.5,0.9,-0.906133729741669,0.929894415691877,-2.68600661377587,0.865623238391277,0,1,0,"no"
-0.9,-0.1,0,0.1,0.2,0.5,1,-0.906770792838385,1.02672756721662,-2.87022871087467,1.05423626580777,0,1,0,"no"
-0.9,-0.1,0,0.1,0.3,-0.5,0.3,-0.902311351161374,0.443995939717006,-1.7565831592876,-0.0282943058313587,0,0,0,"no"
-0.9,-0.1,0,0.1,0.3,-0.5,0.6,-0.904222540451522,0.682941842185686,-2.20665108856482,0.391024208856816,0,0.95,0,"no"
-0.9,-0.1,0,0.1,0.3,-0.5,0.9,-0.906133729741669,0.956484627191042,-2.74485158739946,0.90303356904963,0,1,0,"no"
-0.9,-0.1,0,0.1,0.3,-0.5,1,-0.906770792838385,1.05080807437047,-2.93143356528295,1.0819720871279,0,1,0,"no"
-0.9,-0.1,0,0.1,0.3,0,0.3,-0.902311351161374,0.442108809119104,-1.77476121447392,-0.0400776035582093,0,0,0,"no"
-0.9,-0.1,0,0.1,0.3,0,0.6,-0.904222540451522,0.681354398608191,-2.21611173312227,0.394630139260179,0,0.92,0,"no"
-0.9,-0.1,0,0.1,0.3,0,0.9,-0.906133729741669,0.955101883908002,-2.73448993768181,0.903640120274268,0,1,0,"no"
-0.9,-0.1,0,0.1,0.3,0,1,-0.906770792838385,1.04947401765996,-2.91626429878558,1.08219850472503,0,1,0,"no"
-0.9,-0.1,0,0.1,0.3,0.5,0.3,-0.902311351161374,0.438284821998669,-1.77301649780395,-0.0579360901384474,0,0,0,"no"
-0.9,-0.1,0,0.1,0.3,0.5,0.6,-0.904222540451522,0.679049293177401,-2.21867771235252,0.389422071054702,0,0.94,0,"no"
-0.9,-0.1,0,0.1,0.3,0.5,0.9,-0.906133729741669,0.953558061039264,-2.73597386497209,0.900851715299105,0,1,0,"no"
-0.9,-0.1,0,0.1,0.3,0.5,1,-0.906770792838385,1.04809785916704,-2.91247699444883,1.08093889030602,0,1,0,"no"
-0.9,-0.1,0,0.2,0.1,-0.5,0.3,-0.9027115130326,0.385945380739518,-1.61851884160278,-0.154046204525704,0,0,0,"no"
-0.9,-0.1,0,0.2,0.1,-0.5,0.6,-0.904622702322748,0.647896665695322,-2.13782779014014,0.32090854499728,0,0.87,0,"no"
-0.9,-0.1,0,0.2,0.1,-0.5,0.9,-0.906533891612896,0.932724507962537,-2.69427625937683,0.864388253729574,0,1,0,"no"
-0.9,-0.1,0,0.2,0.1,-0.5,1,-0.907170954709612,1.0295205679471,-2.88085714105209,1.04831643431319,0,1,0,"no"
-0.9,-0.1,0,0.2,0.1,0,0.3,-0.9027115130326,0.385557953062646,-1.64085321369736,-0.176581396839073,0,0,0,"no"
-0.9,-0.1,0,0.2,0.1,0,0.6,-0.904622702322748,0.647533074724878,-2.14257731307188,0.315491398489409,0,0.83,0,"no"
-0.9,-0.1,0,0.2,0.1,0,0.9,-0.906533891612896,0.932384036342357,-2.68992247443387,0.8587093971019,0,1,0,"no"
-0.9,-0.1,0,0.2,0.1,0,1,-0.907170954709612,1.02918582536972,-2.87566034444435,1.04223937936392,0,1,0,"no"
-0.9,-0.1,0,0.2,0.1,0.5,0.3,-0.9027115130326,0.3851571789278,-1.66080964129331,-0.192419192924197,0,0,0,"no"
-0.9,-0.1,0,0.2,0.1,0.5,0.6,-0.904622702322748,0.64734036386391,-2.15550022305673,0.309414046051561,0,0.84,0,"no"
-0.9,-0.1,0,0.2,0.1,0.5,0.9,-0.906533891612896,0.93228072623952,-2.6951945640854,0.857459929666589,0,1,0,"no"
-0.9,-0.1,0,0.2,0.1,0.5,1,-0.907170954709612,1.02910136130964,-2.87926577324129,1.04168744659753,0,1,0,"no"
-0.9,-0.1,0,0.2,0.2,-0.5,0.3,-0.9027115130326,0.421621835704253,-1.68519510856628,-0.0714904622929692,0,0,0,"no"
-0.9,-0.1,0,0.2,0.2,-0.5,0.6,-0.904622702322748,0.669336669417099,-2.17420260003203,0.364578856364509,0,0.93,0,"no"
-0.9,-0.1,0,0.2,0.2,-0.5,0.9,-0.906533891612896,0.947415967378434,-2.71793665028605,0.882415302637721,0,1,0,"no"
-0.9,-0.1,0,0.2,0.2,-0.5,1,-0.907170954709612,1.04274820596718,-2.90158910836334,1.06450391439223,0,1,0,"no"
-0.9,-0.1,0,0.2,0.2,0,0.3,-0.9027115130326,0.420635556211472,-1.70416103627236,-0.103738964478366,0,0,0,"no"
-0.9,-0.1,0,0.2,0.2,0,0.6,-0.904622702322748,0.668457429598827,-2.18300559209214,0.35500020272902,0,0.91,0,"no"
-0.9,-0.1,0,0.2,0.2,0,0.9,-0.906533891612896,0.94662225088832,-2.71513434863331,0.883832180818196,0,1,0,"no"
-0.9,-0.1,0,0.2,0.2,0,1,-0.907170954709612,1.04197538162238,-2.89922168175385,1.06590872964221,0,1,0,"no"
-0.9,-0.1,0,0.2,0.2,0.5,0.3,-0.9027115130326,0.418936313568252,-1.72570360786196,-0.119411469481982,0,0,0,"no"
-0.9,-0.1,0,0.2,0.2,0.5,0.6,-0.904622702322748,0.667494145722586,-2.20046266957963,0.347568930824477,0,0.94,0,"no"
-0.9,-0.1,0,0.2,0.2,0.5,0.9,-0.906533891612896,0.94600628546376,-2.72795374456519,0.883058358771068,0,1,0,"no"
-0.9,-0.1,0,0.2,0.2,0.5,1,-0.907170954709612,1.04143452508822,-2.909056032167,1.06866659595864,0,1,0,"no"
-0.9,-0.1,0,0.2,0.3,-0.5,0.3,-0.9027115130326,0.475638901263545,-1.80237643814186,0.0407664527572976,0,0,0,"no"
-0.9,-0.1,0,0.2,0.3,-0.5,0.6,-0.904622702322748,0.70428454064809,-2.24297866169492,0.43670934444378,0,0.99,0,"no"
-0.9,-0.1,0,0.2,0.3,-0.5,0.9,-0.906533891612896,0.972129830159286,-2.7673424522739,0.925473536917078,0,1,0,"no"
-0.9,-0.1,0,0.2,0.3,-0.5,1,-0.907170954709612,1.06515851069517,-2.94646702386588,1.10042909312802,0,1,0,"no"
-0.9,-0.1,0,0.2,0.3,0,0.3,-0.9027115130326,0.473968338042901,-1.82414761749282,0.0100751428084216,0,0,0,"no"
-0.9,-0.1,0,0.2,0.3,0,0.6,-0.904622702322748,0.702780816828486,-2.25687312368586,0.427216477063511,0,0.97,0,"no"
-0.9,-0.1,0,0.2,0.3,0,0.9,-0.906533891612896,0.970787010802596,-2.76454836767704,0.931054676547386,0,1,0,"no"
-0.9,-0.1,0,0.2,0.3,0,1,-0.907170954709612,1.06385718833878,-2.94150230042841,1.10881130617092,0,1,0,"no"
-0.9,-0.1,0,0.2,0.3,0.5,0.3,-0.9027115130326,0.470394990290111,-1.8356833629719,-0.0111710302971269,0,0,0,"no"
-0.9,-0.1,0,0.2,0.3,0.5,0.6,-0.904622702322748,0.70055290201625,-2.26644138568244,0.422116355814341,0,0.98,0,"no"
-0.9,-0.1,0,0.2,0.3,0.5,0.9,-0.906533891612896,0.96927728324855,-2.77503790127296,0.926413454234221,0,1,0,"no"
-0.9,-0.1,0,0.2,0.3,0.5,1,-0.907170954709612,1.06250872113411,-2.95112900091641,1.10287948831722,0,1,0,"no"
-0.9,-0.1,0,0.3,0.1,-0.5,0.3,-0.903111674903827,0.443648317780925,-1.72367903354208,-0.0407161939525926,0,0,0,"no"
-0.9,-0.1,0,0.3,0.1,-0.5,0.6,-0.905022864193974,0.684343592816422,-2.19059764640756,0.387962895675183,0,0.97,0,"no"
-0.9,-0.1,0,0.3,0.1,-0.5,0.9,-0.906934053484122,0.958722887839996,-2.736086107642,0.903723232479051,0,1,0,"no"
-0.9,-0.1,0,0.3,0.1,-0.5,1,-0.907571116580838,1.05322700182426,-2.92300511295549,1.08760764404626,0,1,0,"no"
-0.9,-0.1,0,0.3,0.1,0,0.3,-0.903111674903827,0.443335870134698,-1.75268765347346,-0.0565533458411142,0,0,0,"no"
-0.9,-0.1,0,0.3,0.1,0,0.6,-0.905022864193974,0.684010272215556,-2.20562813489046,0.376864271701442,0,0.97,0,"no"
-0.9,-0.1,0,0.3,0.1,0,0.9,-0.906934053484122,0.958397527778088,-2.73899136935355,0.901258125949764,0,1,0,"no"
-0.9,-0.1,0,0.3,0.1,0,1,-0.907571116580838,1.05290479924115,-2.92239633925745,1.08038780764283,0,1,0,"no"
-0.9,-0.1,0,0.3,0.1,0.5,0.3,-0.903111674903827,0.44299045921617,-1.77672245129113,-0.0777938312328352,0,0,0,"no"
-0.9,-0.1,0,0.3,0.1,0.5,0.6,-0.905022864193974,0.683832324352783,-2.2189812020899,0.368741243803659,0,0.97,0,"no"
-0.9,-0.1,0,0.3,0.1,0.5,0.9,-0.906934053484122,0.958301031775882,-2.74521697897244,0.891240247122391,0,1,0,"no"
-0.9,-0.1,0,0.3,0.1,0.5,1,-0.907571116580838,1.05282602491191,-2.92807075525194,1.06986006921362,0,1,0,"no"
-0.9,-0.1,0,0.3,0.2,-0.5,0.3,-0.903111674903827,0.475066890633839,-1.77140290929634,0.0335753381271316,0,0,0,"no"
-0.9,-0.1,0,0.3,0.2,-0.5,0.6,-0.905022864193974,0.704675870343462,-2.22433315294612,0.435017344316699,0,0.99,0,"no"
-0.9,-0.1,0,0.3,0.2,-0.5,0.9,-0.906934053484122,0.973016105572481,-2.75600787815048,0.931755314003348,0,1,0,"no"
-0.9,-0.1,0,0.3,0.2,-0.5,1,-0.907571116580838,1.06615452275617,-2.93997043081437,1.10656758424398,0,1,0,"no"
-0.9,-0.1,0,0.3,0.2,0,0.3,-0.903111674903827,0.474252559378369,-1.80081453582548,0.00275610191753552,0,0,0,"no"
-0.9,-0.1,0,0.3,0.2,0,0.6,-0.905022864193974,0.703867398820247,-2.24053313640463,0.416208585696942,0,1,0,"no"
-0.9,-0.1,0,0.3,0.2,0,0.9,-0.906934053484122,0.972256908986531,-2.76081405764215,0.920666093424085,0,1,0,"no"
-0.9,-0.1,0,0.3,0.2,0,1,-0.907571116580838,1.06541007883009,-2.94027387587265,1.09961261506504,0,1,0,"no"
-0.9,-0.1,0,0.3,0.2,0.5,0.3,-0.903111674903827,0.47273912425937,-1.8370935059594,-0.0214636445569891,0,0,0,"no"
-0.9,-0.1,0,0.3,0.2,0.5,0.6,-0.905022864193974,0.702956364328969,-2.27048374680257,0.401244248373219,0,0.99,0,"no"
-0.9,-0.1,0,0.3,0.2,0.5,0.9,-0.906934053484122,0.971663020644551,-2.78209534725942,0.915433516016583,0,1,0,"no"
-0.9,-0.1,0,0.3,0.2,0.5,1,-0.907571116580838,1.06488699771227,-2.95764221403262,1.09615619665971,0,1,0,"no"
-0.9,-0.1,0,0.3,0.3,-0.5,0.3,-0.903111674903827,0.523684940583776,-1.87116609437724,0.139102924556136,0,0.03,0,"no"
-0.9,-0.1,0,0.3,0.3,-0.5,0.6,-0.905022864193974,0.737959971291526,-2.29078016523024,0.50493604909808,0,1,0,"no"
-0.9,-0.1,0,0.3,0.3,-0.5,0.9,-0.906934053484122,0.997091301164497,-2.80452097992435,0.974874912806874,0,1,0,"no"
-0.9,-0.1,0,0.3,0.3,-0.5,1,-0.907571116580838,1.08807758905447,-2.98043754945803,1.14471851908867,0,1,0,"no"
-0.9,-0.1,0,0.3,0.3,0,0.3,-0.903111674903827,0.522259276716504,-1.9014125689331,0.0992612128325257,0,0.03,0,"no"
-0.9,-0.1,0,0.3,0.3,0,0.6,-0.905022864193974,0.736568751683244,-2.30644116648506,0.479478574058,0,1,0,"no"
-0.9,-0.1,0,0.3,0.3,0,0.9,-0.906934053484122,0.995804678147983,-2.80730110672573,0.970281720671917,0,1,0,"no"
-0.9,-0.1,0,0.3,0.3,0,1,-0.907571116580838,1.08682246879361,-2.98465671081,1.14275397122758,0,1,0,"no"
-0.9,-0.1,0,0.3,0.3,0.5,0.3,-0.903111674903827,0.519000780759886,-1.9230715579683,0.0743529288601467,0,0.02,0,"no"
-0.9,-0.1,0,0.3,0.3,0.5,0.6,-0.905022864193974,0.734443199224405,-2.3322727946191,0.471796811954193,0,1,0,"no"
-0.9,-0.1,0,0.3,0.3,0.5,0.9,-0.906934053484122,0.994338815537554,-2.82961314413828,0.959215568777583,0,1,0,"no"
-0.9,-0.1,0,0.3,0.3,0.5,1,-0.907571116580838,1.0855090500545,-3.00095295833246,1.13172505080735,0,1,0,"no"
-0.9,0,0,0.1,0.1,-0.5,0.3,-0.902311351161374,0.330227712932657,-1.53408678942655,-0.281459360910064,0,0,0,"no"
-0.9,0,0,0.1,0.1,-0.5,0.6,-0.904222540451522,0.614916170294206,-2.08288177003641,0.258209638510495,0,0.58,0,"no"
-0.9,0,0,0.1,0.1,-0.5,0.9,-0.906133729741669,0.909178783149714,-2.65462787630908,0.812552994719567,0,1,0,"no"
-0.9,0,0,0.1,0.1,-0.5,1,-0.906770792838385,1.00795417505795,-2.84505929891391,1.0012084177886,0,1,0,"no"
-0.9,0,0,0.1,0.1,0,0.3,-0.902311351161374,0.329823142240748,-1.53206156625234,-0.279465182094519,0,0,0,"no"
-0.9,0,0,0.1,0.1,0,0.6,-0.904222540451522,0.614567108094264,-2.0812374742532,0.259432035427797,0,0.56,0,"no"
-0.9,0,0,0.1,0.1,0,0.9,-0.906133729741669,0.908854493863011,-2.64651937626877,0.819190154709347,0,1,0,"no"
-0.9,0,0,0.1,0.1,0,1,-0.906770792838385,1.00763515447771,-2.83634513858551,1.00800719462463,0,1,0,"no"
-0.9,0,0,0.1,0.1,0.5,0.3,-0.902311351161374,0.329324634766048,-1.53307119716381,-0.281968573387939,0,0,0,"no"
-0.9,0,0,0.1,0.1,0.5,0.6,-0.904222540451522,0.614349817077154,-2.07661159812595,0.262738776299252,0,0.54,0,"no"
-0.9,0,0,0.1,0.1,0.5,0.9,-0.906133729741669,0.908739041707212,-2.6399736050825,0.826693364219068,0,1,0,"no"
-0.9,0,0,0.1,0.1,0.5,1,-0.906770792838385,1.00754036873734,-2.82985979533502,1.01382704195213,0,1,0,"no"
-0.9,0,0,0.1,0.2,-0.5,0.3,-0.902311351161374,0.371616581686334,-1.6183919239464,-0.195767360264983,0,0,0,"no"
-0.9,0,0,0.1,0.2,-0.5,0.6,-0.904222540451522,0.637648058715122,-2.13141692983544,0.298793228200928,0,0.79,0,"no"
-0.9,0,0,0.1,0.2,-0.5,0.9,-0.906133729741669,0.924364474708045,-2.67789066610497,0.840401536474983,0,1,0,"no"
-0.9,0,0,0.1,0.2,-0.5,1,-0.906770792838385,1.02156850194713,-2.86460791734066,1.02578979754589,0,1,0,"no"
-0.9,0,0,0.1,0.2,0,0.3,-0.902311351161374,0.370597983324334,-1.62271261235275,-0.19293929894841,0,0,0,"no"
-0.9,0,0,0.1,0.2,0,0.6,-0.904222540451522,0.636791354958782,-2.12434249730373,0.311036157891784,0,0.8,0,"no"
-0.9,0,0,0.1,0.2,0,0.9,-0.906133729741669,0.923600040633006,-2.67069359428905,0.844373827703542,0,1,0,"no"
-0.9,0,0,0.1,0.2,0,1,-0.906770792838385,1.02082468108697,-2.85747126930259,1.02686511850875,0,1,0,"no"
-0.9,0,0,0.1,0.2,0.5,0.3,-0.902311351161374,0.368618135210722,-1.61789192938658,-0.191242912796941,0,0,0,"no"
-0.9,0,0,0.1,0.2,0.5,0.6,-0.904222540451522,0.635754277561712,-2.12146756119115,0.308697293965031,0,0.74,0,"no"
-0.9,0,0,0.1,0.2,0.5,0.9,-0.906133729741669,0.922950953518141,-2.67253068934488,0.855011409082023,0,1,0,"no"
-0.9,0,0,0.1,0.2,0.5,1,-0.906770792838385,1.02025651681864,-2.85841708983789,1.04098099967557,0,1,0,"no"
-0.9,0,0,0.1,0.3,-0.5,0.3,-0.902311351161374,0.432193301564858,-1.73779858976019,-0.071248347097522,0,0,0,"no"
-0.9,0,0,0.1,0.3,-0.5,0.6,-0.904222540451522,0.674422747742993,-2.20862607736898,0.369658169515053,0,0.91,0,"no"
-0.9,0,0,0.1,0.3,-0.5,0.9,-0.906133729741669,0.949802466231118,-2.74070595466609,0.888303344764316,0,1,0,"no"
-0.9,0,0,0.1,0.3,-0.5,1,-0.906770792838385,1.04454464508692,-2.92416381753343,1.06881305524302,0,1,0,"no"
-0.9,0,0,0.1,0.3,0,0.3,-0.902311351161374,0.430523617690314,-1.7491441474518,-0.0718767629642858,0,0,0,"no"
-0.9,0,0,0.1,0.3,0,0.6,-0.904222540451522,0.672952597421336,-2.20674365346588,0.381308195019561,0,0.92,0,"no"
-0.9,0,0,0.1,0.3,0,0.9,-0.906133729741669,0.948501281735048,-2.72688152784899,0.902848064914727,0,1,0,"no"
-0.9,0,0,0.1,0.3,0,1,-0.906770792838385,1.04328476209957,-2.90637608677912,1.07759162423113,0,1,0,"no"
-0.9,0,0,0.1,0.3,0.5,0.3,-0.902311351161374,0.426522074922465,-1.7342407819581,-0.0777124347642244,0,0,0,"no"
-0.9,0,0,0.1,0.3,0.5,0.6,-0.904222540451522,0.67058867046727,-2.19148376106775,0.38389304352213,0,0.91,0,"no"
-0.9,0,0,0.1,0.3,0.5,0.9,-0.906133729741669,0.946930336778494,-2.7182964839936,0.904566722701862,0,1,0,"no"
-0.9,0,0,0.1,0.3,0.5,1,-0.906770792838385,1.04188632812072,-2.90164473746395,1.08397201204217,0,1,0,"no"
-0.9,0,0,0.2,0.1,-0.5,0.3,-0.9027115130326,0.371541450118645,-1.60483541127586,-0.202051121001566,0,0,0,"no"
-0.9,0,0,0.2,0.1,-0.5,0.6,-0.904622702322748,0.638545394605872,-2.12261571820549,0.299591337708204,0,0.78,0,"no"
-0.9,0,0,0.2,0.1,-0.5,0.9,-0.906533891612896,0.925643910694917,-2.68422506483126,0.845236018763937,0,1,0,"no"
-0.9,0,0,0.2,0.1,-0.5,1,-0.907170954709612,1.02292586406678,-2.87187743081551,1.0272373284461,0,1,0,"no"
-0.9,0,0,0.2,0.1,0,0.3,-0.9027115130326,0.371200262494989,-1.60213684870602,-0.207406798157065,0,0,0,"no"
-0.9,0,0,0.2,0.1,0,0.6,-0.904622702322748,0.638216689964993,-2.12301138300406,0.298797847497317,0,0.79,0,"no"
-0.9,0,0,0.2,0.1,0,0.9,-0.906533891612896,0.92532968696118,-2.68043979062385,0.844949280226706,0,1,0,"no"
-0.9,0,0,0.2,0.1,0,1,-0.907170954709612,1.02261526419534,-2.86793546270362,1.02737762139392,0,1,0,"no"
-0.9,0,0,0.2,0.1,0.5,0.3,-0.9027115130326,0.370753544978671,-1.60820556008365,-0.203236650409326,0,0,0,"no"
-0.9,0,0,0.2,0.1,0.5,0.6,-0.904622702322748,0.638011501201463,-2.12108513302652,0.295106281906107,0,0.8,0,"no"
-0.9,0,0,0.2,0.1,0.5,0.9,-0.906533891612896,0.925220283681688,-2.67610863796616,0.845059901841475,0,1,0,"no"
-0.9,0,0,0.2,0.1,0.5,1,-0.907170954709612,1.02252565522196,-2.86322254349978,1.03103074393169,0,1,0,"no"
-0.9,0,0,0.2,0.2,-0.5,0.3,-0.9027115130326,0.408799765012117,-1.68089986877019,-0.122456507462232,0,0,0,"no"
-0.9,0,0,0.2,0.2,-0.5,0.6,-0.904622702322748,0.660455425865313,-2.16817357885311,0.337081278179872,0,0.92,0,"no"
-0.9,0,0,0.2,0.2,-0.5,0.9,-0.906533891612896,0.940554539399532,-2.70772007875202,0.866133077505449,0,1,0,"no"
-0.9,0,0,0.2,0.2,-0.5,1,-0.907170954709612,1.03633482791374,-2.89248988401954,1.04926170634285,0,1,0,"no"
-0.9,0,0,0.2,0.2,0,0.3,-0.9027115130326,0.407919667048364,-1.68018295756842,-0.124198953890126,0,0,0,"no"
-0.9,0,0,0.2,0.2,0,0.6,-0.904622702322748,0.659646284481495,-2.16412313250468,0.341069635810961,0,0.89,0,"no"
-0.9,0,0,0.2,0.2,0,0.9,-0.906533891612896,0.939812822156238,-2.70554890754832,0.869585327010072,0,1,0,"no"
-0.9,0,0,0.2,0.2,0,1,-0.907170954709612,1.03560978448567,-2.89069995753538,1.05226287098761,0,1,0,"no"
-0.9,0,0,0.2,0.2,0.5,0.3,-0.9027115130326,0.406104746682511,-1.68298585042774,-0.117437387461123,0,0,0,"no"
-0.9,0,0,0.2,0.2,0.5,0.6,-0.904622702322748,0.658649269532096,-2.16614239432762,0.336062853224122,0,0.89,0,"no"
-0.9,0,0,0.2,0.2,0.5,0.9,-0.906533891612896,0.939181344986783,-2.7016598293989,0.866270348670095,0,1,0,"no"
-0.9,0,0,0.2,0.2,0.5,1,-0.907170954709612,1.03505610582721,-2.88460168777587,1.0511770764341,0,1,0,"no"
-0.9,0,0,0.2,0.3,-0.5,0.3,-0.9027115130326,0.464610090940428,-1.79703186488191,-0.00572100900741952,0,0,0,"no"
-0.9,0,0,0.2,0.3,-0.5,0.6,-0.904622702322748,0.69602222490399,-2.24072499474787,0.409501745206021,0,0.98,0,"no"
-0.9,0,0,0.2,0.3,-0.5,0.9,-0.906533891612896,0.965557372034763,-2.75983644486018,0.912392373887878,0,1,0,"no"
-0.9,0,0,0.2,0.3,-0.5,1,-0.907170954709612,1.0589820703853,-2.94111144820701,1.08720335092841,0,1,0,"no"
-0.9,0,0,0.2,0.3,0,0.3,-0.9027115130326,0.463118908614384,-1.80546085205682,-0.0132308820036893,0,0,0,"no"
-0.9,0,0,0.2,0.3,0,0.6,-0.904622702322748,0.694626416430777,-2.24118659013042,0.415117358241262,0,0.96,0,"no"
-0.9,0,0,0.2,0.3,0,0.9,-0.906533891612896,0.964292677604656,-2.75303782024802,0.931384020680856,0,1,0,"no"
-0.9,0,0,0.2,0.3,0,1,-0.907170954709612,1.0577523187598,-2.92957256572722,1.1027368746262,0,1,0,"no"
-0.9,0,0,0.2,0.3,0.5,0.3,-0.9027115130326,0.459374617501966,-1.79217745970346,-0.0131772292883611,0,0,0,"no"
-0.9,0,0,0.2,0.3,0.5,0.6,-0.904622702322748,0.692338268880102,-2.24380722460355,0.42050416370511,0,0.98,0,"no"
-0.9,0,0,0.2,0.3,0.5,0.9,-0.906533891612896,0.962754965058457,-2.75091615782044,0.921965884328129,0,1,0,"no"
-0.9,0,0,0.2,0.3,0.5,1,-0.907170954709612,1.05638089600857,-2.93124237733873,1.09704031219968,0,1,0,"no"
-0.9,0,0,0.3,0.1,-0.5,0.3,-0.903111674903827,0.431137683272847,-1.71286796521839,-0.081621800495197,0,0,0,"no"
-0.9,0,0,0.3,0.1,-0.5,0.6,-0.905022864193974,0.675488487782358,-2.18602685153522,0.366540515600185,0,0.96,0,"no"
-0.9,0,0,0.3,0.1,-0.5,0.9,-0.906934053484122,0.951835007779825,-2.72558329797694,0.895036190747987,0,1,0,"no"
-0.9,0,0,0.3,0.1,-0.5,1,-0.907571116580838,1.04678202458678,-2.91222129958812,1.0749783459246,0,1,0,"no"
-0.9,0,0,0.3,0.1,0,0.3,-0.903111674903827,0.430855928228265,-1.71486632405474,-0.0872778398884627,0,0,0,"no"
-0.9,0,0,0.3,0.1,0,0.6,-0.905022864193974,0.675185185562906,-2.18205817478343,0.357534145059496,0,0.96,0,"no"
-0.9,0,0,0.3,0.1,0,0.9,-0.906934053484122,0.951534038617515,-2.72623296968088,0.888332197774079,0,1,0,"no"
-0.9,0,0,0.3,0.1,0,1,-0.907571116580838,1.04648254958495,-2.91174615083859,1.06856063813106,0,1,0,"no"
-0.9,0,0,0.3,0.1,0.5,0.3,-0.903111674903827,0.430463339355793,-1.72138325333788,-0.0827814720786981,0,0,0,"no"
-0.9,0,0,0.3,0.1,0.5,0.6,-0.905022864193974,0.674992704630635,-2.18683136988412,0.358206121479151,0,0.97,0,"no"
-0.9,0,0,0.3,0.1,0.5,0.9,-0.906934053484122,0.951430628050633,-2.72782699885054,0.885530304683269,0,1,0,"no"
-0.9,0,0,0.3,0.1,0.5,1,-0.907571116580838,1.04639800900472,-2.91300634590583,1.06467817777657,0,1,0,"no"
-0.9,0,0,0.3,0.2,-0.5,0.3,-0.903111674903827,0.463686080195707,-1.77745306911648,-0.014019802929114,0,0,0,"no"
-0.9,0,0,0.3,0.2,-0.5,0.6,-0.905022864193974,0.696236890881591,-2.22849142946184,0.398758791761024,0,0.98,0,"no"
-0.9,0,0,0.3,0.2,-0.5,0.9,-0.906934053484122,0.966335586807513,-2.75011691388972,0.910484311419596,0,1,0,"no"
-0.9,0,0,0.3,0.2,-0.5,1,-0.907571116580838,1.05988297652606,-2.93460686991137,1.08913761628722,0,1,0,"no"
-0.9,0,0,0.3,0.2,0,0.3,-0.903111674903827,0.46294751123493,-1.78243458689242,-0.0193733557634316,0,0,0,"no"
-0.9,0,0,0.3,0.2,0,0.6,-0.905022864193974,0.695489295070168,-2.22237002368866,0.395779326742456,0,0.98,0,"no"
-0.9,0,0,0.3,0.2,0,0.9,-0.906934053484122,0.965624796687006,-2.74705097138225,0.91156921923313,0,1,0,"no"
-0.9,0,0,0.3,0.2,0,1,-0.907571116580838,1.05918356321733,-2.93256513043523,1.0899503932153,0,1,0,"no"
-0.9,0,0,0.3,0.2,0.5,0.3,-0.903111674903827,0.461324820822496,-1.78466214629392,-0.0136628013142407,0,0,0,"no"
-0.9,0,0,0.3,0.2,0.5,0.6,-0.905022864193974,0.694541850949498,-2.23058844471306,0.401662161907071,0,0.98,0,"no"
-0.9,0,0,0.3,0.2,0.5,0.9,-0.906934053484122,0.965014022500106,-2.74734850266583,0.905496691866109,0,1,0,"no"
-0.9,0,0,0.3,0.2,0.5,1,-0.907571116580838,1.05864658631895,-2.92886912863082,1.08412973114006,0,1,0,"no"
-0.9,0,0,0.3,0.3,-0.5,0.3,-0.903111674903827,0.513652751580955,-1.88389505672172,0.0865185979673097,0,0.03,0,"no"
-0.9,0,0,0.3,0.3,-0.5,0.6,-0.905022864193974,0.730069582044035,-2.29428509858483,0.473675381763934,0,1,0,"no"
-0.9,0,0,0.3,0.3,-0.5,0.9,-0.906934053484122,0.99068313879797,-2.80226036827966,0.955621917269808,0,1,0,"no"
-0.9,0,0,0.3,0.3,-0.5,1,-0.907571116580838,1.08203179595134,-2.97803898929685,1.12571535639545,0,1,0,"no"
-0.9,0,0,0.3,0.3,0,0.3,-0.903111674903827,0.512363439427604,-1.89143137026583,0.0794464540536764,0,0.01,0,"no"
-0.9,0,0,0.3,0.3,0,0.6,-0.905022864193974,0.728773166474737,-2.28898662587754,0.475012423034071,0,1,0,"no"
-0.9,0,0,0.3,0.3,0,0.9,-0.906934053484122,0.989469426722243,-2.79618469875702,0.961604453716442,0,1,0,"no"
-0.9,0,0,0.3,0.3,0,1,-0.907571116580838,1.08084423497893,-2.97185866881564,1.13174402088965,0,1,0,"no"
-0.9,0,0,0.3,0.3,0.5,0.3,-0.903111674903827,0.508943731250329,-1.88176727565378,0.082852194512108,0,0.02,0,"no"
-0.9,0,0,0.3,0.3,0.5,0.6,-0.905022864193974,0.726585002942832,-2.30132471746107,0.480092401581704,0,1,0,"no"
-0.9,0,0,0.3,0.3,0.5,0.9,-0.906934053484122,0.987973904298143,-2.79921359149143,0.954094279836183,0,1,0,"no"
-0.9,0,0,0.3,0.3,0.5,1,-0.907571116580838,1.0795064984875,-2.97378181066229,1.12523712047697,0,1,0,"no"
-0.9,0.1,0,0.1,0.1,-0.5,0.3,-0.902311351161374,0.343615982179202,-1.57514912324497,-0.257813644831738,0,0,0,"no"
-0.9,0.1,0,0.1,0.1,-0.5,0.6,-0.904222540451522,0.621301418705387,-2.10721615685424,0.270694627499242,0,0.65,0,"no"
-0.9,0.1,0,0.1,0.1,-0.5,0.9,-0.906133729741669,0.912889484181106,-2.66538076430782,0.821688033642885,0,1,0,"no"
-0.9,0.1,0,0.1,0.1,-0.5,1,-0.906770792838385,1.01111573959392,-2.85405034921288,1.00864719199406,0,1,0,"no"
-0.9,0.1,0,0.1,0.1,0,0.3,-0.902311351161374,0.343299164215675,-1.56732736914503,-0.248092083521477,0,0,0,"no"
-0.9,0.1,0,0.1,0.1,0,0.6,-0.904222540451522,0.620999904217036,-2.10042686419944,0.274764680540162,0,0.64,0,"no"
-0.9,0.1,0,0.1,0.1,0,0.9,-0.906133729741669,0.912597062856894,-2.66161581261024,0.827946296343609,0,1,0,"no"
-0.9,0.1,0,0.1,0.1,0,1,-0.906770792838385,1.01082538946706,-2.85038753736421,1.01534942466293,0,1,0,"no"
-0.9,0.1,0,0.1,0.1,0.5,0.3,-0.902311351161374,0.342806266683811,-1.55291639382466,-0.235146400711611,0,0,0,"no"
-0.9,0.1,0,0.1,0.1,0.5,0.6,-0.904222540451522,0.620779242469822,-2.09257775217636,0.278363645284218,0,0.61,0,"no"
-0.9,0.1,0,0.1,0.1,0.5,0.9,-0.906133729741669,0.912478424191144,-2.65546024981391,0.833303932693034,0,1,0,"no"
-0.9,0.1,0,0.1,0.1,0.5,1,-0.906770792838385,1.01072760293777,-2.84384375974402,1.02095229411597,0,1,0,"no"
-0.9,0.1,0,0.1,0.2,-0.5,0.3,-0.902311351161374,0.383792386031181,-1.65848560684359,-0.179731197793067,0,0,0,"no"
-0.9,0.1,0,0.1,0.2,-0.5,0.6,-0.904222540451522,0.643951207169453,-2.15192331555354,0.318162456897425,0,0.82,0,"no"
-0.9,0.1,0,0.1,0.2,-0.5,0.9,-0.906133729741669,0.928114953738249,-2.69746650273938,0.850743481227647,0,1,0,"no"
-0.9,0.1,0,0.1,0.2,-0.5,1,-0.906770792838385,1.02477916609952,-2.88433551281088,1.03175861131836,0,1,0,"no"
-0.9,0.1,0,0.1,0.2,0,0.3,-0.902311351161374,0.38294498114854,-1.64599190096896,-0.169179696063294,0,0,0,"no"
-0.9,0.1,0,0.1,0.2,0,0.6,-0.904222540451522,0.643188173276542,-2.14625897913618,0.316181249658213,0,0.81,0,"no"
-0.9,0.1,0,0.1,0.2,0,0.9,-0.906133729741669,0.92741340445067,-2.68678534064442,0.854618948132899,0,1,0,"no"
-0.9,0.1,0,0.1,0.2,0,1,-0.906770792838385,1.02409194761891,-2.87426693988331,1.03914404894236,0,1,0,"no"
-0.9,0.1,0,0.1,0.2,0.5,0.3,-0.902311351161374,0.381000100581184,-1.63036766371145,-0.16324659266595,0,0,0,"no"
-0.9,0.1,0,0.1,0.2,0.5,0.6,-0.904222540451522,0.642149209538832,-2.12848804747539,0.32394314032111,0,0.79,0,"no"
-0.9,0.1,0,0.1,0.2,0.5,0.9,-0.906133729741669,0.926759398908224,-2.67736740960173,0.866279353011975,0,1,0,"no"
-0.9,0.1,0,0.1,0.2,0.5,1,-0.906770792838385,1.02351882127328,-2.86702782056691,1.05019114110657,0,1,0,"no"
-0.9,0.1,0,0.1,0.3,-0.5,0.3,-0.902311351161374,0.442933641878245,-1.77835080158747,-0.0670976270727032,0,0,0,"no"
-0.9,0.1,0,0.1,0.3,-0.5,0.6,-0.904222540451522,0.680528458838879,-2.22549349550758,0.385107478845897,0,0.95,0,"no"
-0.9,0.1,0,0.1,0.3,-0.5,0.9,-0.906133729741669,0.95355407734521,-2.75096078614281,0.90348372887879,0,1,0,"no"
-0.9,0.1,0,0.1,0.3,-0.5,1,-0.906770792838385,1.04777677343111,-2.9278241889958,1.07853831758201,0,1,0,"no"
-0.9,0.1,0,0.1,0.3,0,0.3,-0.902311351161374,0.44151053944885,-1.76504905245707,-0.0558259587734937,0,0,0,"no"
-0.9,0.1,0,0.1,0.3,0,0.6,-0.904222540451522,0.679197399610263,-2.22028423633379,0.392963610965735,0,0.95,0,"no"
-0.9,0.1,0,0.1,0.3,0,0.9,-0.906133729741669,0.952346480221403,-2.74365380270367,0.904433907931202,0,1,0,"no"
-0.9,0.1,0,0.1,0.3,0,1,-0.906770792838385,1.04660112914273,-2.92360135535504,1.08221251442012,0,1,0,"no"
-0.9,0.1,0,0.1,0.3,0.5,0.3,-0.902311351161374,0.43756797098229,-1.74163100878535,-0.0454012455192359,0,0,0,"no"
-0.9,0.1,0,0.1,0.3,0.5,0.6,-0.904222540451522,0.676834852508856,-2.20776470033914,0.397168094067687,0,0.96,0,"no"
-0.9,0.1,0,0.1,0.3,0.5,0.9,-0.906133729741669,0.950769586617819,-2.71888924609519,0.915802041694399,0,1,0,"no"
-0.9,0.1,0,0.1,0.3,0.5,1,-0.906770792838385,1.0451962829357,-2.89982856349203,1.09663964046701,0,1,0,"no"
-0.9,0.1,0,0.2,0.1,-0.5,0.3,-0.9027115130326,0.38351835137463,-1.64875711890471,-0.194296612840636,0,0,0,"no"
-0.9,0.1,0,0.2,0.1,-0.5,0.6,-0.904622702322748,0.644706193982911,-2.14401111743001,0.309961846424201,0,0.85,0,"no"
-0.9,0.1,0,0.2,0.1,-0.5,0.9,-0.906533891612896,0.929295445467254,-2.69589566587665,0.853486808490389,0,1,0,"no"
-0.9,0.1,0,0.2,0.1,-0.5,1,-0.907170954709612,1.02604735062453,-2.88183097442787,1.03539678486755,0,1,0,"no"
-0.9,0.1,0,0.2,0.1,0,0.3,-0.9027115130326,0.383237937788017,-1.63173939355521,-0.171529774461867,0,0,0,"no"
-0.9,0.1,0,0.2,0.1,0,0.6,-0.904622702322748,0.64441992968142,-2.13521750196923,0.311344359334472,0,0.85,0,"no"
-0.9,0.1,0,0.2,0.1,0,0.9,-0.906533891612896,0.929011452334501,-2.69179716392757,0.855086000755576,0,1,0,"no"
-0.9,0.1,0,0.2,0.1,0,1,-0.907170954709612,1.02576421259068,-2.87827585586358,1.03733110533479,0,1,0,"no"
-0.9,0.1,0,0.2,0.1,0.5,0.3,-0.9027115130326,0.382780216720376,-1.61745137506476,-0.151621999490842,0,0,0,"no"
-0.9,0.1,0,0.2,0.1,0.5,0.6,-0.904622702322748,0.644208719627509,-2.12978199851914,0.32044713837839,0,0.85,0,"no"
-0.9,0.1,0,0.2,0.1,0.5,0.9,-0.906533891612896,0.928898074071954,-2.68667979127678,0.854796385447756,0,1,0,"no"
-0.9,0.1,0,0.2,0.1,0.5,1,-0.907170954709612,1.02567103397302,-2.87357074003511,1.0391035419009,0,1,0,"no"
-0.9,0.1,0,0.2,0.2,-0.5,0.3,-0.9027115130326,0.419926440585596,-1.72986618472475,-0.123974324562112,0,0,0,"no"
-0.9,0.1,0,0.2,0.2,-0.5,0.6,-0.904622702322748,0.666552619823494,-2.19070148736045,0.353131378741998,0,0.92,0,"no"
-0.9,0.1,0,0.2,0.2,-0.5,0.9,-0.906533891612896,0.944247144184924,-2.72346819600105,0.880398087081237,0,1,0,"no"
-0.9,0.1,0,0.2,0.2,-0.5,1,-0.907170954709612,1.03950577783858,-2.90782800439036,1.060497108743,0,1,0,"no"
-0.9,0.1,0,0.2,0.2,0,0.3,-0.9027115130326,0.419171939393614,-1.71107591956436,-0.102313368574756,0,0,0,"no"
-0.9,0.1,0,0.2,0.2,0,0.6,-0.904622702322748,0.665827415295939,-2.18226499798739,0.359082553975393,0,0.93,0,"no"
-0.9,0.1,0,0.2,0.2,0,0.9,-0.906533891612896,0.943565111716714,-2.71372038932,0.876788858986793,0,1,0,"no"
-0.9,0.1,0,0.2,0.2,0,1,-0.907170954709612,1.03883496687334,-2.89874086801177,1.05620345280652,0,1,0,"no"
-0.9,0.1,0,0.2,0.2,0.5,0.3,-0.9027115130326,0.417359525004815,-1.68982651287355,-0.0784322627825798,0,0,0,"no"
-0.9,0.1,0,0.2,0.2,0.5,0.6,-0.904622702322748,0.664823068174119,-2.16684994412022,0.370830231915288,0,0.94,0,"no"
-0.9,0.1,0,0.2,0.2,0.5,0.9,-0.906533891612896,0.942927108724212,-2.70587829602435,0.883159777313377,0,1,0,"no"
-0.9,0.1,0,0.2,0.2,0.5,1,-0.907170954709612,1.03827517058514,-2.89002810533826,1.06169566910307,0,1,0,"no"
-0.9,0.1,0,0.2,0.3,-0.5,0.3,-0.9027115130326,0.474636597429563,-1.84549051688,-0.0143584424004262,0,0,0,"no"
-0.9,0.1,0,0.2,0.3,-0.5,0.6,-0.904622702322748,0.701948901843182,-2.25873297227375,0.412647100301427,0,0.99,0,"no"
-0.9,0.1,0,0.2,0.3,-0.5,0.9,-0.906533891612896,0.969254021258275,-2.7764707134592,0.928194297154588,0,1,0,"no"
-0.9,0.1,0,0.2,0.3,-0.5,1,-0.907170954709612,1.06217580568439,-2.95015694861432,1.10115659530173,0,1,0,"no"
-0.9,0.1,0,0.2,0.3,0,0.3,-0.9027115130326,0.473339448608762,-1.82295459440445,0.00471759213180882,0,0,0,"no"
-0.9,0.1,0,0.2,0.3,0,0.6,-0.904622702322748,0.700678724118054,-2.25823609077837,0.433067573461517,0,0.98,0,"no"
-0.9,0.1,0,0.2,0.3,0,0.9,-0.906533891612896,0.968078262121893,-2.76989977079278,0.93085900568718,0,1,0,"no"
-0.9,0.1,0,0.2,0.3,0,1,-0.907170954709612,1.06102682326612,-2.9473901775329,1.10730836193286,0,1,0,"no"
-0.9,0.1,0,0.2,0.3,0.5,0.3,-0.9027115130326,0.469615787087111,-1.79645161646491,0.0248842493177263,0,0,0,"no"
-0.9,0.1,0,0.2,0.3,0.5,0.6,-0.904622702322748,0.698384095407699,-2.24417887227696,0.442872030213984,0,0.98,0,"no"
-0.9,0.1,0,0.2,0.3,0.5,0.9,-0.906533891612896,0.966532185676185,-2.75081325586366,0.939781654202108,0,1,0,"no"
-0.9,0.1,0,0.2,0.3,0.5,1,-0.907170954709612,1.05964724532724,-2.92625887960411,1.11431330149242,0,1,0,"no"
-0.9,0.1,0,0.3,0.1,-0.5,0.3,-0.903111674903827,0.441525435983883,-1.75325892287942,-0.0815222371952712,0,0,0,"no"
-0.9,0.1,0,0.3,0.1,-0.5,0.6,-0.905022864193974,0.681322062326019,-2.20879375602797,0.367134061304369,0,0.98,0,"no"
-0.9,0.1,0,0.3,0.1,-0.5,0.9,-0.906934053484122,0.95539109087383,-2.7369621934812,0.896287998191092,0,1,0,"no"
-0.9,0.1,0,0.3,0.1,-0.5,1,-0.907571116580838,1.04983696384722,-2.92255743298544,1.07772273339115,0,1,0,"no"
-0.9,0.1,0,0.3,0.1,0,0.3,-0.903111674903827,0.44128151291356,-1.73622470205849,-0.0574104873509683,0,0,0,"no"
-0.9,0.1,0,0.3,0.1,0,0.6,-0.905022864193974,0.681054529509136,-2.19472346580799,0.37476463475568,0,0.99,0,"no"
-0.9,0.1,0,0.3,0.1,0,0.9,-0.906934053484122,0.955117963643205,-2.73019830523573,0.896494742145244,0,1,0,"no"
-0.9,0.1,0,0.3,0.1,0,1,-0.907571116580838,1.04956315786209,-2.91669044134954,1.0775654977745,0,1,0,"no"
-0.9,0.1,0,0.3,0.1,0.5,0.3,-0.903111674903827,0.440865024743954,-1.71876811997071,-0.0365290125119172,0,0,0,"no"
-0.9,0.1,0,0.3,0.1,0.5,0.6,-0.905022864193974,0.680852652510347,-2.18963599489898,0.385250301713078,0,0.99,0,"no"
-0.9,0.1,0,0.3,0.1,0.5,0.9,-0.906934053484122,0.955009404701111,-2.72889853791836,0.899616585698798,0,1,0,"no"
-0.9,0.1,0,0.3,0.1,0.5,1,-0.907571116580838,1.04947417582786,-2.913969219107,1.07956816361239,0,1,0,"no"
-0.9,0.1,0,0.3,0.2,-0.5,0.3,-0.903111674903827,0.473551879423558,-1.83048555095873,-0.023127107626887,0,0,0,"no"
-0.9,0.1,0,0.3,0.2,-0.5,0.6,-0.905022864193974,0.702031285256336,-2.25710354034616,0.404152637413711,0,0.99,0,"no"
-0.9,0.1,0,0.3,0.2,-0.5,0.9,-0.906934053484122,0.969934954041034,-2.76567500287449,0.918461441364662,0,1,0,"no"
-0.9,0.1,0,0.3,0.2,-0.5,1,-0.907571116580838,1.06298821546703,-2.94643872463923,1.09990500890836,0,1,0,"no"
-0.9,0.1,0,0.3,0.2,0,0.3,-0.903111674903827,0.47289691449465,-1.80280395883826,0.000866113799425231,0,0,0,"no"
-0.9,0.1,0,0.3,0.2,0,0.6,-0.905022864193974,0.701354889226111,-2.23406917379985,0.417906217848685,0,0.99,0,"no"
-0.9,0.1,0,0.3,0.2,0,0.9,-0.906934053484122,0.969279187712246,-2.75225509781598,0.920378302945841,0,1,0,"no"
-0.9,0.1,0,0.3,0.2,0,1,-0.907571116580838,1.06233952394386,-2.93722960402163,1.09512958766972,0,1,0,"no"
-0.9,0.1,0,0.3,0.2,0.5,0.3,-0.903111674903827,0.471248636635301,-1.77818531168442,0.0361025458973578,0,0,0,"no"
-0.9,0.1,0,0.3,0.2,0.5,0.6,-0.905022864193974,0.700393195003032,-2.2232521389441,0.433882193574766,0,0.99,0,"no"
-0.9,0.1,0,0.3,0.2,0.5,0.9,-0.906934053484122,0.968659510936011,-2.74783150014498,0.928004014718821,0,1,0,"no"
-0.9,0.1,0,0.3,0.2,0.5,1,-0.907571116580838,1.06179466806587,-2.93051154672371,1.10007630543041,0,1,0,"no"
-0.9,0.1,0,0.3,0.3,-0.5,0.3,-0.903111674903827,0.522760574871744,-1.9384050073927,0.0703238256191579,0,0.03,0,"no"
-0.9,0.1,0,0.3,0.3,-0.5,0.6,-0.905022864193974,0.735729864070374,-2.31977427344283,0.469372128213562,0,1,0,"no"
-0.9,0.1,0,0.3,0.3,-0.5,0.9,-0.906934053484122,0.994291253906174,-2.81931839648876,0.96746484677856,0,1,0,"no"
-0.9,0.1,0,0.3,0.3,-0.5,1,-0.907571116580838,1.08516216976579,-2.99130630614869,1.13729509078027,0,1,0,"no"
-0.9,0.1,0,0.3,0.3,0,0.3,-0.903111674903827,0.521611572999218,-1.91038650066599,0.0906169839980144,0,0.01,0,"no"
-0.9,0.1,0,0.3,0.3,0,0.6,-0.905022864193974,0.734541366633564,-2.31013469606284,0.493802367230987,0,1,0,"no"
-0.9,0.1,0,0.3,0.3,0,0.9,-0.906934053484122,0.993159732771874,-2.80590560693534,0.975958740255603,0,1,0,"no"
-0.9,0.1,0,0.3,0.3,0,1,-0.907571116580838,1.08405026378394,-2.97978677334936,1.14431172066414,0,1,0,"no"
-0.9,0.1,0,0.3,0.3,0.5,0.3,-0.903111674903827,0.51817564867287,-1.87864371536805,0.129327885055851,0,0.02,0,"no"
-0.9,0.1,0,0.3,0.3,0.5,0.6,-0.905022864193974,0.732336819047775,-2.29165618335098,0.512886267995616,0,1,0,"no"
-0.9,0.1,0,0.3,0.3,0.5,0.9,-0.906934053484122,0.991652337375706,-2.79043242854529,0.983937153845474,0,1,0,"no"
-0.9,0.1,0,0.3,0.3,0.5,1,-0.907571116580838,1.08270175963115,-2.96777996333292,1.1534926099002,0,1,0,"no"
-0.9,0.2,0,0.1,0.1,-0.5,0.3,-0.902311351161374,0.383438187259192,-1.66307037616065,-0.184010548503139,0,0,0,"no"
-0.9,0.2,0,0.1,0.1,-0.5,0.6,-0.904222540451522,0.643301409137421,-2.15182384981049,0.317735089911107,0,0.82,0,"no"
-0.9,0.2,0,0.1,0.1,-0.5,0.9,-0.906133729741669,0.927391927687726,-2.6983173521293,0.854983994357224,0,1,0,"no"
-0.9,0.2,0,0.1,0.1,-0.5,1,-0.906770792838385,1.02404389298645,-2.88377164838843,1.03800906005424,0,1,0,"no"
-0.9,0.2,0,0.1,0.1,0,0.3,-0.902311351161374,0.383213404613638,-1.65083996969753,-0.167538185207527,0,0,0,"no"
-0.9,0.2,0,0.1,0.1,0,0.6,-0.904222540451522,0.643052194856843,-2.14420743206417,0.323584172105533,0,0.81,0,"no"
-0.9,0.2,0,0.1,0.1,0,0.9,-0.906133729741669,0.927134375934981,-2.69243814870227,0.858174772377332,0,1,0,"no"
-0.9,0.2,0,0.1,0.1,0,1,-0.906770792838385,1.02378479857397,-2.87714289277402,1.04077134267655,0,1,0,"no"
-0.9,0.2,0,0.1,0.1,0.5,0.3,-0.902311351161374,0.382765341441134,-1.63370333830417,-0.150248354788001,0,0,0,"no"
-0.9,0.2,0,0.1,0.1,0.5,0.6,-0.904222540451522,0.64283546224156,-2.13296669659955,0.328984898329428,0,0.81,0,"no"
-0.9,0.2,0,0.1,0.1,0.5,0.9,-0.906133729741669,0.927014941009768,-2.68480121509852,0.86159293211679,0,1,0,"no"
-0.9,0.2,0,0.1,0.1,0.5,1,-0.906770792838385,1.02368578736446,-2.87030470592204,1.04442499211198,0,1,0,"no"
-0.9,0.2,0,0.1,0.2,-0.5,0.3,-0.902311351161374,0.419930598533525,-1.74901745117422,-0.117264587281804,0,0,0,"no"
-0.9,0.2,0,0.1,0.2,-0.5,0.6,-0.904222540451522,0.665313414741383,-2.20772480627639,0.35931873508114,0,0.89,0,"no"
-0.9,0.2,0,0.1,0.2,-0.5,0.9,-0.906133729741669,0.942471911817279,-2.735439521855,0.884502903859219,0,1,0,"no"
-0.9,0.2,0,0.1,0.2,-0.5,1,-0.906770792838385,1.03761935790952,-2.91796773374891,1.06254518674908,0,1,0,"no"
-0.9,0.2,0,0.1,0.2,0,0.3,-0.902311351161374,0.419255990783111,-1.72517364812765,-0.101301988996128,0,0,0,"no"
-0.9,0.2,0,0.1,0.2,0,0.6,-0.904222540451522,0.664652832634893,-2.19675295376659,0.364081805169893,0,0.94,0,"no"
-0.9,0.2,0,0.1,0.2,0,0.9,-0.906133729741669,0.941839080527355,-2.72775763979317,0.885962815171273,0,1,0,"no"
-0.9,0.2,0,0.1,0.2,0,1,-0.906770792838385,1.03699379640191,-2.90945321193091,1.06809873222521,0,1,0,"no"
-0.9,0.2,0,0.1,0.2,0.5,0.3,-0.902311351161374,0.417472509925098,-1.69012263403036,-0.0760693893614797,0,0,0,"no"
-0.9,0.2,0,0.1,0.2,0.5,0.6,-0.904222540451522,0.663640418487469,-2.16875328794057,0.37550051861059,0,0.94,0,"no"
-0.9,0.2,0,0.1,0.2,0.5,0.9,-0.906133729741669,0.941189790730682,-2.71036753636286,0.896259342037544,0,1,0,"no"
-0.9,0.2,0,0.1,0.2,0.5,1,-0.906770792838385,1.03642288678469,-2.89599108091449,1.0767382195365,0,1,0,"no"
-0.9,0.2,0,0.1,0.3,-0.5,0.3,-0.902311351161374,0.474713078519583,-1.86024159412919,-0.0138897413949946,0,0,0,"no"
-0.9,0.2,0,0.1,0.3,-0.5,0.6,-0.904222540451522,0.700880241910079,-2.27976628105261,0.429593591042091,0,0.99,0,"no"
-0.9,0.2,0,0.1,0.3,-0.5,0.9,-0.906133729741669,0.967618782733875,-2.78450069398351,0.935216150454259,0,1,0,"no"
-0.9,0.2,0,0.1,0.3,-0.5,1,-0.906770792838385,1.06041805575069,-2.96289335344284,1.11083900186402,0,1,0,"no"
-0.9,0.2,0,0.1,0.3,0,0.3,-0.902311351161374,0.473523636494925,-1.83579856227308,0.00817794399775801,0,0,0,"no"
-0.9,0.2,0,0.1,0.3,0,0.6,-0.904222540451522,0.699698708321719,-2.26443052846719,0.431399071656786,0,0.99,0,"no"
-0.9,0.2,0,0.1,0.3,0,0.9,-0.906133729741669,0.966512886036508,-2.77352327538633,0.930083812361377,0,1,0,"no"
-0.9,0.2,0,0.1,0.3,0,1,-0.906770792838385,1.05933380734621,-2.94943507996509,1.10813777618102,0,1,0,"no"
-0.9,0.2,0,0.1,0.3,0.5,0.3,-0.902311351161374,0.469841658391719,-1.79546975583905,0.0380070153940137,0,0,0,"no"
-0.9,0.2,0,0.1,0.3,0.5,0.6,-0.904222540451522,0.697394665846961,-2.243151221649,0.439565035872621,0,0.98,0,"no"
-0.9,0.2,0,0.1,0.3,0.5,0.9,-0.906133729741669,0.964950782356081,-2.74905103125188,0.939007857658933,0,1,0,"no"
-0.9,0.2,0,0.1,0.3,0.5,1,-0.906770792838385,1.05793816658103,-2.92936810248175,1.11576143959838,0,1,0,"no"
-0.9,0.2,0,0.2,0.1,-0.5,0.3,-0.9027115130326,0.419629241734814,-1.73632607477278,-0.124347000462185,0,0,0,"no"
-0.9,0.2,0,0.2,0.1,-0.5,0.6,-0.904622702322748,0.665951145030421,-2.19700819286865,0.35467240027335,0,0.95,0,"no"
-0.9,0.2,0,0.2,0.1,-0.5,0.9,-0.906533891612896,0.943555260490614,-2.72522519804594,0.880773087200535,0,1,0,"no"
-0.9,0.2,0,0.2,0.1,-0.5,1,-0.907170954709612,1.03879795111993,-2.91061385575529,1.06035445577853,0,1,0,"no"
-0.9,0.2,0,0.2,0.1,0,0.3,-0.9027115130326,0.41941695528238,-1.7139069405941,-0.0962915015592055,0,0,0,"no"
-0.9,0.2,0,0.2,0.1,0,0.6,-0.904622702322748,0.66571152558161,-2.18319973173471,0.366817623674193,0,0.95,0,"no"
-0.9,0.2,0,0.2,0.1,0,0.9,-0.906533891612896,0.943304234152831,-2.71908946635158,0.8869551455825,0,1,0,"no"
-0.9,0.2,0,0.2,0.1,0,1,-0.907170954709612,1.03854465714407,-2.90504593502932,1.06509932300358,0,1,0,"no"
-0.9,0.2,0,0.2,0.1,0.5,0.3,-0.9027115130326,0.418983976734082,-1.68551029155081,-0.0674657630753885,0,0,0,"no"
-0.9,0.2,0,0.2,0.1,0.5,0.6,-0.904622702322748,0.665500853102431,-2.1689088405143,0.37472005929731,0,0.96,0,"no"
-0.9,0.2,0,0.2,0.1,0.5,0.9,-0.906533891612896,0.943189010489513,-2.70977886444709,0.892285359519504,0,1,0,"no"
-0.9,0.2,0,0.2,0.1,0.5,1,-0.907170954709612,1.03844949032857,-2.89499617030952,1.07043732937276,0,1,0,"no"
-0.9,0.2,0,0.2,0.2,-0.5,0.3,-0.9027115130326,0.453255247527351,-1.82142021751885,-0.0735904808876636,0,0,0,"no"
-0.9,0.2,0,0.2,0.2,-0.5,0.6,-0.904622702322748,0.687231964358404,-2.25029824648995,0.384372710336524,0,0.99,0,"no"
-0.9,0.2,0,0.2,0.2,-0.5,0.9,-0.906533891612896,0.958372297141977,-2.7652255916134,0.906394305477213,0,1,0,"no"
-0.9,0.2,0,0.2,0.2,-0.5,1,-0.907170954709612,1.05217471983366,-2.94502550356249,1.084296961392,0,1,0,"no"
-0.9,0.2,0,0.2,0.2,0,0.3,-0.9027115130326,0.452631696815587,-1.78317193057499,-0.034276066843521,0,0,0,"no"
-0.9,0.2,0,0.2,0.2,0,0.6,-0.904622702322748,0.68659832843135,-2.23465473829007,0.403815832957046,0,0.99,0,"no"
-0.9,0.2,0,0.2,0.2,0,0.9,-0.906533891612896,0.957755251909358,-2.75047166409884,0.914224657867367,0,1,0,"no"
-0.9,0.2,0,0.2,0.2,0,1,-0.907170954709612,1.05156279111786,-2.93117614073817,1.09198846650474,0,1,0,"no"
-0.9,0.2,0,0.2,0.2,0.5,0.3,-0.9027115130326,0.450931191463195,-1.73773414152592,0.00731786463016902,0,0,0,"no"
-0.9,0.2,0,0.2,0.2,0.5,0.6,-0.904622702322748,0.685612533367622,-2.20583278764932,0.429707198576777,0,0.98,0,"no"
-0.9,0.2,0,0.2,0.2,0.5,0.9,-0.906533891612896,0.957119645072791,-2.73073445325338,0.924202562304503,0,1,0,"no"
-0.9,0.2,0,0.2,0.2,0.5,1,-0.907170954709612,1.05100354746839,-2.91377359170607,1.09956162338932,0,1,0,"no"
-0.9,0.2,0,0.2,0.3,-0.5,0.3,-0.9027115130326,0.504475326751325,-1.93256145437011,0.0255456181352246,0,0.01,0,"no"
-0.9,0.2,0,0.2,0.3,-0.5,0.6,-0.904622702322748,0.721716420471634,-2.31810690784702,0.451764554605814,0,0.99,0,"no"
-0.9,0.2,0,0.2,0.3,-0.5,0.9,-0.906533891612896,0.983104040745728,-2.81729027113603,0.955669215880522,0,1,0,"no"
-0.9,0.2,0,0.2,0.3,-0.5,1,-0.907170954709612,1.07465618002514,-2.99186823224112,1.12878308631491,0,1,0,"no"
-0.9,0.2,0,0.2,0.3,0,0.3,-0.9027115130326,0.503365024108412,-1.88658200327879,0.0701278222211866,0,0.01,0,"no"
-0.9,0.2,0,0.2,0.3,0,0.6,-0.904622702322748,0.720580882608898,-2.30266065774095,0.473193433778216,0,0.99,0,"no"
-0.9,0.2,0,0.2,0.3,0,0.9,-0.906533891612896,0.9820245911076,-2.80517223050689,0.953427074670321,0,1,0,"no"
-0.9,0.2,0,0.2,0.3,0,1,-0.907170954709612,1.07359455233017,-2.97829042874048,1.12916898843675,0,1,0,"no"
-0.9,0.2,0,0.2,0.3,0.5,0.3,-0.9027115130326,0.499838394533426,-1.83350349220792,0.116300689056366,0,0.01,0,"no"
-0.9,0.2,0,0.2,0.3,0.5,0.6,-0.904622702322748,0.718332295826811,-2.26547502286348,0.497639146011216,0,0.99,0,"no"
-0.9,0.2,0,0.2,0.3,0.5,0.9,-0.906533891612896,0.980489622797342,-2.77271530888818,0.981931931392409,0,1,0,"no"
-0.9,0.2,0,0.2,0.3,0.5,1,-0.907170954709612,1.07222154318981,-2.9490038731569,1.14778942180007,0,1,0,"no"
-0.9,0.2,0,0.3,0.1,-0.5,0.3,-0.903111674903827,0.473297408282352,-1.83432384864004,-0.0235638832196695,0,0,0,"no"
-0.9,0.2,0,0.3,0.1,-0.5,0.6,-0.905022864193974,0.7014783913263,-2.26268477594409,0.408764845702964,0,0.99,0,"no"
-0.9,0.2,0,0.3,0.1,-0.5,0.9,-0.906934053484122,0.969276396603829,-2.76832271856565,0.919875527386221,0,1,0,"no"
-0.9,0.2,0,0.3,0.1,-0.5,1,-0.907571116580838,1.06230998761723,-2.9505280696066,1.09890851915031,0,1,0,"no"
-0.9,0.2,0,0.3,0.1,0,0.3,-0.903111674903827,0.473099910364235,-1.80580737546684,0.0122987653103921,0,0,0,"no"
-0.9,0.2,0,0.3,0.1,0,0.6,-0.905022864193974,0.701250362092677,-2.24581278419693,0.424859035542057,0,0.99,0,"no"
-0.9,0.2,0,0.3,0.1,0,0.9,-0.906934053484122,0.969033563053868,-2.75987666271005,0.92767592838138,0,1,0,"no"
-0.9,0.2,0,0.3,0.1,0,1,-0.907571116580838,1.06206400838086,-2.94420808686708,1.10436475902383,0,1,0,"no"
-0.9,0.2,0,0.3,0.1,0.5,0.3,-0.903111674903827,0.472689493398498,-1.77408914828761,0.0487932465263553,0,0,0,"no"
-0.9,0.2,0,0.3,0.1,0.5,0.6,-0.905022864193974,0.701045027491429,-2.22733948475019,0.446974763112751,0,0.99,0,"no"
-0.9,0.2,0,0.3,0.1,0.5,0.9,-0.906934053484122,0.968921760017308,-2.75290903554129,0.938907085906114,0,1,0,"no"
-0.9,0.2,0,0.3,0.1,0.5,1,-0.907571116580838,1.06197199389152,-2.93521592093649,1.11257330678608,0,1,0,"no"
-0.9,0.2,0,0.3,0.2,-0.5,0.3,-0.903111674903827,0.503414539396307,-1.92111472014155,0.0106880854598831,0,0.01,0,"no"
-0.9,0.2,0,0.3,0.2,-0.5,0.6,-0.905022864193974,0.72171652938584,-2.31210742622646,0.431109661762619,0,0.99,0,"no"
-0.9,0.2,0,0.3,0.2,-0.5,0.9,-0.906934053484122,0.983701342223803,-2.80753198578672,0.944511941527425,0,1,0,"no"
-0.9,0.2,0,0.3,0.2,-0.5,1,-0.907571116580838,1.07538894851594,-2.98285250554497,1.12155220061181,0,1,0,"no"
-0.9,0.2,0,0.3,0.2,0,0.3,-0.903111674903827,0.502850829922707,-1.86462152044871,0.0623624135880057,0,0.01,0,"no"
-0.9,0.2,0,0.3,0.2,0,0.6,-0.905022864193974,0.721117856267973,-2.28512015631245,0.467562533076046,0,0.99,0,"no"
-0.9,0.2,0,0.3,0.2,0,0.9,-0.906934053484122,0.983105305547752,-2.78915429938887,0.957825839595281,0,1,0,"no"
-0.9,0.2,0,0.3,0.2,0,1,-0.907571116580838,1.07479516301297,-2.96821002191257,1.12787082322181,0,1,0,"no"
-0.9,0.2,0,0.3,0.2,0.5,0.3,-0.903111674903827,0.501264919144382,-1.81794417949456,0.118785330275328,0,0.01,0,"no"
-0.9,0.2,0,0.3,0.2,0.5,0.6,-0.905022864193974,0.720164980892234,-2.26254892452669,0.504424030857417,0,0.99,0,"no"
-0.9,0.2,0,0.3,0.2,0.5,0.9,-0.906934053484122,0.982484900060936,-2.77316072494059,0.974244065727944,0,1,0,"no"
-0.9,0.2,0,0.3,0.2,0.5,1,-0.907571116580838,1.07424856707853,-2.9512426268589,1.14717493786835,0,1,0,"no"
-0.9,0.2,0,0.3,0.3,-0.5,0.3,-0.903111674903827,0.550058580616495,-2.02990466122858,0.0963224116698819,0,0.1,0,"no"
-0.9,0.2,0,0.3,0.3,-0.5,0.6,-0.905022864193974,0.75463553490242,-2.38180256856507,0.490402605904697,0,1,0,"no"
-0.9,0.2,0,0.3,0.3,-0.5,0.9,-0.906934053484122,1.00780768788273,-2.86183659755128,0.9874613926537,0,1,0,"no"
-0.9,0.2,0,0.3,0.3,-0.5,1,-0.907571116580838,1.09738983891616,-3.03347131775393,1.16035395036077,0,1,0,"no"
-0.9,0.2,0,0.3,0.3,0,0.3,-0.903111674903827,0.549047512995481,-1.96601590244994,0.156622943927904,0,0.05,0,"no"
-0.9,0.2,0,0.3,0.3,0,0.6,-0.905022864193974,0.753562452271388,-2.3544262860553,0.533360976717346,0,1,0,"no"
-0.9,0.2,0,0.3,0.3,0,0.9,-0.906934053484122,1.0067648605946,-2.84728176797379,1.00401887970067,0,1,0,"no"
-0.9,0.2,0,0.3,0.3,0,1,-0.907571116580838,1.09635948891936,-3.0159926825645,1.16930544344139,0,1,0,"no"
-0.9,0.2,0,0.3,0.3,0.5,0.3,-0.903111674903827,0.545739886114424,-1.90675432455594,0.218329356982716,0,0.06,0,"no"
-0.9,0.2,0,0.3,0.3,0.5,0.6,-0.905022864193974,0.751388450839541,-2.3216418858556,0.573392008607096,0,1,0,"no"
-0.9,0.2,0,0.3,0.3,0.5,0.9,-0.906934053484122,1.00526359728767,-2.81434363100635,1.02944340112629,0,1,0,"no"
-0.9,0.2,0,0.3,0.3,0.5,1,-0.907571116580838,1.09501391851817,-2.98768854167546,1.19435517313405,0,1,0,"no"
-0.9,0.3,0,0.1,0.1,-0.5,0.3,-0.902311351161374,0.44268078084891,-1.7785921258631,-0.0697361351974876,0,0,0,"no"
-0.9,0.3,0,0.1,0.1,-0.5,0.6,-0.904222540451522,0.679419230510336,-2.22609620843028,0.38744813306777,0,0.96,0,"no"
-0.9,0.3,0,0.1,0.1,-0.5,0.9,-0.906133729741669,0.952199727683234,-2.74179626841402,0.907322355503089,0,1,0,"no"
-0.9,0.3,0,0.1,0.1,-0.5,1,-0.906770792838385,1.04638162075251,-2.92301976715283,1.08514471086242,0,1,0,"no"
-0.9,0.3,0,0.1,0.1,0,0.3,-0.902311351161374,0.442537492509256,-1.7620057368957,-0.053773309815974,0,0,0,"no"
-0.9,0.3,0,0.1,0.1,0,0.6,-0.904222540451522,0.679222419117385,-2.21850065107389,0.391805398950394,0,0.97,0,"no"
-0.9,0.3,0,0.1,0.1,0,0.9,-0.906133729741669,0.951978413072105,-2.73687884536913,0.910574984046126,0,1,0,"no"
-0.9,0.3,0,0.1,0.1,0,1,-0.906770792838385,1.04615515545371,-2.9189472552441,1.088539268081,0,1,0,"no"
-0.9,0.3,0,0.1,0.1,0.5,0.3,-0.902311351161374,0.442145250259072,-1.74572852502577,-0.0310822565562162,0,0,0,"no"
-0.9,0.3,0,0.1,0.1,0.5,0.6,-0.904222540451522,0.679014699036377,-2.20908698587014,0.403388712568116,0,0.97,0,"no"
-0.9,0.3,0,0.1,0.1,0.5,0.9,-0.906133729741669,0.95186017068815,-2.73177849878004,0.915253776293381,0,1,0,"no"
-0.9,0.3,0,0.1,0.1,0.5,1,-0.906770792838385,1.04605644126375,-2.91363082057316,1.09148083557912,0,1,0,"no"
-0.9,0.3,0,0.1,0.2,-0.5,0.3,-0.902311351161374,0.474697075506212,-1.8697320488502,-0.0146439470518334,0,0,0,"no"
-0.9,0.3,0,0.1,0.2,-0.5,0.6,-0.904222540451522,0.700381200011736,-2.28827595693646,0.426072578419233,0,0.99,0,"no"
-0.9,0.3,0,0.1,0.2,-0.5,0.9,-0.906133729741669,0.966970342817631,-2.78454654803412,0.934437312756635,0,1,0,"no"
-0.9,0.3,0,0.1,0.2,-0.5,1,-0.906770792838385,1.05974445760202,-2.9588569387574,1.10929629794798,0,1,0,"no"
-0.9,0.3,0,0.1,0.2,0,0.3,-0.902311351161374,0.474180794946141,-1.83557667722808,0.0107384824629122,0,0,0,"no"
-0.9,0.3,0,0.1,0.2,0,0.6,-0.904222540451522,0.69982405088668,-2.27306913886991,0.434998451982265,0,0.99,0,"no"
-0.9,0.3,0,0.1,0.2,0,0.9,-0.906133729741669,0.966409080131745,-2.78274737231742,0.937116060671904,0,1,0,"no"
-0.9,0.3,0,0.1,0.2,0,1,-0.906770792838385,1.05918336438722,-2.95741481939429,1.11215772119102,0,1,0,"no"
-0.9,0.3,0,0.1,0.2,0.5,0.3,-0.902311351161374,0.472604160006586,-1.79366383120684,0.0509753886233362,0,0,0,"no"
-0.9,0.3,0,0.1,0.2,0.5,0.6,-0.904222540451522,0.698858837214829,-2.2424020263919,0.454196408061702,0,0.99,0,"no"
-0.9,0.3,0,0.1,0.2,0.5,0.9,-0.906133729741669,0.96577276676511,-2.75445274087195,0.942955586906496,0,1,0,"no"
-0.9,0.3,0,0.1,0.2,0.5,1,-0.906770792838385,1.05862099565081,-2.93581252963271,1.12049324650665,0,1,0,"no"
-0.9,0.3,0,0.1,0.3,-0.5,0.3,-0.902311351161374,0.523831950035733,-1.98046953480842,0.0821987290183428,0,0.02,0,"no"
-0.9,0.3,0,0.1,0.3,-0.5,0.6,-0.904222540451522,0.734321327556026,-2.35930436790226,0.493626008929669,0,0.99,0,"no"
-0.9,0.3,0,0.1,0.3,-0.5,0.9,-0.906133729741669,0.991565898640326,-2.84106825928926,0.979896609304512,0,1,0,"no"
-0.9,0.3,0,0.1,0.3,-0.5,1,-0.906770792838385,1.08214459597566,-3.01033903441251,1.15428120268315,0,1,0,"no"
-0.9,0.3,0,0.1,0.3,0,0.3,-0.902311351161374,0.522853259218096,-1.94493150856315,0.112781388988503,0,0.01,0,"no"
-0.9,0.3,0,0.1,0.3,0,0.6,-0.904222540451522,0.733290215497506,-2.33456879822636,0.495753315767674,0,0.99,0,"no"
-0.9,0.3,0,0.1,0.3,0,0.9,-0.906133729741669,0.990565755920608,-2.83044314723581,0.9832545537365,0,1,0,"no"
-0.9,0.3,0,0.1,0.3,0,1,-0.906770792838385,1.08115579606275,-3.00301326937746,1.15389125622987,0,1,0,"no"
-0.9,0.3,0,0.1,0.3,0.5,0.3,-0.902311351161374,0.519528005531139,-1.89559119749166,0.153276055906515,0,0.03,0,"no"
-0.9,0.3,0,0.1,0.3,0.5,0.6,-0.904222540451522,0.731087815130032,-2.31102513821675,0.507601433061857,0,0.99,0,"no"
-0.9,0.3,0,0.1,0.3,0.5,0.9,-0.906133729741669,0.989036505757906,-2.79558931494781,0.994484559258043,0,1,0,"no"
-0.9,0.3,0,0.1,0.3,0.5,1,-0.906770792838385,1.07978330145738,-2.97249205659505,1.16246259115553,0,1,0,"no"
-0.9,0.3,0,0.2,0.1,-0.5,0.3,-0.9027115130326,0.474421318190341,-1.84708544521036,-0.0234708434874701,0,0,0,"no"
-0.9,0.3,0,0.2,0.1,-0.5,0.6,-0.904622702322748,0.700922848173152,-2.27106419094945,0.419416080302226,0,0.99,0,"no"
-0.9,0.3,0,0.2,0.1,-0.5,0.9,-0.906533891612896,0.967959926761924,-2.77680070086444,0.932983289442745,0,1,0,"no"
-0.9,0.3,0,0.2,0.1,-0.5,1,-0.907170954709612,1.06083456543242,-2.9561044200438,1.10746894453201,0,1,0,"no"
-0.9,0.3,0,0.2,0.1,0,0.3,-0.9027115130326,0.474276218992092,-1.82010899332289,0.0110648908272265,0,0,0,"no"
-0.9,0.3,0,0.2,0.1,0,0.6,-0.904622702322748,0.700730555500579,-2.25855313388648,0.432359989905196,0,0.99,0,"no"
-0.9,0.3,0,0.2,0.1,0,0.9,-0.906533891612896,0.967743182252375,-2.76403295220413,0.940490865252133,0,1,0,"no"
-0.9,0.3,0,0.2,0.1,0,1,-0.907170954709612,1.06061241783518,-2.94630624939304,1.11596249103593,0,1,0,"no"
-0.9,0.3,0,0.2,0.1,0.5,0.3,-0.9027115130326,0.473885922998932,-1.78675002324596,0.0462857696650771,0,0,0,"no"
-0.9,0.3,0,0.2,0.1,0.5,0.6,-0.904622702322748,0.700525630341713,-2.24217082419704,0.452801455471814,0,0.99,0,"no"
-0.9,0.3,0,0.2,0.1,0.5,0.9,-0.906533891612896,0.967627986166211,-2.75444050504238,0.946162114184322,0,1,0,"no"
-0.9,0.3,0,0.2,0.1,0.5,1,-0.907170954709612,1.06051667789173,-2.93512046544076,1.12090034437699,0,1,0,"no"
-0.9,0.3,0,0.2,0.2,-0.5,0.3,-0.9027115130326,0.504469340414945,-1.9420609626274,0.019495647812163,0,0,0,"no"
-0.9,0.3,0,0.2,0.2,-0.5,0.6,-0.904622702322748,0.721257505682991,-2.32655998341946,0.447394881544515,0,0.99,0,"no"
-0.9,0.3,0,0.2,0.2,-0.5,0.9,-0.906533891612896,0.98248610851955,-2.8213678356356,0.95205372816022,0,1,0,"no"
-0.9,0.3,0,0.2,0.2,-0.5,1,-0.907170954709612,1.0740100329955,-2.99490478352471,1.12767145231363,0,1,0,"no"
-0.9,0.3,0,0.2,0.2,0,0.3,-0.9027115130326,0.50397491882771,-1.88830501089322,0.0737711719537938,0,0,0,"no"
-0.9,0.3,0,0.2,0.2,0,0.6,-0.904622702322748,0.72071722994201,-2.30887415056803,0.474336055846747,0,0.99,0,"no"
-0.9,0.3,0,0.2,0.2,0,0.9,-0.906533891612896,0.981936766779759,-2.80960734519327,0.967543635312479,0,1,0,"no"
-0.9,0.3,0,0.2,0.2,0,1,-0.907170954709612,1.07345964159672,-2.98203519169162,1.13949301533765,0,1,0,"no"
-0.9,0.3,0,0.2,0.2,0.5,0.3,-0.9027115130326,0.502441111481791,-1.8280104512053,0.129951426490612,0,0,0,"no"
-0.9,0.3,0,0.2,0.2,0.5,0.6,-0.904622702322748,0.719770165333939,-2.27398158149508,0.508431444885081,0,0.99,0,"no"
-0.9,0.3,0,0.2,0.2,0.5,0.9,-0.906533891612896,0.981311426577048,-2.77767797972039,0.981736239979479,0,1,0,"no"
-0.9,0.3,0,0.2,0.2,0.5,1,-0.907170954709612,1.0729069588235,-2.95222432242432,1.15175219896102,0,1,0,"no"
-0.9,0.3,0,0.2,0.3,-0.5,0.3,-0.9027115130326,0.550997340454044,-2.05142173046074,0.106327126093341,0,0.09,0,"no"
-0.9,0.3,0,0.2,0.3,-0.5,0.6,-0.904622702322748,0.75425831480087,-2.405716964207,0.51301821474107,0,0.99,0,"no"
-0.9,0.3,0,0.2,0.3,-0.5,0.9,-0.906533891612896,1.00669517478512,-2.88330973073771,0.996590257763502,0,1,0,"no"
-0.9,0.3,0,0.2,0.3,-0.5,1,-0.907170954709612,1.0961109137196,-3.04820101154409,1.17403323139815,0,1,0,"no"
-0.9,0.3,0,0.2,0.3,0,0.3,-0.9027115130326,0.550063339676008,-1.98705097219184,0.167648681136149,0,0.08,0,"no"
-0.9,0.3,0,0.2,0.3,0,0.6,-0.904622702322748,0.753259235496109,-2.37499903157621,0.535417179477671,0,0.99,0,"no"
-0.9,0.3,0,0.2,0.3,0,0.9,-0.906533891612896,1.0057158856603,-2.86364065656668,1.01314694776988,0,1,0,"no"
-0.9,0.3,0,0.2,0.3,0,1,-0.907170954709612,1.09514046474628,-3.03550307652067,1.18175772903045,0,1,0,"no"
-0.9,0.3,0,0.2,0.3,0.5,0.3,-0.9027115130326,0.546834486164056,-1.91378966129597,0.235685576248234,0,0.09,0,"no"
-0.9,0.3,0,0.2,0.3,0.5,0.6,-0.904622702322748,0.751098335139493,-2.3318280297278,0.564472034993222,0,1,0,"no"
-0.9,0.3,0,0.2,0.3,0.5,0.9,-0.906533891612896,1.00420932643686,-2.81520359010328,1.03771782586181,0,1,0,"no"
-0.9,0.3,0,0.2,0.3,0.5,1,-0.907170954709612,1.0937873735613,-2.98804092053933,1.19788270466962,0,1,0,"no"
-0.9,0.3,0,0.3,0.1,-0.5,0.3,-0.903111674903827,0.522561654658752,-1.93649644387822,0.0704601951430244,0,0.01,0,"no"
-0.9,0.3,0,0.3,0.1,-0.5,0.6,-0.905022864193974,0.734786720469416,-2.33514433990585,0.472501511270156,0,0.99,0,"no"
-0.9,0.3,0,0.3,0.1,-0.5,0.9,-0.906934053484122,0.993061603287159,-2.8227637290584,0.97291447828157,0,1,0,"no"
-0.9,0.3,0,0.3,0.1,-0.5,1,-0.907571116580838,1.08387908279709,-2.99570656556667,1.14317782206209,0,1,0,"no"
-0.9,0.3,0,0.3,0.1,0,0.3,-0.903111674903827,0.522415957715255,-1.90334060014275,0.109926139617746,0,0.02,0,"no"
-0.9,0.3,0,0.3,0.1,0,0.6,-0.905022864193974,0.734599628823243,-2.31439189122951,0.496316494939373,0,0.99,0,"no"
-0.9,0.3,0,0.3,0.1,0,0.9,-0.906934053484122,0.992850368380541,-2.81095185042766,0.986195469967065,0,1,0,"no"
-0.9,0.3,0,0.3,0.1,0,1,-0.907571116580838,1.08366218349795,-2.98602337222918,1.15567517248335,0,1,0,"no"
-0.9,0.3,0,0.3,0.1,0.5,0.3,-0.903111674903827,0.522032802896095,-1.86483278998137,0.154353432369692,0,0.02,0,"no"
-0.9,0.3,0,0.3,0.1,0.5,0.6,-0.905022864193974,0.734396269624878,-2.29145925411712,0.523461847844138,0,0.99,0,"no"
-0.9,0.3,0,0.3,0.1,0.5,0.9,-0.906934053484122,0.992737134821669,-2.79585132359025,0.996258289866652,0,1,0,"no"
-0.9,0.3,0,0.3,0.1,0.5,1,-0.907571116580838,1.08356848370851,-2.97409643073467,1.16453068928534,0,1,0,"no"
-0.9,0.3,0,0.3,0.2,-0.5,0.3,-0.903111674903827,0.550051657291303,-2.03627399255605,0.0890505871396567,0,0.05,0,"no"
-0.9,0.3,0,0.3,0.2,-0.5,0.6,-0.905022864193974,0.75421648506504,-2.39262690048705,0.493252023742361,0,1,0,"no"
-0.9,0.3,0,0.3,0.2,-0.5,0.9,-0.906934053484122,1.00722241987952,-2.86973222558538,0.991192304514605,0,1,0,"no"
-0.9,0.3,0,0.3,0.2,-0.5,1,-0.907571116580838,1.0967733450345,-3.03797934132083,1.16280448484644,0,1,0,"no"
-0.9,0.3,0,0.3,0.2,0,0.3,-0.903111674903827,0.549586205844714,-1.96502451686229,0.158822201392705,0,0.05,0,"no"
-0.9,0.3,0,0.3,0.2,0,0.6,-0.905022864193974,0.753698366233274,-2.36011069718342,0.534629750236187,0,0.99,0,"no"
-0.9,0.3,0,0.3,0.2,0,0.9,-0.906934053484122,1.00668874624816,-2.84917622089743,1.01263314258905,0,1,0,"no"
-0.9,0.3,0,0.3,0.2,0,1,-0.907571116580838,1.09623698699822,-3.01706019620486,1.18279007623259,0,1,0,"no"
-0.9,0.3,0,0.3,0.2,0.5,0.3,-0.903111674903827,0.548119834867359,-1.8970774985782,0.235288437503999,0,0.05,0,"no"
-0.9,0.3,0,0.3,0.2,0.5,0.6,-0.905022864193974,0.752773853974047,-2.3273913097882,0.575553603534528,0,1,0,"no"
-0.9,0.3,0,0.3,0.2,0.5,0.9,-0.906934053484122,1.00607511412751,-2.8232807469477,1.03417288161227,0,1,0,"no"
-0.9,0.3,0,0.3,0.2,0.5,1,-0.907571116580838,1.09569436158678,-2.99327593514054,1.20023112712331,0,1,0,"no"
-0.9,0.3,0,0.3,0.3,-0.5,0.3,-0.903111674903827,0.593085130592794,-2.14522039093993,0.161919580930313,0,0.29,0,"no"
-0.9,0.3,0,0.3,0.3,-0.5,0.6,-0.905022864193974,0.7858456415387,-2.47037868492566,0.546607282025497,0,1,0,"no"
-0.9,0.3,0,0.3,0.3,-0.5,0.9,-0.906934053484122,1.03084794653761,-2.92544736973492,1.02655906550479,0,1,0,"no"
-0.9,0.3,0,0.3,0.3,-0.5,1,-0.907571116580838,1.11842031819106,-3.09563848041803,1.19937052470783,0,1,0,"no"
-0.9,0.3,0,0.3,0.3,0,0.3,-0.903111674903827,0.592211681496713,-2.05487603842613,0.252226136328738,0,0.34,0,"no"
-0.9,0.3,0,0.3,0.3,0,0.6,-0.905022864193974,0.784890925045307,-2.43137581481438,0.593276576127505,0,1,0,"no"
-0.9,0.3,0,0.3,0.3,0,0.9,-0.906934053484122,1.02989749264703,-2.9019821074351,1.05572374943557,0,1,0,"no"
-0.9,0.3,0,0.3,0.3,0,1,-0.907571116580838,1.11747512390643,-3.07335921764823,1.22402911787501,0,1,0,"no"
-0.9,0.3,0,0.3,0.3,0.5,0.3,-0.903111674903827,0.589130130876811,-1.97451550343196,0.335813617646755,0,0.37,0,"no"
-0.9,0.3,0,0.3,0.3,0.5,0.6,-0.905022864193974,0.782786931717285,-2.37393032934716,0.64281439568308,0,1,0,"no"
-0.9,0.3,0,0.3,0.3,0.5,0.9,-0.906934053484122,1.02841880005143,-2.85874918147399,1.09456079786517,0,1,0,"no"
-0.9,0.3,0,0.3,0.3,0.5,1,-0.907571116580838,1.11614518478593,-3.02852286379378,1.25033097244159,0,1,0,"no"
-0.9,0.4,0,0.1,0.1,-0.5,0.3,-0.902311351161374,0.514708870917144,-1.91427758203601,0.0735031362143013,0,0,0,"no"
-0.9,0.4,0,0.1,0.1,-0.5,0.6,-0.904222540451522,0.727574907295406,-2.32572222428755,0.473690690738356,0,1,0,"no"
-0.9,0.4,0,0.1,0.1,-0.5,0.9,-0.906133729741669,0.986544990039881,-2.80633354115253,0.975669355934584,0,1,0,"no"
-0.9,0.4,0,0.1,0.1,-0.5,1,-0.906770792838385,1.07755115319548,-2.9794987625767,1.15212474527031,0,1,0,"no"
-0.9,0.4,0,0.1,0.1,0,0.3,-0.902311351161374,0.514631696233726,-1.89224946277172,0.0854450322996776,0,0,0,"no"
-0.9,0.4,0,0.1,0.1,0,0.6,-0.904222540451522,0.727427226596436,-2.31574950406526,0.482424886575373,0,1,0,"no"
-0.9,0.4,0,0.1,0.1,0,0.9,-0.906133729741669,0.98635975344158,-2.80247600877468,0.973332598094526,0,1,0,"no"
-0.9,0.4,0,0.1,0.1,0,1,-0.906770792838385,1.07735751127139,-2.97687180556198,1.14993789277107,0,1,0,"no"
-0.9,0.4,0,0.1,0.1,0.5,0.3,-0.902311351161374,0.514289944273724,-1.88066390820018,0.102952203058227,0,0,0,"no"
-0.9,0.4,0,0.1,0.1,0.5,0.6,-0.904222540451522,0.727231039887219,-2.30143719828522,0.490227372810231,0,1,0,"no"
-0.9,0.4,0,0.1,0.1,0.5,0.9,-0.906133729741669,0.986244123751682,-2.79618133819696,0.97962840029006,0,1,0,"no"
-0.9,0.4,0,0.1,0.1,0.5,1,-0.906770792838385,1.07726024114493,-2.96993241532414,1.15131328258364,0,1,0,"no"
-0.9,0.4,0,0.1,0.2,-0.5,0.3,-0.902311351161374,0.542544481356421,-2.00345030806649,0.12365575273213,0,0.01,0,"no"
-0.9,0.4,0,0.1,0.2,-0.5,0.6,-0.904222540451522,0.747254462419111,-2.38261964694084,0.517742436237294,0,1,0,"no"
-0.9,0.4,0,0.1,0.2,-0.5,0.9,-0.906133729741669,1.00087657459053,-2.85484042749782,1.00065291736753,0,1,0,"no"
-0.9,0.4,0,0.1,0.2,-0.5,1,-0.906770792838385,1.09059772718369,-3.02027504876874,1.17315941846463,0,1,0,"no"
-0.9,0.4,0,0.1,0.2,0,0.3,-0.902311351161374,0.542165698571505,-1.97037590704531,0.151314426170204,0,0.02,0,"no"
-0.9,0.4,0,0.1,0.2,0,0.6,-0.904222540451522,0.746796172995239,-2.36698193063019,0.523349485163173,0,1,0,"no"
-0.9,0.4,0,0.1,0.2,0,0.9,-0.906133729741669,1.00038700816654,-2.84888447822692,1.00077407727745,0,1,0,"no"
-0.9,0.4,0,0.1,0.2,0,1,-0.906770792838385,1.09010177639499,-3.01707427657707,1.17007138601525,0,1,0,"no"
-0.9,0.4,0,0.1,0.2,0.5,0.3,-0.902311351161374,0.540785565595799,-1.92656601241761,0.186931704878363,0,0.01,0,"no"
-0.9,0.4,0,0.1,0.2,0.5,0.6,-0.904222540451522,0.745889214883848,-2.3390675299636,0.550049059233169,0,1,0,"no"
-0.9,0.4,0,0.1,0.2,0.5,0.9,-0.906133729741669,0.999769876123079,-2.82409762127585,1.0131483173495,0,1,0,"no"
-0.9,0.4,0,0.1,0.2,0.5,1,-0.906770792838385,1.0895529457549,-2.99538990746327,1.18004948258247,0,1,0,"no"
-0.9,0.4,0,0.1,0.3,-0.5,0.3,-0.902311351161374,0.586040767831377,-2.11473003352319,0.21146496810059,0,0.3,0,"no"
-0.9,0.4,0,0.1,0.3,-0.5,0.6,-0.904222540451522,0.779202718010714,-2.45678410110688,0.570327591571636,0,1,0,"no"
-0.9,0.4,0,0.1,0.3,-0.5,0.9,-0.906133729741669,1.02471539693032,-2.91651019201609,1.04693069672424,0,1,0,"no"
-0.9,0.4,0,0.1,0.3,-0.5,1,-0.906770792838385,1.11243358692191,-3.08051993206412,1.21061211411014,0,1,0,"no"
-0.9,0.4,0,0.1,0.3,0,0.3,-0.902311351161374,0.585250278914725,-2.07814705089098,0.2463744312189,0,0.37,0,"no"
-0.9,0.4,0,0.1,0.3,0,0.6,-0.904222540451522,0.778316584891839,-2.42200118270913,0.580837502682073,0,1,0,"no"
-0.9,0.4,0,0.1,0.3,0,0.9,-0.906133729741669,1.02382147943027,-2.90423644626632,1.04764782594383,0,1,0,"no"
-0.9,0.4,0,0.1,0.3,0,1,-0.906770792838385,1.11154141490768,-3.07163362753319,1.21419319301594,0,1,0,"no"
-0.9,0.4,0,0.1,0.3,0.5,0.3,-0.902311351161374,0.582288225762552,-2.01818323898408,0.29432067565508,0,0.32,0,"no"
-0.9,0.4,0,0.1,0.3,0.5,0.6,-0.904222540451522,0.776240811547979,-2.40052414971292,0.602068917548811,0,1,0,"no"
-0.9,0.4,0,0.1,0.3,0.5,0.9,-0.906133729741669,1.02233900771958,-2.86734286354146,1.06470520700203,0,1,0,"no"
-0.9,0.4,0,0.1,0.3,0.5,1,-0.906770792838385,1.11020331968111,-3.03401615152324,1.22670581821343,0,1,0,"no"
-0.9,0.4,0,0.2,0.1,-0.5,0.3,-0.9027115130326,0.54227806561193,-1.97471801746625,0.107539797756305,0,0,0,"no"
-0.9,0.4,0,0.2,0.1,-0.5,0.6,-0.904622702322748,0.747712635839504,-2.36541458409827,0.505325015057418,0,1,0,"no"
-0.9,0.4,0,0.2,0.1,-0.5,0.9,-0.906533891612896,1.00177610424962,-2.84629947195218,0.997011523844641,0,1,0,"no"
-0.9,0.4,0,0.2,0.1,-0.5,1,-0.907170954709612,1.09160121986445,-3.01615890840559,1.16819686996361,0,1,0,"no"
-0.9,0.4,0,0.2,0.1,0,0.3,-0.9027115130326,0.542192595740689,-1.94820146212068,0.1417747399422,0,0.01,0,"no"
-0.9,0.4,0,0.2,0.1,0,0.6,-0.904622702322748,0.747565587535355,-2.35179934529321,0.525495245009394,0,1,0,"no"
-0.9,0.4,0,0.2,0.1,0,0.9,-0.906533891612896,1.0015936179342,-2.83416885313239,1.00696018226189,0,1,0,"no"
-0.9,0.4,0,0.2,0.1,0,1,-0.907170954709612,1.09141046712446,-3.00382074900716,1.17629615731152,0,1,0,"no"
-0.9,0.4,0,0.2,0.1,0.5,0.3,-0.9027115130326,0.541846800046218,-1.91430552120032,0.180163948803864,0,0.01,0,"no"
-0.9,0.4,0,0.2,0.1,0.5,0.6,-0.904622702322748,0.747369635866432,-2.33304037106527,0.54445941591425,0,1,0,"no"
-0.9,0.4,0,0.2,0.1,0.5,0.9,-0.906533891612896,1.00147989976995,-2.82461769705017,1.01743096501184,0,1,0,"no"
-0.9,0.4,0,0.2,0.1,0.5,1,-0.907170954709612,1.09131528938372,-2.9964791109944,1.1855271021084,0,1,0,"no"
-0.9,0.4,0,0.2,0.2,-0.5,0.3,-0.9027115130326,0.568806391980066,-2.07495351972028,0.144662023323832,0,0.13,0,"no"
-0.9,0.4,0,0.2,0.2,-0.5,0.6,-0.904622702322748,0.766876374518383,-2.4261407523213,0.531978902993723,0,1,0,"no"
-0.9,0.4,0,0.2,0.2,-0.5,0.9,-0.906533891612896,1.01588674256275,-2.89633921764072,1.01768686315164,0,1,0,"no"
-0.9,0.4,0,0.2,0.2,-0.5,1,-0.907170954709612,1.10447533571876,-3.05874803579692,1.18794378281348,0,1,0,"no"
-0.9,0.4,0,0.2,0.2,0,0.3,-0.9027115130326,0.568432183088806,-2.01616210230558,0.204897885806867,0,0.14,0,"no"
-0.9,0.4,0,0.2,0.2,0,0.6,-0.904622702322748,0.766426809227277,-2.40167993939507,0.564923629584945,0,1,0,"no"
-0.9,0.4,0,0.2,0.2,0,0.9,-0.906533891612896,1.01540544610228,-2.88175758555678,1.03580275750905,0,1,0,"no"
-0.9,0.4,0,0.2,0.2,0,1,-0.907170954709612,1.10398723389521,-3.04771489224092,1.20051134625965,0,1,0,"no"
-0.9,0.4,0,0.2,0.2,0.5,0.3,-0.9027115130326,0.567070709291381,-1.9519574627272,0.266037643386821,0,0.14,0,"no"
-0.9,0.4,0,0.2,0.2,0.5,0.6,-0.904622702322748,0.765530682882269,-2.36740667660835,0.599503290423999,0,1,0,"no"
-0.9,0.4,0,0.2,0.2,0.5,0.9,-0.906533891612896,1.01479653145669,-2.84881888161949,1.06221827328975,0,1,0,"no"
-0.9,0.4,0,0.2,0.2,0.5,1,-0.907170954709612,1.10344601097687,-3.01744824625657,1.22007329341233,0,1,0,"no"
-0.9,0.4,0,0.2,0.3,-0.5,0.3,-0.9027115130326,0.610474883471398,-2.18559224173481,0.221125686199801,0,0.5,0,"no"
-0.9,0.4,0,0.2,0.3,-0.5,0.6,-0.904622702322748,0.798041929925985,-2.50580705964138,0.587682409857133,0,1,0,"no"
-0.9,0.4,0,0.2,0.3,-0.5,0.9,-0.906533891612896,1.03937528497497,-2.95812699018558,1.05685949588333,0,1,0,"no"
-0.9,0.4,0,0.2,0.3,-0.5,1,-0.907170954709612,1.12603541031403,-3.12285885322086,1.22495828066014,0,1,0,"no"
-0.9,0.4,0,0.2,0.3,0,0.3,-0.9027115130326,0.609706081822312,-2.11646237650176,0.293482907016442,0,0.53,0,"no"
-0.9,0.4,0,0.2,0.3,0,0.6,-0.904622702322748,0.797176129284813,-2.46574829199943,0.617095738997514,0,1,0,"no"
-0.9,0.4,0,0.2,0.3,0,0.9,-0.906533891612896,1.03849688900026,-2.93275510284371,1.08040425156993,0,1,0,"no"
-0.9,0.4,0,0.2,0.3,0,1,-0.907170954709612,1.12515740904138,-3.09759888571683,1.2455899808503,0,1,0,"no"
-0.9,0.4,0,0.2,0.3,0.5,0.3,-0.9027115130326,0.606799194218442,-2.02598867528426,0.369310611870604,0,0.49,0,"no"
-0.9,0.4,0,0.2,0.3,0.5,0.6,-0.904622702322748,0.79512908490592,-2.410601814614,0.659795303230594,0,1,0,"no"
-0.9,0.4,0,0.2,0.3,0.5,0.9,-0.906533891612896,1.03703245993523,-2.8838377089293,1.11506577661402,0,1,0,"no"
-0.9,0.4,0,0.2,0.3,0.5,1,-0.907170954709612,1.12383524896677,-3.04956516555077,1.27232887576919,0,1,0,"no"
-0.9,0.4,0,0.3,0.1,-0.5,0.3,-0.903111674903827,0.584913783504294,-2.05968097959495,0.179072448082077,0,0.2,0,"no"
-0.9,0.4,0,0.3,0.1,-0.5,0.6,-0.905022864193974,0.779572116794145,-2.4239842290374,0.560461024409573,0,1,0,"no"
-0.9,0.4,0,0.3,0.1,-0.5,0.9,-0.906934053484122,1.02606452020232,-2.89531046036722,1.03903016898149,0,1,0,"no"
-0.9,0.4,0,0.3,0.1,-0.5,1,-0.907571116580838,1.11402106333944,-3.06095889927707,1.20984527009592,0,1,0,"no"
-0.9,0.4,0,0.3,0.1,0,0.3,-0.903111674903827,0.584819122014526,-2.02066207579647,0.231572701871464,0,0.23,0,"no"
-0.9,0.4,0,0.3,0.1,0,0.6,-0.905022864193974,0.779425300914313,-2.40542780282124,0.58796591046183,0,1,0,"no"
-0.9,0.4,0,0.3,0.1,0,0.9,-0.906934053484122,1.02588508166587,-2.87892908040499,1.05051425518279,0,1,0,"no"
-0.9,0.4,0,0.3,0.1,0,1,-0.907571116580838,1.11383360191975,-3.04888198013,1.21713066301158,0,1,0,"no"
-0.9,0.4,0,0.3,0.1,0.5,0.3,-0.903111674903827,0.584471358707363,-1.97897607819886,0.27851773742201,0,0.18,0,"no"
-0.9,0.4,0,0.3,0.1,0.5,0.6,-0.905022864193974,0.779227942629012,-2.38038681408983,0.617051960601461,0,1,0,"no"
-0.9,0.4,0,0.3,0.1,0.5,0.9,-0.906934053484122,1.02577196435892,-2.8624728976452,1.067396273832,0,1,0,"no"
-0.9,0.4,0,0.3,0.1,0.5,1,-0.907571116580838,1.11373938860389,-3.03221687463491,1.23125631968746,0,1,0,"no"
-0.9,0.4,0,0.3,0.2,-0.5,0.3,-0.903111674903827,0.609651133931037,-2.16382140880246,0.198248403278172,0,0.53,0,"no"
-0.9,0.4,0,0.3,0.2,-0.5,0.6,-0.905022864193974,0.797981731253513,-2.49309987311654,0.574945489579822,0,1,0,"no"
-0.9,0.4,0,0.3,0.2,-0.5,0.9,-0.906934053484122,1.03984374310057,-2.94206112045232,1.054809631331,0,1,0,"no"
-0.9,0.4,0,0.3,0.2,-0.5,1,-0.907571116580838,1.12663578606518,-3.10626729786374,1.22327698295565,0,1,0,"no"
-0.9,0.4,0,0.3,0.2,0,0.3,-0.903111674903827,0.609285100600785,-2.08616478262013,0.284453167991635,0,0.52,0,"no"
-0.9,0.4,0,0.3,0.2,0,0.6,-0.905022864193974,0.79754379210497,-2.45259702704079,0.628589334636748,0,1,0,"no"
-0.9,0.4,0,0.3,0.2,0,0.9,-0.906934053484122,1.03937312471965,-2.92422638229793,1.08088648369029,0,1,0,"no"
-0.9,0.4,0,0.3,0.2,0,1,-0.907571116580838,1.12615777336813,-3.08876019132512,1.2430948748962,0,1,0,"no"
-0.9,0.4,0,0.3,0.2,0.5,0.3,-0.903111674903827,0.607957926296409,-2.00376353271189,0.365165635813181,0,0.52,0,"no"
-0.9,0.4,0,0.3,0.2,0.5,0.6,-0.905022864193974,0.796661037516647,-2.41131448943339,0.667396660782095,0,1,0,"no"
-0.9,0.4,0,0.3,0.2,0.5,0.9,-0.906934053484122,1.03877244792651,-2.88908256259194,1.11296386671926,0,1,0,"no"
-0.9,0.4,0,0.3,0.2,0.5,1,-0.907571116580838,1.12562397119992,-3.05528165134346,1.27185127537748,0,1,0,"no"
-0.9,0.4,0,0.3,0.3,-0.5,0.3,-0.903111674903827,0.648767627524542,-2.27544128026426,0.268600077167013,0,0.84,0,"no"
-0.9,0.4,0,0.3,0.3,-0.5,0.6,-0.905022864193974,0.827991145554992,-2.57451795762286,0.626017985262262,0,1,0,"no"
-0.9,0.4,0,0.3,0.3,-0.5,0.9,-0.906934053484122,1.06280172664432,-2.99729671460416,1.08504669162299,0,1,0,"no"
-0.9,0.4,0,0.3,0.3,-0.5,1,-0.907571116580838,1.1477767005565,-3.16150927268252,1.25158154094537,0,1,0,"no"
-0.9,0.4,0,0.3,0.3,0,0.3,-0.903111674903827,0.648031173269169,-2.17062701704109,0.368560705245756,0,0.79,0,"no"
-0.9,0.4,0,0.3,0.3,0,0.6,-0.905022864193974,0.827154290943304,-2.51727485449061,0.675549278501475,0,1,0,"no"
-0.9,0.4,0,0.3,0.3,0,0.9,-0.906934053484122,1.06194479376803,-2.97160533919637,1.12448104107701,0,1,0,"no"
-0.9,0.4,0,0.3,0.3,0,1,-0.907571116580838,1.14691811814547,-3.13970932990896,1.28306047964122,0,1,0,"no"
-0.9,0.4,0,0.3,0.3,0.5,0.3,-0.903111674903827,0.645215291219666,-2.07362545963019,0.464149023255722,0,0.74,0,"no"
-0.9,0.4,0,0.3,0.3,0.5,0.6,-0.905022864193974,0.825147470663359,-2.44957023191342,0.733534523436344,0,1,0,"no"
-0.9,0.4,0,0.3,0.3,0.5,0.9,-0.906934053484122,1.06050219351166,-2.9243191355692,1.17061417275377,0,1,0,"no"
-0.9,0.4,0,0.3,0.3,0.5,1,-0.907571116580838,1.14561459214103,-3.09020172430358,1.32766939664504,0,1,0,"no"
-0.9,0.5,0,0.1,0.1,-0.5,0.3,-0.902311351161374,0.594899415835539,-2.06332364144045,0.230471790337935,0,0.36,0,"no"
-0.9,0.5,0,0.1,0.1,-0.5,0.6,-0.904222540451522,0.785571209535935,-2.44208909158251,0.581061830365369,0,1,0,"no"
-0.9,0.5,0,0.1,0.1,-0.5,0.9,-0.906133729741669,1.02948279032523,-2.89705342789655,1.04969302691295,0,1,0,"no"
-0.9,0.5,0,0.1,0.1,-0.5,1,-0.906770792838385,1.11682099293652,-3.06133353692793,1.22185352072912,0,1,0,"no"
-0.9,0.5,0,0.1,0.1,0,0.3,-0.902311351161374,0.594873940735991,-2.04654882397864,0.241769083049555,0,0.31,0,"no"
-0.9,0.5,0,0.1,0.1,0,0.6,-0.904222540451522,0.785467613993293,-2.43506713246681,0.588244042575558,0,1,0,"no"
-0.9,0.5,0,0.1,0.1,0,0.9,-0.906133729741669,1.02933226732604,-2.88874673691425,1.05364714382043,0,1,0,"no"
-0.9,0.5,0,0.1,0.1,0,1,-0.906770792838385,1.11665937519888,-3.05543959333096,1.21943848703629,0,1,0,"no"
-0.9,0.5,0,0.1,0.1,0.5,0.3,-0.902311351161374,0.594573419398937,-2.03093751895089,0.252585210976048,0,0.37,0,"no"
-0.9,0.5,0,0.1,0.1,0.5,0.6,-0.904222540451522,0.785283527204014,-2.41833117191167,0.596259889511952,0,1,0,"no"
-0.9,0.5,0,0.1,0.1,0.5,0.9,-0.906133729741669,1.02922009522403,-2.88348055096284,1.0600145955927,0,1,0,"no"
-0.9,0.5,0,0.1,0.1,0.5,1,-0.906770792838385,1.11656429687635,-3.05221535631033,1.22272106399294,0,1,0,"no"
-0.9,0.5,0,0.1,0.2,-0.5,0.3,-0.902311351161374,0.619204478582316,-2.14748939821133,0.27462943132449,0,0.63,0,"no"
-0.9,0.5,0,0.1,0.2,-0.5,0.6,-0.904222540451522,0.803891169712233,-2.48825029372486,0.62375769424672,0,1,0,"no"
-0.9,0.5,0,0.1,0.2,-0.5,0.9,-0.906133729741669,1.04328487997888,-2.94565596360809,1.08116661747526,0,1,0,"no"
-0.9,0.5,0,0.1,0.2,-0.5,1,-0.906770792838385,1.12947312050623,-3.10387871050066,1.24383089516461,0,1,0,"no"
-0.9,0.5,0,0.1,0.2,0,0.3,-0.902311351161374,0.618940885461464,-2.11855963245,0.307544471820092,0,0.63,0,"no"
-0.9,0.5,0,0.1,0.2,0,0.6,-0.904222540451522,0.803523959077182,-2.47161086575722,0.630205200698591,0,1,0,"no"
-0.9,0.5,0,0.1,0.2,0,0.9,-0.906133729741669,1.04286498275777,-2.93200874706905,1.08257283981068,0,1,0,"no"
-0.9,0.5,0,0.1,0.2,0,1,-0.906770792838385,1.12904119159693,-3.09413562890591,1.24491633009729,0,1,0,"no"
-0.9,0.5,0,0.1,0.2,0.5,0.3,-0.902311351161374,0.617727853629119,-2.07684813713531,0.336038878875368,0,0.56,0,"no"
-0.9,0.5,0,0.1,0.2,0.5,0.6,-0.904222540451522,0.802678385107295,-2.44857340526156,0.65802126056927,0,1,0,"no"
-0.9,0.5,0,0.1,0.2,0.5,0.9,-0.906133729741669,1.04227102181829,-2.90748846268927,1.097359682853,0,1,0,"no"
-0.9,0.5,0,0.1,0.2,0.5,1,-0.906770792838385,1.12850939603129,-3.07325525874646,1.25657036521832,0,1,0,"no"
-0.9,0.5,0,0.1,0.3,-0.5,0.3,-0.902311351161374,0.657675651506067,-2.25958526700982,0.355329631907715,0,0.83,0,"no"
-0.9,0.5,0,0.1,0.3,-0.5,0.6,-0.904222540451522,0.833707554135919,-2.55840818378979,0.669999448104707,0,1,0,"no"
-0.9,0.5,0,0.1,0.3,-0.5,0.9,-0.906133729741669,1.06622289976246,-3.00833734066519,1.12497482715663,0,1,0,"no"
-0.9,0.5,0,0.1,0.3,-0.5,1,-0.906770792838385,1.15061970618648,-3.1607751654278,1.28818431649258,0,1,0,"no"
-0.9,0.5,0,0.1,0.3,0,0.3,-0.902311351161374,0.657050676920581,-2.22210040639095,0.395268988736506,0,0.82,0,"no"
-0.9,0.5,0,0.1,0.3,0,0.6,-0.904222540451522,0.832957239651144,-2.52404896370654,0.691391453835553,0,1,0,"no"
-0.9,0.5,0,0.1,0.3,0,0.9,-0.906133729741669,1.06543287590747,-2.99029483469143,1.12837288522656,0,1,0,"no"
-0.9,0.5,0,0.1,0.3,0,1,-0.906770792838385,1.14982295885189,-3.1503691071343,1.28758377575207,0,1,0,"no"
-0.9,0.5,0,0.1,0.3,0.5,0.3,-0.902311351161374,0.65441545056862,-2.16544867771705,0.440387273074341,0,0.8,0,"no"
-0.9,0.5,0,0.1,0.3,0.5,0.6,-0.904222540451522,0.831017123120157,-2.50033403102391,0.718123893926243,0,1,0,"no"
-0.9,0.5,0,0.1,0.3,0.5,0.9,-0.906133729741669,1.06400650337445,-2.95534550057553,1.15565258275755,0,1,0,"no"
-0.9,0.5,0,0.1,0.3,0.5,1,-0.906770792838385,1.14852738888084,-3.11611462856669,1.30896364450431,0,1,0,"no"
-0.9,0.5,0,0.2,0.1,-0.5,0.3,-0.9027115130326,0.618922209628105,-2.12242590170975,0.256398813881399,0,0.64,0,"no"
-0.9,0.5,0,0.2,0.1,-0.5,0.6,-0.904622702322748,0.804271703110995,-2.47818089253754,0.610082051922268,0,1,0,"no"
-0.9,0.5,0,0.2,0.1,-0.5,0.9,-0.906533891612896,1.04409779340145,-2.93336406993629,1.08047516663824,0,1,0,"no"
-0.9,0.5,0,0.2,0.1,-0.5,1,-0.907170954709612,1.13039216614666,-3.09570825240515,1.24444517897637,0,1,0,"no"
-0.9,0.5,0,0.2,0.1,0,0.3,-0.9027115130326,0.618886342114067,-2.09371233070045,0.285730453715435,0,0.61,0,"no"
-0.9,0.5,0,0.2,0.1,0,0.6,-0.904622702322748,0.804166122256644,-2.46283186152597,0.629780832577096,0,1,0,"no"
-0.9,0.5,0,0.2,0.1,0,0.9,-0.906533891612896,1.04394846103329,-2.92263786633095,1.09264268589679,0,1,0,"no"
-0.9,0.5,0,0.2,0.1,0,1,-0.907170954709612,1.1302321577459,-3.08673714465019,1.2560928269187,0,1,0,"no"
-0.9,0.5,0,0.2,0.1,0.5,0.3,-0.9027115130326,0.618579791120557,-2.06006577011855,0.324493429336183,0,0.61,0,"no"
-0.9,0.5,0,0.2,0.1,0.5,0.6,-0.904622702322748,0.803980566786337,-2.4464584766825,0.647961542538026,0,1,0,"no"
-0.9,0.5,0,0.2,0.1,0.5,0.9,-0.906533891612896,1.04383720388808,-2.90722217460066,1.10557957344451,0,1,0,"no"
-0.9,0.5,0,0.2,0.1,0.5,1,-0.907170954709612,1.13013835700032,-3.07542957007596,1.26686561327652,0,1,0,"no"
-0.9,0.5,0,0.2,0.2,-0.5,0.3,-0.9027115130326,0.642353636058984,-2.2129785705258,0.291579999125361,0,0.84,0,"no"
-0.9,0.5,0,0.2,0.2,-0.5,0.6,-0.904622702322748,0.822178429798713,-2.53952900326141,0.638464508423016,0,1,0,"no"
-0.9,0.5,0,0.2,0.2,-0.5,0.9,-0.906533891612896,1.05770459359434,-2.98408143670292,1.09543956537375,0,1,0,"no"
-0.9,0.5,0,0.2,0.2,-0.5,1,-0.907170954709612,1.14288873539553,-3.14151543915791,1.25914585030127,0,1,0,"no"
-0.9,0.5,0,0.2,0.2,0,0.3,-0.9027115130326,0.642085562146046,-2.15841399459802,0.352682783061893,0,0.81,0,"no"
-0.9,0.5,0,0.2,0.2,0,0.6,-0.904622702322748,0.821813980857291,-2.50760657133071,0.671034689120864,0,1,0,"no"
-0.9,0.5,0,0.2,0.2,0,0.9,-0.906533891612896,1.05728976617097,-2.96328989599858,1.11341847235614,0,1,0,"no"
-0.9,0.5,0,0.2,0.2,0,1,-0.907170954709612,1.14246205943854,-3.12533241221095,1.27507469965136,0,1,0,"no"
-0.9,0.5,0,0.2,0.2,0.5,0.3,-0.9027115130326,0.64087854436558,-2.09032038902253,0.4106274342458,0,0.79,0,"no"
-0.9,0.5,0,0.2,0.2,0.5,0.6,-0.904622702322748,0.820973747057788,-2.473070739314,0.710837500230144,0,1,0,"no"
-0.9,0.5,0,0.2,0.2,0.5,0.9,-0.906533891612896,1.05670149435244,-2.93364578526661,1.14712588063672,0,1,0,"no"
-0.9,0.5,0,0.2,0.2,0.5,1,-0.907170954709612,1.14193588513588,-3.09980845087438,1.30444838016005,0,1,0,"no"
-0.9,0.5,0,0.2,0.3,-0.5,0.3,-0.9027115130326,0.679552711351821,-2.32331444836955,0.356292369976994,0,0.92,0,"no"
-0.9,0.5,0,0.2,0.3,-0.5,0.6,-0.904622702322748,0.851359596074059,-2.61743376493504,0.689323948931563,0,1,0,"no"
-0.9,0.5,0,0.2,0.3,-0.5,0.9,-0.906533891612896,1.0803320020891,-3.04152343354098,1.1351536931123,0,1,0,"no"
-0.9,0.5,0,0.2,0.3,-0.5,1,-0.907170954709612,1.16378611446968,-3.20362589768401,1.29431256991143,0,0.99,0,"no"
-0.9,0.5,0,0.2,0.3,0,0.3,-0.9027115130326,0.67893517398297,-2.26100263461198,0.43683971364282,0,0.91,0,"no"
-0.9,0.5,0,0.2,0.3,0,0.6,-0.904622702322748,0.850620576177714,-2.5690022739726,0.72240828161104,0,1,0,"no"
-0.9,0.5,0,0.2,0.3,0,0.9,-0.906533891612896,1.07955274740805,-3.01953853156469,1.1659880738749,0,1,0,"no"
-0.9,0.5,0,0.2,0.3,0,1,-0.907170954709612,1.16299969027055,-3.17768051252896,1.31981510364864,0,1,0,"no"
-0.9,0.5,0,0.2,0.3,0.5,0.3,-0.9027115130326,0.676329899883861,-2.15960479987974,0.51462929152063,0,0.91,0,"no"
-0.9,0.5,0,0.2,0.3,0.5,0.6,-0.904622702322748,0.848698960517244,-2.51275902733948,0.776429066330906,0,1,0,"no"
-0.9,0.5,0,0.2,0.3,0.5,0.9,-0.906533891612896,1.0781400298082,-2.9703007183712,1.20298718866946,0,1,0,"no"
-0.9,0.5,0,0.2,0.3,0.5,1,-0.907170954709612,1.16171666412667,-3.12751755518517,1.35609385685405,0,1,0,"no"
-0.9,0.5,0,0.3,0.1,-0.5,0.3,-0.903111674903827,0.656637030224409,-2.19994634844816,0.318713749073149,0,0.95,0,"no"
-0.9,0.5,0,0.3,0.1,-0.5,0.6,-0.905022864193974,0.833995170762605,-2.53496360071574,0.661515675043831,0,1,0,"no"
-0.9,0.5,0,0.3,0.1,-0.5,0.9,-0.906934053484122,1.06743699964108,-2.97808233336961,1.1155052883085,0,1,0,"no"
-0.9,0.5,0,0.3,0.1,-0.5,1,-0.907571116580838,1.15206893109435,-3.13992240801453,1.28073025651696,0,1,0,"no"
-0.9,0.5,0,0.3,0.1,0,0.3,-0.903111674903827,0.656588230639777,-2.16186917876465,0.370404178406379,0,0.95,0,"no"
-0.9,0.5,0,0.3,0.1,0,0.6,-0.905022864193974,0.833886384156298,-2.51154662068811,0.688936779180374,0,1,0,"no"
-0.9,0.5,0,0.3,0.1,0,0.9,-0.906934053484122,1.06728862229088,-2.96400265719467,1.13216041174791,0,1,0,"no"
-0.9,0.5,0,0.3,0.1,0,1,-0.907571116580838,1.15191048132722,-3.12602110477828,1.29308580397417,0,1,0,"no"
-0.9,0.5,0,0.3,0.1,0.5,0.3,-0.903111674903827,0.656275467828319,-2.11826227999498,0.41291273459668,0,0.95,0,"no"
-0.9,0.5,0,0.3,0.1,0.5,0.6,-0.905022864193974,0.833697420882067,-2.48474867587179,0.71813193027706,0,1,0,"no"
-0.9,0.5,0,0.3,0.1,0.5,0.9,-0.906934053484122,1.06717680984161,-2.94641432167877,1.15456474382467,0,1,0,"no"
-0.9,0.5,0,0.3,0.1,0.5,1,-0.907571116580838,1.15181668744475,-3.11166492433585,1.31098955759577,0,1,0,"no"
-0.9,0.5,0,0.3,0.2,-0.5,0.3,-0.903111674903827,0.678821302183074,-2.30101847055943,0.330972900705886,0,0.96,0,"no"
-0.9,0.5,0,0.3,0.2,-0.5,0.6,-0.905022864193974,0.851289532812446,-2.60431386505207,0.672417174336839,0,1,0,"no"
-0.9,0.5,0,0.3,0.2,-0.5,0.9,-0.906934053484122,1.08074964779504,-3.0259154896079,1.12613583629337,0,1,0,"no"
-0.9,0.5,0,0.3,0.2,-0.5,1,-0.907571116580838,1.16433087658215,-3.18645624503978,1.29139806195604,0,1,0,"no"
-0.9,0.5,0,0.3,0.2,0,0.3,-0.903111674903827,0.678549021469817,-2.22434094977208,0.422058490714832,0,0.95,0,"no"
-0.9,0.5,0,0.3,0.2,0,0.6,-0.905022864193974,0.850928797214683,-2.56088045752899,0.733305377037079,0,1,0,"no"
-0.9,0.5,0,0.3,0.2,0,0.9,-0.906934053484122,1.08034114414388,-3.00421497574224,1.16022385895494,0,1,0,"no"
-0.9,0.5,0,0.3,0.2,0,1,-0.907571116580838,1.16391073129295,-3.16794056849749,1.31757618553775,0,1,0,"no"
-0.9,0.5,0,0.3,0.2,0.5,0.3,-0.903111674903827,0.677356469778136,-2.13614350361615,0.504385673969162,0,0.95,0,"no"
-0.9,0.5,0,0.3,0.2,0.5,0.6,-0.905022864193974,0.850094822569822,-2.50921891706588,0.776773985014363,0,1,0,"no"
-0.9,0.5,0,0.3,0.2,0.5,0.9,-0.906934053484122,1.07975796963633,-2.96721543671742,1.19962188878252,0,1,0,"no"
-0.9,0.5,0,0.3,0.2,0.5,1,-0.907571116580838,1.16338950855187,-3.13251105518982,1.35249314473956,0,1,0,"no"
-0.9,0.5,0,0.3,0.3,-0.5,0.3,-0.903111674903827,0.714182868856388,-2.40963722459311,0.395439663522211,0,0.98,0,"no"
-0.9,0.5,0,0.3,0.3,-0.5,0.6,-0.905022864193974,0.879521218026408,-2.68639562463876,0.718317510641173,0,1,0,"no"
-0.9,0.5,0,0.3,0.3,-0.5,0.9,-0.906934053484122,1.10290477312007,-3.08323898520177,1.15937929384417,0,1,0,"no"
-0.9,0.5,0,0.3,0.3,-0.5,1,-0.907571116580838,1.18484850400787,-3.23981356388963,1.32062034737334,0,0.98,0,"no"
-0.9,0.5,0,0.3,0.3,0,0.3,-0.903111674903827,0.713578575178566,-2.31148654239165,0.504213405140349,0,0.98,0,"no"
-0.9,0.5,0,0.3,0.3,0,0.6,-0.905022864193974,0.878798933599955,-2.62273605209668,0.781425321450943,0,1,0,"no"
-0.9,0.5,0,0.3,0.3,0,0.9,-0.906934053484122,1.10214041835957,-3.05880057052815,1.20399034319705,0,1,0,"no"
-0.9,0.5,0,0.3,0.3,0,1,-0.907571116580838,1.18407615555428,-3.21666011835125,1.35724065376564,0,0.98,0,"no"
-0.9,0.5,0,0.3,0.3,0.5,0.3,-0.903111674903827,0.711026341442264,-2.19615933898244,0.60517847422611,0,0.96,0,"no"
-0.9,0.5,0,0.3,0.3,0.5,0.6,-0.905022864193974,0.876903707283316,-2.54645790728615,0.851623142071851,0,1,0,"no"
-0.9,0.5,0,0.3,0.3,0.5,0.9,-0.906934053484122,1.10074384755757,-3.00212418490497,1.25394463172469,0,1,0,"no"
-0.9,0.5,0,0.3,0.3,0.5,1,-0.907571116580838,1.18280739054652,-3.16116047254094,1.41051972964067,0,0.99,0,"no"
-0.6,-0.5,0,0.1,0.1,-0.5,0.3,-0.602311351161374,0.602851323801435,-1.76195979156947,0.570506580905085,0,0.45,0,"no"
-0.6,-0.5,0,0.1,0.1,-0.5,0.6,-0.604222540451522,0.798703234939726,-2.1333152309938,0.931041168840419,0,1,0,"no"
-0.6,-0.5,0,0.1,0.1,-0.5,0.9,-0.606133729741669,1.04495846139745,-2.60331215436658,1.38275918514672,0,1,0,"no"
-0.6,-0.5,0,0.1,0.1,-0.5,1,-0.606770792838385,1.13276780574254,-2.77283002332319,1.54849966270844,0,0.99,0,"no"
-0.6,-0.5,0,0.1,0.1,0,0.3,-0.602311351161374,0.60239606690358,-1.78400279833252,0.557803656821736,0,0.43,0,"no"
-0.6,-0.5,0,0.1,0.1,0,0.6,-0.604222540451522,0.79826794197952,-2.14401037014749,0.920495085521647,0,1,0,"no"
-0.6,-0.5,0,0.1,0.1,0,0.9,-0.606133729741669,1.04454987735453,-2.61250978344599,1.38355743066062,0,1,0,"no"
-0.6,-0.5,0,0.1,0.1,0,1,-0.606770792838385,1.13236715826463,-2.77795828774594,1.54896497823578,0,0.99,0,"no"
-0.6,-0.5,0,0.1,0.1,0.5,0.3,-0.602311351161374,0.602181544301761,-1.80129507269805,0.532564742539984,0,0.42,0,"no"
-0.6,-0.5,0,0.1,0.1,0.5,0.6,-0.604222540451522,0.798141213170922,-2.1531090419748,0.91035768379225,0,1,0,"no"
-0.6,-0.5,0,0.1,0.1,0.5,0.9,-0.606133729741669,1.04447801054474,-2.62010361990969,1.37813399573856,0,1,0,"no"
-0.6,-0.5,0,0.1,0.1,0.5,1,-0.606770792838385,1.13230852716299,-2.78721138057607,1.54746745372451,0,0.99,0,"no"
-0.6,-0.5,0,0.1,0.2,-0.5,0.3,-0.602311351161374,0.625312875077699,-1.81067696603119,0.649503685134825,0,0.6,0,"no"
-0.6,-0.5,0,0.1,0.2,-0.5,0.6,-0.604222540451522,0.815549707917469,-2.15597064618152,0.978894825372294,0,1,0,"no"
-0.6,-0.5,0,0.1,0.2,-0.5,0.9,-0.606133729741669,1.0576548155107,-2.62204404811718,1.42618944348402,0,1,0,"no"
-0.6,-0.5,0,0.1,0.2,-0.5,1,-0.606770792838385,1.14441014360259,-2.79260950289276,1.58917453057795,0,0.99,0,"no"
-0.6,-0.5,0,0.1,0.2,0,0.3,-0.602311351161374,0.6241802949633,-1.84501970271965,0.628032904937599,0,0.59,0,"no"
-0.6,-0.5,0,0.1,0.2,0,0.6,-0.604222540451522,0.814524236663418,-2.17763406563293,0.9629958023329,0,1,0,"no"
-0.6,-0.5,0,0.1,0.2,0,0.9,-0.606133729741669,1.05672470310345,-2.63815369532638,1.42723123976785,0,1,0,"no"
-0.6,-0.5,0,0.1,0.2,0,1,-0.606770792838385,1.14350569521337,-2.80196133504124,1.59047519431382,0,0.99,0,"no"
-0.6,-0.5,0,0.1,0.2,0.5,0.3,-0.602311351161374,0.623150559474022,-1.87145619156567,0.592317603948125,0,0.61,0,"no"
-0.6,-0.5,0,0.1,0.2,0.5,0.6,-0.604222540451522,0.813802450012142,-2.20265814530648,0.944555168747398,0,1,0,"no"
-0.6,-0.5,0,0.1,0.2,0.5,0.9,-0.606133729741669,1.05621709296672,-2.65354534774349,1.41599137949267,0,1,0,"no"
-0.6,-0.5,0,0.1,0.2,0.5,1,-0.606770792838385,1.14305169924703,-2.82118704649063,1.57984407827244,0,0.99,0,"no"
-0.6,-0.5,0,0.1,0.3,-0.5,0.3,-0.602311351161374,0.661877078554859,-1.88461187068975,0.770627324433951,0,0.83,0,"no"
-0.6,-0.5,0,0.1,0.3,-0.5,0.6,-0.604222540451522,0.843750030973552,-2.21049373051039,1.05007160111549,0,1,0,"no"
-0.6,-0.5,0,0.1,0.3,-0.5,0.9,-0.606133729741669,1.07936285530689,-2.66138949206706,1.4799538042957,0,1,0,"no"
-0.6,-0.5,0,0.1,0.3,-0.5,1,-0.606770792838385,1.16443307477575,-2.82533816445479,1.63496843422117,0,0.98,0,"no"
-0.6,-0.5,0,0.1,0.3,0,0.3,-0.602311351161374,0.659915326152979,-1.93126415491684,0.730185269602789,0,0.8,0,"no"
-0.6,-0.5,0,0.1,0.3,0,0.6,-0.604222540451522,0.842007985633576,-2.24195272888006,1.03347828287879,0,1,0,"no"
-0.6,-0.5,0,0.1,0.3,0,0.9,-0.606133729741669,1.07781048525616,-2.67571538416168,1.47498037031316,0,1,0,"no"
-0.6,-0.5,0,0.1,0.3,0,1,-0.606770792838385,1.16293117369572,-2.83968953587689,1.63575503097079,0,0.98,0,"no"
-0.6,-0.5,0,0.1,0.3,0.5,0.3,-0.602311351161374,0.657564897091393,-1.96102839191212,0.679319446017052,0,0.81,0,"no"
-0.6,-0.5,0,0.1,0.3,0.5,0.6,-0.604222540451522,0.840268816855802,-2.27178516775556,1.00627452691109,0,1,0,"no"
-0.6,-0.5,0,0.1,0.3,0.5,0.9,-0.606133729741669,1.07652434153954,-2.69687157078707,1.45691646254341,0,1,0,"no"
-0.6,-0.5,0,0.1,0.3,0.5,1,-0.606770792838385,1.16176153853135,-2.85373164012493,1.62033393039898,0,0.97,0,"no"
-0.6,-0.5,0,0.2,0.1,-0.5,0.3,-0.6027115130326,0.626560736789068,-1.78916824636563,0.626800681382418,0,0.7,0,"no"
-0.6,-0.5,0,0.2,0.1,-0.5,0.6,-0.604622702322748,0.817079682626555,-2.15446147125897,0.97603675219015,0,1,0,"no"
-0.6,-0.5,0,0.2,0.1,-0.5,0.9,-0.606533891612896,1.05932657043054,-2.62161123545942,1.41692041228635,0,1,0,"no"
-0.6,-0.5,0,0.2,0.1,-0.5,1,-0.607170954709611,1.1461154926723,-2.78808205908316,1.57365828393696,0,0.99,0,"no"
-0.6,-0.5,0,0.2,0.1,0,0.3,-0.6027115130326,0.626142575549892,-1.82259344390877,0.596623009174995,0,0.69,0,"no"
-0.6,-0.5,0,0.2,0.1,0,0.6,-0.604622702322748,0.816664120678126,-2.17389547826392,0.95726733168972,0,1,0,"no"
-0.6,-0.5,0,0.2,0.1,0,0.9,-0.606533891612896,1.0589291798412,-2.63403418086935,1.40603152434799,0,1,0,"no"
-0.6,-0.5,0,0.2,0.1,0,1,-0.607170954709611,1.1457243617903,-2.80222675424854,1.5679009928644,0,0.99,0,"no"
-0.6,-0.5,0,0.2,0.1,0.5,0.3,-0.6027115130326,0.62594619250081,-1.85349319926107,0.566067117203911,0,0.72,0,"no"
-0.6,-0.5,0,0.2,0.1,0.5,0.6,-0.604622702322748,0.816546254242492,-2.19460017274141,0.939944844227161,0,1,0,"no"
-0.6,-0.5,0,0.2,0.1,0.5,0.9,-0.606533891612896,1.05886261882809,-2.64956290750744,1.39612411367155,0,1,0,"no"
-0.6,-0.5,0,0.2,0.1,0.5,1,-0.607170954709611,1.14567038587873,-2.81309264518312,1.56006212850239,0,0.99,0,"no"
-0.6,-0.5,0,0.2,0.2,-0.5,0.3,-0.6027115130326,0.648225333777216,-1.82357455375846,0.715357766858269,0,0.83,0,"no"
-0.6,-0.5,0,0.2,0.2,-0.5,0.6,-0.604622702322748,0.833557564801417,-2.1694574666005,1.0296915822935,0,1,0,"no"
-0.6,-0.5,0,0.2,0.2,-0.5,0.9,-0.606533891612896,1.07184965790756,-2.63466357275354,1.46204809200506,0,1,0,"no"
-0.6,-0.5,0,0.2,0.2,-0.5,1,-0.607170954709611,1.15761988286312,-2.80415667522128,1.62226320543007,0,0.99,0,"no"
-0.6,-0.5,0,0.2,0.2,0,0.3,-0.6027115130326,0.647178513657271,-1.88155740485352,0.663020875139164,0,0.82,0,"no"
-0.6,-0.5,0,0.2,0.2,0,0.6,-0.604622702322748,0.832576747951226,-2.210369300575,0.995976948257772,0,1,0,"no"
-0.6,-0.5,0,0.2,0.2,0,0.9,-0.606533891612896,1.07094416225608,-2.6577628180352,1.44602085224207,0,1,0,"no"
-0.6,-0.5,0,0.2,0.2,0,1,-0.607170954709611,1.15673618153046,-2.8205781679557,1.60763925041282,0,0.99,0,"no"
-0.6,-0.5,0,0.2,0.2,0.5,0.3,-0.6027115130326,0.646198339079888,-1.93677414792351,0.59848661838373,0,0.8,0,"no"
-0.6,-0.5,0,0.2,0.2,0.5,0.6,-0.604622702322748,0.831879786267949,-2.25085553251438,0.961010027068799,0,1,0,"no"
-0.6,-0.5,0,0.2,0.2,0.5,0.9,-0.606533891612896,1.0704506904826,-2.68606290472375,1.42936088023669,0,1,0,"no"
-0.6,-0.5,0,0.2,0.2,0.5,1,-0.607170954709611,1.1562943264474,-2.84784063380575,1.58987081914253,0,0.99,0,"no"
-0.6,-0.5,0,0.2,0.3,-0.5,0.3,-0.6027115130326,0.68359882527964,-1.88440992053175,0.837992577984317,0,0.94,0,"no"
-0.6,-0.5,0,0.2,0.3,-0.5,0.6,-0.604622702322748,0.861175148546771,-2.22167484968213,1.10780009256319,0,1,0,"no"
-0.6,-0.5,0,0.2,0.3,-0.5,0.9,-0.606533891612896,1.09327399392417,-2.6671111760043,1.5185688109948,0,1,0,"no"
-0.6,-0.5,0,0.2,0.3,-0.5,1,-0.607170954709611,1.17741523983325,-2.83195302307173,1.66838354830972,0,0.97,0,"no"
-0.6,-0.5,0,0.2,0.3,0,0.3,-0.6027115130326,0.681770810000674,-1.96275162701453,0.768367020149752,0,0.93,0,"no"
-0.6,-0.5,0,0.2,0.3,0,0.6,-0.604622702322748,0.859504586383191,-2.27094700217278,1.05961669080471,0,1,0,"no"
-0.6,-0.5,0,0.2,0.3,0,0.9,-0.606533891612896,1.09176102167074,-2.69428250641142,1.49088546731209,0,1,0,"no"
-0.6,-0.5,0,0.2,0.3,0,1,-0.607170954709611,1.17594644710195,-2.85470284298642,1.64965722540318,0,0.97,0,"no"
-0.6,-0.5,0,0.2,0.3,0.5,0.3,-0.6027115130326,0.679507500727372,-2.03423560145379,0.671247678384485,0,0.92,0,"no"
-0.6,-0.5,0,0.2,0.3,0.5,0.6,-0.604622702322748,0.85781097880585,-2.32674143675482,1.01288599829613,0,1,0,"no"
-0.6,-0.5,0,0.2,0.3,0.5,0.9,-0.606533891612896,1.09050068036825,-2.73014711536138,1.46175530744138,0,1,0,"no"
-0.6,-0.5,0,0.2,0.3,0.5,1,-0.607170954709611,1.17479879154932,-2.88973500528758,1.62228947014299,0,0.96,0,"no"
-0.6,-0.5,0,0.3,0.1,-0.5,0.3,-0.603111674903827,0.663843864506444,-1.84354148131129,0.708867592025361,0,0.99,0,"no"
-0.6,-0.5,0,0.3,0.1,-0.5,0.6,-0.605022864193974,0.84635065193039,-2.20087783378492,1.03320899321692,0,1,0,"no"
-0.6,-0.5,0,0.3,0.1,-0.5,0.9,-0.606934053484122,1.08232119964852,-2.66024623993119,1.45835272696535,0,1,0,"no"
-0.6,-0.5,0,0.3,0.1,-0.5,1,-0.607571116580838,1.16748113600634,-2.83106686487205,1.61438225462932,0,0.99,0,"no"
-0.6,-0.5,0,0.3,0.1,0,0.3,-0.603111674903827,0.663474614673994,-1.88528712242927,0.668056399564266,0,0.98,0,"no"
-0.6,-0.5,0,0.3,0.1,0,0.6,-0.605022864193974,0.845962910747578,-2.22876762105934,1.00876517396791,0,1,0,"no"
-0.6,-0.5,0,0.3,0.1,0,0.9,-0.606934053484122,1.08193982715317,-2.68076532373141,1.44313362019122,0,1,0,"no"
-0.6,-0.5,0,0.3,0.1,0,1,-0.607571116580838,1.16710359582955,-2.84587300814597,1.60031750151301,0,0.99,0,"no"
-0.6,-0.5,0,0.3,0.1,0.5,0.3,-0.603111674903827,0.663302836612743,-1.92306777419313,0.622043310434875,0,0.97,0,"no"
-0.6,-0.5,0,0.3,0.1,0.5,0.6,-0.605022864193974,0.845856986915603,-2.25703070043062,0.980249460039435,0,1,0,"no"
-0.6,-0.5,0,0.3,0.1,0.5,0.9,-0.606934053484122,1.08187990571855,-2.69962871032104,1.42659037433922,0,1,0,"no"
-0.6,-0.5,0,0.3,0.1,0.5,1,-0.607571116580838,1.16705529642082,-2.86018578882343,1.58921792774234,0,0.99,0,"no"
-0.6,-0.5,0,0.3,0.2,-0.5,0.3,-0.603111674903827,0.684363678822895,-1.86198023649085,0.806199314502398,0,0.99,0,"no"
-0.6,-0.5,0,0.3,0.2,-0.5,0.6,-0.605022864193974,0.862275940076874,-2.21275553323042,1.10131569125376,0,1,0,"no"
-0.6,-0.5,0,0.3,0.2,-0.5,0.9,-0.606934053484122,1.09457963527971,-2.67121865516895,1.51086658016814,0,1,0,"no"
-0.6,-0.5,0,0.3,0.2,-0.5,1,-0.607571116580838,1.17877443716477,-2.83905438430119,1.66230580726628,0,0.98,0,"no"
-0.6,-0.5,0,0.3,0.2,0,0.3,-0.603111674903827,0.683431201952555,-1.93937626895509,0.724691598231522,0,0.98,0,"no"
-0.6,-0.5,0,0.3,0.2,0,0.6,-0.605022864193974,0.861358607164741,-2.26364518135549,1.05302335119987,0,1,0,"no"
-0.6,-0.5,0,0.3,0.2,0,0.9,-0.606934053484122,1.09370981094279,-2.70105690952857,1.48332537018611,0,1,0,"no"
-0.6,-0.5,0,0.3,0.2,0,1,-0.607571116580838,1.17792077653676,-2.86458588183119,1.63856434364356,0,0.99,0,"no"
-0.6,-0.5,0,0.3,0.2,0.5,0.3,-0.603111674903827,0.682521067689224,-2.01743049242396,0.641722444210492,0,0.98,0,"no"
-0.6,-0.5,0,0.3,0.2,0.5,0.6,-0.605022864193974,0.860696656424682,-2.31533972291566,0.993009402496724,0,1,0,"no"
-0.6,-0.5,0,0.3,0.2,0.5,0.9,-0.606934053484122,1.09323522821264,-2.74043631325897,1.45038457132146,0,1,0,"no"
-0.6,-0.5,0,0.3,0.2,0.5,1,-0.607571116580838,1.17749479226568,-2.89478443939066,1.61230401661542,0,0.97,0,"no"
-0.6,-0.5,0,0.3,0.3,-0.5,0.3,-0.603111674903827,0.718010207896426,-1.91853270305297,0.924008815933523,0,0.99,0,"no"
-0.6,-0.5,0,0.3,0.3,-0.5,0.6,-0.605022864193974,0.889015327789709,-2.2525622753909,1.18818247963539,0,1,0,"no"
-0.6,-0.5,0,0.3,0.3,-0.5,0.9,-0.606934053484122,1.11556814277297,-2.6967605841527,1.5727092839665,0,1,0,"no"
-0.6,-0.5,0,0.3,0.3,-0.5,1,-0.607571116580838,1.19821926252805,-2.86317627419185,1.71918097014831,0,0.92,0,"no"
-0.6,-0.5,0,0.3,0.3,0,0.3,-0.603111674903827,0.716363499310636,-2.01468528377326,0.82500430642896,0,0.99,0,"no"
-0.6,-0.5,0,0.3,0.3,0,0.6,-0.605022864193974,0.88744718086547,-2.3281133552489,1.11474115537882,0,1,0,"no"
-0.6,-0.5,0,0.3,0.3,0,0.9,-0.606934053484122,1.1141127865355,-2.73700568698601,1.52663239263556,0,1,0,"no"
-0.6,-0.5,0,0.3,0.3,0,1,-0.607571116580838,1.19679890084723,-2.89721675557677,1.68217414626237,0,0.92,0,"no"
-0.6,-0.5,0,0.3,0.3,0.5,0.3,-0.603111674903827,0.71422588352552,-2.11932732800469,0.695193731787636,0,0.98,0,"no"
-0.6,-0.5,0,0.3,0.3,0.5,0.6,-0.605022864193974,0.88581913117477,-2.3931054332068,1.03715489659987,0,1,0,"no"
-0.6,-0.5,0,0.3,0.3,0.5,0.9,-0.606934053484122,1.11288807195143,-2.7889361185599,1.4870536164527,0,1,0,"no"
-0.6,-0.5,0,0.3,0.3,0.5,1,-0.607571116580838,1.19568105746596,-2.9413022794636,1.64233745751951,0,0.91,0,"no"
-0.6,-0.4,0,0.1,0.1,-0.5,0.3,-0.602311351161374,0.522035096612563,-1.59934401366655,0.416833200856929,0,0,0,"no"
-0.6,-0.4,0,0.1,0.1,-0.5,0.6,-0.604222540451522,0.738905493113066,-2.01332603763589,0.815965667749255,0,1,0,"no"
-0.6,-0.4,0,0.1,0.1,-0.5,0.9,-0.606133729741669,0.99946547841562,-2.51841838534887,1.30077798346963,0,1,0,"no"
-0.6,-0.4,0,0.1,0.1,-0.5,1,-0.606770792838385,1.09077716997434,-2.69949999797798,1.47369278117919,0,1,0,"no"
-0.6,-0.4,0,0.1,0.1,0,0.3,-0.602311351161374,0.521562354818936,-1.62505497809267,0.400296522451921,0,0,0,"no"
-0.6,-0.4,0,0.1,0.1,0,0.6,-0.604222540451522,0.738470204693145,-2.02534530378308,0.811287499422888,0,1,0,"no"
-0.6,-0.4,0,0.1,0.1,0,0.9,-0.606133729741669,0.99906378300558,-2.51703156704911,1.29820634574489,0,1,0,"no"
-0.6,-0.4,0,0.1,0.1,0,1,-0.606770792838385,1.0903844368831,-2.69593980816568,1.46873354788877,0,1,0,"no"
-0.6,-0.4,0,0.1,0.1,0.5,0.3,-0.602311351161374,0.521303542459591,-1.64165237473642,0.379405899728519,0,0,0,"no"
-0.6,-0.4,0,0.1,0.1,0.5,0.6,-0.604222540451522,0.738323632024497,-2.03416803685232,0.801295999353536,0,1,0,"no"
-0.6,-0.4,0,0.1,0.1,0.5,0.9,-0.606133729741669,0.998981509301867,-2.52640050446564,1.29506877602501,0,1,0,"no"
-0.6,-0.4,0,0.1,0.1,0.5,1,-0.606770792838385,1.09031710616815,-2.69866695957492,1.46817778095757,0,1,0,"no"
-0.6,-0.4,0,0.1,0.2,-0.5,0.3,-0.602311351161374,0.548061265342524,-1.64943098004347,0.502395536696836,0,0.07,0,"no"
-0.6,-0.4,0,0.1,0.2,-0.5,0.6,-0.604222540451522,0.757260277645171,-2.04078122396414,0.865389761180712,0,1,0,"no"
-0.6,-0.4,0,0.1,0.2,-0.5,0.9,-0.606133729741669,1.01285346102665,-2.54306186459566,1.33762836315703,0,1,0,"no"
-0.6,-0.4,0,0.1,0.2,-0.5,1,-0.606770792838385,1.10297114115316,-2.72462623963198,1.5047935568506,0,1,0,"no"
-0.6,-0.4,0,0.1,0.2,0,0.3,-0.602311351161374,0.546879498621007,-1.69008403286267,0.473054174034759,0,0.07,0,"no"
-0.6,-0.4,0,0.1,0.2,0,0.6,-0.604222540451522,0.756231431032951,-2.05773526351779,0.854046629585965,0,1,0,"no"
-0.6,-0.4,0,0.1,0.2,0,0.9,-0.606133729741669,1.01193605337354,-2.5424233984552,1.33413375758339,0,1,0,"no"
-0.6,-0.4,0,0.1,0.2,0,1,-0.606770792838385,1.10208171090734,-2.71890560921092,1.49984751682677,0,1,0,"no"
-0.6,-0.4,0,0.1,0.2,0.5,0.3,-0.602311351161374,0.545678529542441,-1.71850662464649,0.438919727382987,0,0.08,0,"no"
-0.6,-0.4,0,0.1,0.2,0.5,0.6,-0.604222540451522,0.755433659839105,-2.07851663577107,0.835188230777148,0,1,0,"no"
-0.6,-0.4,0,0.1,0.2,0.5,0.9,-0.606133729741669,1.01139123703048,-2.56217534259805,1.32674530341431,0,1,0,"no"
-0.6,-0.4,0,0.1,0.2,0.5,1,-0.606770792838385,1.10159741811267,-2.73164939342995,1.49300769621109,0,1,0,"no"
-0.6,-0.4,0,0.1,0.3,-0.5,0.3,-0.602311351161374,0.589704350962005,-1.73069788598049,0.628170448909614,0,0.37,0,"no"
-0.6,-0.4,0,0.1,0.3,-0.5,0.6,-0.604222540451522,0.787748949462121,-2.09720510780244,0.938073220201436,0,1,0,"no"
-0.6,-0.4,0,0.1,0.3,-0.5,0.9,-0.606133729741669,1.03563712446681,-2.57649215068189,1.38378879561861,0,1,0,"no"
-0.6,-0.4,0,0.1,0.3,-0.5,1,-0.606770792838385,1.12385366517708,-2.75106044913791,1.54433311197729,0,0.99,0,"no"
-0.6,-0.4,0,0.1,0.3,0,0.3,-0.602311351161374,0.587674822504379,-1.78057669007884,0.582520074937475,0,0.36,0,"no"
-0.6,-0.4,0,0.1,0.3,0,0.6,-0.604222540451522,0.786002899279197,-2.11942669817469,0.915545178231483,0,1,0,"no"
-0.6,-0.4,0,0.1,0.3,0,0.9,-0.606133729741669,1.03410393403159,-2.58742139231178,1.38620953276343,0,1,0,"no"
-0.6,-0.4,0,0.1,0.3,0,1,-0.606770792838385,1.12237429361929,-2.75936259988757,1.54834665350652,0,1,0,"no"
-0.6,-0.4,0,0.1,0.3,0.5,0.3,-0.602311351161374,0.584986763199335,-1.81267459935492,0.533360696709229,0,0.36,0,"no"
-0.6,-0.4,0,0.1,0.3,0.5,0.6,-0.604222540451522,0.784106366089501,-2.14818622830413,0.893479698099697,0,1,0,"no"
-0.6,-0.4,0,0.1,0.3,0.5,0.9,-0.606133729741669,1.03274006724082,-2.60337065241405,1.37633082296599,0,1,0,"no"
-0.6,-0.4,0,0.1,0.3,0.5,1,-0.606770792838385,1.12114156958117,-2.77415089472816,1.53956534866911,0,1,0,"no"
-0.6,-0.4,0,0.2,0.1,-0.5,0.3,-0.6027115130326,0.549228733473899,-1.63286115662275,0.479457956349849,0,0.03,0,"no"
-0.6,-0.4,0,0.2,0.1,-0.5,0.6,-0.604622702322748,0.75872008362915,-2.0370684781204,0.858137620914609,0,1,0,"no"
-0.6,-0.4,0,0.2,0.1,-0.5,0.9,-0.606533891612896,1.01447254571989,-2.54305627218239,1.3259372569104,0,1,0,"no"
-0.6,-0.4,0,0.2,0.1,-0.5,1,-0.607170954709611,1.10462829033656,-2.72267870010704,1.49481816138601,0,1,0,"no"
-0.6,-0.4,0,0.2,0.1,0,0.3,-0.6027115130326,0.548804171605703,-1.67242550271731,0.448590017884198,0,0.03,0,"no"
-0.6,-0.4,0,0.2,0.1,0,0.6,-0.604622702322748,0.75830698480409,-2.05887992576491,0.842097798055073,0,1,0,"no"
-0.6,-0.4,0,0.2,0.1,0,0.9,-0.606533891612896,1.01408262558887,-2.55144252438837,1.31994986413983,0,1,0,"no"
-0.6,-0.4,0,0.2,0.1,0,1,-0.607170954709611,1.10424544328529,-2.72533741415411,1.49052661966469,0,1,0,"no"
-0.6,-0.4,0,0.2,0.1,0.5,0.3,-0.6027115130326,0.548569612513581,-1.69938469779874,0.414035628022151,0,0.02,0,"no"
-0.6,-0.4,0,0.2,0.1,0.5,0.6,-0.604622702322748,0.758170812302219,-2.0792548303464,0.825585468376403,0,1,0,"no"
-0.6,-0.4,0,0.2,0.1,0.5,0.9,-0.606533891612896,1.01400620363638,-2.56169279535838,1.30931943448568,0,1,0,"no"
-0.6,-0.4,0,0.2,0.1,0.5,1,-0.607170954709611,1.10418317957168,-2.73318485791197,1.48038853308335,0,1,0,"no"
-0.6,-0.4,0,0.2,0.2,-0.5,0.3,-0.6027115130326,0.574053916777416,-1.66837506503607,0.575372030205432,0,0.21,0,"no"
-0.6,-0.4,0,0.2,0.2,-0.5,0.6,-0.604622702322748,0.776607632807799,-2.05916769270564,0.920369917327732,0,1,0,"no"
-0.6,-0.4,0,0.2,0.2,-0.5,0.9,-0.606533891612896,1.02766051569594,-2.55970123948646,1.37417113084469,0,1,0,"no"
-0.6,-0.4,0,0.2,0.2,-0.5,1,-0.607170954709611,1.11666608449436,-2.74003153078367,1.53976711997468,0,1,0,"no"
-0.6,-0.4,0,0.2,0.2,0,0.3,-0.6027115130326,0.572982556021233,-1.72853267620626,0.517115753396386,0,0.2,0,"no"
-0.6,-0.4,0,0.2,0.2,0,0.6,-0.604622702322748,0.775628933650008,-2.09213820158026,0.886357008667756,0,1,0,"no"
-0.6,-0.4,0,0.2,0.2,0,0.9,-0.606533891612896,1.02676900300325,-2.57161381850961,1.35416742619654,0,1,0,"no"
-0.6,-0.4,0,0.2,0.2,0,1,-0.607170954709611,1.11579820901562,-2.74564683541113,1.52137168200827,0,1,0,"no"
-0.6,-0.4,0,0.2,0.2,0.5,0.3,-0.6027115130326,0.571849623523604,-1.7894901320677,0.447810870375605,0,0.14,0,"no"
-0.6,-0.4,0,0.2,0.2,0.5,0.6,-0.604622702322748,0.774860923933536,-2.12628632591903,0.854442524343002,0,1,0,"no"
-0.6,-0.4,0,0.2,0.2,0.5,0.9,-0.606533891612896,1.02623994539182,-2.59619718184754,1.33826653505554,0,1,0,"no"
-0.6,-0.4,0,0.2,0.2,0.5,1,-0.607170954709611,1.11532724081322,-2.76647050229165,1.50752884854067,0,1,0,"no"
-0.6,-0.4,0,0.2,0.3,-0.5,0.3,-0.6027115130326,0.613977005252304,-1.74210665543751,0.696071419351369,0,0.5,0,"no"
-0.6,-0.4,0,0.2,0.3,-0.5,0.6,-0.604622702322748,0.806370340207082,-2.11226559909947,0.998690413013542,0,1,0,"no"
-0.6,-0.4,0,0.2,0.3,-0.5,0.9,-0.606533891612896,1.05011955626126,-2.58418212915857,1.42293839369378,0,1,0,"no"
-0.6,-0.4,0,0.2,0.3,-0.5,1,-0.607170954709611,1.13729290315362,-2.75994052236159,1.58123849966768,0,0.99,0,"no"
-0.6,-0.4,0,0.2,0.3,0,0.3,-0.6027115130326,0.612114169668621,-1.81503563583538,0.62553369927296,0,0.52,0,"no"
-0.6,-0.4,0,0.2,0.3,0,0.6,-0.604622702322748,0.804703804669671,-2.15608168882911,0.947017830130508,0,1,0,"no"
-0.6,-0.4,0,0.2,0.3,0,0.9,-0.606533891612896,1.04862768330092,-2.61284622427426,1.40085069241086,0,1,0,"no"
-0.6,-0.4,0,0.2,0.3,0,1,-0.607170954709611,1.13584785431275,-2.7836560915384,1.56074331450973,0,0.99,0,"no"
-0.6,-0.4,0,0.2,0.3,0.5,0.3,-0.6027115130326,0.609544538132711,-1.88822786698962,0.533113371107265,0,0.49,0,"no"
-0.6,-0.4,0,0.2,0.3,0.5,0.6,-0.604622702322748,0.802861987534866,-2.20095977348841,0.91081258361175,0,1,0,"no"
-0.6,-0.4,0,0.2,0.3,0.5,0.9,-0.606533891612896,1.04729265773498,-2.64339027566738,1.37322837078777,0,1,0,"no"
-0.6,-0.4,0,0.2,0.3,0.5,1,-0.607170954709611,1.13463931503452,-2.81212775338544,1.54164510459573,0,1,0,"no"
-0.6,-0.4,0,0.3,0.1,-0.5,0.3,-0.603111674903827,0.59136919013887,-1.69650693396058,0.571930873518011,0,0.27,0,"no"
-0.6,-0.4,0,0.3,0.1,-0.5,0.6,-0.605022864193974,0.790135039050579,-2.09190759424766,0.917566498372117,0,1,0,"no"
-0.6,-0.4,0,0.3,0.1,-0.5,0.9,-0.606934053484122,1.03845005830944,-2.58917069631223,1.37103794050393,0,1,0,"no"
-0.6,-0.4,0,0.3,0.1,-0.5,1,-0.607571116580838,1.12677237022246,-2.76196051546844,1.53530667863539,0,0.99,0,"no"
-0.6,-0.4,0,0.3,0.1,0,0.3,-0.603111674903827,0.591004388796794,-1.73992036672833,0.528105376047318,0,0.23,0,"no"
-0.6,-0.4,0,0.3,0.1,0,0.6,-0.605022864193974,0.789752523405329,-2.11746939610214,0.891055422929004,0,1,0,"no"
-0.6,-0.4,0,0.3,0.1,0,0.9,-0.606934053484122,1.03807675610774,-2.60080866527453,1.35598641772705,0,1,0,"no"
-0.6,-0.4,0,0.3,0.1,0,1,-0.607571116580838,1.12640346150576,-2.77413455297844,1.52278493228119,0,0.99,0,"no"
-0.6,-0.4,0,0.3,0.1,0.5,0.3,-0.603111674903827,0.590800979136599,-1.78253931229207,0.483374606495394,0,0.24,0,"no"
-0.6,-0.4,0,0.3,0.1,0.5,0.6,-0.605022864193974,0.789629781439459,-2.14445507868325,0.86608232151076,0,1,0,"no"
-0.6,-0.4,0,0.3,0.1,0.5,0.9,-0.606934053484122,1.03800738413026,-2.61452127453862,1.34451933701828,0,1,0,"no"
-0.6,-0.4,0,0.3,0.1,0.5,1,-0.607571116580838,1.12634715943977,-2.78500442580557,1.51251984924325,0,0.99,0,"no"
-0.6,-0.4,0,0.3,0.2,-0.5,0.3,-0.603111674903827,0.614538189814343,-1.72052277222308,0.669532157065254,0,0.53,0,"no"
-0.6,-0.4,0,0.3,0.2,-0.5,0.6,-0.605022864193974,0.807332455789823,-2.11085800380721,0.985815627878805,0,1,0,"no"
-0.6,-0.4,0,0.3,0.2,-0.5,0.9,-0.606934053484122,1.0513345263657,-2.59733005226267,1.41892395677203,0,1,0,"no"
-0.6,-0.4,0,0.3,0.2,-0.5,1,-0.607571116580838,1.1385724658957,-2.76952891186661,1.58042640368449,0,0.99,0,"no"
-0.6,-0.4,0,0.3,0.2,0,0.3,-0.603111674903827,0.613606267399268,-1.79634338641385,0.593114256902355,0,0.52,0,"no"
-0.6,-0.4,0,0.3,0.2,0,0.6,-0.605022864193974,0.806423618319548,-2.15104408427235,0.937087300499633,0,1,0,"no"
-0.6,-0.4,0,0.3,0.2,0,0.9,-0.606934053484122,1.05048010377539,-2.62493386532353,1.3918705593006,0,1,0,"no"
-0.6,-0.4,0,0.3,0.2,0,1,-0.607571116580838,1.13773547046074,-2.79473634179717,1.55664682102175,0,0.99,0,"no"
-0.6,-0.4,0,0.3,0.2,0.5,0.3,-0.603111674903827,0.612565619441294,-1.87681883408926,0.504731248501527,0,0.5,0,"no"
-0.6,-0.4,0,0.3,0.2,0.5,0.6,-0.605022864193974,0.805696371038215,-2.19783019227582,0.890862439637924,0,1,0,"no"
-0.6,-0.4,0,0.3,0.2,0.5,0.9,-0.606934053484122,1.04997157320165,-2.64823887784474,1.36609385160699,0,1,0,"no"
-0.6,-0.4,0,0.3,0.2,0.5,1,-0.607571116580838,1.13728150352941,-2.81328337636712,1.53404597403865,0,0.99,0,"no"
-0.6,-0.4,0,0.3,0.3,-0.5,0.3,-0.603111674903827,0.652049249497495,-1.78442028345113,0.785176997398147,0,0.77,0,"no"
-0.6,-0.4,0,0.3,0.3,-0.5,0.6,-0.605022864193974,0.836014893314791,-2.15475498388714,1.07446360079627,0,1,0,"no"
-0.6,-0.4,0,0.3,0.3,-0.5,0.9,-0.606934053484122,1.0732975953842,-2.62177876231044,1.47468528218998,0,1,0,"no"
-0.6,-0.4,0,0.3,0.3,-0.5,1,-0.607571116580838,1.15880715532518,-2.79538879294988,1.62600042857359,0,0.99,0,"no"
-0.6,-0.4,0,0.3,0.3,0,0.3,-0.603111674903827,0.650402630427484,-1.87441516874789,0.69013562214605,0,0.77,0,"no"
-0.6,-0.4,0,0.3,0.3,0,0.6,-0.605022864193974,0.834460307533239,-2.21440795932735,1.00536961926492,0,1,0,"no"
-0.6,-0.4,0,0.3,0.3,0,0.9,-0.606934053484122,1.07186556788121,-2.66431994168094,1.43638541667275,0,1,0,"no"
-0.6,-0.4,0,0.3,0.3,0,1,-0.607571116580838,1.15741187796049,-2.83346299535892,1.59378819046334,0,0.99,0,"no"
-0.6,-0.4,0,0.3,0.3,0.5,0.3,-0.603111674903827,0.647998171670061,-1.97623128867913,0.569432922389446,0,0.78,0,"no"
-0.6,-0.4,0,0.3,0.3,0.5,0.6,-0.605022864193974,0.832695428690399,-2.26827709945474,0.94649524257298,0,1,0,"no"
-0.6,-0.4,0,0.3,0.3,0.5,0.9,-0.606934053484122,1.07056961280762,-2.69659876915639,1.40287043091022,0,1,0,"no"
-0.6,-0.4,0,0.3,0.3,0.5,1,-0.607571116580838,1.15623554887825,-2.85662350192891,1.5681853135277,0,0.98,0,"no"
-0.6,-0.3,0,0.1,0.1,-0.5,0.3,-0.602311351161374,0.449038914047737,-1.44985911182924,0.27577903818327,0,0,0,"no"
-0.6,-0.3,0,0.1,0.1,-0.5,0.6,-0.604222540451522,0.688512938866079,-1.91265450185081,0.715933572242123,0,0.97,0,"no"
-0.6,-0.3,0,0.1,0.1,-0.5,0.9,-0.606133729741669,0.962244099578678,-2.45504030115968,1.22898222782271,0,1,0,"no"
-0.6,-0.3,0,0.1,0.1,-0.5,1,-0.606770792838385,1.05660264272121,-2.63800298428035,1.4067638222767,0,1,0,"no"
-0.6,-0.3,0,0.1,0.1,0,0.3,-0.602311351161374,0.448551976839142,-1.47121095535586,0.257587684912383,0,0,0,"no"
-0.6,-0.3,0,0.1,0.1,0,0.6,-0.604222540451522,0.688083839632406,-1.92269896198345,0.713264287902168,0,0.97,0,"no"
-0.6,-0.3,0,0.1,0.1,0,0.9,-0.606133729741669,0.961853730850048,-2.4473830720704,1.22614913866206,0,1,0,"no"
-0.6,-0.3,0,0.1,0.1,0,1,-0.606770792838385,1.05622169837864,-2.62773669529538,1.40487316778713,0,1,0,"no"
-0.6,-0.3,0,0.1,0.1,0.5,0.3,-0.602311351161374,0.448236589533092,-1.49130192099586,0.239890175263386,0,0,0,"no"
-0.6,-0.3,0,0.1,0.1,0.5,0.6,-0.604222540451522,0.6879160374334,-1.93548489510405,0.704844918040183,0,0.97,0,"no"
-0.6,-0.3,0,0.1,0.1,0.5,0.9,-0.606133729741669,0.961761197899048,-2.44893593974728,1.22260302431444,0,1,0,"no"
-0.6,-0.3,0,0.1,0.1,0.5,1,-0.606770792838385,1.05614591274023,-2.62928894629972,1.40199884537604,0,1,0,"no"
-0.6,-0.3,0,0.1,0.2,-0.5,0.3,-0.602311351161374,0.479354090052674,-1.5057765619997,0.365632599201399,0,0,0,"no"
-0.6,-0.3,0,0.1,0.2,-0.5,0.6,-0.604222540451522,0.708367033312968,-1.94529544618447,0.765026866143852,0,0.98,0,"no"
-0.6,-0.3,0,0.1,0.2,-0.5,0.9,-0.606133729741669,0.976266618866007,-2.4781782148876,1.25736425929206,0,1,0,"no"
-0.6,-0.3,0,0.1,0.2,-0.5,1,-0.606770792838385,1.06929617903852,-2.66310995533459,1.4320121195933,0,1,0,"no"
-0.6,-0.3,0,0.1,0.2,0,0.3,-0.602311351161374,0.47813676858243,-1.54400453654646,0.333067241831142,0,0,0,"no"
-0.6,-0.3,0,0.1,0.2,0,0.6,-0.604222540451522,0.707349142581686,-1.95799916466918,0.757245480154696,0,0.98,0,"no"
-0.6,-0.3,0,0.1,0.2,0,0.9,-0.606133729741669,0.975371257900582,-2.48102223553438,1.25508729309398,0,1,0,"no"
-0.6,-0.3,0,0.1,0.2,0,1,-0.606770792838385,1.06842980978601,-2.66391543575004,1.43177895579743,0,1,0,"no"
-0.6,-0.3,0,0.1,0.2,0.5,0.3,-0.602311351161374,0.476728399172336,-1.57541898231262,0.303153440652234,0,0,0,"no"
-0.6,-0.3,0,0.1,0.2,0.5,0.6,-0.604222540451522,0.70647370252012,-1.97630039607279,0.743298422000688,0,0.98,0,"no"
-0.6,-0.3,0,0.1,0.2,0.5,0.9,-0.606133729741669,0.974791329603261,-2.48261180273046,1.24546328911404,0,1,0,"no"
-0.6,-0.3,0,0.1,0.2,0.5,1,-0.606770792838385,1.06791732546097,-2.65637049088675,1.42366155661498,0,1,0,"no"
-0.6,-0.3,0,0.1,0.3,-0.5,0.3,-0.602311351161374,0.526786762256657,-1.59987473983676,0.493336700902816,0,0.06,0,"no"
-0.6,-0.3,0,0.1,0.3,-0.5,0.6,-0.604222540451522,0.741083458768126,-2.00521126306851,0.838165732516557,0,1,0,"no"
-0.6,-0.3,0,0.1,0.3,-0.5,0.9,-0.606133729741669,1.00002203727553,-2.51683589658649,1.29920007979769,0,1,0,"no"
-0.6,-0.3,0,0.1,0.3,-0.5,1,-0.606770792838385,1.09094496072551,-2.6974585135735,1.46872991872135,0,1,0,"no"
-0.6,-0.3,0,0.1,0.3,0,0.3,-0.602311351161374,0.524725993352314,-1.63888110774455,0.448250995658938,0,0.05,0,"no"
-0.6,-0.3,0,0.1,0.3,0,0.6,-0.604222540451522,0.739357914237709,-2.02348222371351,0.820455173892564,0,1,0,"no"
-0.6,-0.3,0,0.1,0.3,0,0.9,-0.606133729741669,0.998522679183817,-2.52098275099267,1.30233284799357,0,1,0,"no"
-0.6,-0.3,0,0.1,0.3,0,1,-0.606770792838385,1.08950057788418,-2.69944668264376,1.47341732872898,0,1,0,"no"
-0.6,-0.3,0,0.1,0.3,0.5,0.3,-0.602311351161374,0.521650881256325,-1.67140590281481,0.400870402181835,0,0.06,0,"no"
-0.6,-0.3,0,0.1,0.3,0.5,0.6,-0.604222540451522,0.737304486777971,-2.04655440948555,0.800430309518347,0,1,0,"no"
-0.6,-0.3,0,0.1,0.3,0.5,0.9,-0.606133729741669,0.997086761837523,-2.52983886471476,1.30042634744449,0,1,0,"no"
-0.6,-0.3,0,0.1,0.3,0.5,1,-0.606770792838385,1.08821017189283,-2.69983081205379,1.46754582143144,0,1,0,"no"
-0.6,-0.3,0,0.2,0.1,-0.5,0.3,-0.6027115130326,0.480354523021391,-1.49336715144238,0.351002289066661,0,0,0,"no"
-0.6,-0.3,0,0.2,0.1,-0.5,0.6,-0.604622702322748,0.70972155539789,-1.95022315648462,0.756328776495527,0,1,0,"no"
-0.6,-0.3,0,0.2,0.1,-0.5,0.9,-0.606533891612896,0.977817510183644,-2.47577658670812,1.2504513006118,0,1,0,"no"
-0.6,-0.3,0,0.2,0.1,-0.5,1,-0.607170954709611,1.07089255271488,-2.65291462927288,1.42563078731555,0,1,0,"no"
-0.6,-0.3,0,0.2,0.1,0,0.3,-0.6027115130326,0.479929301089864,-1.52696013871455,0.321488236998733,0,0,0,"no"
-0.6,-0.3,0,0.2,0.1,0,0.6,-0.604622702322748,0.709316606711273,-1.96437461300727,0.744220683204414,0,0.99,0,"no"
-0.6,-0.3,0,0.2,0.1,0,0.9,-0.606533891612896,0.977439201724208,-2.48292167032548,1.24457118358206,0,1,0,"no"
-0.6,-0.3,0,0.2,0.1,0,1,-0.607170954709611,1.07052163227891,-2.65870039046051,1.4220274491597,0,1,0,"no"
-0.6,-0.3,0,0.2,0.1,0.5,0.3,-0.6027115130326,0.47964679934918,-1.55880965110909,0.281339278551478,0,0,0,"no"
-0.6,-0.3,0,0.2,0.1,0.5,0.6,-0.604622702322748,0.709160758640952,-1.98120307870635,0.728893264754959,0,0.99,0,"no"
-0.6,-0.3,0,0.2,0.1,0.5,0.9,-0.606533891612896,0.977352968469379,-2.49577455250277,1.24295118932708,0,1,0,"no"
-0.6,-0.3,0,0.2,0.1,0.5,1,-0.607170954709611,1.07045123641342,-2.67196317319724,1.42095217668576,0,1,0,"no"
-0.6,-0.3,0,0.2,0.2,-0.5,0.3,-0.6027115130326,0.50884331336154,-1.53545093046537,0.448365594223615,0,0,0,"no"
-0.6,-0.3,0,0.2,0.2,-0.5,0.6,-0.604622702322748,0.728996532591901,-1.97168595456903,0.814784759240969,0,1,0,"no"
-0.6,-0.3,0,0.2,0.2,-0.5,0.9,-0.606533891612896,0.991613772092385,-2.49859546766212,1.29381774323432,0,1,0,"no"
-0.6,-0.3,0,0.2,0.2,-0.5,1,-0.607170954709611,1.0834125037284,-2.67751360366008,1.46501383170293,0,1,0,"no"
-0.6,-0.3,0,0.2,0.2,0,0.3,-0.6027115130326,0.507764745652117,-1.59437515084855,0.390554170529842,0,0.01,0,"no"
-0.6,-0.3,0,0.2,0.2,0,0.6,-0.604622702322748,0.728033112988837,-1.99939578228762,0.786012538454264,0,1,0,"no"
-0.6,-0.3,0,0.2,0.2,0,0.9,-0.606533891612896,0.990744956061239,-2.51193391987803,1.2759720826423,0,1,0,"no"
-0.6,-0.3,0,0.2,0.2,0,1,-0.607170954709611,1.08256801340301,-2.69093542038598,1.44600294542519,0,1,0,"no"
-0.6,-0.3,0,0.2,0.2,0.5,0.3,-0.6027115130326,0.506450880266856,-1.64926808113725,0.322731175700055,0,0.01,0,"no"
-0.6,-0.3,0,0.2,0.2,0.5,0.6,-0.604622702322748,0.727192643271577,-2.02774519684101,0.761068670887452,0,1,0,"no"
-0.6,-0.3,0,0.2,0.2,0.5,0.9,-0.606533891612896,0.990182196508641,-2.52480693859931,1.26423391058207,0,1,0,"no"
-0.6,-0.3,0,0.2,0.2,0.5,1,-0.607170954709611,1.08206983923689,-2.70184196978052,1.44165474154112,0,1,0,"no"
-0.6,-0.3,0,0.2,0.3,-0.5,0.3,-0.6027115130326,0.553802134925252,-1.62257656012738,0.565713947380774,0,0.13,0,"no"
-0.6,-0.3,0,0.2,0.3,-0.5,0.6,-0.604622702322748,0.76082931316363,-2.02113355774862,0.896217674008527,0,1,0,"no"
-0.6,-0.3,0,0.2,0.3,-0.5,0.9,-0.606533891612896,1.015005016303,-2.52701412773954,1.3396890827544,0,1,0,"no"
-0.6,-0.3,0,0.2,0.3,-0.5,1,-0.607170954709611,1.10477907528343,-2.70964210554053,1.50143743824362,0,1,0,"no"
-0.6,-0.3,0,0.2,0.3,0,0.3,-0.6027115130326,0.551941591231544,-1.67906760435703,0.496882939798978,0,0.13,0,"no"
-0.6,-0.3,0,0.2,0.3,0,0.6,-0.604622702322748,0.759189213854218,-2.05863268424156,0.85196903312915,0,1,0,"no"
-0.6,-0.3,0,0.2,0.3,0,0.9,-0.606533891612896,1.01354790625027,-2.55280422378847,1.3218636098948,0,1,0,"no"
-0.6,-0.3,0,0.2,0.3,0,1,-0.607170954709611,1.10336947765988,-2.72560952466531,1.49028337623501,0,1,0,"no"
-0.6,-0.3,0,0.2,0.3,0.5,0.3,-0.6027115130326,0.549027235629105,-1.74801807946426,0.415863221031316,0,0.1,0,"no"
-0.6,-0.3,0,0.2,0.3,0.5,0.6,-0.604622702322748,0.757200095622871,-2.09543990272753,0.81853350194279,0,1,0,"no"
-0.6,-0.3,0,0.2,0.3,0.5,0.9,-0.606533891612896,1.01214351860391,-2.57407982380571,1.3059546502032,0,1,0,"no"
-0.6,-0.3,0,0.2,0.3,0.5,1,-0.607170954709611,1.10210513047643,-2.74756711535184,1.47802489850666,0,1,0,"no"
-0.6,-0.3,0,0.3,0.1,-0.5,0.3,-0.603111674903827,0.527964968096284,-1.57164277735241,0.44905080039262,0,0.01,0,"no"
-0.6,-0.3,0,0.3,0.1,-0.5,0.6,-0.605022864193974,0.743185733736154,-2.0103552878694,0.817261904399714,0,1,0,"no"
-0.6,-0.3,0,0.3,0.1,-0.5,0.9,-0.606934053484122,1.00266133232124,-2.51839359324426,1.29629405485963,0,1,0,"no"
-0.6,-0.3,0,0.3,0.1,-0.5,1,-0.607571116580838,1.09371195098884,-2.69377561260573,1.46650775057739,0,1,0,"no"
-0.6,-0.3,0,0.3,0.1,0,0.3,-0.603111674903827,0.527610438608934,-1.61523234302619,0.411357387489747,0,0.01,0,"no"
-0.6,-0.3,0,0.3,0.1,0,0.6,-0.605022864193974,0.74281322336284,-2.03024495670904,0.800009110179389,0,1,0,"no"
-0.6,-0.3,0,0.3,0.1,0,0.9,-0.606934053484122,1.00229978199222,-2.53591091864353,1.28533938828956,0,1,0,"no"
-0.6,-0.3,0,0.3,0.1,0,1,-0.607571116580838,1.09335496298114,-2.71276057235722,1.45846256987876,0,1,0,"no"
-0.6,-0.3,0,0.3,0.1,0.5,0.3,-0.603111674903827,0.527367300144622,-1.65268994253469,0.365422549869762,0,0.01,0,"no"
-0.6,-0.3,0,0.3,0.1,0.5,0.6,-0.605022864193974,0.742672073634401,-2.05129441092566,0.777824488312446,0,1,0,"no"
-0.6,-0.3,0,0.3,0.1,0.5,0.9,-0.606934053484122,1.00222083150968,-2.54995309372609,1.27638576935079,0,1,0,"no"
-0.6,-0.3,0,0.3,0.1,0.5,1,-0.607571116580838,1.09329066860546,-2.7267834208057,1.45173983627716,0,1,0,"no"
-0.6,-0.3,0,0.3,0.2,-0.5,0.3,-0.603111674903827,0.554063341129432,-1.60139336188259,0.542665285268989,0,0.1,0,"no"
-0.6,-0.3,0,0.3,0.2,-0.5,0.6,-0.605022864193974,0.761618189731626,-2.02449868825497,0.883518134917311,0,1,0,"no"
-0.6,-0.3,0,0.3,0.2,-0.5,0.9,-0.606934053484122,1.01611635696006,-2.5336001976173,1.33645266998231,0,1,0,"no"
-0.6,-0.3,0,0.3,0.2,-0.5,1,-0.607571116580838,1.10596901192305,-2.7115026097632,1.5002777863064,0,1,0,"no"
-0.6,-0.3,0,0.3,0.2,0,0.3,-0.603111674903827,0.553148630246288,-1.6708283711184,0.469202610037648,0,0.08,0,"no"
-0.6,-0.3,0,0.3,0.2,0,0.6,-0.605022864193974,0.760729003169677,-2.06602013123376,0.838039076170359,0,1,0,"no"
-0.6,-0.3,0,0.3,0.2,0,0.9,-0.606934053484122,1.01528508782578,-2.55817084950338,1.3152999400464,0,1,0,"no"
-0.6,-0.3,0,0.3,0.2,0,1,-0.607571116580838,1.10515550689496,-2.73461214456152,1.48435279548846,0,1,0,"no"
-0.6,-0.3,0,0.3,0.2,0.5,0.3,-0.603111674903827,0.551956470079137,-1.7415875428714,0.390622061881592,0,0.07,0,"no"
-0.6,-0.3,0,0.3,0.2,0.5,0.6,-0.605022864193974,0.759934942613027,-2.09919223035921,0.806804640135525,0,1,0,"no"
-0.6,-0.3,0,0.3,0.2,0.5,0.9,-0.606934053484122,1.01474411799573,-2.58345433263951,1.29741121698393,0,1,0,"no"
-0.6,-0.3,0,0.3,0.2,0.5,1,-0.607571116580838,1.10467514413564,-2.75945271962288,1.47076867411172,0,1,0,"no"
-0.6,-0.3,0,0.3,0.3,-0.5,0.3,-0.603111674903827,0.595690961363621,-1.67875358245396,0.659661291403378,0,0.37,0,"no"
-0.6,-0.3,0,0.3,0.3,-0.5,0.6,-0.605022864193974,0.792152561203677,-2.07431165187803,0.96825143238071,0,1,0,"no"
-0.6,-0.3,0,0.3,0.3,-0.5,0.9,-0.606934053484122,1.03895399968527,-2.56266570249892,1.3869398204276,0,1,0,"no"
-0.6,-0.3,0,0.3,0.3,-0.5,1,-0.607571116580838,1.12690455083384,-2.741435787658,1.54665068699208,0,0.99,0,"no"
-0.6,-0.3,0,0.3,0.3,0,0.3,-0.603111674903827,0.59407716343303,-1.7516527626266,0.564298175146799,0,0.34,0,"no"
-0.6,-0.3,0,0.3,0.3,0,0.6,-0.605022864193974,0.790630617500849,-2.12182415995793,0.90364225604069,0,1,0,"no"
-0.6,-0.3,0,0.3,0.3,0,0.9,-0.606934053484122,1.03755747700569,-2.60210252938131,1.35883252158452,0,1,0,"no"
-0.6,-0.3,0,0.3,0.3,0,1,-0.607571116580838,1.12554493739539,-2.77025439011309,1.52609754512325,0,1,0,"no"
-0.6,-0.3,0,0.3,0.3,0.5,0.3,-0.603111674903827,0.591378197328572,-1.84105682374563,0.471060573402243,0,0.36,0,"no"
-0.6,-0.3,0,0.3,0.3,0.5,0.6,-0.605022864193974,0.788729832773638,-2.16654547647212,0.855039105758549,0,1,0,"no"
-0.6,-0.3,0,0.3,0.3,0.5,0.9,-0.606934053484122,1.03619501178602,-2.62522944868998,1.3382676268155,0,1,0,"no"
-0.6,-0.3,0,0.3,0.3,0.5,1,-0.607571116580838,1.12431468015931,-2.79898249061479,1.5096265445809,0,1,0,"no"
-0.6,-0.2,0,0.1,0.1,-0.5,0.3,-0.602311351161374,0.3883038164039,-1.32958384635282,0.160184958663866,0,0,0,"no"
-0.6,-0.2,0,0.1,0.1,-0.5,0.6,-0.604222540451522,0.649704155794478,-1.84823876172246,0.635149983924005,0,0.87,0,"no"
-0.6,-0.2,0,0.1,0.1,-0.5,0.9,-0.606133729741669,0.934273319426267,-2.40293695573568,1.17658246750635,0,1,0,"no"
-0.6,-0.2,0,0.1,0.1,-0.5,1,-0.606770792838385,1.03101311068303,-2.59035066824698,1.36359330655407,0,1,0,"no"
-0.6,-0.2,0,0.1,0.1,0,0.3,-0.602311351161374,0.387814466825004,-1.34606910079013,0.143178504333878,0,0,0,"no"
-0.6,-0.2,0,0.1,0.1,0,0.6,-0.604222540451522,0.649290256946666,-1.85078535562534,0.629536468101291,0,0.87,0,"no"
-0.6,-0.2,0,0.1,0.1,0,0.9,-0.606133729741669,0.933899481938027,-2.397449670836,1.17606400430404,0,1,0,"no"
-0.6,-0.2,0,0.1,0.1,0,1,-0.606770792838385,1.03064832736883,-2.58514255314604,1.36113960547645,0,1,0,"no"
-0.6,-0.2,0,0.1,0.1,0.5,0.3,-0.602311351161374,0.387430461966768,-1.36314316295952,0.127221262171501,0,0,0,"no"
-0.6,-0.2,0,0.1,0.1,0.5,0.6,-0.604222540451522,0.649101682455314,-1.85436931668095,0.627129600119717,0,0.87,0,"no"
-0.6,-0.2,0,0.1,0.1,0.5,0.9,-0.606133729741669,0.933797530341987,-2.39335966654431,1.17065444203758,0,1,0,"no"
-0.6,-0.2,0,0.1,0.1,0.5,1,-0.606770792838385,1.03056483211752,-2.57973420653464,1.35713185716319,0,1,0,"no"
-0.6,-0.2,0,0.1,0.2,-0.5,0.3,-0.602311351161374,0.423372061567521,-1.39263720658296,0.243160638643537,0,0,0,"no"
-0.6,-0.2,0,0.1,0.2,-0.5,0.6,-0.604222540451522,0.670907374547331,-1.87786013060945,0.678649842194599,0,0.94,0,"no"
-0.6,-0.2,0,0.1,0.2,-0.5,0.9,-0.606133729741669,0.948832675723048,-2.43550045588481,1.19899729169153,0,1,0,"no"
-0.6,-0.2,0,0.1,0.2,-0.5,1,-0.606770792838385,1.04412655792416,-2.62263614667899,1.3809400806704,0,1,0,"no"
-0.6,-0.2,0,0.1,0.2,0,0.3,-0.602311351161374,0.422155322610138,-1.422690397577,0.214398791812797,0,0,0,"no"
-0.6,-0.2,0,0.1,0.2,0,0.6,-0.604222540451522,0.669920138220448,-1.88889999644112,0.671586837201815,0,0.92,0,"no"
-0.6,-0.2,0,0.1,0.2,0,0.9,-0.606133729741669,0.947970036751841,-2.43058624072822,1.19552696819839,0,1,0,"no"
-0.6,-0.2,0,0.1,0.2,0,1,-0.606770792838385,1.04329214275125,-2.61167412760761,1.37868894886329,0,1,0,"no"
-0.6,-0.2,0,0.1,0.2,0.5,0.3,-0.602311351161374,0.420513545624161,-1.44454141629334,0.190833215806068,0,0,0,"no"
-0.6,-0.2,0,0.1,0.2,0.5,0.6,-0.604222540451522,0.668972393117564,-1.90046463657059,0.668076442143788,0,0.93,0,"no"
-0.6,-0.2,0,0.1,0.2,0.5,0.9,-0.606133729741669,0.947359471453735,-2.42372291300542,1.19644202618794,0,1,0,"no"
-0.6,-0.2,0,0.1,0.2,0.5,1,-0.606770792838385,1.0427552516528,-2.60396682178128,1.37661404113513,0,1,0,"no"
-0.6,-0.2,0,0.1,0.3,-0.5,0.3,-0.602311351161374,0.476784950202135,-1.50047317117633,0.363238994252036,0,0,0,"no"
-0.6,-0.2,0,0.1,0.3,-0.5,0.6,-0.604222540451522,0.705580322075231,-1.94237761216954,0.747702375846446,0,0.98,0,"no"
-0.6,-0.2,0,0.1,0.3,-0.5,0.9,-0.606133729741669,0.973393018130432,-2.47097849840367,1.23943731293519,0,1,0,"no"
-0.6,-0.2,0,0.1,0.3,-0.5,1,-0.606770792838385,1.06640506198994,-2.65730034275259,1.41611935813318,0,1,0,"no"
-0.6,-0.2,0,0.1,0.3,0,0.3,-0.602311351161374,0.474762892430043,-1.53434591722091,0.334799597744336,0,0.01,0,"no"
-0.6,-0.2,0,0.1,0.3,0,0.6,-0.604222540451522,0.703906633632935,-1.95532984076478,0.742947737802454,0,0.97,0,"no"
-0.6,-0.2,0,0.1,0.3,0,0.9,-0.606133729741669,0.971943732611863,-2.47148388638599,1.23894338643825,0,1,0,"no"
-0.6,-0.2,0,0.1,0.3,0,1,-0.606770792838385,1.06500911748575,-2.65217635213598,1.41519032155204,0,1,0,"no"
-0.6,-0.2,0,0.1,0.3,0.5,0.3,-0.602311351161374,0.471283535151319,-1.55173410831434,0.297882793567829,0,0.01,0,"no"
-0.6,-0.2,0,0.1,0.3,0.5,0.6,-0.604222540451522,0.701710902730803,-1.96530810691041,0.734107260715875,0,0.96,0,"no"
-0.6,-0.2,0,0.1,0.3,0.5,0.9,-0.606133729741669,0.970446217546962,-2.4752347952925,1.23547881825173,0,1,0,"no"
-0.6,-0.2,0,0.1,0.3,0.5,1,-0.606770792838385,1.06366981442199,-2.64987874685085,1.41174116423001,0,1,0,"no"
-0.6,-0.2,0,0.2,0.1,-0.5,0.3,-0.6027115130326,0.424080410873028,-1.38761004481423,0.237302088034687,0,0,0,"no"
-0.6,-0.2,0,0.2,0.1,-0.5,0.6,-0.604622702322748,0.672123629450563,-1.88085950607869,0.676349188264175,0,0.95,0,"no"
-0.6,-0.2,0,0.2,0.1,-0.5,0.9,-0.606533891612896,0.950301709872699,-2.42456189136116,1.2003345445706,0,1,0,"no"
-0.6,-0.2,0,0.2,0.1,-0.5,1,-0.607170954709611,1.04565099334868,-2.61154762119687,1.38164089891415,0,1,0,"no"
-0.6,-0.2,0,0.2,0.1,0,0.3,-0.6027115130326,0.42366560856227,-1.41355010033033,0.205641344474787,0,0,0,"no"
-0.6,-0.2,0,0.2,0.1,0,0.6,-0.604622702322748,0.671734649160898,-1.89681310237258,0.666157721212078,0,0.94,0,"no"
-0.6,-0.2,0,0.2,0.1,0,0.9,-0.606533891612896,0.949939792098792,-2.42793420284242,1.19769207381764,0,1,0,"no"
-0.6,-0.2,0,0.2,0.1,0,1,-0.607170954709611,1.04529606250098,-2.61138735939621,1.38051721944698,0,1,0,"no"
-0.6,-0.2,0,0.2,0.1,0.5,0.3,-0.6027115130326,0.423325497907423,-1.44175992409537,0.174129372460072,0,0,0,"no"
-0.6,-0.2,0,0.2,0.1,0.5,0.6,-0.604622702322748,0.671559206778649,-1.90947938948546,0.657035433990276,0,0.94,0,"no"
-0.6,-0.2,0,0.2,0.1,0.5,0.9,-0.606533891612896,0.949844384885311,-2.43894402745147,1.19084214569284,0,1,0,"no"
-0.6,-0.2,0,0.2,0.1,0.5,1,-0.607170954709611,1.0452181210682,-2.61832238134723,1.37437700524118,0,1,0,"no"
-0.6,-0.2,0,0.2,0.2,-0.5,0.3,-0.6027115130326,0.456445377891139,-1.44162989482528,0.325737809187563,0,0,0,"no"
-0.6,-0.2,0,0.2,0.2,-0.5,0.6,-0.604622702322748,0.692635999790177,-1.90844380166594,0.724626546951732,0,0.97,0,"no"
-0.6,-0.2,0,0.2,0.2,-0.5,0.9,-0.606533891612896,0.964611674168094,-2.44906892001107,1.23004163136027,0,1,0,"no"
-0.6,-0.2,0,0.2,0.2,-0.5,1,-0.607170954709611,1.05857581694837,-2.63102411341571,1.40542272976908,0,1,0,"no"
-0.6,-0.2,0,0.2,0.2,0,0.3,-0.6027115130326,0.455391355858919,-1.48147458571355,0.27749959585748,0,0,0,"no"
-0.6,-0.2,0,0.2,0.2,0,0.6,-0.604622702322748,0.691704984670458,-1.93473501958754,0.705888347723015,0,0.96,0,"no"
-0.6,-0.2,0,0.2,0.2,0,0.9,-0.606533891612896,0.963775353626666,-2.45790371741085,1.22024085210871,0,1,0,"no"
-0.6,-0.2,0,0.2,0.2,0,1,-0.607170954709611,1.05776297260115,-2.63502667136938,1.40080795952916,0,1,0,"no"
-0.6,-0.2,0,0.2,0.2,0.5,0.3,-0.6027115130326,0.453878017801814,-1.51964380443759,0.230297800754442,0,0,0,"no"
-0.6,-0.2,0,0.2,0.2,0.5,0.6,-0.604622702322748,0.690796674524011,-1.95015296579332,0.692178417877002,0,0.96,0,"no"
-0.6,-0.2,0,0.2,0.2,0.5,0.9,-0.606533891612896,0.9631828960082,-2.47623802811468,1.21205514519145,0,1,0,"no"
-0.6,-0.2,0,0.2,0.2,0.5,1,-0.607170954709611,1.05724100965439,-2.65278085813071,1.39191236045308,0,1,0,"no"
-0.6,-0.2,0,0.2,0.3,-0.5,0.3,-0.6027115130326,0.506432783770932,-1.53620493890147,0.446024894808577,0,0.02,0,"no"
-0.6,-0.2,0,0.2,0.3,-0.5,0.6,-0.604622702322748,0.726272585185556,-1.96587861471728,0.804425622938479,0,1,0,"no"
-0.6,-0.2,0,0.2,0.3,-0.5,0.9,-0.606533891612896,0.98877354318247,-2.49092600091221,1.27298769673896,0,1,0,"no"
-0.6,-0.2,0,0.2,0.3,-0.5,1,-0.607170954709611,1.08054956247516,-2.67586248616563,1.44456715957798,0,1,0,"no"
-0.6,-0.2,0,0.2,0.3,0,0.3,-0.6027115130326,0.504633050410811,-1.57901584929773,0.378374884400671,0,0.02,0,"no"
-0.6,-0.2,0,0.2,0.3,0,0.6,-0.604622702322748,0.724686262446232,-1.99559651527434,0.773463572533773,0,1,0,"no"
-0.6,-0.2,0,0.2,0.3,0,0.9,-0.606533891612896,0.987366109645933,-2.5032698011976,1.26274340288408,0,1,0,"no"
-0.6,-0.2,0,0.2,0.3,0,1,-0.607170954709611,1.07918791175828,-2.68376037505304,1.4360893800439,0,1,0,"no"
-0.6,-0.2,0,0.2,0.3,0.5,0.3,-0.6027115130326,0.501363886979781,-1.62216661527149,0.335534562994983,0,0.02,0,"no"
-0.6,-0.2,0,0.2,0.3,0.5,0.6,-0.604622702322748,0.722563159025643,-2.0168057019542,0.750150734308747,0,0.98,0,"no"
-0.6,-0.2,0,0.2,0.3,0.5,0.9,-0.606533891612896,0.985902023094,-2.52170846766078,1.25601892536285,0,1,0,"no"
-0.6,-0.2,0,0.2,0.3,0.5,1,-0.607170954709611,1.0778759256174,-2.694631385078,1.43145977311584,0,1,0,"no"
-0.6,-0.2,0,0.3,0.1,-0.5,0.3,-0.603111674903827,0.477263750519669,-1.48507861558502,0.34144661601547,0,0,0,"no"
-0.6,-0.2,0,0.3,0.1,-0.5,0.6,-0.605022864193974,0.707343115559681,-1.94115895546777,0.74279514502133,0,0.99,0,"no"
-0.6,-0.2,0,0.3,0.1,-0.5,0.9,-0.606934053484122,0.975837347271372,-2.46774286303662,1.24067545286436,0,1,0,"no"
-0.6,-0.2,0,0.3,0.1,-0.5,1,-0.607571116580838,1.0690031030817,-2.65120371793844,1.41900592620865,0,1,0,"no"
-0.6,-0.2,0,0.3,0.1,0,0.3,-0.603111674903827,0.47692671484849,-1.51712414783424,0.307978122976857,0,0,0,"no"
-0.6,-0.2,0,0.3,0.1,0,0.6,-0.605022864193974,0.706986708911331,-1.96243566867505,0.723667138996875,0,1,0,"no"
-0.6,-0.2,0,0.3,0.1,0,0.9,-0.606934053484122,0.975491715848276,-2.47590677117911,1.23342143677819,0,1,0,"no"
-0.6,-0.2,0,0.3,0.1,0,1,-0.607571116580838,1.06866165461213,-2.65536091257419,1.41335431490413,0,1,0,"no"
-0.6,-0.2,0,0.3,0.1,0.5,0.3,-0.603111674903827,0.476635071481675,-1.54787348118128,0.270062925110717,0,0,0,"no"
-0.6,-0.2,0,0.3,0.1,0.5,0.6,-0.605022864193974,0.706826583274018,-1.97965333930922,0.707872828307834,0,1,0,"no"
-0.6,-0.2,0,0.3,0.1,0.5,0.9,-0.606934053484122,0.975403542060476,-2.48949359704166,1.22813960014095,0,1,0,"no"
-0.6,-0.2,0,0.3,0.1,0.5,1,-0.607571116580838,1.06858974163543,-2.66761441091474,1.40666398548534,0,1,0,"no"
-0.6,-0.2,0,0.3,0.2,-0.5,0.3,-0.603111674903827,0.506296960660171,-1.52257443092053,0.426553036556669,0,0.01,0,"no"
-0.6,-0.2,0,0.3,0.2,-0.5,0.6,-0.605022864193974,0.726864157019075,-1.95997974711593,0.795351360751214,0,1,0,"no"
-0.6,-0.2,0,0.3,0.2,-0.5,0.9,-0.606934053484122,0.989773146076706,-2.48746878926495,1.27427929621674,0,1,0,"no"
-0.6,-0.2,0,0.3,0.2,-0.5,1,-0.607571116580838,1.08164347067033,-2.66933255240283,1.44638588996986,0,1,0,"no"
-0.6,-0.2,0,0.3,0.2,0,0.3,-0.603111674903827,0.505421478847368,-1.568659821752,0.36590315531959,0,0.01,0,"no"
-0.6,-0.2,0,0.3,0.2,0,0.6,-0.605022864193974,0.726008111379987,-1.99177874598745,0.764572665388052,0,1,0,"no"
-0.6,-0.2,0,0.3,0.2,0,0.9,-0.606934053484122,0.988973570711837,-2.50318738617786,1.26174656494521,0,1,0,"no"
-0.6,-0.2,0,0.3,0.2,0,1,-0.607571116580838,1.08086080736171,-2.6786445207728,1.43451406587207,0,1,0,"no"
-0.6,-0.2,0,0.3,0.2,0.5,0.3,-0.603111674903827,0.50406434764061,-1.62602862698222,0.314380680261692,0,0.01,0,"no"
-0.6,-0.2,0,0.3,0.2,0.5,0.6,-0.605022864193974,0.725150567280023,-2.02884948898538,0.736279107645755,0,1,0,"no"
-0.6,-0.2,0,0.3,0.2,0.5,0.9,-0.606934053484122,0.98840350606401,-2.52991223241892,1.24614284656405,0,1,0,"no"
-0.6,-0.2,0,0.3,0.2,0.5,1,-0.607571116580838,1.08035696495568,-2.70564650185799,1.4216285710302,0,1,0,"no"
-0.6,-0.2,0,0.3,0.3,-0.5,0.3,-0.603111674903827,0.551867062399063,-1.60719179054753,0.536548425005981,0,0.13,0,"no"
-0.6,-0.2,0,0.3,0.3,-0.5,0.6,-0.605022864193974,0.758994935242933,-2.01531984863195,0.877707878599845,0,1,0,"no"
-0.6,-0.2,0,0.3,0.3,-0.5,0.9,-0.606934053484122,1.01333186976338,-2.52049312437936,1.32292038839783,0,1,0,"no"
-0.6,-0.2,0,0.3,0.3,-0.5,1,-0.607571116580838,1.10315334641652,-2.70177483918539,1.48973955900589,0,1,0,"no"
-0.6,-0.2,0,0.3,0.3,0,0.3,-0.603111674903827,0.550327677819784,-1.65799836126006,0.459725142979178,0,0.09,0,"no"
-0.6,-0.2,0,0.3,0.3,0,0.6,-0.605022864193974,0.757527451221174,-2.04980388337739,0.832338327204578,0,1,0,"no"
-0.6,-0.2,0,0.3,0.3,0,0.9,-0.606934053484122,1.01198387329196,-2.54503801324717,1.30413044813222,0,1,0,"no"
-0.6,-0.2,0,0.3,0.3,0,1,-0.607571116580838,1.10184052475368,-2.71878655429249,1.47780247376291,0,1,0,"no"
-0.6,-0.2,0,0.3,0.3,0.5,0.3,-0.603111674903827,0.547329234983787,-1.719330470717,0.40545572997335,0,0.07,0,"no"
-0.6,-0.2,0,0.3,0.3,0.5,0.6,-0.605022864193974,0.755502056474523,-2.09019952978353,0.799159715073671,0,1,0,"no"
-0.6,-0.2,0,0.3,0.3,0.5,0.9,-0.606934053484122,1.0105634658756,-2.57664194707647,1.28830310000851,0,1,0,"no"
-0.6,-0.2,0,0.3,0.3,0.5,1,-0.607571116580838,1.10056366886173,-2.75229567861459,1.46140535705592,0,1,0,"no"
-0.6,-0.1,0,0.1,0.1,-0.5,0.3,-0.602311351161374,0.346317999895089,-1.25422190083297,0.0623132734758661,0,0,0,"no"
-0.6,-0.1,0,0.1,0.1,-0.5,0.6,-0.604222540451522,0.624619514971486,-1.80092844519922,0.58428972359431,0,0.66,0,"no"
-0.6,-0.1,0,0.1,0.1,-0.5,0.9,-0.606133729741669,0.916389499084263,-2.36548471571889,1.14107933508391,0,1,0,"no"
-0.6,-0.1,0,0.1,0.1,-0.5,1,-0.606770792838385,1.0146495001347,-2.55482755634789,1.32621991189242,0,1,0,"no"
-0.6,-0.1,0,0.1,0.1,0,0.3,-0.602311351161374,0.345852492335229,-1.26736750979377,0.0529441738615077,0,0,0,"no"
-0.6,-0.1,0,0.1,0.1,0,0.6,-0.604222540451522,0.624232168052204,-1.79869779315886,0.582748761154512,0,0.65,0,"no"
-0.6,-0.1,0,0.1,0.1,0,0.9,-0.606133729741669,0.916037767944394,-2.36117260180567,1.13697710362983,0,1,0,"no"
-0.6,-0.1,0,0.1,0.1,0,1,-0.606770792838385,1.0143054381565,-2.55089555510218,1.324007371331,0,1,0,"no"
-0.6,-0.1,0,0.1,0.1,0.5,0.3,-0.602311351161374,0.345398337262005,-1.27507648289666,0.0460892089385011,0,0,0,"no"
-0.6,-0.1,0,0.1,0.1,0.5,0.6,-0.604222540451522,0.624026112909317,-1.80481841396762,0.579986066893539,0,0.66,0,"no"
-0.6,-0.1,0,0.1,0.1,0.5,0.9,-0.606133729741669,0.915927976270658,-2.35723565935261,1.1405163303898,0,1,0,"no"
-0.6,-0.1,0,0.1,0.1,0.5,1,-0.606770792838385,1.01421547913531,-2.54509678178426,1.32956712136875,0,1,0,"no"
-0.6,-0.1,0,0.1,0.2,-0.5,0.3,-0.602311351161374,0.385639995909602,-1.32698801581363,0.149987678894867,0,0,0,"no"
-0.6,-0.1,0,0.1,0.2,-0.5,0.6,-0.604222540451522,0.646839450607837,-1.84009607333914,0.620617823464166,0,0.86,0,"no"
-0.6,-0.1,0,0.1,0.2,-0.5,0.9,-0.606133729741669,0.931347455537582,-2.3977441254578,1.15972865672104,0,1,0,"no"
-0.6,-0.1,0,0.1,0.2,-0.5,1,-0.606770792838385,1.02807680398549,-2.58431110794748,1.34582064065113,0,1,0,"no"
-0.6,-0.1,0,0.1,0.2,0,0.3,-0.602311351161374,0.384487519905856,-1.3465905410141,0.134060780999853,0,0,0,"no"
-0.6,-0.1,0,0.1,0.2,0,0.6,-0.604222540451522,0.645906155639698,-1.84158522422378,0.617248766463997,0,0.87,0,"no"
-0.6,-0.1,0,0.1,0.2,0,0.9,-0.606133729741669,0.930528693257438,-2.38654555510457,1.15710835160314,0,1,0,"no"
-0.6,-0.1,0,0.1,0.2,0,1,-0.606770792838385,1.02728344315776,-2.57193838299767,1.3432577425057,0,1,0,"no"
-0.6,-0.1,0,0.1,0.2,0.5,0.3,-0.602311351161374,0.382628761344716,-1.35167600223098,0.1207831484254,0,0,0,"no"
-0.6,-0.1,0,0.1,0.2,0.5,0.6,-0.604222540451522,0.644901271305911,-1.84817476045037,0.614380060676877,0,0.82,0,"no"
-0.6,-0.1,0,0.1,0.2,0.5,0.9,-0.606133729741669,0.929894415691877,-2.38600661377587,1.16562323839128,0,1,0,"no"
-0.6,-0.1,0,0.1,0.2,0.5,1,-0.606770792838385,1.02672756721662,-2.57022871087467,1.35423626580777,0,1,0,"no"
-0.6,-0.1,0,0.1,0.3,-0.5,0.3,-0.602311351161374,0.443995939717006,-1.4565831592876,0.271705694168641,0,0,0,"no"
-0.6,-0.1,0,0.1,0.3,-0.5,0.6,-0.604222540451522,0.682941842185686,-1.90665108856482,0.691024208856816,0,0.95,0,"no"
-0.6,-0.1,0,0.1,0.3,-0.5,0.9,-0.606133729741669,0.956484627191042,-2.44485158739946,1.20303356904963,0,1,0,"no"
-0.6,-0.1,0,0.1,0.3,-0.5,1,-0.606770792838385,1.05080807437047,-2.63143356528295,1.3819720871279,0,1,0,"no"
-0.6,-0.1,0,0.1,0.3,0,0.3,-0.602311351161374,0.442108809119104,-1.47476121447392,0.259922396441791,0,0,0,"no"
-0.6,-0.1,0,0.1,0.3,0,0.6,-0.604222540451522,0.681354398608191,-1.91611173312227,0.694630139260179,0,0.92,0,"no"
-0.6,-0.1,0,0.1,0.3,0,0.9,-0.606133729741669,0.955101883908002,-2.43448993768181,1.20364012027427,0,1,0,"no"
-0.6,-0.1,0,0.1,0.3,0,1,-0.606770792838385,1.04947401765996,-2.61626429878558,1.38219850472503,0,1,0,"no"
-0.6,-0.1,0,0.1,0.3,0.5,0.3,-0.602311351161374,0.438284821998669,-1.47301649780395,0.242063909861553,0,0,0,"no"
-0.6,-0.1,0,0.1,0.3,0.5,0.6,-0.604222540451522,0.679049293177401,-1.91867771235252,0.689422071054702,0,0.94,0,"no"
-0.6,-0.1,0,0.1,0.3,0.5,0.9,-0.606133729741669,0.953558061039264,-2.43597386497208,1.2008517152991,0,1,0,"no"
-0.6,-0.1,0,0.1,0.3,0.5,1,-0.606770792838385,1.04809785916704,-2.61247699444883,1.38093889030602,0,1,0,"no"
-0.6,-0.1,0,0.2,0.1,-0.5,0.3,-0.6027115130326,0.385945380739518,-1.31851884160278,0.145953795474296,0,0,0,"no"
-0.6,-0.1,0,0.2,0.1,-0.5,0.6,-0.604622702322748,0.647896665695322,-1.83782779014014,0.620908544997281,0,0.87,0,"no"
-0.6,-0.1,0,0.2,0.1,-0.5,0.9,-0.606533891612896,0.932724507962537,-2.39427625937683,1.16438825372957,0,1,0,"no"
-0.6,-0.1,0,0.2,0.1,-0.5,1,-0.607170954709611,1.0295205679471,-2.58085714105209,1.34831643431319,0,1,0,"no"
-0.6,-0.1,0,0.2,0.1,0,0.3,-0.6027115130326,0.385557953062646,-1.34085321369736,0.123418603160927,0,0,0,"no"
-0.6,-0.1,0,0.2,0.1,0,0.6,-0.604622702322748,0.647533074724878,-1.84257731307188,0.615491398489409,0,0.83,0,"no"
-0.6,-0.1,0,0.2,0.1,0,0.9,-0.606533891612896,0.932384036342357,-2.38992247443387,1.1587093971019,0,1,0,"no"
-0.6,-0.1,0,0.2,0.1,0,1,-0.607170954709611,1.02918582536972,-2.57566034444435,1.34223937936392,0,1,0,"no"
-0.6,-0.1,0,0.2,0.1,0.5,0.3,-0.6027115130326,0.3851571789278,-1.36080964129331,0.107580807075803,0,0,0,"no"
-0.6,-0.1,0,0.2,0.1,0.5,0.6,-0.604622702322748,0.64734036386391,-1.85550022305673,0.609414046051561,0,0.84,0,"no"
-0.6,-0.1,0,0.2,0.1,0.5,0.9,-0.606533891612896,0.93228072623952,-2.39519456408539,1.15745992966659,0,1,0,"no"
-0.6,-0.1,0,0.2,0.1,0.5,1,-0.607170954709611,1.02910136130964,-2.57926577324129,1.34168744659753,0,1,0,"no"
-0.6,-0.1,0,0.2,0.2,-0.5,0.3,-0.6027115130326,0.421621835704253,-1.38519510856628,0.228509537707031,0,0,0,"no"
-0.6,-0.1,0,0.2,0.2,-0.5,0.6,-0.604622702322748,0.669336669417099,-1.87420260003203,0.664578856364509,0,0.93,0,"no"
-0.6,-0.1,0,0.2,0.2,-0.5,0.9,-0.606533891612896,0.947415967378434,-2.41793665028605,1.18241530263772,0,1,0,"no"
-0.6,-0.1,0,0.2,0.2,-0.5,1,-0.607170954709611,1.04274820596718,-2.60158910836334,1.36450391439223,0,1,0,"no"
-0.6,-0.1,0,0.2,0.2,0,0.3,-0.6027115130326,0.420635556211472,-1.40416103627236,0.196261035521634,0,0,0,"no"
-0.6,-0.1,0,0.2,0.2,0,0.6,-0.604622702322748,0.668457429598827,-1.88300559209214,0.65500020272902,0,0.91,0,"no"
-0.6,-0.1,0,0.2,0.2,0,0.9,-0.606533891612896,0.94662225088832,-2.41513434863331,1.1838321808182,0,1,0,"no"
-0.6,-0.1,0,0.2,0.2,0,1,-0.607170954709611,1.04197538162238,-2.59922168175385,1.36590872964221,0,1,0,"no"
-0.6,-0.1,0,0.2,0.2,0.5,0.3,-0.6027115130326,0.418936313568252,-1.42570360786196,0.180588530518018,0,0,0,"no"
-0.6,-0.1,0,0.2,0.2,0.5,0.6,-0.604622702322748,0.667494145722586,-1.90046266957963,0.647568930824477,0,0.94,0,"no"
-0.6,-0.1,0,0.2,0.2,0.5,0.9,-0.606533891612896,0.94600628546376,-2.42795374456519,1.18305835877107,0,1,0,"no"
-0.6,-0.1,0,0.2,0.2,0.5,1,-0.607170954709611,1.04143452508822,-2.609056032167,1.36866659595864,0,1,0,"no"
-0.6,-0.1,0,0.2,0.3,-0.5,0.3,-0.6027115130326,0.475638901263545,-1.50237643814186,0.340766452757298,0,0,0,"no"
-0.6,-0.1,0,0.2,0.3,-0.5,0.6,-0.604622702322748,0.70428454064809,-1.94297866169491,0.73670934444378,0,0.99,0,"no"
-0.6,-0.1,0,0.2,0.3,-0.5,0.9,-0.606533891612896,0.972129830159286,-2.4673424522739,1.22547353691708,0,1,0,"no"
-0.6,-0.1,0,0.2,0.3,-0.5,1,-0.607170954709611,1.06515851069517,-2.64646702386588,1.40042909312802,0,1,0,"no"
-0.6,-0.1,0,0.2,0.3,0,0.3,-0.6027115130326,0.473968338042901,-1.52414761749282,0.310075142808422,0,0,0,"no"
-0.6,-0.1,0,0.2,0.3,0,0.6,-0.604622702322748,0.702780816828486,-1.95687312368586,0.727216477063511,0,0.97,0,"no"
-0.6,-0.1,0,0.2,0.3,0,0.9,-0.606533891612896,0.970787010802596,-2.46454836767704,1.23105467654739,0,1,0,"no"
-0.6,-0.1,0,0.2,0.3,0,1,-0.607170954709611,1.06385718833878,-2.64150230042841,1.40881130617092,0,1,0,"no"
-0.6,-0.1,0,0.2,0.3,0.5,0.3,-0.6027115130326,0.470394990290111,-1.5356833629719,0.288828969702873,0,0,0,"no"
-0.6,-0.1,0,0.2,0.3,0.5,0.6,-0.604622702322748,0.70055290201625,-1.96644138568244,0.722116355814341,0,0.98,0,"no"
-0.6,-0.1,0,0.2,0.3,0.5,0.9,-0.606533891612896,0.96927728324855,-2.47503790127296,1.22641345423422,0,1,0,"no"
-0.6,-0.1,0,0.2,0.3,0.5,1,-0.607170954709611,1.06250872113411,-2.65112900091641,1.40287948831722,0,1,0,"no"
-0.6,-0.1,0,0.3,0.1,-0.5,0.3,-0.603111674903827,0.443648317780925,-1.42367903354208,0.259283806047407,0,0,0,"no"
-0.6,-0.1,0,0.3,0.1,-0.5,0.6,-0.605022864193974,0.684343592816422,-1.89059764640756,0.687962895675183,0,0.97,0,"no"
-0.6,-0.1,0,0.3,0.1,-0.5,0.9,-0.606934053484122,0.958722887839996,-2.436086107642,1.20372323247905,0,1,0,"no"
-0.6,-0.1,0,0.3,0.1,-0.5,1,-0.607571116580838,1.05322700182426,-2.62300511295549,1.38760764404626,0,1,0,"no"
-0.6,-0.1,0,0.3,0.1,0,0.3,-0.603111674903827,0.443335870134698,-1.45268765347346,0.243446654158886,0,0,0,"no"
-0.6,-0.1,0,0.3,0.1,0,0.6,-0.605022864193974,0.684010272215556,-1.90562813489046,0.676864271701442,0,0.97,0,"no"
-0.6,-0.1,0,0.3,0.1,0,0.9,-0.606934053484122,0.958397527778088,-2.43899136935355,1.20125812594976,0,1,0,"no"
-0.6,-0.1,0,0.3,0.1,0,1,-0.607571116580838,1.05290479924115,-2.62239633925745,1.38038780764283,0,1,0,"no"
-0.6,-0.1,0,0.3,0.1,0.5,0.3,-0.603111674903827,0.44299045921617,-1.47672245129113,0.222206168767165,0,0,0,"no"
-0.6,-0.1,0,0.3,0.1,0.5,0.6,-0.605022864193974,0.683832324352783,-1.9189812020899,0.668741243803659,0,0.97,0,"no"
-0.6,-0.1,0,0.3,0.1,0.5,0.9,-0.606934053484122,0.958301031775882,-2.44521697897244,1.19124024712239,0,1,0,"no"
-0.6,-0.1,0,0.3,0.1,0.5,1,-0.607571116580838,1.05282602491191,-2.62807075525194,1.36986006921362,0,1,0,"no"
-0.6,-0.1,0,0.3,0.2,-0.5,0.3,-0.603111674903827,0.475066890633839,-1.47140290929634,0.333575338127132,0,0,0,"no"
-0.6,-0.1,0,0.3,0.2,-0.5,0.6,-0.605022864193974,0.704675870343462,-1.92433315294612,0.735017344316699,0,0.99,0,"no"
-0.6,-0.1,0,0.3,0.2,-0.5,0.9,-0.606934053484122,0.973016105572481,-2.45600787815048,1.23175531400335,0,1,0,"no"
-0.6,-0.1,0,0.3,0.2,-0.5,1,-0.607571116580838,1.06615452275617,-2.63997043081437,1.40656758424398,0,1,0,"no"
-0.6,-0.1,0,0.3,0.2,0,0.3,-0.603111674903827,0.474252559378369,-1.50081453582548,0.302756101917536,0,0,0,"no"
-0.6,-0.1,0,0.3,0.2,0,0.6,-0.605022864193974,0.703867398820247,-1.94053313640463,0.716208585696942,0,1,0,"no"
-0.6,-0.1,0,0.3,0.2,0,0.9,-0.606934053484122,0.972256908986531,-2.46081405764215,1.22066609342408,0,1,0,"no"
-0.6,-0.1,0,0.3,0.2,0,1,-0.607571116580838,1.06541007883009,-2.64027387587265,1.39961261506504,0,1,0,"no"
-0.6,-0.1,0,0.3,0.2,0.5,0.3,-0.603111674903827,0.47273912425937,-1.5370935059594,0.278536355443011,0,0,0,"no"
-0.6,-0.1,0,0.3,0.2,0.5,0.6,-0.605022864193974,0.702956364328969,-1.97048374680257,0.701244248373219,0,0.99,0,"no"
-0.6,-0.1,0,0.3,0.2,0.5,0.9,-0.606934053484122,0.971663020644551,-2.48209534725942,1.21543351601658,0,1,0,"no"
-0.6,-0.1,0,0.3,0.2,0.5,1,-0.607571116580838,1.06488699771227,-2.65764221403262,1.39615619665971,0,1,0,"no"
-0.6,-0.1,0,0.3,0.3,-0.5,0.3,-0.603111674903827,0.523684940583776,-1.57116609437724,0.439102924556136,0,0.03,0,"no"
-0.6,-0.1,0,0.3,0.3,-0.5,0.6,-0.605022864193974,0.737959971291526,-1.99078016523024,0.80493604909808,0,1,0,"no"
-0.6,-0.1,0,0.3,0.3,-0.5,0.9,-0.606934053484122,0.997091301164497,-2.50452097992435,1.27487491280687,0,1,0,"no"
-0.6,-0.1,0,0.3,0.3,-0.5,1,-0.607571116580838,1.08807758905447,-2.68043754945803,1.44471851908867,0,1,0,"no"
-0.6,-0.1,0,0.3,0.3,0,0.3,-0.603111674903827,0.522259276716504,-1.6014125689331,0.399261212832526,0,0.03,0,"no"
-0.6,-0.1,0,0.3,0.3,0,0.6,-0.605022864193974,0.736568751683244,-2.00644116648506,0.779478574058,0,1,0,"no"
-0.6,-0.1,0,0.3,0.3,0,0.9,-0.606934053484122,0.995804678147983,-2.50730110672573,1.27028172067192,0,1,0,"no"
-0.6,-0.1,0,0.3,0.3,0,1,-0.607571116580838,1.08682246879361,-2.68465671081,1.44275397122758,0,1,0,"no"
-0.6,-0.1,0,0.3,0.3,0.5,0.3,-0.603111674903827,0.519000780759886,-1.6230715579683,0.374352928860147,0,0.02,0,"no"
-0.6,-0.1,0,0.3,0.3,0.5,0.6,-0.605022864193974,0.734443199224405,-2.03227279461911,0.771796811954193,0,1,0,"no"
-0.6,-0.1,0,0.3,0.3,0.5,0.9,-0.606934053484122,0.994338815537554,-2.52961314413828,1.25921556877758,0,1,0,"no"
-0.6,-0.1,0,0.3,0.3,0.5,1,-0.607571116580838,1.0855090500545,-2.70095295833246,1.43172505080735,0,1,0,"no"
-0.6,0,0,0.1,0.1,-0.5,0.3,-0.602311351161374,0.330227712932657,-1.23408678942655,0.0185406390899361,0,0,0,"no"
-0.6,0,0,0.1,0.1,-0.5,0.6,-0.604222540451522,0.614916170294206,-1.78288177003641,0.558209638510496,0,0.58,0,"no"
-0.6,0,0,0.1,0.1,-0.5,0.9,-0.606133729741669,0.909178783149714,-2.35462787630908,1.11255299471957,0,1,0,"no"
-0.6,0,0,0.1,0.1,-0.5,1,-0.606770792838385,1.00795417505795,-2.54505929891391,1.3012084177886,0,1,0,"no"
-0.6,0,0,0.1,0.1,0,0.3,-0.602311351161374,0.329823142240748,-1.23206156625234,0.0205348179054806,0,0,0,"no"
-0.6,0,0,0.1,0.1,0,0.6,-0.604222540451522,0.614567108094264,-1.7812374742532,0.559432035427797,0,0.56,0,"no"
-0.6,0,0,0.1,0.1,0,0.9,-0.606133729741669,0.908854493863011,-2.34651937626877,1.11919015470935,0,1,0,"no"
-0.6,0,0,0.1,0.1,0,1,-0.606770792838385,1.00763515447771,-2.53634513858551,1.30800719462463,0,1,0,"no"
-0.6,0,0,0.1,0.1,0.5,0.3,-0.602311351161374,0.329324634766048,-1.23307119716381,0.0180314266120611,0,0,0,"no"
-0.6,0,0,0.1,0.1,0.5,0.6,-0.604222540451522,0.614349817077154,-1.77661159812595,0.562738776299252,0,0.54,0,"no"
-0.6,0,0,0.1,0.1,0.5,0.9,-0.606133729741669,0.908739041707212,-2.3399736050825,1.12669336421907,0,1,0,"no"
-0.6,0,0,0.1,0.1,0.5,1,-0.606770792838385,1.00754036873734,-2.52985979533503,1.31382704195213,0,1,0,"no"
-0.6,0,0,0.1,0.2,-0.5,0.3,-0.602311351161374,0.371616581686334,-1.3183919239464,0.104232639735017,0,0,0,"no"
-0.6,0,0,0.1,0.2,-0.5,0.6,-0.604222540451522,0.637648058715122,-1.83141692983544,0.598793228200928,0,0.79,0,"no"
-0.6,0,0,0.1,0.2,-0.5,0.9,-0.606133729741669,0.924364474708045,-2.37789066610497,1.14040153647498,0,1,0,"no"
-0.6,0,0,0.1,0.2,-0.5,1,-0.606770792838385,1.02156850194713,-2.56460791734066,1.32578979754589,0,1,0,"no"
-0.6,0,0,0.1,0.2,0,0.3,-0.602311351161374,0.370597983324334,-1.32271261235275,0.10706070105159,0,0,0,"no"
-0.6,0,0,0.1,0.2,0,0.6,-0.604222540451522,0.636791354958782,-1.82434249730373,0.611036157891785,0,0.8,0,"no"
-0.6,0,0,0.1,0.2,0,0.9,-0.606133729741669,0.923600040633006,-2.37069359428905,1.14437382770354,0,1,0,"no"
-0.6,0,0,0.1,0.2,0,1,-0.606770792838385,1.02082468108697,-2.55747126930259,1.32686511850875,0,1,0,"no"
-0.6,0,0,0.1,0.2,0.5,0.3,-0.602311351161374,0.368618135210722,-1.31789192938658,0.108757087203059,0,0,0,"no"
-0.6,0,0,0.1,0.2,0.5,0.6,-0.604222540451522,0.635754277561713,-1.82146756119115,0.608697293965031,0,0.74,0,"no"
-0.6,0,0,0.1,0.2,0.5,0.9,-0.606133729741669,0.922950953518141,-2.37253068934488,1.15501140908202,0,1,0,"no"
-0.6,0,0,0.1,0.2,0.5,1,-0.606770792838385,1.02025651681864,-2.55841708983789,1.34098099967556,0,1,0,"no"
-0.6,0,0,0.1,0.3,-0.5,0.3,-0.602311351161374,0.432193301564858,-1.43779858976019,0.228751652902478,0,0,0,"no"
-0.6,0,0,0.1,0.3,-0.5,0.6,-0.604222540451522,0.674422747742993,-1.90862607736898,0.669658169515053,0,0.91,0,"no"
-0.6,0,0,0.1,0.3,-0.5,0.9,-0.606133729741669,0.949802466231118,-2.44070595466609,1.18830334476432,0,1,0,"no"
-0.6,0,0,0.1,0.3,-0.5,1,-0.606770792838385,1.04454464508692,-2.62416381753343,1.36881305524302,0,1,0,"no"
-0.6,0,0,0.1,0.3,0,0.3,-0.602311351161374,0.430523617690314,-1.4491441474518,0.228123237035714,0,0,0,"no"
-0.6,0,0,0.1,0.3,0,0.6,-0.604222540451522,0.672952597421336,-1.90674365346588,0.681308195019561,0,0.92,0,"no"
-0.6,0,0,0.1,0.3,0,0.9,-0.606133729741669,0.948501281735048,-2.42688152784899,1.20284806491473,0,1,0,"no"
-0.6,0,0,0.1,0.3,0,1,-0.606770792838385,1.04328476209957,-2.60637608677912,1.37759162423113,0,1,0,"no"
-0.6,0,0,0.1,0.3,0.5,0.3,-0.602311351161374,0.426522074922465,-1.4342407819581,0.222287565235776,0,0,0,"no"
-0.6,0,0,0.1,0.3,0.5,0.6,-0.604222540451522,0.67058867046727,-1.89148376106775,0.68389304352213,0,0.91,0,"no"
-0.6,0,0,0.1,0.3,0.5,0.9,-0.606133729741669,0.946930336778494,-2.4182964839936,1.20456672270186,0,1,0,"no"
-0.6,0,0,0.1,0.3,0.5,1,-0.606770792838385,1.04188632812072,-2.60164473746395,1.38397201204217,0,1,0,"no"
-0.6,0,0,0.2,0.1,-0.5,0.3,-0.6027115130326,0.371541450118645,-1.30483541127586,0.0979488789984343,0,0,0,"no"
-0.6,0,0,0.2,0.1,-0.5,0.6,-0.604622702322748,0.638545394605872,-1.82261571820549,0.599591337708204,0,0.78,0,"no"
-0.6,0,0,0.2,0.1,-0.5,0.9,-0.606533891612896,0.925643910694917,-2.38422506483126,1.14523601876394,0,1,0,"no"
-0.6,0,0,0.2,0.1,-0.5,1,-0.607170954709611,1.02292586406678,-2.57187743081551,1.3272373284461,0,1,0,"no"
-0.6,0,0,0.2,0.1,0,0.3,-0.6027115130326,0.371200262494989,-1.30213684870602,0.0925932018429349,0,0,0,"no"
-0.6,0,0,0.2,0.1,0,0.6,-0.604622702322748,0.638216689964993,-1.82301138300405,0.598797847497317,0,0.79,0,"no"
-0.6,0,0,0.2,0.1,0,0.9,-0.606533891612896,0.92532968696118,-2.38043979062385,1.14494928022671,0,1,0,"no"
-0.6,0,0,0.2,0.1,0,1,-0.607170954709611,1.02261526419534,-2.56793546270362,1.32737762139392,0,1,0,"no"
-0.6,0,0,0.2,0.1,0.5,0.3,-0.6027115130326,0.370753544978671,-1.30820556008365,0.0967633495906742,0,0,0,"no"
-0.6,0,0,0.2,0.1,0.5,0.6,-0.604622702322748,0.638011501201463,-1.82108513302652,0.595106281906107,0,0.8,0,"no"
-0.6,0,0,0.2,0.1,0.5,0.9,-0.606533891612896,0.925220283681688,-2.37610863796616,1.14505990184148,0,1,0,"no"
-0.6,0,0,0.2,0.1,0.5,1,-0.607170954709611,1.02252565522196,-2.56322254349978,1.33103074393169,0,1,0,"no"
-0.6,0,0,0.2,0.2,-0.5,0.3,-0.6027115130326,0.408799765012117,-1.38089986877019,0.177543492537768,0,0,0,"no"
-0.6,0,0,0.2,0.2,-0.5,0.6,-0.604622702322748,0.660455425865313,-1.86817357885311,0.637081278179872,0,0.92,0,"no"
-0.6,0,0,0.2,0.2,-0.5,0.9,-0.606533891612896,0.940554539399532,-2.40772007875202,1.16613307750545,0,1,0,"no"
-0.6,0,0,0.2,0.2,-0.5,1,-0.607170954709611,1.03633482791374,-2.59248988401954,1.34926170634285,0,1,0,"no"
-0.6,0,0,0.2,0.2,0,0.3,-0.6027115130326,0.407919667048364,-1.38018295756842,0.175801046109874,0,0,0,"no"
-0.6,0,0,0.2,0.2,0,0.6,-0.604622702322748,0.659646284481495,-1.86412313250468,0.641069635810961,0,0.89,0,"no"
-0.6,0,0,0.2,0.2,0,0.9,-0.606533891612896,0.939812822156238,-2.40554890754832,1.16958532701007,0,1,0,"no"
-0.6,0,0,0.2,0.2,0,1,-0.607170954709611,1.03560978448567,-2.59069995753538,1.35226287098761,0,1,0,"no"
-0.6,0,0,0.2,0.2,0.5,0.3,-0.6027115130326,0.406104746682511,-1.38298585042774,0.182562612538877,0,0,0,"no"
-0.6,0,0,0.2,0.2,0.5,0.6,-0.604622702322748,0.658649269532096,-1.86614239432762,0.636062853224122,0,0.89,0,"no"
-0.6,0,0,0.2,0.2,0.5,0.9,-0.606533891612896,0.939181344986783,-2.4016598293989,1.1662703486701,0,1,0,"no"
-0.6,0,0,0.2,0.2,0.5,1,-0.607170954709611,1.03505610582721,-2.58460168777587,1.3511770764341,0,1,0,"no"
-0.6,0,0,0.2,0.3,-0.5,0.3,-0.6027115130326,0.464610090940428,-1.49703186488191,0.294278990992581,0,0,0,"no"
-0.6,0,0,0.2,0.3,-0.5,0.6,-0.604622702322748,0.69602222490399,-1.94072499474787,0.709501745206021,0,0.98,0,"no"
-0.6,0,0,0.2,0.3,-0.5,0.9,-0.606533891612896,0.965557372034763,-2.45983644486018,1.21239237388788,0,1,0,"no"
-0.6,0,0,0.2,0.3,-0.5,1,-0.607170954709611,1.0589820703853,-2.64111144820701,1.38720335092841,0,1,0,"no"
-0.6,0,0,0.2,0.3,0,0.3,-0.6027115130326,0.463118908614384,-1.50546085205682,0.286769117996311,0,0,0,"no"
-0.6,0,0,0.2,0.3,0,0.6,-0.604622702322748,0.694626416430777,-1.94118659013042,0.715117358241262,0,0.96,0,"no"
-0.6,0,0,0.2,0.3,0,0.9,-0.606533891612896,0.964292677604656,-2.45303782024802,1.23138402068086,0,1,0,"no"
-0.6,0,0,0.2,0.3,0,1,-0.607170954709611,1.0577523187598,-2.62957256572722,1.4027368746262,0,1,0,"no"
-0.6,0,0,0.2,0.3,0.5,0.3,-0.6027115130326,0.459374617501966,-1.49217745970346,0.286822770711639,0,0,0,"no"
-0.6,0,0,0.2,0.3,0.5,0.6,-0.604622702322748,0.692338268880102,-1.94380722460355,0.72050416370511,0,0.98,0,"no"
-0.6,0,0,0.2,0.3,0.5,0.9,-0.606533891612896,0.962754965058457,-2.45091615782044,1.22196588432813,0,1,0,"no"
-0.6,0,0,0.2,0.3,0.5,1,-0.607170954709611,1.05638089600857,-2.63124237733873,1.39704031219968,0,1,0,"no"
-0.6,0,0,0.3,0.1,-0.5,0.3,-0.603111674903827,0.431137683272847,-1.41286796521839,0.218378199504803,0,0,0,"no"
-0.6,0,0,0.3,0.1,-0.5,0.6,-0.605022864193974,0.675488487782358,-1.88602685153522,0.666540515600185,0,0.96,0,"no"
-0.6,0,0,0.3,0.1,-0.5,0.9,-0.606934053484122,0.951835007779825,-2.42558329797694,1.19503619074799,0,1,0,"no"
-0.6,0,0,0.3,0.1,-0.5,1,-0.607571116580838,1.04678202458678,-2.61222129958812,1.3749783459246,0,1,0,"no"
-0.6,0,0,0.3,0.1,0,0.3,-0.603111674903827,0.430855928228265,-1.41486632405474,0.212722160111537,0,0,0,"no"
-0.6,0,0,0.3,0.1,0,0.6,-0.605022864193974,0.675185185562906,-1.88205817478343,0.657534145059496,0,0.96,0,"no"
-0.6,0,0,0.3,0.1,0,0.9,-0.606934053484122,0.951534038617515,-2.42623296968088,1.18833219777408,0,1,0,"no"
-0.6,0,0,0.3,0.1,0,1,-0.607571116580838,1.04648254958495,-2.61174615083859,1.36856063813106,0,1,0,"no"
-0.6,0,0,0.3,0.1,0.5,0.3,-0.603111674903827,0.430463339355793,-1.42138325333788,0.217218527921302,0,0,0,"no"
-0.6,0,0,0.3,0.1,0.5,0.6,-0.605022864193974,0.674992704630635,-1.88683136988412,0.658206121479151,0,0.97,0,"no"
-0.6,0,0,0.3,0.1,0.5,0.9,-0.606934053484122,0.951430628050633,-2.42782699885054,1.18553030468327,0,1,0,"no"
-0.6,0,0,0.3,0.1,0.5,1,-0.607571116580838,1.04639800900472,-2.61300634590583,1.36467817777657,0,1,0,"no"
-0.6,0,0,0.3,0.2,-0.5,0.3,-0.603111674903827,0.463686080195707,-1.47745306911648,0.285980197070886,0,0,0,"no"
-0.6,0,0,0.3,0.2,-0.5,0.6,-0.605022864193974,0.696236890881591,-1.92849142946184,0.698758791761024,0,0.98,0,"no"
-0.6,0,0,0.3,0.2,-0.5,0.9,-0.606934053484122,0.966335586807513,-2.45011691388972,1.2104843114196,0,1,0,"no"
-0.6,0,0,0.3,0.2,-0.5,1,-0.607571116580838,1.05988297652606,-2.63460686991137,1.38913761628722,0,1,0,"no"
-0.6,0,0,0.3,0.2,0,0.3,-0.603111674903827,0.46294751123493,-1.48243458689242,0.280626644236568,0,0,0,"no"
-0.6,0,0,0.3,0.2,0,0.6,-0.605022864193974,0.695489295070168,-1.92237002368866,0.695779326742456,0,0.98,0,"no"
-0.6,0,0,0.3,0.2,0,0.9,-0.606934053484122,0.965624796687006,-2.44705097138225,1.21156921923313,0,1,0,"no"
-0.6,0,0,0.3,0.2,0,1,-0.607571116580838,1.05918356321733,-2.63256513043523,1.3899503932153,0,1,0,"no"
-0.6,0,0,0.3,0.2,0.5,0.3,-0.603111674903827,0.461324820822496,-1.48466214629392,0.286337198685759,0,0,0,"no"
-0.6,0,0,0.3,0.2,0.5,0.6,-0.605022864193974,0.694541850949498,-1.93058844471306,0.701662161907071,0,0.98,0,"no"
-0.6,0,0,0.3,0.2,0.5,0.9,-0.606934053484122,0.965014022500106,-2.44734850266583,1.20549669186611,0,1,0,"no"
-0.6,0,0,0.3,0.2,0.5,1,-0.607571116580838,1.05864658631895,-2.62886912863082,1.38412973114006,0,1,0,"no"
-0.6,0,0,0.3,0.3,-0.5,0.3,-0.603111674903827,0.513652751580955,-1.58389505672172,0.38651859796731,0,0.03,0,"no"
-0.6,0,0,0.3,0.3,-0.5,0.6,-0.605022864193974,0.730069582044035,-1.99428509858483,0.773675381763934,0,1,0,"no"
-0.6,0,0,0.3,0.3,-0.5,0.9,-0.606934053484122,0.99068313879797,-2.50226036827966,1.25562191726981,0,1,0,"no"
-0.6,0,0,0.3,0.3,-0.5,1,-0.607571116580838,1.08203179595134,-2.67803898929686,1.42571535639545,0,1,0,"no"
-0.6,0,0,0.3,0.3,0,0.3,-0.603111674903827,0.512363439427604,-1.59143137026583,0.379446454053676,0,0.01,0,"no"
-0.6,0,0,0.3,0.3,0,0.6,-0.605022864193974,0.728773166474737,-1.98898662587754,0.775012423034071,0,1,0,"no"
-0.6,0,0,0.3,0.3,0,0.9,-0.606934053484122,0.989469426722243,-2.49618469875702,1.26160445371644,0,1,0,"no"
-0.6,0,0,0.3,0.3,0,1,-0.607571116580838,1.08084423497893,-2.67185866881564,1.43174402088965,0,1,0,"no"
-0.6,0,0,0.3,0.3,0.5,0.3,-0.603111674903827,0.508943731250329,-1.58176727565378,0.382852194512108,0,0.02,0,"no"
-0.6,0,0,0.3,0.3,0.5,0.6,-0.605022864193974,0.726585002942832,-2.00132471746107,0.780092401581704,0,1,0,"no"
-0.6,0,0,0.3,0.3,0.5,0.9,-0.606934053484122,0.987973904298143,-2.49921359149143,1.25409427983618,0,1,0,"no"
-0.6,0,0,0.3,0.3,0.5,1,-0.607571116580838,1.0795064984875,-2.67378181066229,1.42523712047697,0,1,0,"no"
-0.6,0.1,0,0.1,0.1,-0.5,0.3,-0.602311351161374,0.343615982179202,-1.27514912324497,0.0421863551682621,0,0,0,"no"
-0.6,0.1,0,0.1,0.1,-0.5,0.6,-0.604222540451522,0.621301418705387,-1.80721615685424,0.570694627499242,0,0.65,0,"no"
-0.6,0.1,0,0.1,0.1,-0.5,0.9,-0.606133729741669,0.912889484181106,-2.36538076430782,1.12168803364289,0,1,0,"no"
-0.6,0.1,0,0.1,0.1,-0.5,1,-0.606770792838385,1.01111573959392,-2.55405034921288,1.30864719199406,0,1,0,"no"
-0.6,0.1,0,0.1,0.1,0,0.3,-0.602311351161374,0.343299164215675,-1.26732736914503,0.0519079164785231,0,0,0,"no"
-0.6,0.1,0,0.1,0.1,0,0.6,-0.604222540451522,0.620999904217036,-1.80042686419944,0.574764680540162,0,0.64,0,"no"
-0.6,0.1,0,0.1,0.1,0,0.9,-0.606133729741669,0.912597062856894,-2.36161581261024,1.12794629634361,0,1,0,"no"
-0.6,0.1,0,0.1,0.1,0,1,-0.606770792838385,1.01082538946706,-2.55038753736422,1.31534942466293,0,1,0,"no"
-0.6,0.1,0,0.1,0.1,0.5,0.3,-0.602311351161374,0.342806266683811,-1.25291639382466,0.0648535992883888,0,0,0,"no"
-0.6,0.1,0,0.1,0.1,0.5,0.6,-0.604222540451522,0.620779242469822,-1.79257775217636,0.578363645284218,0,0.61,0,"no"
-0.6,0.1,0,0.1,0.1,0.5,0.9,-0.606133729741669,0.912478424191144,-2.35546024981391,1.13330393269303,0,1,0,"no"
-0.6,0.1,0,0.1,0.1,0.5,1,-0.606770792838385,1.01072760293777,-2.54384375974402,1.32095229411597,0,1,0,"no"
-0.6,0.1,0,0.1,0.2,-0.5,0.3,-0.602311351161374,0.383792386031181,-1.35848560684359,0.120268802206933,0,0,0,"no"
-0.6,0.1,0,0.1,0.2,-0.5,0.6,-0.604222540451522,0.643951207169453,-1.85192331555354,0.618162456897425,0,0.82,0,"no"
-0.6,0.1,0,0.1,0.2,-0.5,0.9,-0.606133729741669,0.928114953738249,-2.39746650273938,1.15074348122765,0,1,0,"no"
-0.6,0.1,0,0.1,0.2,-0.5,1,-0.606770792838385,1.02477916609952,-2.58433551281088,1.33175861131837,0,1,0,"no"
-0.6,0.1,0,0.1,0.2,0,0.3,-0.602311351161374,0.38294498114854,-1.34599190096896,0.130820303936706,0,0,0,"no"
-0.6,0.1,0,0.1,0.2,0,0.6,-0.604222540451522,0.643188173276542,-1.84625897913618,0.616181249658213,0,0.81,0,"no"
-0.6,0.1,0,0.1,0.2,0,0.9,-0.606133729741669,0.92741340445067,-2.38678534064442,1.1546189481329,0,1,0,"no"
-0.6,0.1,0,0.1,0.2,0,1,-0.606770792838385,1.02409194761891,-2.57426693988331,1.33914404894236,0,1,0,"no"
-0.6,0.1,0,0.1,0.2,0.5,0.3,-0.602311351161374,0.381000100581184,-1.33036766371145,0.13675340733405,0,0,0,"no"
-0.6,0.1,0,0.1,0.2,0.5,0.6,-0.604222540451522,0.642149209538832,-1.82848804747539,0.62394314032111,0,0.79,0,"no"
-0.6,0.1,0,0.1,0.2,0.5,0.9,-0.606133729741669,0.926759398908224,-2.37736740960173,1.16627935301197,0,1,0,"no"
-0.6,0.1,0,0.1,0.2,0.5,1,-0.606770792838385,1.02351882127328,-2.56702782056691,1.35019114110657,0,1,0,"no"
-0.6,0.1,0,0.1,0.3,-0.5,0.3,-0.602311351161374,0.442933641878245,-1.47835080158747,0.232902372927297,0,0,0,"no"
-0.6,0.1,0,0.1,0.3,-0.5,0.6,-0.604222540451522,0.680528458838879,-1.92549349550758,0.685107478845897,0,0.95,0,"no"
-0.6,0.1,0,0.1,0.3,-0.5,0.9,-0.606133729741669,0.95355407734521,-2.45096078614281,1.20348372887879,0,1,0,"no"
-0.6,0.1,0,0.1,0.3,-0.5,1,-0.606770792838385,1.04777677343111,-2.6278241889958,1.37853831758201,0,1,0,"no"
-0.6,0.1,0,0.1,0.3,0,0.3,-0.602311351161374,0.44151053944885,-1.46504905245707,0.244174041226506,0,0,0,"no"
-0.6,0.1,0,0.1,0.3,0,0.6,-0.604222540451522,0.679197399610263,-1.92028423633379,0.692963610965735,0,0.95,0,"no"
-0.6,0.1,0,0.1,0.3,0,0.9,-0.606133729741669,0.952346480221403,-2.44365380270367,1.2044339079312,0,1,0,"no"
-0.6,0.1,0,0.1,0.3,0,1,-0.606770792838385,1.04660112914273,-2.62360135535504,1.38221251442012,0,1,0,"no"
-0.6,0.1,0,0.1,0.3,0.5,0.3,-0.602311351161374,0.43756797098229,-1.44163100878535,0.254598754480764,0,0,0,"no"
-0.6,0.1,0,0.1,0.3,0.5,0.6,-0.604222540451522,0.676834852508856,-1.90776470033914,0.697168094067688,0,0.96,0,"no"
-0.6,0.1,0,0.1,0.3,0.5,0.9,-0.606133729741669,0.950769586617819,-2.41888924609519,1.2158020416944,0,1,0,"no"
-0.6,0.1,0,0.1,0.3,0.5,1,-0.606770792838385,1.0451962829357,-2.59982856349203,1.39663964046701,0,1,0,"no"
-0.6,0.1,0,0.2,0.1,-0.5,0.3,-0.6027115130326,0.38351835137463,-1.34875711890471,0.105703387159364,0,0,0,"no"
-0.6,0.1,0,0.2,0.1,-0.5,0.6,-0.604622702322748,0.644706193982911,-1.84401111743001,0.609961846424201,0,0.85,0,"no"
-0.6,0.1,0,0.2,0.1,-0.5,0.9,-0.606533891612896,0.929295445467254,-2.39589566587665,1.15348680849039,0,1,0,"no"
-0.6,0.1,0,0.2,0.1,-0.5,1,-0.607170954709611,1.02604735062453,-2.58183097442787,1.33539678486755,0,1,0,"no"
-0.6,0.1,0,0.2,0.1,0,0.3,-0.6027115130326,0.383237937788017,-1.33173939355521,0.128470225538133,0,0,0,"no"
-0.6,0.1,0,0.2,0.1,0,0.6,-0.604622702322748,0.64441992968142,-1.83521750196923,0.611344359334472,0,0.85,0,"no"
-0.6,0.1,0,0.2,0.1,0,0.9,-0.606533891612896,0.929011452334501,-2.39179716392757,1.15508600075558,0,1,0,"no"
-0.6,0.1,0,0.2,0.1,0,1,-0.607170954709611,1.02576421259068,-2.57827585586358,1.33733110533479,0,1,0,"no"
-0.6,0.1,0,0.2,0.1,0.5,0.3,-0.6027115130326,0.382780216720376,-1.31745137506476,0.148378000509159,0,0,0,"no"
-0.6,0.1,0,0.2,0.1,0.5,0.6,-0.604622702322748,0.644208719627509,-1.82978199851914,0.62044713837839,0,0.85,0,"no"
-0.6,0.1,0,0.2,0.1,0.5,0.9,-0.606533891612896,0.928898074071954,-2.38667979127678,1.15479638544776,0,1,0,"no"
-0.6,0.1,0,0.2,0.1,0.5,1,-0.607170954709611,1.02567103397302,-2.57357074003511,1.3391035419009,0,1,0,"no"
-0.6,0.1,0,0.2,0.2,-0.5,0.3,-0.6027115130326,0.419926440585596,-1.42986618472475,0.176025675437888,0,0,0,"no"
-0.6,0.1,0,0.2,0.2,-0.5,0.6,-0.604622702322748,0.666552619823494,-1.89070148736045,0.653131378741998,0,0.92,0,"no"
-0.6,0.1,0,0.2,0.2,-0.5,0.9,-0.606533891612896,0.944247144184924,-2.42346819600105,1.18039808708124,0,1,0,"no"
-0.6,0.1,0,0.2,0.2,-0.5,1,-0.607170954709611,1.03950577783858,-2.60782800439036,1.360497108743,0,1,0,"no"
-0.6,0.1,0,0.2,0.2,0,0.3,-0.6027115130326,0.419171939393614,-1.41107591956436,0.197686631425244,0,0,0,"no"
-0.6,0.1,0,0.2,0.2,0,0.6,-0.604622702322748,0.665827415295939,-1.88226499798739,0.659082553975393,0,0.93,0,"no"
-0.6,0.1,0,0.2,0.2,0,0.9,-0.606533891612896,0.943565111716714,-2.41372038932,1.17678885898679,0,1,0,"no"
-0.6,0.1,0,0.2,0.2,0,1,-0.607170954709611,1.03883496687334,-2.59874086801177,1.35620345280652,0,1,0,"no"
-0.6,0.1,0,0.2,0.2,0.5,0.3,-0.6027115130326,0.417359525004815,-1.38982651287355,0.22156773721742,0,0,0,"no"
-0.6,0.1,0,0.2,0.2,0.5,0.6,-0.604622702322748,0.664823068174119,-1.86684994412022,0.670830231915288,0,0.94,0,"no"
-0.6,0.1,0,0.2,0.2,0.5,0.9,-0.606533891612896,0.942927108724212,-2.40587829602435,1.18315977731338,0,1,0,"no"
-0.6,0.1,0,0.2,0.2,0.5,1,-0.607170954709611,1.03827517058514,-2.59002810533826,1.36169566910307,0,1,0,"no"
-0.6,0.1,0,0.2,0.3,-0.5,0.3,-0.6027115130326,0.474636597429563,-1.54549051688,0.285641557599574,0,0,0,"no"
-0.6,0.1,0,0.2,0.3,-0.5,0.6,-0.604622702322748,0.701948901843182,-1.95873297227375,0.712647100301427,0,0.99,0,"no"
-0.6,0.1,0,0.2,0.3,-0.5,0.9,-0.606533891612896,0.969254021258275,-2.4764707134592,1.22819429715459,0,1,0,"no"
-0.6,0.1,0,0.2,0.3,-0.5,1,-0.607170954709611,1.06217580568439,-2.65015694861432,1.40115659530173,0,1,0,"no"
-0.6,0.1,0,0.2,0.3,0,0.3,-0.6027115130326,0.473339448608762,-1.52295459440445,0.304717592131809,0,0,0,"no"
-0.6,0.1,0,0.2,0.3,0,0.6,-0.604622702322748,0.700678724118054,-1.95823609077837,0.733067573461517,0,0.98,0,"no"
-0.6,0.1,0,0.2,0.3,0,0.9,-0.606533891612896,0.968078262121893,-2.46989977079278,1.23085900568718,0,1,0,"no"
-0.6,0.1,0,0.2,0.3,0,1,-0.607170954709611,1.06102682326612,-2.6473901775329,1.40730836193286,0,1,0,"no"
-0.6,0.1,0,0.2,0.3,0.5,0.3,-0.6027115130326,0.469615787087111,-1.49645161646491,0.324884249317726,0,0,0,"no"
-0.6,0.1,0,0.2,0.3,0.5,0.6,-0.604622702322748,0.698384095407699,-1.94417887227696,0.742872030213984,0,0.98,0,"no"
-0.6,0.1,0,0.2,0.3,0.5,0.9,-0.606533891612896,0.966532185676185,-2.45081325586366,1.23978165420211,0,1,0,"no"
-0.6,0.1,0,0.2,0.3,0.5,1,-0.607170954709611,1.05964724532724,-2.62625887960411,1.41431330149242,0,1,0,"no"
-0.6,0.1,0,0.3,0.1,-0.5,0.3,-0.603111674903827,0.441525435983883,-1.45325892287942,0.218477762804729,0,0,0,"no"
-0.6,0.1,0,0.3,0.1,-0.5,0.6,-0.605022864193974,0.681322062326019,-1.90879375602797,0.667134061304369,0,0.98,0,"no"
-0.6,0.1,0,0.3,0.1,-0.5,0.9,-0.606934053484122,0.95539109087383,-2.43696219348119,1.19628799819109,0,1,0,"no"
-0.6,0.1,0,0.3,0.1,-0.5,1,-0.607571116580838,1.04983696384722,-2.62255743298544,1.37772273339115,0,1,0,"no"
-0.6,0.1,0,0.3,0.1,0,0.3,-0.603111674903827,0.44128151291356,-1.43622470205849,0.242589512649032,0,0,0,"no"
-0.6,0.1,0,0.3,0.1,0,0.6,-0.605022864193974,0.681054529509136,-1.89472346580799,0.67476463475568,0,0.99,0,"no"
-0.6,0.1,0,0.3,0.1,0,0.9,-0.606934053484122,0.955117963643205,-2.43019830523573,1.19649474214524,0,1,0,"no"
-0.6,0.1,0,0.3,0.1,0,1,-0.607571116580838,1.04956315786209,-2.61669044134954,1.3775654977745,0,1,0,"no"
-0.6,0.1,0,0.3,0.1,0.5,0.3,-0.603111674903827,0.440865024743954,-1.41876811997071,0.263470987488083,0,0,0,"no"
-0.6,0.1,0,0.3,0.1,0.5,0.6,-0.605022864193974,0.680852652510347,-1.88963599489898,0.685250301713078,0,0.99,0,"no"
-0.6,0.1,0,0.3,0.1,0.5,0.9,-0.606934053484122,0.955009404701111,-2.42889853791836,1.1996165856988,0,1,0,"no"
-0.6,0.1,0,0.3,0.1,0.5,1,-0.607571116580838,1.04947417582786,-2.613969219107,1.37956816361239,0,1,0,"no"
-0.6,0.1,0,0.3,0.2,-0.5,0.3,-0.603111674903827,0.473551879423558,-1.53048555095873,0.276872892373113,0,0,0,"no"
-0.6,0.1,0,0.3,0.2,-0.5,0.6,-0.605022864193974,0.702031285256336,-1.95710354034616,0.704152637413711,0,0.99,0,"no"
-0.6,0.1,0,0.3,0.2,-0.5,0.9,-0.606934053484122,0.969934954041034,-2.46567500287449,1.21846144136466,0,1,0,"no"
-0.6,0.1,0,0.3,0.2,-0.5,1,-0.607571116580838,1.06298821546703,-2.64643872463923,1.39990500890836,0,1,0,"no"
-0.6,0.1,0,0.3,0.2,0,0.3,-0.603111674903827,0.47289691449465,-1.50280395883826,0.300866113799425,0,0,0,"no"
-0.6,0.1,0,0.3,0.2,0,0.6,-0.605022864193974,0.701354889226111,-1.93406917379985,0.717906217848685,0,0.99,0,"no"
-0.6,0.1,0,0.3,0.2,0,0.9,-0.606934053484122,0.969279187712246,-2.45225509781598,1.22037830294584,0,1,0,"no"
-0.6,0.1,0,0.3,0.2,0,1,-0.607571116580838,1.06233952394386,-2.63722960402163,1.39512958766972,0,1,0,"no"
-0.6,0.1,0,0.3,0.2,0.5,0.3,-0.603111674903827,0.471248636635301,-1.47818531168442,0.336102545897358,0,0,0,"no"
-0.6,0.1,0,0.3,0.2,0.5,0.6,-0.605022864193974,0.700393195003032,-1.9232521389441,0.733882193574767,0,0.99,0,"no"
-0.6,0.1,0,0.3,0.2,0.5,0.9,-0.606934053484122,0.968659510936011,-2.44783150014498,1.22800401471882,0,1,0,"no"
-0.6,0.1,0,0.3,0.2,0.5,1,-0.607571116580838,1.06179466806587,-2.6305115467237,1.40007630543041,0,1,0,"no"
-0.6,0.1,0,0.3,0.3,-0.5,0.3,-0.603111674903827,0.522760574871744,-1.6384050073927,0.370323825619158,0,0.03,0,"no"
-0.6,0.1,0,0.3,0.3,-0.5,0.6,-0.605022864193974,0.735729864070374,-2.01977427344282,0.769372128213562,0,1,0,"no"
-0.6,0.1,0,0.3,0.3,-0.5,0.9,-0.606934053484122,0.994291253906174,-2.51931839648876,1.26746484677856,0,1,0,"no"
-0.6,0.1,0,0.3,0.3,-0.5,1,-0.607571116580838,1.08516216976579,-2.69130630614869,1.43729509078027,0,1,0,"no"
-0.6,0.1,0,0.3,0.3,0,0.3,-0.603111674903827,0.521611572999218,-1.61038650066599,0.390616983998014,0,0.01,0,"no"
-0.6,0.1,0,0.3,0.3,0,0.6,-0.605022864193974,0.734541366633564,-2.01013469606284,0.793802367230987,0,1,0,"no"
-0.6,0.1,0,0.3,0.3,0,0.9,-0.606934053484122,0.993159732771874,-2.50590560693534,1.2759587402556,0,1,0,"no"
-0.6,0.1,0,0.3,0.3,0,1,-0.607571116580838,1.08405026378394,-2.67978677334936,1.44431172066414,0,1,0,"no"
-0.6,0.1,0,0.3,0.3,0.5,0.3,-0.603111674903827,0.51817564867287,-1.57864371536805,0.429327885055851,0,0.02,0,"no"
-0.6,0.1,0,0.3,0.3,0.5,0.6,-0.605022864193974,0.732336819047775,-1.99165618335098,0.812886267995616,0,1,0,"no"
-0.6,0.1,0,0.3,0.3,0.5,0.9,-0.606934053484122,0.991652337375706,-2.49043242854529,1.28393715384547,0,1,0,"no"
-0.6,0.1,0,0.3,0.3,0.5,1,-0.607571116580838,1.08270175963115,-2.66777996333292,1.4534926099002,0,1,0,"no"
-0.6,0.2,0,0.1,0.1,-0.5,0.3,-0.602311351161374,0.383438187259192,-1.36307037616065,0.115989451496861,0,0,0,"no"
-0.6,0.2,0,0.1,0.1,-0.5,0.6,-0.604222540451522,0.643301409137421,-1.85182384981049,0.617735089911107,0,0.82,0,"no"
-0.6,0.2,0,0.1,0.1,-0.5,0.9,-0.606133729741669,0.927391927687726,-2.3983173521293,1.15498399435722,0,1,0,"no"
-0.6,0.2,0,0.1,0.1,-0.5,1,-0.606770792838385,1.02404389298645,-2.58377164838843,1.33800906005424,0,1,0,"no"
-0.6,0.2,0,0.1,0.1,0,0.3,-0.602311351161374,0.383213404613638,-1.35083996969753,0.132461814792473,0,0,0,"no"
-0.6,0.2,0,0.1,0.1,0,0.6,-0.604222540451522,0.643052194856843,-1.84420743206417,0.623584172105533,0,0.81,0,"no"
-0.6,0.2,0,0.1,0.1,0,0.9,-0.606133729741669,0.927134375934981,-2.39243814870227,1.15817477237733,0,1,0,"no"
-0.6,0.2,0,0.1,0.1,0,1,-0.606770792838385,1.02378479857397,-2.57714289277402,1.34077134267655,0,1,0,"no"
-0.6,0.2,0,0.1,0.1,0.5,0.3,-0.602311351161374,0.382765341441134,-1.33370333830417,0.149751645211999,0,0,0,"no"
-0.6,0.2,0,0.1,0.1,0.5,0.6,-0.604222540451522,0.64283546224156,-1.83296669659955,0.628984898329428,0,0.81,0,"no"
-0.6,0.2,0,0.1,0.1,0.5,0.9,-0.606133729741669,0.927014941009768,-2.38480121509852,1.16159293211679,0,1,0,"no"
-0.6,0.2,0,0.1,0.1,0.5,1,-0.606770792838385,1.02368578736446,-2.57030470592204,1.34442499211198,0,1,0,"no"
-0.6,0.2,0,0.1,0.2,-0.5,0.3,-0.602311351161374,0.419930598533525,-1.44901745117422,0.182735412718196,0,0,0,"no"
-0.6,0.2,0,0.1,0.2,-0.5,0.6,-0.604222540451522,0.665313414741383,-1.90772480627639,0.65931873508114,0,0.89,0,"no"
-0.6,0.2,0,0.1,0.2,-0.5,0.9,-0.606133729741669,0.942471911817279,-2.435439521855,1.18450290385922,0,1,0,"no"
-0.6,0.2,0,0.1,0.2,-0.5,1,-0.606770792838385,1.03761935790952,-2.61796773374891,1.36254518674908,0,1,0,"no"
-0.6,0.2,0,0.1,0.2,0,0.3,-0.602311351161374,0.419255990783111,-1.42517364812765,0.198698011003872,0,0,0,"no"
-0.6,0.2,0,0.1,0.2,0,0.6,-0.604222540451522,0.664652832634893,-1.89675295376659,0.664081805169893,0,0.94,0,"no"
-0.6,0.2,0,0.1,0.2,0,0.9,-0.606133729741669,0.941839080527355,-2.42775763979317,1.18596281517127,0,1,0,"no"
-0.6,0.2,0,0.1,0.2,0,1,-0.606770792838385,1.03699379640191,-2.60945321193091,1.36809873222521,0,1,0,"no"
-0.6,0.2,0,0.1,0.2,0.5,0.3,-0.602311351161374,0.417472509925098,-1.39012263403036,0.22393061063852,0,0,0,"no"
-0.6,0.2,0,0.1,0.2,0.5,0.6,-0.604222540451522,0.663640418487469,-1.86875328794057,0.67550051861059,0,0.94,0,"no"
-0.6,0.2,0,0.1,0.2,0.5,0.9,-0.606133729741669,0.941189790730682,-2.41036753636286,1.19625934203754,0,1,0,"no"
-0.6,0.2,0,0.1,0.2,0.5,1,-0.606770792838385,1.03642288678469,-2.59599108091449,1.3767382195365,0,1,0,"no"
-0.6,0.2,0,0.1,0.3,-0.5,0.3,-0.602311351161374,0.474713078519583,-1.56024159412919,0.286110258605005,0,0,0,"no"
-0.6,0.2,0,0.1,0.3,-0.5,0.6,-0.604222540451522,0.700880241910079,-1.97976628105261,0.729593591042092,0,0.99,0,"no"
-0.6,0.2,0,0.1,0.3,-0.5,0.9,-0.606133729741669,0.967618782733875,-2.48450069398351,1.23521615045426,0,1,0,"no"
-0.6,0.2,0,0.1,0.3,-0.5,1,-0.606770792838385,1.06041805575069,-2.66289335344284,1.41083900186402,0,1,0,"no"
-0.6,0.2,0,0.1,0.3,0,0.3,-0.602311351161374,0.473523636494925,-1.53579856227308,0.308177943997758,0,0,0,"no"
-0.6,0.2,0,0.1,0.3,0,0.6,-0.604222540451522,0.699698708321719,-1.96443052846719,0.731399071656786,0,0.99,0,"no"
-0.6,0.2,0,0.1,0.3,0,0.9,-0.606133729741669,0.966512886036508,-2.47352327538633,1.23008381236138,0,1,0,"no"
-0.6,0.2,0,0.1,0.3,0,1,-0.606770792838385,1.05933380734621,-2.64943507996509,1.40813777618102,0,1,0,"no"
-0.6,0.2,0,0.1,0.3,0.5,0.3,-0.602311351161374,0.469841658391719,-1.49546975583905,0.338007015394014,0,0,0,"no"
-0.6,0.2,0,0.1,0.3,0.5,0.6,-0.604222540451522,0.697394665846961,-1.943151221649,0.739565035872621,0,0.98,0,"no"
-0.6,0.2,0,0.1,0.3,0.5,0.9,-0.606133729741669,0.964950782356081,-2.44905103125188,1.23900785765893,0,1,0,"no"
-0.6,0.2,0,0.1,0.3,0.5,1,-0.606770792838385,1.05793816658103,-2.62936810248175,1.41576143959838,0,1,0,"no"
-0.6,0.2,0,0.2,0.1,-0.5,0.3,-0.6027115130326,0.419629241734814,-1.43632607477278,0.175652999537815,0,0,0,"no"
-0.6,0.2,0,0.2,0.1,-0.5,0.6,-0.604622702322748,0.665951145030421,-1.89700819286865,0.65467240027335,0,0.95,0,"no"
-0.6,0.2,0,0.2,0.1,-0.5,0.9,-0.606533891612896,0.943555260490614,-2.42522519804594,1.18077308720054,0,1,0,"no"
-0.6,0.2,0,0.2,0.1,-0.5,1,-0.607170954709611,1.03879795111993,-2.61061385575529,1.36035445577853,0,1,0,"no"
-0.6,0.2,0,0.2,0.1,0,0.3,-0.6027115130326,0.41941695528238,-1.4139069405941,0.203708498440795,0,0,0,"no"
-0.6,0.2,0,0.2,0.1,0,0.6,-0.604622702322748,0.66571152558161,-1.88319973173471,0.666817623674193,0,0.95,0,"no"
-0.6,0.2,0,0.2,0.1,0,0.9,-0.606533891612896,0.943304234152831,-2.41908946635158,1.1869551455825,0,1,0,"no"
-0.6,0.2,0,0.2,0.1,0,1,-0.607170954709611,1.03854465714407,-2.60504593502932,1.36509932300358,0,1,0,"no"
-0.6,0.2,0,0.2,0.1,0.5,0.3,-0.6027115130326,0.418983976734082,-1.38551029155081,0.232534236924612,0,0,0,"no"
-0.6,0.2,0,0.2,0.1,0.5,0.6,-0.604622702322748,0.665500853102431,-1.8689088405143,0.67472005929731,0,0.96,0,"no"
-0.6,0.2,0,0.2,0.1,0.5,0.9,-0.606533891612896,0.943189010489513,-2.40977886444709,1.1922853595195,0,1,0,"no"
-0.6,0.2,0,0.2,0.1,0.5,1,-0.607170954709611,1.03844949032857,-2.59499617030952,1.37043732937276,0,1,0,"no"
-0.6,0.2,0,0.2,0.2,-0.5,0.3,-0.6027115130326,0.453255247527351,-1.52142021751885,0.226409519112336,0,0,0,"no"
-0.6,0.2,0,0.2,0.2,-0.5,0.6,-0.604622702322748,0.687231964358404,-1.95029824648995,0.684372710336524,0,0.99,0,"no"
-0.6,0.2,0,0.2,0.2,-0.5,0.9,-0.606533891612896,0.958372297141977,-2.4652255916134,1.20639430547721,0,1,0,"no"
-0.6,0.2,0,0.2,0.2,-0.5,1,-0.607170954709611,1.05217471983366,-2.64502550356249,1.384296961392,0,1,0,"no"
-0.6,0.2,0,0.2,0.2,0,0.3,-0.6027115130326,0.452631696815587,-1.48317193057499,0.265723933156479,0,0,0,"no"
-0.6,0.2,0,0.2,0.2,0,0.6,-0.604622702322748,0.68659832843135,-1.93465473829007,0.703815832957046,0,0.99,0,"no"
-0.6,0.2,0,0.2,0.2,0,0.9,-0.606533891612896,0.957755251909358,-2.45047166409884,1.21422465786737,0,1,0,"no"
-0.6,0.2,0,0.2,0.2,0,1,-0.607170954709611,1.05156279111786,-2.63117614073817,1.39198846650474,0,1,0,"no"
-0.6,0.2,0,0.2,0.2,0.5,0.3,-0.6027115130326,0.450931191463195,-1.43773414152592,0.307317864630169,0,0,0,"no"
-0.6,0.2,0,0.2,0.2,0.5,0.6,-0.604622702322748,0.685612533367622,-1.90583278764932,0.729707198576777,0,0.98,0,"no"
-0.6,0.2,0,0.2,0.2,0.5,0.9,-0.606533891612896,0.957119645072791,-2.43073445325338,1.2242025623045,0,1,0,"no"
-0.6,0.2,0,0.2,0.2,0.5,1,-0.607170954709611,1.05100354746839,-2.61377359170607,1.39956162338932,0,1,0,"no"
-0.6,0.2,0,0.2,0.3,-0.5,0.3,-0.6027115130326,0.504475326751325,-1.63256145437011,0.325545618135225,0,0.01,0,"no"
-0.6,0.2,0,0.2,0.3,-0.5,0.6,-0.604622702322748,0.721716420471634,-2.01810690784702,0.751764554605814,0,0.99,0,"no"
-0.6,0.2,0,0.2,0.3,-0.5,0.9,-0.606533891612896,0.983104040745728,-2.51729027113603,1.25566921588052,0,1,0,"no"
-0.6,0.2,0,0.2,0.3,-0.5,1,-0.607170954709611,1.07465618002514,-2.69186823224112,1.42878308631491,0,1,0,"no"
-0.6,0.2,0,0.2,0.3,0,0.3,-0.6027115130326,0.503365024108412,-1.58658200327879,0.370127822221187,0,0.01,0,"no"
-0.6,0.2,0,0.2,0.3,0,0.6,-0.604622702322748,0.720580882608898,-2.00266065774095,0.773193433778216,0,0.99,0,"no"
-0.6,0.2,0,0.2,0.3,0,0.9,-0.606533891612896,0.9820245911076,-2.50517223050689,1.25342707467032,0,1,0,"no"
-0.6,0.2,0,0.2,0.3,0,1,-0.607170954709611,1.07359455233017,-2.67829042874048,1.42916898843675,0,1,0,"no"
-0.6,0.2,0,0.2,0.3,0.5,0.3,-0.6027115130326,0.499838394533426,-1.53350349220792,0.416300689056366,0,0.01,0,"no"
-0.6,0.2,0,0.2,0.3,0.5,0.6,-0.604622702322748,0.718332295826811,-1.96547502286348,0.797639146011216,0,0.99,0,"no"
-0.6,0.2,0,0.2,0.3,0.5,0.9,-0.606533891612896,0.980489622797342,-2.47271530888818,1.28193193139241,0,1,0,"no"
-0.6,0.2,0,0.2,0.3,0.5,1,-0.607170954709611,1.07222154318981,-2.6490038731569,1.44778942180007,0,1,0,"no"
-0.6,0.2,0,0.3,0.1,-0.5,0.3,-0.603111674903827,0.473297408282352,-1.53432384864004,0.276436116780331,0,0,0,"no"
-0.6,0.2,0,0.3,0.1,-0.5,0.6,-0.605022864193974,0.7014783913263,-1.96268477594409,0.708764845702964,0,0.99,0,"no"
-0.6,0.2,0,0.3,0.1,-0.5,0.9,-0.606934053484122,0.969276396603829,-2.46832271856565,1.21987552738622,0,1,0,"no"
-0.6,0.2,0,0.3,0.1,-0.5,1,-0.607571116580838,1.06230998761723,-2.6505280696066,1.39890851915031,0,1,0,"no"
-0.6,0.2,0,0.3,0.1,0,0.3,-0.603111674903827,0.473099910364235,-1.50580737546684,0.312298765310392,0,0,0,"no"
-0.6,0.2,0,0.3,0.1,0,0.6,-0.605022864193974,0.701250362092677,-1.94581278419693,0.724859035542057,0,0.99,0,"no"
-0.6,0.2,0,0.3,0.1,0,0.9,-0.606934053484122,0.969033563053868,-2.45987666271005,1.22767592838138,0,1,0,"no"
-0.6,0.2,0,0.3,0.1,0,1,-0.607571116580838,1.06206400838086,-2.64420808686708,1.40436475902383,0,1,0,"no"
-0.6,0.2,0,0.3,0.1,0.5,0.3,-0.603111674903827,0.472689493398498,-1.47408914828761,0.348793246526355,0,0,0,"no"
-0.6,0.2,0,0.3,0.1,0.5,0.6,-0.605022864193974,0.701045027491429,-1.92733948475019,0.746974763112751,0,0.99,0,"no"
-0.6,0.2,0,0.3,0.1,0.5,0.9,-0.606934053484122,0.968921760017308,-2.45290903554129,1.23890708590611,0,1,0,"no"
-0.6,0.2,0,0.3,0.1,0.5,1,-0.607571116580838,1.06197199389152,-2.63521592093649,1.41257330678608,0,1,0,"no"
-0.6,0.2,0,0.3,0.2,-0.5,0.3,-0.603111674903827,0.503414539396307,-1.62111472014155,0.310688085459883,0,0.01,0,"no"
-0.6,0.2,0,0.3,0.2,-0.5,0.6,-0.605022864193974,0.72171652938584,-2.01210742622646,0.731109661762618,0,0.99,0,"no"
-0.6,0.2,0,0.3,0.2,-0.5,0.9,-0.606934053484122,0.983701342223803,-2.50753198578672,1.24451194152742,0,1,0,"no"
-0.6,0.2,0,0.3,0.2,-0.5,1,-0.607571116580838,1.07538894851594,-2.68285250554497,1.42155220061181,0,1,0,"no"
-0.6,0.2,0,0.3,0.2,0,0.3,-0.603111674903827,0.502850829922707,-1.56462152044871,0.362362413588006,0,0.01,0,"no"
-0.6,0.2,0,0.3,0.2,0,0.6,-0.605022864193974,0.721117856267973,-1.98512015631245,0.767562533076045,0,0.99,0,"no"
-0.6,0.2,0,0.3,0.2,0,0.9,-0.606934053484122,0.983105305547752,-2.48915429938887,1.25782583959528,0,1,0,"no"
-0.6,0.2,0,0.3,0.2,0,1,-0.607571116580838,1.07479516301297,-2.66821002191257,1.42787082322181,0,1,0,"no"
-0.6,0.2,0,0.3,0.2,0.5,0.3,-0.603111674903827,0.501264919144382,-1.51794417949456,0.418785330275328,0,0.01,0,"no"
-0.6,0.2,0,0.3,0.2,0.5,0.6,-0.605022864193974,0.720164980892234,-1.96254892452669,0.804424030857417,0,0.99,0,"no"
-0.6,0.2,0,0.3,0.2,0.5,0.9,-0.606934053484122,0.982484900060936,-2.47316072494059,1.27424406572794,0,1,0,"no"
-0.6,0.2,0,0.3,0.2,0.5,1,-0.607571116580838,1.07424856707853,-2.6512426268589,1.44717493786835,0,1,0,"no"
-0.6,0.2,0,0.3,0.3,-0.5,0.3,-0.603111674903827,0.550058580616495,-1.72990466122858,0.396322411669882,0,0.1,0,"no"
-0.6,0.2,0,0.3,0.3,-0.5,0.6,-0.605022864193974,0.75463553490242,-2.08180256856507,0.790402605904697,0,1,0,"no"
-0.6,0.2,0,0.3,0.3,-0.5,0.9,-0.606934053484122,1.00780768788273,-2.56183659755128,1.2874613926537,0,1,0,"no"
-0.6,0.2,0,0.3,0.3,-0.5,1,-0.607571116580838,1.09738983891616,-2.73347131775393,1.46035395036077,0,1,0,"no"
-0.6,0.2,0,0.3,0.3,0,0.3,-0.603111674903827,0.549047512995481,-1.66601590244994,0.456622943927904,0,0.05,0,"no"
-0.6,0.2,0,0.3,0.3,0,0.6,-0.605022864193974,0.753562452271388,-2.0544262860553,0.833360976717346,0,1,0,"no"
-0.6,0.2,0,0.3,0.3,0,0.9,-0.606934053484122,1.0067648605946,-2.5472817679738,1.30401887970067,0,1,0,"no"
-0.6,0.2,0,0.3,0.3,0,1,-0.607571116580838,1.09635948891936,-2.7159926825645,1.46930544344139,0,1,0,"no"
-0.6,0.2,0,0.3,0.3,0.5,0.3,-0.603111674903827,0.545739886114424,-1.60675432455594,0.518329356982716,0,0.06,0,"no"
-0.6,0.2,0,0.3,0.3,0.5,0.6,-0.605022864193974,0.751388450839541,-2.0216418858556,0.873392008607096,0,1,0,"no"
-0.6,0.2,0,0.3,0.3,0.5,0.9,-0.606934053484122,1.00526359728767,-2.51434363100635,1.32944340112629,0,1,0,"no"
-0.6,0.2,0,0.3,0.3,0.5,1,-0.607571116580838,1.09501391851817,-2.68768854167546,1.49435517313405,0,1,0,"no"
-0.6,0.3,0,0.1,0.1,-0.5,0.3,-0.602311351161374,0.44268078084891,-1.4785921258631,0.230263864802512,0,0,0,"no"
-0.6,0.3,0,0.1,0.1,-0.5,0.6,-0.604222540451522,0.679419230510336,-1.92609620843028,0.68744813306777,0,0.96,0,"no"
-0.6,0.3,0,0.1,0.1,-0.5,0.9,-0.606133729741669,0.952199727683234,-2.44179626841402,1.20732235550309,0,1,0,"no"
-0.6,0.3,0,0.1,0.1,-0.5,1,-0.606770792838385,1.04638162075251,-2.62301976715283,1.38514471086242,0,1,0,"no"
-0.6,0.3,0,0.1,0.1,0,0.3,-0.602311351161374,0.442537492509256,-1.4620057368957,0.246226690184026,0,0,0,"no"
-0.6,0.3,0,0.1,0.1,0,0.6,-0.604222540451522,0.679222419117385,-1.91850065107389,0.691805398950394,0,0.97,0,"no"
-0.6,0.3,0,0.1,0.1,0,0.9,-0.606133729741669,0.951978413072105,-2.43687884536913,1.21057498404613,0,1,0,"no"
-0.6,0.3,0,0.1,0.1,0,1,-0.606770792838385,1.04615515545371,-2.6189472552441,1.388539268081,0,1,0,"no"
-0.6,0.3,0,0.1,0.1,0.5,0.3,-0.602311351161374,0.442145250259072,-1.44572852502577,0.268917743443784,0,0,0,"no"
-0.6,0.3,0,0.1,0.1,0.5,0.6,-0.604222540451522,0.679014699036377,-1.90908698587014,0.703388712568116,0,0.97,0,"no"
-0.6,0.3,0,0.1,0.1,0.5,0.9,-0.606133729741669,0.95186017068815,-2.43177849878004,1.21525377629338,0,1,0,"no"
-0.6,0.3,0,0.1,0.1,0.5,1,-0.606770792838385,1.04605644126375,-2.61363082057316,1.39148083557912,0,1,0,"no"
-0.6,0.3,0,0.1,0.2,-0.5,0.3,-0.602311351161374,0.474697075506212,-1.5697320488502,0.285356052948167,0,0,0,"no"
-0.6,0.3,0,0.1,0.2,-0.5,0.6,-0.604222540451522,0.700381200011736,-1.98827595693646,0.726072578419233,0,0.99,0,"no"
-0.6,0.3,0,0.1,0.2,-0.5,0.9,-0.606133729741669,0.966970342817631,-2.48454654803412,1.23443731275664,0,1,0,"no"
-0.6,0.3,0,0.1,0.2,-0.5,1,-0.606770792838385,1.05974445760202,-2.6588569387574,1.40929629794798,0,1,0,"no"
-0.6,0.3,0,0.1,0.2,0,0.3,-0.602311351161374,0.474180794946141,-1.53557667722808,0.310738482462912,0,0,0,"no"
-0.6,0.3,0,0.1,0.2,0,0.6,-0.604222540451522,0.69982405088668,-1.97306913886991,0.734998451982265,0,0.99,0,"no"
-0.6,0.3,0,0.1,0.2,0,0.9,-0.606133729741669,0.966409080131745,-2.48274737231742,1.2371160606719,0,1,0,"no"
-0.6,0.3,0,0.1,0.2,0,1,-0.606770792838385,1.05918336438722,-2.65741481939429,1.41215772119102,0,1,0,"no"
-0.6,0.3,0,0.1,0.2,0.5,0.3,-0.602311351161374,0.472604160006586,-1.49366383120684,0.350975388623336,0,0,0,"no"
-0.6,0.3,0,0.1,0.2,0.5,0.6,-0.604222540451522,0.698858837214829,-1.9424020263919,0.754196408061702,0,0.99,0,"no"
-0.6,0.3,0,0.1,0.2,0.5,0.9,-0.606133729741669,0.96577276676511,-2.45445274087195,1.2429555869065,0,1,0,"no"
-0.6,0.3,0,0.1,0.2,0.5,1,-0.606770792838385,1.05862099565081,-2.63581252963271,1.42049324650665,0,1,0,"no"
-0.6,0.3,0,0.1,0.3,-0.5,0.3,-0.602311351161374,0.523831950035733,-1.68046953480842,0.382198729018343,0,0.02,0,"no"
-0.6,0.3,0,0.1,0.3,-0.5,0.6,-0.604222540451522,0.734321327556026,-2.05930436790226,0.793626008929669,0,0.99,0,"no"
-0.6,0.3,0,0.1,0.3,-0.5,0.9,-0.606133729741669,0.991565898640326,-2.54106825928926,1.27989660930451,0,1,0,"no"
-0.6,0.3,0,0.1,0.3,-0.5,1,-0.606770792838385,1.08214459597566,-2.71033903441251,1.45428120268315,0,1,0,"no"
-0.6,0.3,0,0.1,0.3,0,0.3,-0.602311351161374,0.522853259218096,-1.64493150856315,0.412781388988503,0,0.01,0,"no"
-0.6,0.3,0,0.1,0.3,0,0.6,-0.604222540451522,0.733290215497506,-2.03456879822636,0.795753315767674,0,0.99,0,"no"
-0.6,0.3,0,0.1,0.3,0,0.9,-0.606133729741669,0.990565755920608,-2.53044314723581,1.2832545537365,0,1,0,"no"
-0.6,0.3,0,0.1,0.3,0,1,-0.606770792838385,1.08115579606275,-2.70301326937746,1.45389125622987,0,1,0,"no"
-0.6,0.3,0,0.1,0.3,0.5,0.3,-0.602311351161374,0.519528005531139,-1.59559119749166,0.453276055906515,0,0.03,0,"no"
-0.6,0.3,0,0.1,0.3,0.5,0.6,-0.604222540451522,0.731087815130032,-2.01102513821675,0.807601433061857,0,0.99,0,"no"
-0.6,0.3,0,0.1,0.3,0.5,0.9,-0.606133729741669,0.989036505757906,-2.49558931494781,1.29448455925804,0,1,0,"no"
-0.6,0.3,0,0.1,0.3,0.5,1,-0.606770792838385,1.07978330145738,-2.67249205659505,1.46246259115553,0,1,0,"no"
-0.6,0.3,0,0.2,0.1,-0.5,0.3,-0.6027115130326,0.474421318190341,-1.54708544521036,0.27652915651253,0,0,0,"no"
-0.6,0.3,0,0.2,0.1,-0.5,0.6,-0.604622702322748,0.700922848173152,-1.97106419094945,0.719416080302226,0,0.99,0,"no"
-0.6,0.3,0,0.2,0.1,-0.5,0.9,-0.606533891612896,0.967959926761924,-2.47680070086444,1.23298328944275,0,1,0,"no"
-0.6,0.3,0,0.2,0.1,-0.5,1,-0.607170954709611,1.06083456543242,-2.6561044200438,1.40746894453201,0,1,0,"no"
-0.6,0.3,0,0.2,0.1,0,0.3,-0.6027115130326,0.474276218992092,-1.52010899332289,0.311064890827227,0,0,0,"no"
-0.6,0.3,0,0.2,0.1,0,0.6,-0.604622702322748,0.700730555500579,-1.95855313388648,0.732359989905196,0,0.99,0,"no"
-0.6,0.3,0,0.2,0.1,0,0.9,-0.606533891612896,0.967743182252375,-2.46403295220413,1.24049086525213,0,1,0,"no"
-0.6,0.3,0,0.2,0.1,0,1,-0.607170954709611,1.06061241783518,-2.64630624939304,1.41596249103593,0,1,0,"no"
-0.6,0.3,0,0.2,0.1,0.5,0.3,-0.6027115130326,0.473885922998932,-1.48675002324596,0.346285769665077,0,0,0,"no"
-0.6,0.3,0,0.2,0.1,0.5,0.6,-0.604622702322748,0.700525630341713,-1.94217082419704,0.752801455471814,0,0.99,0,"no"
-0.6,0.3,0,0.2,0.1,0.5,0.9,-0.606533891612896,0.967627986166211,-2.45444050504238,1.24616211418432,0,1,0,"no"
-0.6,0.3,0,0.2,0.1,0.5,1,-0.607170954709611,1.06051667789173,-2.63512046544076,1.42090034437699,0,1,0,"no"
-0.6,0.3,0,0.2,0.2,-0.5,0.3,-0.6027115130326,0.504469340414945,-1.6420609626274,0.319495647812163,0,0,0,"no"
-0.6,0.3,0,0.2,0.2,-0.5,0.6,-0.604622702322748,0.721257505682991,-2.02655998341946,0.747394881544515,0,0.99,0,"no"
-0.6,0.3,0,0.2,0.2,-0.5,0.9,-0.606533891612896,0.98248610851955,-2.5213678356356,1.25205372816022,0,1,0,"no"
-0.6,0.3,0,0.2,0.2,-0.5,1,-0.607170954709611,1.0740100329955,-2.69490478352471,1.42767145231363,0,1,0,"no"
-0.6,0.3,0,0.2,0.2,0,0.3,-0.6027115130326,0.50397491882771,-1.58830501089322,0.373771171953794,0,0,0,"no"
-0.6,0.3,0,0.2,0.2,0,0.6,-0.604622702322748,0.72071722994201,-2.00887415056803,0.774336055846747,0,0.99,0,"no"
-0.6,0.3,0,0.2,0.2,0,0.9,-0.606533891612896,0.981936766779759,-2.50960734519327,1.26754363531248,0,1,0,"no"
-0.6,0.3,0,0.2,0.2,0,1,-0.607170954709611,1.07345964159672,-2.68203519169162,1.43949301533765,0,1,0,"no"
-0.6,0.3,0,0.2,0.2,0.5,0.3,-0.6027115130326,0.502441111481791,-1.5280104512053,0.429951426490612,0,0,0,"no"
-0.6,0.3,0,0.2,0.2,0.5,0.6,-0.604622702322748,0.719770165333939,-1.97398158149508,0.808431444885081,0,0.99,0,"no"
-0.6,0.3,0,0.2,0.2,0.5,0.9,-0.606533891612896,0.981311426577048,-2.47767797972039,1.28173623997948,0,1,0,"no"
-0.6,0.3,0,0.2,0.2,0.5,1,-0.607170954709611,1.0729069588235,-2.65222432242432,1.45175219896102,0,1,0,"no"
-0.6,0.3,0,0.2,0.3,-0.5,0.3,-0.6027115130326,0.550997340454044,-1.75142173046074,0.406327126093341,0,0.09,0,"no"
-0.6,0.3,0,0.2,0.3,-0.5,0.6,-0.604622702322748,0.75425831480087,-2.105716964207,0.81301821474107,0,0.99,0,"no"
-0.6,0.3,0,0.2,0.3,-0.5,0.9,-0.606533891612896,1.00669517478512,-2.58330973073771,1.2965902577635,0,1,0,"no"
-0.6,0.3,0,0.2,0.3,-0.5,1,-0.607170954709611,1.0961109137196,-2.74820101154409,1.47403323139815,0,1,0,"no"
-0.6,0.3,0,0.2,0.3,0,0.3,-0.6027115130326,0.550063339676008,-1.68705097219184,0.467648681136149,0,0.08,0,"no"
-0.6,0.3,0,0.2,0.3,0,0.6,-0.604622702322748,0.753259235496109,-2.07499903157621,0.835417179477671,0,0.99,0,"no"
-0.6,0.3,0,0.2,0.3,0,0.9,-0.606533891612896,1.0057158856603,-2.56364065656668,1.31314694776988,0,1,0,"no"
-0.6,0.3,0,0.2,0.3,0,1,-0.607170954709611,1.09514046474628,-2.73550307652067,1.48175772903045,0,1,0,"no"
-0.6,0.3,0,0.2,0.3,0.5,0.3,-0.6027115130326,0.546834486164056,-1.61378966129597,0.535685576248234,0,0.09,0,"no"
-0.6,0.3,0,0.2,0.3,0.5,0.6,-0.604622702322748,0.751098335139493,-2.0318280297278,0.864472034993222,0,1,0,"no"
-0.6,0.3,0,0.2,0.3,0.5,0.9,-0.606533891612896,1.00420932643686,-2.51520359010328,1.33771782586181,0,1,0,"no"
-0.6,0.3,0,0.2,0.3,0.5,1,-0.607170954709611,1.0937873735613,-2.68804092053933,1.49788270466962,0,1,0,"no"
-0.6,0.3,0,0.3,0.1,-0.5,0.3,-0.603111674903827,0.522561654658752,-1.63649644387822,0.370460195143024,0,0.01,0,"no"
-0.6,0.3,0,0.3,0.1,-0.5,0.6,-0.605022864193974,0.734786720469416,-2.03514433990585,0.772501511270156,0,0.99,0,"no"
-0.6,0.3,0,0.3,0.1,-0.5,0.9,-0.606934053484122,0.993061603287159,-2.5227637290584,1.27291447828157,0,1,0,"no"
-0.6,0.3,0,0.3,0.1,-0.5,1,-0.607571116580838,1.08387908279709,-2.69570656556667,1.44317782206209,0,1,0,"no"
-0.6,0.3,0,0.3,0.1,0,0.3,-0.603111674903827,0.522415957715255,-1.60334060014275,0.409926139617746,0,0.02,0,"no"
-0.6,0.3,0,0.3,0.1,0,0.6,-0.605022864193974,0.734599628823243,-2.01439189122951,0.796316494939373,0,0.99,0,"no"
-0.6,0.3,0,0.3,0.1,0,0.9,-0.606934053484122,0.992850368380541,-2.51095185042766,1.28619546996707,0,1,0,"no"
-0.6,0.3,0,0.3,0.1,0,1,-0.607571116580838,1.08366218349795,-2.68602337222918,1.45567517248335,0,1,0,"no"
-0.6,0.3,0,0.3,0.1,0.5,0.3,-0.603111674903827,0.522032802896095,-1.56483278998137,0.454353432369692,0,0.02,0,"no"
-0.6,0.3,0,0.3,0.1,0.5,0.6,-0.605022864193974,0.734396269624878,-1.99145925411712,0.823461847844138,0,0.99,0,"no"
-0.6,0.3,0,0.3,0.1,0.5,0.9,-0.606934053484122,0.992737134821669,-2.49585132359025,1.29625828986665,0,1,0,"no"
-0.6,0.3,0,0.3,0.1,0.5,1,-0.607571116580838,1.08356848370851,-2.67409643073467,1.46453068928534,0,1,0,"no"
-0.6,0.3,0,0.3,0.2,-0.5,0.3,-0.603111674903827,0.550051657291303,-1.73627399255605,0.389050587139657,0,0.05,0,"no"
-0.6,0.3,0,0.3,0.2,-0.5,0.6,-0.605022864193974,0.75421648506504,-2.09262690048705,0.793252023742361,0,1,0,"no"
-0.6,0.3,0,0.3,0.2,-0.5,0.9,-0.606934053484122,1.00722241987952,-2.56973222558538,1.29119230451461,0,1,0,"no"
-0.6,0.3,0,0.3,0.2,-0.5,1,-0.607571116580838,1.0967733450345,-2.73797934132083,1.46280448484644,0,1,0,"no"
-0.6,0.3,0,0.3,0.2,0,0.3,-0.603111674903827,0.549586205844714,-1.66502451686229,0.458822201392705,0,0.05,0,"no"
-0.6,0.3,0,0.3,0.2,0,0.6,-0.605022864193974,0.753698366233274,-2.06011069718342,0.834629750236187,0,0.99,0,"no"
-0.6,0.3,0,0.3,0.2,0,0.9,-0.606934053484122,1.00668874624816,-2.54917622089743,1.31263314258905,0,1,0,"no"
-0.6,0.3,0,0.3,0.2,0,1,-0.607571116580838,1.09623698699822,-2.71706019620486,1.48279007623259,0,1,0,"no"
-0.6,0.3,0,0.3,0.2,0.5,0.3,-0.603111674903827,0.548119834867359,-1.5970774985782,0.535288437503999,0,0.05,0,"no"
-0.6,0.3,0,0.3,0.2,0.5,0.6,-0.605022864193974,0.752773853974047,-2.02739130978821,0.875553603534528,0,1,0,"no"
-0.6,0.3,0,0.3,0.2,0.5,0.9,-0.606934053484122,1.00607511412751,-2.5232807469477,1.33417288161227,0,1,0,"no"
-0.6,0.3,0,0.3,0.2,0.5,1,-0.607571116580838,1.09569436158678,-2.69327593514054,1.50023112712331,0,1,0,"no"
-0.6,0.3,0,0.3,0.3,-0.5,0.3,-0.603111674903827,0.593085130592794,-1.84522039093993,0.461919580930313,0,0.29,0,"no"
-0.6,0.3,0,0.3,0.3,-0.5,0.6,-0.605022864193974,0.7858456415387,-2.17037868492566,0.846607282025497,0,1,0,"no"
-0.6,0.3,0,0.3,0.3,-0.5,0.9,-0.606934053484122,1.03084794653761,-2.62544736973492,1.32655906550479,0,1,0,"no"
-0.6,0.3,0,0.3,0.3,-0.5,1,-0.607571116580838,1.11842031819106,-2.79563848041803,1.49937052470783,0,1,0,"no"
-0.6,0.3,0,0.3,0.3,0,0.3,-0.603111674903827,0.592211681496713,-1.75487603842613,0.552226136328739,0,0.34,0,"no"
-0.6,0.3,0,0.3,0.3,0,0.6,-0.605022864193974,0.784890925045307,-2.13137581481438,0.893276576127505,0,1,0,"no"
-0.6,0.3,0,0.3,0.3,0,0.9,-0.606934053484122,1.02989749264703,-2.6019821074351,1.35572374943557,0,1,0,"no"
-0.6,0.3,0,0.3,0.3,0,1,-0.607571116580838,1.11747512390643,-2.77335921764823,1.52402911787501,0,1,0,"no"
-0.6,0.3,0,0.3,0.3,0.5,0.3,-0.603111674903827,0.589130130876811,-1.67451550343196,0.635813617646755,0,0.37,0,"no"
-0.6,0.3,0,0.3,0.3,0.5,0.6,-0.605022864193974,0.782786931717285,-2.07393032934716,0.94281439568308,0,1,0,"no"
-0.6,0.3,0,0.3,0.3,0.5,0.9,-0.606934053484122,1.02841880005143,-2.55874918147399,1.39456079786517,0,1,0,"no"
-0.6,0.3,0,0.3,0.3,0.5,1,-0.607571116580838,1.11614518478593,-2.72852286379378,1.55033097244159,0,1,0,"no"
-0.6,0.4,0,0.1,0.1,-0.5,0.3,-0.602311351161374,0.514708870917144,-1.61427758203601,0.373503136214301,0,0,0,"no"
-0.6,0.4,0,0.1,0.1,-0.5,0.6,-0.604222540451522,0.727574907295406,-2.02572222428755,0.773690690738356,0,1,0,"no"
-0.6,0.4,0,0.1,0.1,-0.5,0.9,-0.606133729741669,0.986544990039881,-2.50633354115253,1.27566935593458,0,1,0,"no"
-0.6,0.4,0,0.1,0.1,-0.5,1,-0.606770792838385,1.07755115319548,-2.67949876257669,1.45212474527031,0,1,0,"no"
-0.6,0.4,0,0.1,0.1,0,0.3,-0.602311351161374,0.514631696233726,-1.59224946277172,0.385445032299678,0,0,0,"no"
-0.6,0.4,0,0.1,0.1,0,0.6,-0.604222540451522,0.727427226596436,-2.01574950406526,0.782424886575373,0,1,0,"no"
-0.6,0.4,0,0.1,0.1,0,0.9,-0.606133729741669,0.98635975344158,-2.50247600877468,1.27333259809453,0,1,0,"no"
-0.6,0.4,0,0.1,0.1,0,1,-0.606770792838385,1.07735751127139,-2.67687180556198,1.44993789277107,0,1,0,"no"
-0.6,0.4,0,0.1,0.1,0.5,0.3,-0.602311351161374,0.514289944273724,-1.58066390820018,0.402952203058227,0,0,0,"no"
-0.6,0.4,0,0.1,0.1,0.5,0.6,-0.604222540451522,0.727231039887219,-2.00143719828522,0.790227372810231,0,1,0,"no"
-0.6,0.4,0,0.1,0.1,0.5,0.9,-0.606133729741669,0.986244123751682,-2.49618133819697,1.27962840029006,0,1,0,"no"
-0.6,0.4,0,0.1,0.1,0.5,1,-0.606770792838385,1.07726024114493,-2.66993241532414,1.45131328258364,0,1,0,"no"
-0.6,0.4,0,0.1,0.2,-0.5,0.3,-0.602311351161374,0.542544481356421,-1.70345030806649,0.42365575273213,0,0.01,0,"no"
-0.6,0.4,0,0.1,0.2,-0.5,0.6,-0.604222540451522,0.747254462419111,-2.08261964694084,0.817742436237294,0,1,0,"no"
-0.6,0.4,0,0.1,0.2,-0.5,0.9,-0.606133729741669,1.00087657459053,-2.55484042749782,1.30065291736753,0,1,0,"no"
-0.6,0.4,0,0.1,0.2,-0.5,1,-0.606770792838385,1.09059772718369,-2.72027504876874,1.47315941846463,0,1,0,"no"
-0.6,0.4,0,0.1,0.2,0,0.3,-0.602311351161374,0.542165698571505,-1.67037590704531,0.451314426170204,0,0.02,0,"no"
-0.6,0.4,0,0.1,0.2,0,0.6,-0.604222540451522,0.746796172995239,-2.06698193063019,0.823349485163173,0,1,0,"no"
-0.6,0.4,0,0.1,0.2,0,0.9,-0.606133729741669,1.00038700816654,-2.54888447822692,1.30077407727745,0,1,0,"no"
-0.6,0.4,0,0.1,0.2,0,1,-0.606770792838385,1.09010177639499,-2.71707427657707,1.47007138601525,0,1,0,"no"
-0.6,0.4,0,0.1,0.2,0.5,0.3,-0.602311351161374,0.540785565595799,-1.62656601241761,0.486931704878363,0,0.01,0,"no"
-0.6,0.4,0,0.1,0.2,0.5,0.6,-0.604222540451522,0.745889214883848,-2.0390675299636,0.850049059233169,0,1,0,"no"
-0.6,0.4,0,0.1,0.2,0.5,0.9,-0.606133729741669,0.999769876123079,-2.52409762127585,1.3131483173495,0,1,0,"no"
-0.6,0.4,0,0.1,0.2,0.5,1,-0.606770792838385,1.0895529457549,-2.69538990746327,1.48004948258247,0,1,0,"no"
-0.6,0.4,0,0.1,0.3,-0.5,0.3,-0.602311351161374,0.586040767831377,-1.81473003352319,0.51146496810059,0,0.3,0,"no"
-0.6,0.4,0,0.1,0.3,-0.5,0.6,-0.604222540451522,0.779202718010714,-2.15678410110688,0.870327591571636,0,1,0,"no"
-0.6,0.4,0,0.1,0.3,-0.5,0.9,-0.606133729741669,1.02471539693032,-2.61651019201609,1.34693069672424,0,1,0,"no"
-0.6,0.4,0,0.1,0.3,-0.5,1,-0.606770792838385,1.11243358692191,-2.78051993206412,1.51061211411014,0,1,0,"no"
-0.6,0.4,0,0.1,0.3,0,0.3,-0.602311351161374,0.585250278914725,-1.77814705089098,0.546374431218901,0,0.37,0,"no"
-0.6,0.4,0,0.1,0.3,0,0.6,-0.604222540451522,0.778316584891839,-2.12200118270913,0.880837502682073,0,1,0,"no"
-0.6,0.4,0,0.1,0.3,0,0.9,-0.606133729741669,1.02382147943027,-2.60423644626632,1.34764782594383,0,1,0,"no"
-0.6,0.4,0,0.1,0.3,0,1,-0.606770792838385,1.11154141490768,-2.77163362753318,1.51419319301594,0,1,0,"no"
-0.6,0.4,0,0.1,0.3,0.5,0.3,-0.602311351161374,0.582288225762552,-1.71818323898408,0.59432067565508,0,0.32,0,"no"
-0.6,0.4,0,0.1,0.3,0.5,0.6,-0.604222540451522,0.776240811547979,-2.10052414971292,0.902068917548811,0,1,0,"no"
-0.6,0.4,0,0.1,0.3,0.5,0.9,-0.606133729741669,1.02233900771958,-2.56734286354146,1.36470520700203,0,1,0,"no"
-0.6,0.4,0,0.1,0.3,0.5,1,-0.606770792838385,1.11020331968111,-2.73401615152324,1.52670581821343,0,1,0,"no"
-0.6,0.4,0,0.2,0.1,-0.5,0.3,-0.6027115130326,0.54227806561193,-1.67471801746625,0.407539797756305,0,0,0,"no"
-0.6,0.4,0,0.2,0.1,-0.5,0.6,-0.604622702322748,0.747712635839504,-2.06541458409827,0.805325015057418,0,1,0,"no"
-0.6,0.4,0,0.2,0.1,-0.5,0.9,-0.606533891612896,1.00177610424962,-2.54629947195218,1.29701152384464,0,1,0,"no"
-0.6,0.4,0,0.2,0.1,-0.5,1,-0.607170954709611,1.09160121986445,-2.71615890840559,1.46819686996361,0,1,0,"no"
-0.6,0.4,0,0.2,0.1,0,0.3,-0.6027115130326,0.542192595740689,-1.64820146212068,0.4417747399422,0,0.01,0,"no"
-0.6,0.4,0,0.2,0.1,0,0.6,-0.604622702322748,0.747565587535355,-2.05179934529321,0.825495245009394,0,1,0,"no"
-0.6,0.4,0,0.2,0.1,0,0.9,-0.606533891612896,1.0015936179342,-2.53416885313239,1.30696018226189,0,1,0,"no"
-0.6,0.4,0,0.2,0.1,0,1,-0.607170954709611,1.09141046712446,-2.70382074900716,1.47629615731152,0,1,0,"no"
-0.6,0.4,0,0.2,0.1,0.5,0.3,-0.6027115130326,0.541846800046218,-1.61430552120032,0.480163948803864,0,0.01,0,"no"
-0.6,0.4,0,0.2,0.1,0.5,0.6,-0.604622702322748,0.747369635866432,-2.03304037106527,0.84445941591425,0,1,0,"no"
-0.6,0.4,0,0.2,0.1,0.5,0.9,-0.606533891612896,1.00147989976995,-2.52461769705017,1.31743096501184,0,1,0,"no"
-0.6,0.4,0,0.2,0.1,0.5,1,-0.607170954709611,1.09131528938372,-2.6964791109944,1.4855271021084,0,1,0,"no"
-0.6,0.4,0,0.2,0.2,-0.5,0.3,-0.6027115130326,0.568806391980066,-1.77495351972028,0.444662023323832,0,0.13,0,"no"
-0.6,0.4,0,0.2,0.2,-0.5,0.6,-0.604622702322748,0.766876374518383,-2.1261407523213,0.831978902993723,0,1,0,"no"
-0.6,0.4,0,0.2,0.2,-0.5,0.9,-0.606533891612896,1.01588674256275,-2.59633921764072,1.31768686315164,0,1,0,"no"
-0.6,0.4,0,0.2,0.2,-0.5,1,-0.607170954709611,1.10447533571876,-2.75874803579692,1.48794378281348,0,1,0,"no"
-0.6,0.4,0,0.2,0.2,0,0.3,-0.6027115130326,0.568432183088806,-1.71616210230558,0.504897885806867,0,0.14,0,"no"
-0.6,0.4,0,0.2,0.2,0,0.6,-0.604622702322748,0.766426809227277,-2.10167993939507,0.864923629584946,0,1,0,"no"
-0.6,0.4,0,0.2,0.2,0,0.9,-0.606533891612896,1.01540544610228,-2.58175758555678,1.33580275750905,0,1,0,"no"
-0.6,0.4,0,0.2,0.2,0,1,-0.607170954709611,1.10398723389521,-2.74771489224092,1.50051134625965,0,1,0,"no"
-0.6,0.4,0,0.2,0.2,0.5,0.3,-0.6027115130326,0.567070709291381,-1.6519574627272,0.566037643386821,0,0.14,0,"no"
-0.6,0.4,0,0.2,0.2,0.5,0.6,-0.604622702322748,0.765530682882269,-2.06740667660835,0.899503290423999,0,1,0,"no"
-0.6,0.4,0,0.2,0.2,0.5,0.9,-0.606533891612896,1.01479653145669,-2.54881888161949,1.36221827328975,0,1,0,"no"
-0.6,0.4,0,0.2,0.2,0.5,1,-0.607170954709611,1.10344601097687,-2.71744824625657,1.52007329341233,0,1,0,"no"
-0.6,0.4,0,0.2,0.3,-0.5,0.3,-0.6027115130326,0.610474883471398,-1.88559224173481,0.521125686199801,0,0.5,0,"no"
-0.6,0.4,0,0.2,0.3,-0.5,0.6,-0.604622702322748,0.798041929925985,-2.20580705964138,0.887682409857133,0,1,0,"no"
-0.6,0.4,0,0.2,0.3,-0.5,0.9,-0.606533891612896,1.03937528497497,-2.65812699018558,1.35685949588333,0,1,0,"no"
-0.6,0.4,0,0.2,0.3,-0.5,1,-0.607170954709611,1.12603541031403,-2.82285885322086,1.52495828066014,0,1,0,"no"
-0.6,0.4,0,0.2,0.3,0,0.3,-0.6027115130326,0.609706081822312,-1.81646237650176,0.593482907016442,0,0.53,0,"no"
-0.6,0.4,0,0.2,0.3,0,0.6,-0.604622702322748,0.797176129284813,-2.16574829199943,0.917095738997514,0,1,0,"no"
-0.6,0.4,0,0.2,0.3,0,0.9,-0.606533891612896,1.03849688900026,-2.63275510284371,1.38040425156993,0,1,0,"no"
-0.6,0.4,0,0.2,0.3,0,1,-0.607170954709611,1.12515740904138,-2.79759888571683,1.5455899808503,0,1,0,"no"
-0.6,0.4,0,0.2,0.3,0.5,0.3,-0.6027115130326,0.606799194218442,-1.72598867528426,0.669310611870604,0,0.49,0,"no"
-0.6,0.4,0,0.2,0.3,0.5,0.6,-0.604622702322748,0.79512908490592,-2.110601814614,0.959795303230594,0,1,0,"no"
-0.6,0.4,0,0.2,0.3,0.5,0.9,-0.606533891612896,1.03703245993523,-2.5838377089293,1.41506577661402,0,1,0,"no"
-0.6,0.4,0,0.2,0.3,0.5,1,-0.607170954709611,1.12383524896677,-2.74956516555077,1.57232887576919,0,1,0,"no"
-0.6,0.4,0,0.3,0.1,-0.5,0.3,-0.603111674903827,0.584913783504294,-1.75968097959495,0.479072448082077,0,0.2,0,"no"
-0.6,0.4,0,0.3,0.1,-0.5,0.6,-0.605022864193974,0.779572116794145,-2.1239842290374,0.860461024409573,0,1,0,"no"
-0.6,0.4,0,0.3,0.1,-0.5,0.9,-0.606934053484122,1.02606452020232,-2.59531046036722,1.33903016898149,0,1,0,"no"
-0.6,0.4,0,0.3,0.1,-0.5,1,-0.607571116580838,1.11402106333944,-2.76095889927707,1.50984527009592,0,1,0,"no"
-0.6,0.4,0,0.3,0.1,0,0.3,-0.603111674903827,0.584819122014526,-1.72066207579647,0.531572701871464,0,0.23,0,"no"
-0.6,0.4,0,0.3,0.1,0,0.6,-0.605022864193974,0.779425300914313,-2.10542780282124,0.88796591046183,0,1,0,"no"
-0.6,0.4,0,0.3,0.1,0,0.9,-0.606934053484122,1.02588508166587,-2.57892908040499,1.35051425518279,0,1,0,"no"
-0.6,0.4,0,0.3,0.1,0,1,-0.607571116580838,1.11383360191975,-2.74888198013,1.51713066301158,0,1,0,"no"
-0.6,0.4,0,0.3,0.1,0.5,0.3,-0.603111674903827,0.584471358707363,-1.67897607819886,0.57851773742201,0,0.18,0,"no"
-0.6,0.4,0,0.3,0.1,0.5,0.6,-0.605022864193974,0.779227942629012,-2.08038681408983,0.917051960601461,0,1,0,"no"
-0.6,0.4,0,0.3,0.1,0.5,0.9,-0.606934053484122,1.02577196435892,-2.5624728976452,1.367396273832,0,1,0,"no"
-0.6,0.4,0,0.3,0.1,0.5,1,-0.607571116580838,1.11373938860389,-2.73221687463491,1.53125631968746,0,1,0,"no"
-0.6,0.4,0,0.3,0.2,-0.5,0.3,-0.603111674903827,0.609651133931037,-1.86382140880246,0.498248403278172,0,0.53,0,"no"
-0.6,0.4,0,0.3,0.2,-0.5,0.6,-0.605022864193974,0.797981731253513,-2.19309987311654,0.874945489579822,0,1,0,"no"
-0.6,0.4,0,0.3,0.2,-0.5,0.9,-0.606934053484122,1.03984374310057,-2.64206112045232,1.354809631331,0,1,0,"no"
-0.6,0.4,0,0.3,0.2,-0.5,1,-0.607571116580838,1.12663578606518,-2.80626729786374,1.52327698295565,0,1,0,"no"
-0.6,0.4,0,0.3,0.2,0,0.3,-0.603111674903827,0.609285100600785,-1.78616478262013,0.584453167991635,0,0.52,0,"no"
-0.6,0.4,0,0.3,0.2,0,0.6,-0.605022864193974,0.79754379210497,-2.15259702704079,0.928589334636748,0,1,0,"no"
-0.6,0.4,0,0.3,0.2,0,0.9,-0.606934053484122,1.03937312471965,-2.62422638229793,1.38088648369029,0,1,0,"no"
-0.6,0.4,0,0.3,0.2,0,1,-0.607571116580838,1.12615777336813,-2.78876019132512,1.5430948748962,0,1,0,"no"
-0.6,0.4,0,0.3,0.2,0.5,0.3,-0.603111674903827,0.607957926296409,-1.70376353271189,0.665165635813181,0,0.52,0,"no"
-0.6,0.4,0,0.3,0.2,0.5,0.6,-0.605022864193974,0.796661037516647,-2.11131448943339,0.967396660782095,0,1,0,"no"
-0.6,0.4,0,0.3,0.2,0.5,0.9,-0.606934053484122,1.03877244792651,-2.58908256259194,1.41296386671926,0,1,0,"no"
-0.6,0.4,0,0.3,0.2,0.5,1,-0.607571116580838,1.12562397119992,-2.75528165134346,1.57185127537748,0,1,0,"no"
-0.6,0.4,0,0.3,0.3,-0.5,0.3,-0.603111674903827,0.648767627524542,-1.97544128026426,0.568600077167013,0,0.84,0,"no"
-0.6,0.4,0,0.3,0.3,-0.5,0.6,-0.605022864193974,0.827991145554992,-2.27451795762286,0.926017985262262,0,1,0,"no"
-0.6,0.4,0,0.3,0.3,-0.5,0.9,-0.606934053484122,1.06280172664432,-2.69729671460416,1.38504669162299,0,1,0,"no"
-0.6,0.4,0,0.3,0.3,-0.5,1,-0.607571116580838,1.1477767005565,-2.86150927268252,1.55158154094537,0,1,0,"no"
-0.6,0.4,0,0.3,0.3,0,0.3,-0.603111674903827,0.648031173269169,-1.87062701704109,0.668560705245757,0,0.79,0,"no"
-0.6,0.4,0,0.3,0.3,0,0.6,-0.605022864193974,0.827154290943304,-2.21727485449061,0.975549278501475,0,1,0,"no"
-0.6,0.4,0,0.3,0.3,0,0.9,-0.606934053484122,1.06194479376803,-2.67160533919637,1.42448104107701,0,1,0,"no"
-0.6,0.4,0,0.3,0.3,0,1,-0.607571116580838,1.14691811814547,-2.83970932990896,1.58306047964122,0,1,0,"no"
-0.6,0.4,0,0.3,0.3,0.5,0.3,-0.603111674903827,0.645215291219666,-1.77362545963019,0.764149023255722,0,0.74,0,"no"
-0.6,0.4,0,0.3,0.3,0.5,0.6,-0.605022864193974,0.825147470663359,-2.14957023191342,1.03353452343634,0,1,0,"no"
-0.6,0.4,0,0.3,0.3,0.5,0.9,-0.606934053484122,1.06050219351166,-2.6243191355692,1.47061417275377,0,1,0,"no"
-0.6,0.4,0,0.3,0.3,0.5,1,-0.607571116580838,1.14561459214103,-2.79020172430358,1.62766939664504,0,1,0,"no"
-0.6,0.5,0,0.1,0.1,-0.5,0.3,-0.602311351161374,0.594899415835539,-1.76332364144045,0.530471790337935,0,0.36,0,"no"
-0.6,0.5,0,0.1,0.1,-0.5,0.6,-0.604222540451522,0.785571209535935,-2.14208909158251,0.881061830365369,0,1,0,"no"
-0.6,0.5,0,0.1,0.1,-0.5,0.9,-0.606133729741669,1.02948279032523,-2.59705342789655,1.34969302691295,0,1,0,"no"
-0.6,0.5,0,0.1,0.1,-0.5,1,-0.606770792838385,1.11682099293652,-2.76133353692793,1.52185352072912,0,1,0,"no"
-0.6,0.5,0,0.1,0.1,0,0.3,-0.602311351161374,0.594873940735991,-1.74654882397864,0.541769083049555,0,0.31,0,"no"
-0.6,0.5,0,0.1,0.1,0,0.6,-0.604222540451522,0.785467613993293,-2.13506713246681,0.888244042575558,0,1,0,"no"
-0.6,0.5,0,0.1,0.1,0,0.9,-0.606133729741669,1.02933226732604,-2.58874673691425,1.35364714382043,0,1,0,"no"
-0.6,0.5,0,0.1,0.1,0,1,-0.606770792838385,1.11665937519888,-2.75543959333096,1.51943848703629,0,1,0,"no"
-0.6,0.5,0,0.1,0.1,0.5,0.3,-0.602311351161374,0.594573419398937,-1.73093751895089,0.552585210976048,0,0.37,0,"no"
-0.6,0.5,0,0.1,0.1,0.5,0.6,-0.604222540451522,0.785283527204014,-2.11833117191167,0.896259889511952,0,1,0,"no"
-0.6,0.5,0,0.1,0.1,0.5,0.9,-0.606133729741669,1.02922009522403,-2.58348055096284,1.3600145955927,0,1,0,"no"
-0.6,0.5,0,0.1,0.1,0.5,1,-0.606770792838385,1.11656429687635,-2.75221535631033,1.52272106399294,0,1,0,"no"
-0.6,0.5,0,0.1,0.2,-0.5,0.3,-0.602311351161374,0.619204478582316,-1.84748939821132,0.57462943132449,0,0.63,0,"no"
-0.6,0.5,0,0.1,0.2,-0.5,0.6,-0.604222540451522,0.803891169712233,-2.18825029372486,0.92375769424672,0,1,0,"no"
-0.6,0.5,0,0.1,0.2,-0.5,0.9,-0.606133729741669,1.04328487997888,-2.64565596360809,1.38116661747526,0,1,0,"no"
-0.6,0.5,0,0.1,0.2,-0.5,1,-0.606770792838385,1.12947312050623,-2.80387871050066,1.54383089516461,0,1,0,"no"
-0.6,0.5,0,0.1,0.2,0,0.3,-0.602311351161374,0.618940885461464,-1.81855963245,0.607544471820092,0,0.63,0,"no"
-0.6,0.5,0,0.1,0.2,0,0.6,-0.604222540451522,0.803523959077182,-2.17161086575722,0.930205200698591,0,1,0,"no"
-0.6,0.5,0,0.1,0.2,0,0.9,-0.606133729741669,1.04286498275777,-2.63200874706905,1.38257283981068,0,1,0,"no"
-0.6,0.5,0,0.1,0.2,0,1,-0.606770792838385,1.12904119159693,-2.79413562890591,1.54491633009729,0,1,0,"no"
-0.6,0.5,0,0.1,0.2,0.5,0.3,-0.602311351161374,0.617727853629119,-1.77684813713531,0.636038878875368,0,0.56,0,"no"
-0.6,0.5,0,0.1,0.2,0.5,0.6,-0.604222540451522,0.802678385107295,-2.14857340526156,0.958021260569271,0,1,0,"no"
-0.6,0.5,0,0.1,0.2,0.5,0.9,-0.606133729741669,1.04227102181829,-2.60748846268927,1.397359682853,0,1,0,"no"
-0.6,0.5,0,0.1,0.2,0.5,1,-0.606770792838385,1.12850939603129,-2.77325525874646,1.55657036521832,0,1,0,"no"
-0.6,0.5,0,0.1,0.3,-0.5,0.3,-0.602311351161374,0.657675651506067,-1.95958526700982,0.655329631907715,0,0.83,0,"no"
-0.6,0.5,0,0.1,0.3,-0.5,0.6,-0.604222540451522,0.833707554135919,-2.25840818378979,0.969999448104708,0,1,0,"no"
-0.6,0.5,0,0.1,0.3,-0.5,0.9,-0.606133729741669,1.06622289976246,-2.70833734066519,1.42497482715663,0,1,0,"no"
-0.6,0.5,0,0.1,0.3,-0.5,1,-0.606770792838385,1.15061970618648,-2.8607751654278,1.58818431649258,0,1,0,"no"
-0.6,0.5,0,0.1,0.3,0,0.3,-0.602311351161374,0.657050676920581,-1.92210040639095,0.695268988736506,0,0.82,0,"no"
-0.6,0.5,0,0.1,0.3,0,0.6,-0.604222540451522,0.832957239651144,-2.22404896370654,0.991391453835553,0,1,0,"no"
-0.6,0.5,0,0.1,0.3,0,0.9,-0.606133729741669,1.06543287590747,-2.69029483469143,1.42837288522656,0,1,0,"no"
-0.6,0.5,0,0.1,0.3,0,1,-0.606770792838385,1.14982295885189,-2.8503691071343,1.58758377575207,0,1,0,"no"
-0.6,0.5,0,0.1,0.3,0.5,0.3,-0.602311351161374,0.65441545056862,-1.86544867771705,0.740387273074341,0,0.8,0,"no"
-0.6,0.5,0,0.1,0.3,0.5,0.6,-0.604222540451522,0.831017123120157,-2.20033403102391,1.01812389392624,0,1,0,"no"
-0.6,0.5,0,0.1,0.3,0.5,0.9,-0.606133729741669,1.06400650337445,-2.65534550057553,1.45565258275755,0,1,0,"no"
-0.6,0.5,0,0.1,0.3,0.5,1,-0.606770792838385,1.14852738888084,-2.81611462856669,1.60896364450431,0,1,0,"no"
-0.6,0.5,0,0.2,0.1,-0.5,0.3,-0.6027115130326,0.618922209628105,-1.82242590170975,0.556398813881399,0,0.64,0,"no"
-0.6,0.5,0,0.2,0.1,-0.5,0.6,-0.604622702322748,0.804271703110995,-2.17818089253754,0.910082051922268,0,1,0,"no"
-0.6,0.5,0,0.2,0.1,-0.5,0.9,-0.606533891612896,1.04409779340145,-2.63336406993629,1.38047516663824,0,1,0,"no"
-0.6,0.5,0,0.2,0.1,-0.5,1,-0.607170954709611,1.13039216614666,-2.79570825240515,1.54444517897637,0,1,0,"no"
-0.6,0.5,0,0.2,0.1,0,0.3,-0.6027115130326,0.618886342114067,-1.79371233070045,0.585730453715435,0,0.61,0,"no"
-0.6,0.5,0,0.2,0.1,0,0.6,-0.604622702322748,0.804166122256644,-2.16283186152597,0.929780832577096,0,1,0,"no"
-0.6,0.5,0,0.2,0.1,0,0.9,-0.606533891612896,1.04394846103329,-2.62263786633095,1.39264268589679,0,1,0,"no"
-0.6,0.5,0,0.2,0.1,0,1,-0.607170954709611,1.1302321577459,-2.78673714465019,1.5560928269187,0,1,0,"no"
-0.6,0.5,0,0.2,0.1,0.5,0.3,-0.6027115130326,0.618579791120557,-1.76006577011855,0.624493429336183,0,0.61,0,"no"
-0.6,0.5,0,0.2,0.1,0.5,0.6,-0.604622702322748,0.803980566786337,-2.1464584766825,0.947961542538026,0,1,0,"no"
-0.6,0.5,0,0.2,0.1,0.5,0.9,-0.606533891612896,1.04383720388808,-2.60722217460066,1.40557957344451,0,1,0,"no"
-0.6,0.5,0,0.2,0.1,0.5,1,-0.607170954709611,1.13013835700032,-2.77542957007596,1.56686561327652,0,1,0,"no"
-0.6,0.5,0,0.2,0.2,-0.5,0.3,-0.6027115130326,0.642353636058984,-1.9129785705258,0.591579999125361,0,0.84,0,"no"
-0.6,0.5,0,0.2,0.2,-0.5,0.6,-0.604622702322748,0.822178429798713,-2.23952900326141,0.938464508423017,0,1,0,"no"
-0.6,0.5,0,0.2,0.2,-0.5,0.9,-0.606533891612896,1.05770459359434,-2.68408143670292,1.39543956537375,0,1,0,"no"
-0.6,0.5,0,0.2,0.2,-0.5,1,-0.607170954709611,1.14288873539553,-2.84151543915791,1.55914585030127,0,1,0,"no"
-0.6,0.5,0,0.2,0.2,0,0.3,-0.6027115130326,0.642085562146046,-1.85841399459802,0.652682783061893,0,0.81,0,"no"
-0.6,0.5,0,0.2,0.2,0,0.6,-0.604622702322748,0.821813980857291,-2.20760657133071,0.971034689120864,0,1,0,"no"
-0.6,0.5,0,0.2,0.2,0,0.9,-0.606533891612896,1.05728976617097,-2.66328989599858,1.41341847235614,0,1,0,"no"
-0.6,0.5,0,0.2,0.2,0,1,-0.607170954709611,1.14246205943854,-2.82533241221095,1.57507469965136,0,1,0,"no"
-0.6,0.5,0,0.2,0.2,0.5,0.3,-0.6027115130326,0.64087854436558,-1.79032038902253,0.7106274342458,0,0.79,0,"no"
-0.6,0.5,0,0.2,0.2,0.5,0.6,-0.604622702322748,0.820973747057788,-2.173070739314,1.01083750023014,0,1,0,"no"
-0.6,0.5,0,0.2,0.2,0.5,0.9,-0.606533891612896,1.05670149435244,-2.63364578526661,1.44712588063672,0,1,0,"no"
-0.6,0.5,0,0.2,0.2,0.5,1,-0.607170954709611,1.14193588513588,-2.79980845087438,1.60444838016005,0,1,0,"no"
-0.6,0.5,0,0.2,0.3,-0.5,0.3,-0.6027115130326,0.679552711351821,-2.02331444836955,0.656292369976994,0,0.92,0,"no"
-0.6,0.5,0,0.2,0.3,-0.5,0.6,-0.604622702322748,0.851359596074059,-2.31743376493504,0.989323948931563,0,1,0,"no"
-0.6,0.5,0,0.2,0.3,-0.5,0.9,-0.606533891612896,1.0803320020891,-2.74152343354098,1.4351536931123,0,1,0,"no"
-0.6,0.5,0,0.2,0.3,-0.5,1,-0.607170954709611,1.16378611446968,-2.90362589768401,1.59431256991143,0,0.99,0,"no"
-0.6,0.5,0,0.2,0.3,0,0.3,-0.6027115130326,0.67893517398297,-1.96100263461198,0.736839713642821,0,0.91,0,"no"
-0.6,0.5,0,0.2,0.3,0,0.6,-0.604622702322748,0.850620576177714,-2.2690022739726,1.02240828161104,0,1,0,"no"
-0.6,0.5,0,0.2,0.3,0,0.9,-0.606533891612896,1.07955274740805,-2.71953853156469,1.4659880738749,0,1,0,"no"
-0.6,0.5,0,0.2,0.3,0,1,-0.607170954709611,1.16299969027055,-2.87768051252896,1.61981510364864,0,1,0,"no"
-0.6,0.5,0,0.2,0.3,0.5,0.3,-0.6027115130326,0.676329899883861,-1.85960479987974,0.81462929152063,0,0.91,0,"no"
-0.6,0.5,0,0.2,0.3,0.5,0.6,-0.604622702322748,0.848698960517244,-2.21275902733948,1.07642906633091,0,1,0,"no"
-0.6,0.5,0,0.2,0.3,0.5,0.9,-0.606533891612896,1.0781400298082,-2.6703007183712,1.50298718866946,0,1,0,"no"
-0.6,0.5,0,0.2,0.3,0.5,1,-0.607170954709611,1.16171666412667,-2.82751755518517,1.65609385685405,0,1,0,"no"
-0.6,0.5,0,0.3,0.1,-0.5,0.3,-0.603111674903827,0.656637030224409,-1.89994634844816,0.618713749073149,0,0.95,0,"no"
-0.6,0.5,0,0.3,0.1,-0.5,0.6,-0.605022864193974,0.833995170762606,-2.23496360071574,0.961515675043831,0,1,0,"no"
-0.6,0.5,0,0.3,0.1,-0.5,0.9,-0.606934053484122,1.06743699964108,-2.67808233336961,1.4155052883085,0,1,0,"no"
-0.6,0.5,0,0.3,0.1,-0.5,1,-0.607571116580838,1.15206893109435,-2.83992240801453,1.58073025651696,0,1,0,"no"
-0.6,0.5,0,0.3,0.1,0,0.3,-0.603111674903827,0.656588230639777,-1.86186917876465,0.670404178406379,0,0.95,0,"no"
-0.6,0.5,0,0.3,0.1,0,0.6,-0.605022864193974,0.833886384156298,-2.21154662068811,0.988936779180374,0,1,0,"no"
-0.6,0.5,0,0.3,0.1,0,0.9,-0.606934053484122,1.06728862229088,-2.66400265719467,1.43216041174791,0,1,0,"no"
-0.6,0.5,0,0.3,0.1,0,1,-0.607571116580838,1.15191048132722,-2.82602110477827,1.59308580397417,0,1,0,"no"
-0.6,0.5,0,0.3,0.1,0.5,0.3,-0.603111674903827,0.656275467828319,-1.81826227999498,0.71291273459668,0,0.95,0,"no"
-0.6,0.5,0,0.3,0.1,0.5,0.6,-0.605022864193974,0.833697420882067,-2.18474867587179,1.01813193027706,0,1,0,"no"
-0.6,0.5,0,0.3,0.1,0.5,0.9,-0.606934053484122,1.06717680984161,-2.64641432167877,1.45456474382467,0,1,0,"no"
-0.6,0.5,0,0.3,0.1,0.5,1,-0.607571116580838,1.15181668744475,-2.81166492433585,1.61098955759577,0,1,0,"no"
-0.6,0.5,0,0.3,0.2,-0.5,0.3,-0.603111674903827,0.678821302183074,-2.00101847055943,0.630972900705886,0,0.96,0,"no"
-0.6,0.5,0,0.3,0.2,-0.5,0.6,-0.605022864193974,0.851289532812446,-2.30431386505207,0.972417174336839,0,1,0,"no"
-0.6,0.5,0,0.3,0.2,-0.5,0.9,-0.606934053484122,1.08074964779504,-2.7259154896079,1.42613583629337,0,1,0,"no"
-0.6,0.5,0,0.3,0.2,-0.5,1,-0.607571116580838,1.16433087658215,-2.88645624503978,1.59139806195604,0,1,0,"no"
-0.6,0.5,0,0.3,0.2,0,0.3,-0.603111674903827,0.678549021469817,-1.92434094977208,0.722058490714832,0,0.95,0,"no"
-0.6,0.5,0,0.3,0.2,0,0.6,-0.605022864193974,0.850928797214683,-2.26088045752899,1.03330537703708,0,1,0,"no"
-0.6,0.5,0,0.3,0.2,0,0.9,-0.606934053484122,1.08034114414388,-2.70421497574224,1.46022385895494,0,1,0,"no"
-0.6,0.5,0,0.3,0.2,0,1,-0.607571116580838,1.16391073129295,-2.86794056849749,1.61757618553775,0,1,0,"no"
-0.6,0.5,0,0.3,0.2,0.5,0.3,-0.603111674903827,0.677356469778136,-1.83614350361615,0.804385673969162,0,0.95,0,"no"
-0.6,0.5,0,0.3,0.2,0.5,0.6,-0.605022864193974,0.850094822569822,-2.20921891706588,1.07677398501436,0,1,0,"no"
-0.6,0.5,0,0.3,0.2,0.5,0.9,-0.606934053484122,1.07975796963633,-2.66721543671742,1.49962188878252,0,1,0,"no"
-0.6,0.5,0,0.3,0.2,0.5,1,-0.607571116580838,1.16338950855187,-2.83251105518982,1.65249314473956,0,1,0,"no"
-0.6,0.5,0,0.3,0.3,-0.5,0.3,-0.603111674903827,0.714182868856388,-2.10963722459311,0.695439663522211,0,0.98,0,"no"
-0.6,0.5,0,0.3,0.3,-0.5,0.6,-0.605022864193974,0.879521218026408,-2.38639562463876,1.01831751064117,0,1,0,"no"
-0.6,0.5,0,0.3,0.3,-0.5,0.9,-0.606934053484122,1.10290477312007,-2.78323898520177,1.45937929384417,0,1,0,"no"
-0.6,0.5,0,0.3,0.3,-0.5,1,-0.607571116580838,1.18484850400787,-2.93981356388963,1.62062034737334,0,0.98,0,"no"
-0.6,0.5,0,0.3,0.3,0,0.3,-0.603111674903827,0.713578575178566,-2.01148654239165,0.804213405140349,0,0.98,0,"no"
-0.6,0.5,0,0.3,0.3,0,0.6,-0.605022864193974,0.878798933599955,-2.32273605209668,1.08142532145094,0,1,0,"no"
-0.6,0.5,0,0.3,0.3,0,0.9,-0.606934053484122,1.10214041835957,-2.75880057052815,1.50399034319705,0,1,0,"no"
-0.6,0.5,0,0.3,0.3,0,1,-0.607571116580838,1.18407615555428,-2.91666011835125,1.65724065376564,0,0.98,0,"no"
-0.6,0.5,0,0.3,0.3,0.5,0.3,-0.603111674903827,0.711026341442264,-1.89615933898244,0.90517847422611,0,0.96,0,"no"
-0.6,0.5,0,0.3,0.3,0.5,0.6,-0.605022864193974,0.876903707283316,-2.24645790728614,1.15162314207185,0,1,0,"no"
-0.6,0.5,0,0.3,0.3,0.5,0.9,-0.606934053484122,1.10074384755757,-2.70212418490497,1.55394463172469,0,1,0,"no"
-0.6,0.5,0,0.3,0.3,0.5,1,-0.607571116580838,1.18280739054652,-2.86116047254094,1.71051972964067,0,0.99,0,"no"
-0.3,-0.5,0,0.1,0.1,-0.5,0.3,-0.302311351161374,0.602851323801435,-1.46195979156947,0.870506580905085,1,0.45,0.45,"no"
-0.3,-0.5,0,0.1,0.1,-0.5,0.6,-0.304222540451522,0.798703234939726,-1.8333152309938,1.23104116884042,0.91,1,0.91,"yes"
-0.3,-0.5,0,0.1,0.1,-0.5,0.9,-0.306133729741669,1.04495846139745,-2.30331215436658,1.68275918514672,0.79,1,0.79,"no"
-0.3,-0.5,0,0.1,0.1,-0.5,1,-0.306770792838385,1.13276780574254,-2.47283002332319,1.84849966270844,0.77,0.99,0.76,"no"
-0.3,-0.5,0,0.1,0.1,0,0.3,-0.302311351161374,0.60239606690358,-1.48400279833252,0.857803656821736,1,0.43,0.43,"no"
-0.3,-0.5,0,0.1,0.1,0,0.6,-0.304222540451522,0.79826794197952,-1.84401037014749,1.22049508552165,0.91,1,0.91,"yes"
-0.3,-0.5,0,0.1,0.1,0,0.9,-0.306133729741669,1.04454987735453,-2.31250978344599,1.68355743066062,0.79,1,0.79,"no"
-0.3,-0.5,0,0.1,0.1,0,1,-0.306770792838385,1.13236715826463,-2.47795828774594,1.84896497823578,0.77,0.99,0.76,"no"
-0.3,-0.5,0,0.1,0.1,0.5,0.3,-0.302311351161374,0.602181544301761,-1.50129507269805,0.832564742539984,1,0.42,0.42,"no"
-0.3,-0.5,0,0.1,0.1,0.5,0.6,-0.304222540451522,0.798141213170922,-1.8531090419748,1.21035768379225,0.91,1,0.91,"yes"
-0.3,-0.5,0,0.1,0.1,0.5,0.9,-0.306133729741669,1.04447801054474,-2.32010361990969,1.67813399573856,0.79,1,0.79,"no"
-0.3,-0.5,0,0.1,0.1,0.5,1,-0.306770792838385,1.13230852716299,-2.48721138057607,1.84746745372451,0.77,0.99,0.76,"no"
-0.3,-0.5,0,0.1,0.2,-0.5,0.3,-0.302311351161374,0.625312875077699,-1.51067696603119,0.949503685134825,1,0.6,0.6,"no"
-0.3,-0.5,0,0.1,0.2,-0.5,0.6,-0.304222540451522,0.815549707917469,-1.85597064618152,1.27889482537229,0.91,1,0.91,"yes"
-0.3,-0.5,0,0.1,0.2,-0.5,0.9,-0.306133729741669,1.0576548155107,-2.32204404811718,1.72618944348402,0.79,1,0.79,"no"
-0.3,-0.5,0,0.1,0.2,-0.5,1,-0.306770792838385,1.14441014360259,-2.49260950289276,1.88917453057795,0.77,0.99,0.76,"no"
-0.3,-0.5,0,0.1,0.2,0,0.3,-0.302311351161374,0.6241802949633,-1.54501970271965,0.928032904937599,1,0.59,0.59,"no"
-0.3,-0.5,0,0.1,0.2,0,0.6,-0.304222540451522,0.814524236663418,-1.87763406563293,1.2629958023329,0.91,1,0.91,"yes"
-0.3,-0.5,0,0.1,0.2,0,0.9,-0.306133729741669,1.05672470310345,-2.33815369532639,1.72723123976785,0.79,1,0.79,"no"
-0.3,-0.5,0,0.1,0.2,0,1,-0.306770792838385,1.14350569521337,-2.50196133504124,1.89047519431382,0.77,0.99,0.76,"no"
-0.3,-0.5,0,0.1,0.2,0.5,0.3,-0.302311351161374,0.623150559474022,-1.57145619156568,0.892317603948125,1,0.61,0.61,"no"
-0.3,-0.5,0,0.1,0.2,0.5,0.6,-0.304222540451522,0.813802450012142,-1.90265814530648,1.2445551687474,0.91,1,0.91,"yes"
-0.3,-0.5,0,0.1,0.2,0.5,0.9,-0.306133729741669,1.05621709296672,-2.35354534774349,1.71599137949267,0.79,1,0.79,"no"
-0.3,-0.5,0,0.1,0.2,0.5,1,-0.306770792838385,1.14305169924703,-2.52118704649063,1.87984407827244,0.77,0.99,0.76,"no"
-0.3,-0.5,0,0.1,0.3,-0.5,0.3,-0.302311351161374,0.661877078554859,-1.58461187068975,1.07062732443395,1,0.83,0.83,"yes"
-0.3,-0.5,0,0.1,0.3,-0.5,0.6,-0.304222540451522,0.843750030973552,-1.91049373051039,1.35007160111549,0.91,1,0.91,"yes"
-0.3,-0.5,0,0.1,0.3,-0.5,0.9,-0.306133729741669,1.07936285530689,-2.36138949206706,1.7799538042957,0.79,1,0.79,"no"
-0.3,-0.5,0,0.1,0.3,-0.5,1,-0.306770792838385,1.16443307477575,-2.52533816445479,1.93496843422117,0.77,0.98,0.75,"no"
-0.3,-0.5,0,0.1,0.3,0,0.3,-0.302311351161374,0.659915326152979,-1.63126415491684,1.03018526960279,1,0.8,0.8,"yes"
-0.3,-0.5,0,0.1,0.3,0,0.6,-0.304222540451522,0.842007985633576,-1.94195272888006,1.33347828287879,0.91,1,0.91,"yes"
-0.3,-0.5,0,0.1,0.3,0,0.9,-0.306133729741669,1.07781048525616,-2.37571538416168,1.77498037031316,0.79,1,0.79,"no"
-0.3,-0.5,0,0.1,0.3,0,1,-0.306770792838385,1.16293117369572,-2.53968953587689,1.93575503097079,0.77,0.98,0.75,"no"
-0.3,-0.5,0,0.1,0.3,0.5,0.3,-0.302311351161374,0.657564897091393,-1.66102839191212,0.979319446017052,1,0.81,0.81,"yes"
-0.3,-0.5,0,0.1,0.3,0.5,0.6,-0.304222540451522,0.840268816855802,-1.97178516775556,1.30627452691109,0.91,1,0.91,"yes"
-0.3,-0.5,0,0.1,0.3,0.5,0.9,-0.306133729741669,1.07652434153954,-2.39687157078707,1.75691646254341,0.79,1,0.79,"no"
-0.3,-0.5,0,0.1,0.3,0.5,1,-0.306770792838385,1.16176153853135,-2.55373164012493,1.92033393039898,0.77,0.97,0.74,"no"
-0.3,-0.5,0,0.2,0.1,-0.5,0.3,-0.3027115130326,0.626560736789068,-1.48916824636563,0.926800681382418,0.98,0.7,0.69,"no"
-0.3,-0.5,0,0.2,0.1,-0.5,0.6,-0.304622702322748,0.817079682626555,-1.85446147125897,1.27603675219015,0.87,1,0.87,"yes"
-0.3,-0.5,0,0.2,0.1,-0.5,0.9,-0.306533891612896,1.05932657043054,-2.32161123545942,1.71692041228635,0.77,1,0.77,"no"
-0.3,-0.5,0,0.2,0.1,-0.5,1,-0.307170954709611,1.1461154926723,-2.48808205908316,1.87365828393696,0.76,0.99,0.76,"no"
-0.3,-0.5,0,0.2,0.1,0,0.3,-0.3027115130326,0.626142575549892,-1.52259344390877,0.896623009174995,0.98,0.69,0.67,"no"
-0.3,-0.5,0,0.2,0.1,0,0.6,-0.304622702322748,0.816664120678126,-1.87389547826392,1.25726733168972,0.87,1,0.87,"yes"
-0.3,-0.5,0,0.2,0.1,0,0.9,-0.306533891612896,1.0589291798412,-2.33403418086935,1.70603152434799,0.77,1,0.77,"no"
-0.3,-0.5,0,0.2,0.1,0,1,-0.307170954709611,1.1457243617903,-2.50222675424854,1.8679009928644,0.76,0.99,0.76,"no"
-0.3,-0.5,0,0.2,0.1,0.5,0.3,-0.3027115130326,0.62594619250081,-1.55349319926107,0.866067117203911,0.98,0.72,0.7,"no"
-0.3,-0.5,0,0.2,0.1,0.5,0.6,-0.304622702322748,0.816546254242492,-1.89460017274141,1.23994484422716,0.87,1,0.87,"yes"
-0.3,-0.5,0,0.2,0.1,0.5,0.9,-0.306533891612896,1.05886261882809,-2.34956290750744,1.69612411367155,0.77,1,0.77,"no"
-0.3,-0.5,0,0.2,0.1,0.5,1,-0.307170954709611,1.14567038587873,-2.51309264518312,1.86006212850239,0.76,0.99,0.76,"no"
-0.3,-0.5,0,0.2,0.2,-0.5,0.3,-0.3027115130326,0.648225333777216,-1.52357455375846,1.01535776685827,0.98,0.83,0.82,"yes"
-0.3,-0.5,0,0.2,0.2,-0.5,0.6,-0.304622702322748,0.833557564801417,-1.8694574666005,1.3296915822935,0.87,1,0.87,"yes"
-0.3,-0.5,0,0.2,0.2,-0.5,0.9,-0.306533891612896,1.07184965790756,-2.33466357275354,1.76204809200506,0.77,1,0.77,"no"
-0.3,-0.5,0,0.2,0.2,-0.5,1,-0.307170954709611,1.15761988286312,-2.50415667522128,1.92226320543007,0.76,0.99,0.76,"no"
-0.3,-0.5,0,0.2,0.2,0,0.3,-0.3027115130326,0.647178513657271,-1.58155740485352,0.963020875139163,0.98,0.82,0.81,"yes"
-0.3,-0.5,0,0.2,0.2,0,0.6,-0.304622702322748,0.832576747951226,-1.910369300575,1.29597694825777,0.87,1,0.87,"yes"
-0.3,-0.5,0,0.2,0.2,0,0.9,-0.306533891612896,1.07094416225608,-2.3577628180352,1.74602085224207,0.77,1,0.77,"no"
-0.3,-0.5,0,0.2,0.2,0,1,-0.307170954709611,1.15673618153046,-2.5205781679557,1.90763925041282,0.76,0.99,0.76,"no"
-0.3,-0.5,0,0.2,0.2,0.5,0.3,-0.3027115130326,0.646198339079888,-1.63677414792351,0.89848661838373,0.98,0.8,0.78,"no"
-0.3,-0.5,0,0.2,0.2,0.5,0.6,-0.304622702322748,0.831879786267949,-1.95085553251438,1.2610100270688,0.87,1,0.87,"yes"
-0.3,-0.5,0,0.2,0.2,0.5,0.9,-0.306533891612896,1.0704506904826,-2.38606290472375,1.72936088023669,0.77,1,0.77,"no"
-0.3,-0.5,0,0.2,0.2,0.5,1,-0.307170954709611,1.1562943264474,-2.54784063380575,1.88987081914253,0.76,0.99,0.76,"no"
-0.3,-0.5,0,0.2,0.3,-0.5,0.3,-0.3027115130326,0.68359882527964,-1.58440992053175,1.13799257798432,0.98,0.94,0.92,"yes"
-0.3,-0.5,0,0.2,0.3,-0.5,0.6,-0.304622702322748,0.861175148546771,-1.92167484968213,1.40780009256319,0.87,1,0.87,"yes"
-0.3,-0.5,0,0.2,0.3,-0.5,0.9,-0.306533891612896,1.09327399392417,-2.3671111760043,1.8185688109948,0.77,1,0.77,"no"
-0.3,-0.5,0,0.2,0.3,-0.5,1,-0.307170954709611,1.17741523983325,-2.53195302307173,1.96838354830972,0.76,0.97,0.74,"no"
-0.3,-0.5,0,0.2,0.3,0,0.3,-0.3027115130326,0.681770810000674,-1.66275162701453,1.06836702014975,0.98,0.93,0.91,"yes"
-0.3,-0.5,0,0.2,0.3,0,0.6,-0.304622702322748,0.859504586383191,-1.97094700217278,1.35961669080471,0.87,1,0.87,"yes"
-0.3,-0.5,0,0.2,0.3,0,0.9,-0.306533891612896,1.09176102167074,-2.39428250641142,1.79088546731209,0.77,1,0.77,"no"
-0.3,-0.5,0,0.2,0.3,0,1,-0.307170954709611,1.17594644710195,-2.55470284298642,1.94965722540318,0.76,0.97,0.74,"no"
-0.3,-0.5,0,0.2,0.3,0.5,0.3,-0.3027115130326,0.679507500727372,-1.73423560145379,0.971247678384485,0.98,0.92,0.9,"yes"
-0.3,-0.5,0,0.2,0.3,0.5,0.6,-0.304622702322748,0.85781097880585,-2.02674143675482,1.31288599829613,0.87,1,0.87,"yes"
-0.3,-0.5,0,0.2,0.3,0.5,0.9,-0.306533891612896,1.09050068036825,-2.43014711536138,1.76175530744138,0.77,1,0.77,"no"
-0.3,-0.5,0,0.2,0.3,0.5,1,-0.307170954709611,1.17479879154932,-2.58973500528758,1.92228947014299,0.76,0.96,0.73,"no"
-0.3,-0.5,0,0.3,0.1,-0.5,0.3,-0.303111674903827,0.663843864506444,-1.54354148131129,1.00886759202536,0.93,0.99,0.92,"yes"
-0.3,-0.5,0,0.3,0.1,-0.5,0.6,-0.305022864193974,0.84635065193039,-1.90087783378492,1.33320899321692,0.82,1,0.82,"yes"
-0.3,-0.5,0,0.3,0.1,-0.5,0.9,-0.306934053484122,1.08232119964852,-2.36024623993119,1.75835272696535,0.74,1,0.74,"no"
-0.3,-0.5,0,0.3,0.1,-0.5,1,-0.307571116580838,1.16748113600634,-2.53106686487205,1.91438225462932,0.72,0.99,0.72,"no"
-0.3,-0.5,0,0.3,0.1,0,0.3,-0.303111674903827,0.663474614673994,-1.58528712242927,0.968056399564266,0.93,0.98,0.91,"yes"
-0.3,-0.5,0,0.3,0.1,0,0.6,-0.305022864193974,0.845962910747578,-1.92876762105934,1.30876517396791,0.82,1,0.82,"yes"
-0.3,-0.5,0,0.3,0.1,0,0.9,-0.306934053484122,1.08193982715317,-2.38076532373141,1.74313362019122,0.74,1,0.74,"no"
-0.3,-0.5,0,0.3,0.1,0,1,-0.307571116580838,1.16710359582955,-2.54587300814597,1.90031750151301,0.72,0.99,0.72,"no"
-0.3,-0.5,0,0.3,0.1,0.5,0.3,-0.303111674903827,0.663302836612743,-1.62306777419313,0.922043310434876,0.93,0.97,0.9,"yes"
-0.3,-0.5,0,0.3,0.1,0.5,0.6,-0.305022864193974,0.845856986915603,-1.95703070043062,1.28024946003944,0.82,1,0.82,"yes"
-0.3,-0.5,0,0.3,0.1,0.5,0.9,-0.306934053484122,1.08187990571855,-2.39962871032104,1.72659037433922,0.74,1,0.74,"no"
-0.3,-0.5,0,0.3,0.1,0.5,1,-0.307571116580838,1.16705529642082,-2.56018578882344,1.88921792774234,0.72,0.99,0.72,"no"
-0.3,-0.5,0,0.3,0.2,-0.5,0.3,-0.303111674903827,0.684363678822895,-1.56198023649085,1.1061993145024,0.93,0.99,0.92,"yes"
-0.3,-0.5,0,0.3,0.2,-0.5,0.6,-0.305022864193974,0.862275940076874,-1.91275553323042,1.40131569125376,0.82,1,0.82,"yes"
-0.3,-0.5,0,0.3,0.2,-0.5,0.9,-0.306934053484122,1.09457963527971,-2.37121865516895,1.81086658016814,0.74,1,0.74,"no"
-0.3,-0.5,0,0.3,0.2,-0.5,1,-0.307571116580838,1.17877443716477,-2.53905438430119,1.96230580726628,0.72,0.98,0.71,"no"
-0.3,-0.5,0,0.3,0.2,0,0.3,-0.303111674903827,0.683431201952555,-1.63937626895509,1.02469159823152,0.93,0.98,0.91,"yes"
-0.3,-0.5,0,0.3,0.2,0,0.6,-0.305022864193974,0.861358607164741,-1.96364518135549,1.35302335119987,0.82,1,0.82,"yes"
-0.3,-0.5,0,0.3,0.2,0,0.9,-0.306934053484122,1.09370981094279,-2.40105690952857,1.78332537018611,0.74,1,0.74,"no"
-0.3,-0.5,0,0.3,0.2,0,1,-0.307571116580838,1.17792077653676,-2.56458588183119,1.93856434364356,0.72,0.99,0.72,"no"
-0.3,-0.5,0,0.3,0.2,0.5,0.3,-0.303111674903827,0.682521067689224,-1.71743049242396,0.941722444210492,0.93,0.98,0.91,"yes"
-0.3,-0.5,0,0.3,0.2,0.5,0.6,-0.305022864193974,0.860696656424682,-2.01533972291566,1.29300940249672,0.82,1,0.82,"yes"
-0.3,-0.5,0,0.3,0.2,0.5,0.9,-0.306934053484122,1.09323522821264,-2.44043631325897,1.75038457132146,0.74,1,0.74,"no"
-0.3,-0.5,0,0.3,0.2,0.5,1,-0.307571116580838,1.17749479226568,-2.59478443939066,1.91230401661542,0.72,0.97,0.7,"no"
-0.3,-0.5,0,0.3,0.3,-0.5,0.3,-0.303111674903827,0.718010207896426,-1.61853270305297,1.22400881593352,0.93,0.99,0.92,"yes"
-0.3,-0.5,0,0.3,0.3,-0.5,0.6,-0.305022864193974,0.889015327789709,-1.9525622753909,1.48818247963539,0.82,1,0.82,"yes"
-0.3,-0.5,0,0.3,0.3,-0.5,0.9,-0.306934053484122,1.11556814277297,-2.3967605841527,1.8727092839665,0.74,1,0.74,"no"
-0.3,-0.5,0,0.3,0.3,-0.5,1,-0.307571116580838,1.19821926252805,-2.56317627419185,2.01918097014831,0.72,0.92,0.66,"no"
-0.3,-0.5,0,0.3,0.3,0,0.3,-0.303111674903827,0.716363499310636,-1.71468528377326,1.12500430642896,0.93,0.99,0.92,"yes"
-0.3,-0.5,0,0.3,0.3,0,0.6,-0.305022864193974,0.88744718086547,-2.0281133552489,1.41474115537882,0.82,1,0.82,"yes"
-0.3,-0.5,0,0.3,0.3,0,0.9,-0.306934053484122,1.1141127865355,-2.43700568698601,1.82663239263556,0.74,1,0.74,"no"
-0.3,-0.5,0,0.3,0.3,0,1,-0.307571116580838,1.19679890084723,-2.59721675557677,1.98217414626237,0.72,0.92,0.67,"no"
-0.3,-0.5,0,0.3,0.3,0.5,0.3,-0.303111674903827,0.71422588352552,-1.81932732800469,0.995193731787636,0.93,0.98,0.91,"yes"
-0.3,-0.5,0,0.3,0.3,0.5,0.6,-0.305022864193974,0.88581913117477,-2.09310543320681,1.33715489659987,0.82,1,0.82,"yes"
-0.3,-0.5,0,0.3,0.3,0.5,0.9,-0.306934053484122,1.11288807195143,-2.4889361185599,1.7870536164527,0.74,1,0.74,"no"
-0.3,-0.5,0,0.3,0.3,0.5,1,-0.307571116580838,1.19568105746596,-2.6413022794636,1.94233745751951,0.72,0.91,0.66,"no"
-0.3,-0.4,0,0.1,0.1,-0.5,0.3,-0.302311351161374,0.522035096612563,-1.29934401366655,0.716833200856929,1,0,0,"no"
-0.3,-0.4,0,0.1,0.1,-0.5,0.6,-0.304222540451522,0.738905493113066,-1.71332603763589,1.11596566774925,0.91,1,0.91,"yes"
-0.3,-0.4,0,0.1,0.1,-0.5,0.9,-0.306133729741669,0.99946547841562,-2.21841838534887,1.60077798346963,0.79,1,0.79,"no"
-0.3,-0.4,0,0.1,0.1,-0.5,1,-0.306770792838385,1.09077716997434,-2.39949999797798,1.77369278117919,0.77,1,0.77,"no"
-0.3,-0.4,0,0.1,0.1,0,0.3,-0.302311351161374,0.521562354818936,-1.32505497809267,0.700296522451921,1,0,0,"no"
-0.3,-0.4,0,0.1,0.1,0,0.6,-0.304222540451522,0.738470204693145,-1.72534530378308,1.11128749942289,0.91,1,0.91,"yes"
-0.3,-0.4,0,0.1,0.1,0,0.9,-0.306133729741669,0.99906378300558,-2.21703156704911,1.59820634574489,0.79,1,0.79,"no"
-0.3,-0.4,0,0.1,0.1,0,1,-0.306770792838385,1.0903844368831,-2.39593980816568,1.76873354788877,0.77,1,0.77,"no"
-0.3,-0.4,0,0.1,0.1,0.5,0.3,-0.302311351161374,0.521303542459591,-1.34165237473642,0.679405899728519,1,0,0,"no"
-0.3,-0.4,0,0.1,0.1,0.5,0.6,-0.304222540451522,0.738323632024497,-1.73416803685232,1.10129599935354,0.91,1,0.91,"yes"
-0.3,-0.4,0,0.1,0.1,0.5,0.9,-0.306133729741669,0.998981509301867,-2.22640050446564,1.59506877602501,0.79,1,0.79,"no"
-0.3,-0.4,0,0.1,0.1,0.5,1,-0.306770792838385,1.09031710616815,-2.39866695957492,1.76817778095757,0.77,1,0.77,"no"
-0.3,-0.4,0,0.1,0.2,-0.5,0.3,-0.302311351161374,0.548061265342524,-1.34943098004347,0.802395536696836,1,0.07,0.07,"no"
-0.3,-0.4,0,0.1,0.2,-0.5,0.6,-0.304222540451522,0.757260277645171,-1.74078122396414,1.16538976118071,0.91,1,0.91,"yes"
-0.3,-0.4,0,0.1,0.2,-0.5,0.9,-0.306133729741669,1.01285346102665,-2.24306186459566,1.63762836315703,0.79,1,0.79,"no"
-0.3,-0.4,0,0.1,0.2,-0.5,1,-0.306770792838385,1.10297114115316,-2.42462623963198,1.8047935568506,0.77,1,0.77,"no"
-0.3,-0.4,0,0.1,0.2,0,0.3,-0.302311351161374,0.546879498621007,-1.39008403286267,0.773054174034759,1,0.07,0.07,"no"
-0.3,-0.4,0,0.1,0.2,0,0.6,-0.304222540451522,0.756231431032951,-1.75773526351779,1.15404662958596,0.91,1,0.91,"yes"
-0.3,-0.4,0,0.1,0.2,0,0.9,-0.306133729741669,1.01193605337354,-2.2424233984552,1.63413375758339,0.79,1,0.79,"no"
-0.3,-0.4,0,0.1,0.2,0,1,-0.306770792838385,1.10208171090734,-2.41890560921092,1.79984751682677,0.77,1,0.77,"no"
-0.3,-0.4,0,0.1,0.2,0.5,0.3,-0.302311351161374,0.545678529542441,-1.41850662464649,0.738919727382987,1,0.08,0.08,"no"
-0.3,-0.4,0,0.1,0.2,0.5,0.6,-0.304222540451522,0.755433659839105,-1.77851663577107,1.13518823077715,0.91,1,0.91,"yes"
-0.3,-0.4,0,0.1,0.2,0.5,0.9,-0.306133729741669,1.01139123703048,-2.26217534259805,1.62674530341431,0.79,1,0.79,"no"
-0.3,-0.4,0,0.1,0.2,0.5,1,-0.306770792838385,1.10159741811267,-2.43164939342995,1.79300769621109,0.77,1,0.77,"no"
-0.3,-0.4,0,0.1,0.3,-0.5,0.3,-0.302311351161374,0.589704350962005,-1.43069788598049,0.928170448909614,1,0.37,0.37,"no"
-0.3,-0.4,0,0.1,0.3,-0.5,0.6,-0.304222540451522,0.787748949462121,-1.79720510780244,1.23807322020144,0.91,1,0.91,"yes"
-0.3,-0.4,0,0.1,0.3,-0.5,0.9,-0.306133729741669,1.03563712446681,-2.27649215068189,1.68378879561861,0.79,1,0.79,"no"
-0.3,-0.4,0,0.1,0.3,-0.5,1,-0.306770792838385,1.12385366517708,-2.45106044913791,1.84433311197729,0.77,0.99,0.76,"no"
-0.3,-0.4,0,0.1,0.3,0,0.3,-0.302311351161374,0.587674822504379,-1.48057669007884,0.882520074937475,1,0.36,0.36,"no"
-0.3,-0.4,0,0.1,0.3,0,0.6,-0.304222540451522,0.786002899279197,-1.81942669817469,1.21554517823148,0.91,1,0.91,"yes"
-0.3,-0.4,0,0.1,0.3,0,0.9,-0.306133729741669,1.03410393403159,-2.28742139231178,1.68620953276343,0.79,1,0.79,"no"
-0.3,-0.4,0,0.1,0.3,0,1,-0.306770792838385,1.12237429361929,-2.45936259988757,1.84834665350652,0.77,1,0.77,"no"
-0.3,-0.4,0,0.1,0.3,0.5,0.3,-0.302311351161374,0.584986763199335,-1.51267459935492,0.833360696709229,1,0.36,0.36,"no"
-0.3,-0.4,0,0.1,0.3,0.5,0.6,-0.304222540451522,0.784106366089501,-1.84818622830413,1.1934796980997,0.91,1,0.91,"yes"
-0.3,-0.4,0,0.1,0.3,0.5,0.9,-0.306133729741669,1.03274006724082,-2.30337065241405,1.67633082296599,0.79,1,0.79,"no"
-0.3,-0.4,0,0.1,0.3,0.5,1,-0.306770792838385,1.12114156958117,-2.47415089472816,1.83956534866911,0.77,1,0.77,"no"
-0.3,-0.4,0,0.2,0.1,-0.5,0.3,-0.3027115130326,0.549228733473899,-1.33286115662275,0.779457956349849,0.98,0.03,0.03,"no"
-0.3,-0.4,0,0.2,0.1,-0.5,0.6,-0.304622702322748,0.75872008362915,-1.7370684781204,1.15813762091461,0.87,1,0.87,"yes"
-0.3,-0.4,0,0.2,0.1,-0.5,0.9,-0.306533891612896,1.01447254571989,-2.24305627218239,1.6259372569104,0.77,1,0.77,"no"
-0.3,-0.4,0,0.2,0.1,-0.5,1,-0.307170954709611,1.10462829033656,-2.42267870010704,1.79481816138601,0.76,1,0.76,"no"
-0.3,-0.4,0,0.2,0.1,0,0.3,-0.3027115130326,0.548804171605703,-1.37242550271731,0.748590017884198,0.98,0.03,0.03,"no"
-0.3,-0.4,0,0.2,0.1,0,0.6,-0.304622702322748,0.75830698480409,-1.75887992576491,1.14209779805507,0.87,1,0.87,"yes"
-0.3,-0.4,0,0.2,0.1,0,0.9,-0.306533891612896,1.01408262558887,-2.25144252438837,1.61994986413983,0.77,1,0.77,"no"
-0.3,-0.4,0,0.2,0.1,0,1,-0.307170954709611,1.10424544328529,-2.42533741415411,1.79052661966469,0.76,1,0.76,"no"
-0.3,-0.4,0,0.2,0.1,0.5,0.3,-0.3027115130326,0.548569612513581,-1.39938469779874,0.714035628022151,0.98,0.02,0.02,"no"
-0.3,-0.4,0,0.2,0.1,0.5,0.6,-0.304622702322748,0.758170812302219,-1.7792548303464,1.1255854683764,0.87,1,0.87,"yes"
-0.3,-0.4,0,0.2,0.1,0.5,0.9,-0.306533891612896,1.01400620363638,-2.26169279535838,1.60931943448568,0.77,1,0.77,"no"
-0.3,-0.4,0,0.2,0.1,0.5,1,-0.307170954709611,1.10418317957168,-2.43318485791197,1.78038853308335,0.76,1,0.76,"no"
-0.3,-0.4,0,0.2,0.2,-0.5,0.3,-0.3027115130326,0.574053916777416,-1.36837506503607,0.875372030205432,0.98,0.21,0.21,"no"
-0.3,-0.4,0,0.2,0.2,-0.5,0.6,-0.304622702322748,0.776607632807799,-1.75916769270564,1.22036991732773,0.87,1,0.87,"yes"
-0.3,-0.4,0,0.2,0.2,-0.5,0.9,-0.306533891612896,1.02766051569594,-2.25970123948646,1.67417113084469,0.77,1,0.77,"no"
-0.3,-0.4,0,0.2,0.2,-0.5,1,-0.307170954709611,1.11666608449436,-2.44003153078367,1.83976711997468,0.76,1,0.76,"no"
-0.3,-0.4,0,0.2,0.2,0,0.3,-0.3027115130326,0.572982556021233,-1.42853267620626,0.817115753396386,0.98,0.2,0.2,"no"
-0.3,-0.4,0,0.2,0.2,0,0.6,-0.304622702322748,0.775628933650008,-1.79213820158026,1.18635700866776,0.87,1,0.87,"yes"
-0.3,-0.4,0,0.2,0.2,0,0.9,-0.306533891612896,1.02676900300325,-2.27161381850961,1.65416742619654,0.77,1,0.77,"no"
-0.3,-0.4,0,0.2,0.2,0,1,-0.307170954709611,1.11579820901562,-2.44564683541113,1.82137168200827,0.76,1,0.76,"no"
-0.3,-0.4,0,0.2,0.2,0.5,0.3,-0.3027115130326,0.571849623523604,-1.4894901320677,0.747810870375605,0.98,0.14,0.14,"no"
-0.3,-0.4,0,0.2,0.2,0.5,0.6,-0.304622702322748,0.774860923933536,-1.82628632591903,1.154442524343,0.87,1,0.87,"yes"
-0.3,-0.4,0,0.2,0.2,0.5,0.9,-0.306533891612896,1.02623994539182,-2.29619718184754,1.63826653505554,0.77,1,0.77,"no"
-0.3,-0.4,0,0.2,0.2,0.5,1,-0.307170954709611,1.11532724081322,-2.46647050229165,1.80752884854067,0.76,1,0.76,"no"
-0.3,-0.4,0,0.2,0.3,-0.5,0.3,-0.3027115130326,0.613977005252304,-1.44210665543751,0.996071419351369,0.98,0.5,0.5,"no"
-0.3,-0.4,0,0.2,0.3,-0.5,0.6,-0.304622702322748,0.806370340207082,-1.81226559909947,1.29869041301354,0.87,1,0.87,"yes"
-0.3,-0.4,0,0.2,0.3,-0.5,0.9,-0.306533891612896,1.05011955626126,-2.28418212915857,1.72293839369378,0.77,1,0.77,"no"
-0.3,-0.4,0,0.2,0.3,-0.5,1,-0.307170954709611,1.13729290315362,-2.45994052236159,1.88123849966768,0.76,0.99,0.76,"no"
-0.3,-0.4,0,0.2,0.3,0,0.3,-0.3027115130326,0.612114169668621,-1.51503563583538,0.92553369927296,0.98,0.52,0.52,"no"
-0.3,-0.4,0,0.2,0.3,0,0.6,-0.304622702322748,0.804703804669671,-1.85608168882911,1.24701783013051,0.87,1,0.87,"yes"
-0.3,-0.4,0,0.2,0.3,0,0.9,-0.306533891612896,1.04862768330092,-2.31284622427426,1.70085069241086,0.77,1,0.77,"no"
-0.3,-0.4,0,0.2,0.3,0,1,-0.307170954709611,1.13584785431275,-2.4836560915384,1.86074331450973,0.76,0.99,0.76,"no"
-0.3,-0.4,0,0.2,0.3,0.5,0.3,-0.3027115130326,0.609544538132711,-1.58822786698962,0.833113371107264,0.98,0.49,0.48,"no"
-0.3,-0.4,0,0.2,0.3,0.5,0.6,-0.304622702322748,0.802861987534866,-1.90095977348841,1.21081258361175,0.87,1,0.87,"yes"
-0.3,-0.4,0,0.2,0.3,0.5,0.9,-0.306533891612896,1.04729265773498,-2.34339027566738,1.67322837078777,0.77,1,0.77,"no"
-0.3,-0.4,0,0.2,0.3,0.5,1,-0.307170954709611,1.13463931503452,-2.51212775338544,1.84164510459573,0.76,1,0.76,"no"
-0.3,-0.4,0,0.3,0.1,-0.5,0.3,-0.303111674903827,0.59136919013887,-1.39650693396058,0.871930873518011,0.93,0.27,0.26,"no"
-0.3,-0.4,0,0.3,0.1,-0.5,0.6,-0.305022864193974,0.790135039050579,-1.79190759424766,1.21756649837212,0.82,1,0.82,"yes"
-0.3,-0.4,0,0.3,0.1,-0.5,0.9,-0.306934053484122,1.03845005830944,-2.28917069631223,1.67103794050393,0.74,1,0.74,"no"
-0.3,-0.4,0,0.3,0.1,-0.5,1,-0.307571116580838,1.12677237022246,-2.46196051546844,1.83530667863539,0.72,0.99,0.72,"no"
-0.3,-0.4,0,0.3,0.1,0,0.3,-0.303111674903827,0.591004388796794,-1.43992036672833,0.828105376047318,0.93,0.23,0.22,"no"
-0.3,-0.4,0,0.3,0.1,0,0.6,-0.305022864193974,0.789752523405329,-1.81746939610214,1.191055422929,0.82,1,0.82,"yes"
-0.3,-0.4,0,0.3,0.1,0,0.9,-0.306934053484122,1.03807675610774,-2.30080866527453,1.65598641772705,0.74,1,0.74,"no"
-0.3,-0.4,0,0.3,0.1,0,1,-0.307571116580838,1.12640346150576,-2.47413455297844,1.82278493228119,0.72,0.99,0.72,"no"
-0.3,-0.4,0,0.3,0.1,0.5,0.3,-0.303111674903827,0.590800979136599,-1.48253931229207,0.783374606495394,0.93,0.24,0.22,"no"
-0.3,-0.4,0,0.3,0.1,0.5,0.6,-0.305022864193974,0.789629781439459,-1.84445507868325,1.16608232151076,0.82,1,0.82,"yes"
-0.3,-0.4,0,0.3,0.1,0.5,0.9,-0.306934053484122,1.03800738413026,-2.31452127453862,1.64451933701828,0.74,1,0.74,"no"
-0.3,-0.4,0,0.3,0.1,0.5,1,-0.307571116580838,1.12634715943977,-2.48500442580557,1.81251984924325,0.72,0.99,0.72,"no"
-0.3,-0.4,0,0.3,0.2,-0.5,0.3,-0.303111674903827,0.614538189814343,-1.42052277222308,0.969532157065254,0.93,0.53,0.51,"no"
-0.3,-0.4,0,0.3,0.2,-0.5,0.6,-0.305022864193974,0.807332455789823,-1.81085800380721,1.28581562787881,0.82,1,0.82,"yes"
-0.3,-0.4,0,0.3,0.2,-0.5,0.9,-0.306934053484122,1.0513345263657,-2.29733005226267,1.71892395677203,0.74,1,0.74,"no"
-0.3,-0.4,0,0.3,0.2,-0.5,1,-0.307571116580838,1.1385724658957,-2.46952891186661,1.88042640368449,0.72,0.99,0.72,"no"
-0.3,-0.4,0,0.3,0.2,0,0.3,-0.303111674903827,0.613606267399268,-1.49634338641385,0.893114256902355,0.93,0.52,0.49,"no"
-0.3,-0.4,0,0.3,0.2,0,0.6,-0.305022864193974,0.806423618319548,-1.85104408427235,1.23708730049963,0.82,1,0.82,"yes"
-0.3,-0.4,0,0.3,0.2,0,0.9,-0.306934053484122,1.05048010377539,-2.32493386532353,1.6918705593006,0.74,1,0.74,"no"
-0.3,-0.4,0,0.3,0.2,0,1,-0.307571116580838,1.13773547046074,-2.49473634179717,1.85664682102175,0.72,0.99,0.72,"no"
-0.3,-0.4,0,0.3,0.2,0.5,0.3,-0.303111674903827,0.612565619441294,-1.57681883408926,0.804731248501526,0.93,0.5,0.46,"no"
-0.3,-0.4,0,0.3,0.2,0.5,0.6,-0.305022864193974,0.805696371038215,-1.89783019227582,1.19086243963792,0.82,1,0.82,"yes"
-0.3,-0.4,0,0.3,0.2,0.5,0.9,-0.306934053484122,1.04997157320165,-2.34823887784473,1.66609385160699,0.74,1,0.74,"no"
-0.3,-0.4,0,0.3,0.2,0.5,1,-0.307571116580838,1.13728150352941,-2.51328337636711,1.83404597403865,0.72,0.99,0.72,"no"
-0.3,-0.4,0,0.3,0.3,-0.5,0.3,-0.303111674903827,0.652049249497495,-1.48442028345113,1.08517699739815,0.93,0.77,0.74,"no"
-0.3,-0.4,0,0.3,0.3,-0.5,0.6,-0.305022864193974,0.836014893314791,-1.85475498388714,1.37446360079627,0.82,1,0.82,"yes"
-0.3,-0.4,0,0.3,0.3,-0.5,0.9,-0.306934053484122,1.0732975953842,-2.32177876231044,1.77468528218998,0.74,1,0.74,"no"
-0.3,-0.4,0,0.3,0.3,-0.5,1,-0.307571116580838,1.15880715532518,-2.49538879294988,1.92600042857359,0.72,0.99,0.72,"no"
-0.3,-0.4,0,0.3,0.3,0,0.3,-0.303111674903827,0.650402630427484,-1.57441516874789,0.99013562214605,0.93,0.77,0.71,"no"
-0.3,-0.4,0,0.3,0.3,0,0.6,-0.305022864193974,0.834460307533239,-1.91440795932735,1.30536961926492,0.82,1,0.82,"yes"
-0.3,-0.4,0,0.3,0.3,0,0.9,-0.306934053484122,1.07186556788121,-2.36431994168094,1.73638541667275,0.74,1,0.74,"no"
-0.3,-0.4,0,0.3,0.3,0,1,-0.307571116580838,1.15741187796049,-2.53346299535892,1.89378819046334,0.72,0.99,0.72,"no"
-0.3,-0.4,0,0.3,0.3,0.5,0.3,-0.303111674903827,0.647998171670061,-1.67623128867913,0.869432922389446,0.93,0.78,0.71,"no"
-0.3,-0.4,0,0.3,0.3,0.5,0.6,-0.305022864193974,0.832695428690399,-1.96827709945474,1.24649524257298,0.82,1,0.82,"yes"
-0.3,-0.4,0,0.3,0.3,0.5,0.9,-0.306934053484122,1.07056961280762,-2.39659876915639,1.70287043091022,0.74,1,0.74,"no"
-0.3,-0.4,0,0.3,0.3,0.5,1,-0.307571116580838,1.15623554887825,-2.55662350192891,1.8681853135277,0.72,0.98,0.71,"no"
-0.3,-0.3,0,0.1,0.1,-0.5,0.3,-0.302311351161374,0.449038914047737,-1.14985911182924,0.57577903818327,1,0,0,"no"
-0.3,-0.3,0,0.1,0.1,-0.5,0.6,-0.304222540451522,0.688512938866079,-1.61265450185081,1.01593357224212,0.91,0.97,0.88,"yes"
-0.3,-0.3,0,0.1,0.1,-0.5,0.9,-0.306133729741669,0.962244099578678,-2.15504030115968,1.52898222782271,0.79,1,0.79,"no"
-0.3,-0.3,0,0.1,0.1,-0.5,1,-0.306770792838385,1.05660264272121,-2.33800298428035,1.7067638222767,0.77,1,0.77,"no"
-0.3,-0.3,0,0.1,0.1,0,0.3,-0.302311351161374,0.448551976839142,-1.17121095535586,0.557587684912383,1,0,0,"no"
-0.3,-0.3,0,0.1,0.1,0,0.6,-0.304222540451522,0.688083839632406,-1.62269896198345,1.01326428790217,0.91,0.97,0.88,"yes"
-0.3,-0.3,0,0.1,0.1,0,0.9,-0.306133729741669,0.961853730850048,-2.1473830720704,1.52614913866206,0.79,1,0.79,"no"
-0.3,-0.3,0,0.1,0.1,0,1,-0.306770792838385,1.05622169837864,-2.32773669529538,1.70487316778713,0.77,1,0.77,"no"
-0.3,-0.3,0,0.1,0.1,0.5,0.3,-0.302311351161374,0.448236589533092,-1.19130192099586,0.539890175263386,1,0,0,"no"
-0.3,-0.3,0,0.1,0.1,0.5,0.6,-0.304222540451522,0.6879160374334,-1.63548489510405,1.00484491804018,0.91,0.97,0.88,"yes"
-0.3,-0.3,0,0.1,0.1,0.5,0.9,-0.306133729741669,0.961761197899048,-2.14893593974728,1.52260302431444,0.79,1,0.79,"no"
-0.3,-0.3,0,0.1,0.1,0.5,1,-0.306770792838385,1.05614591274023,-2.32928894629972,1.70199884537604,0.77,1,0.77,"no"
-0.3,-0.3,0,0.1,0.2,-0.5,0.3,-0.302311351161374,0.479354090052674,-1.2057765619997,0.665632599201399,1,0,0,"no"
-0.3,-0.3,0,0.1,0.2,-0.5,0.6,-0.304222540451522,0.708367033312968,-1.64529544618447,1.06502686614385,0.91,0.98,0.89,"yes"
-0.3,-0.3,0,0.1,0.2,-0.5,0.9,-0.306133729741669,0.976266618866007,-2.1781782148876,1.55736425929206,0.79,1,0.79,"no"
-0.3,-0.3,0,0.1,0.2,-0.5,1,-0.306770792838385,1.06929617903852,-2.36310995533459,1.7320121195933,0.77,1,0.77,"no"
-0.3,-0.3,0,0.1,0.2,0,0.3,-0.302311351161374,0.47813676858243,-1.24400453654646,0.633067241831142,1,0,0,"no"
-0.3,-0.3,0,0.1,0.2,0,0.6,-0.304222540451522,0.707349142581686,-1.65799916466918,1.0572454801547,0.91,0.98,0.89,"yes"
-0.3,-0.3,0,0.1,0.2,0,0.9,-0.306133729741669,0.975371257900582,-2.18102223553438,1.55508729309398,0.79,1,0.79,"no"
-0.3,-0.3,0,0.1,0.2,0,1,-0.306770792838385,1.06842980978601,-2.36391543575004,1.73177895579743,0.77,1,0.77,"no"
-0.3,-0.3,0,0.1,0.2,0.5,0.3,-0.302311351161374,0.476728399172336,-1.27541898231262,0.603153440652234,1,0,0,"no"
-0.3,-0.3,0,0.1,0.2,0.5,0.6,-0.304222540451522,0.70647370252012,-1.67630039607279,1.04329842200069,0.91,0.98,0.89,"yes"
-0.3,-0.3,0,0.1,0.2,0.5,0.9,-0.306133729741669,0.974791329603261,-2.18261180273046,1.54546328911404,0.79,1,0.79,"no"
-0.3,-0.3,0,0.1,0.2,0.5,1,-0.306770792838385,1.06791732546097,-2.35637049088675,1.72366155661498,0.77,1,0.77,"no"
-0.3,-0.3,0,0.1,0.3,-0.5,0.3,-0.302311351161374,0.526786762256657,-1.29987473983676,0.793336700902816,1,0.06,0.06,"no"
-0.3,-0.3,0,0.1,0.3,-0.5,0.6,-0.304222540451522,0.741083458768126,-1.70521126306851,1.13816573251656,0.91,1,0.91,"yes"
-0.3,-0.3,0,0.1,0.3,-0.5,0.9,-0.306133729741669,1.00002203727553,-2.21683589658649,1.59920007979769,0.79,1,0.79,"no"
-0.3,-0.3,0,0.1,0.3,-0.5,1,-0.306770792838385,1.09094496072551,-2.3974585135735,1.76872991872135,0.77,1,0.77,"no"
-0.3,-0.3,0,0.1,0.3,0,0.3,-0.302311351161374,0.524725993352314,-1.33888110774455,0.748250995658938,1,0.05,0.05,"no"
-0.3,-0.3,0,0.1,0.3,0,0.6,-0.304222540451522,0.739357914237709,-1.72348222371351,1.12045517389256,0.91,1,0.91,"yes"
-0.3,-0.3,0,0.1,0.3,0,0.9,-0.306133729741669,0.998522679183817,-2.22098275099267,1.60233284799357,0.79,1,0.79,"no"
-0.3,-0.3,0,0.1,0.3,0,1,-0.306770792838385,1.08950057788418,-2.39944668264376,1.77341732872898,0.77,1,0.77,"no"
-0.3,-0.3,0,0.1,0.3,0.5,0.3,-0.302311351161374,0.521650881256325,-1.37140590281481,0.700870402181835,1,0.06,0.06,"no"
-0.3,-0.3,0,0.1,0.3,0.5,0.6,-0.304222540451522,0.737304486777971,-1.74655440948555,1.10043030951835,0.91,1,0.91,"yes"
-0.3,-0.3,0,0.1,0.3,0.5,0.9,-0.306133729741669,0.997086761837523,-2.22983886471476,1.60042634744449,0.79,1,0.79,"no"
-0.3,-0.3,0,0.1,0.3,0.5,1,-0.306770792838385,1.08821017189283,-2.39983081205379,1.76754582143144,0.77,1,0.77,"no"
-0.3,-0.3,0,0.2,0.1,-0.5,0.3,-0.3027115130326,0.480354523021391,-1.19336715144238,0.651002289066661,0.98,0,0,"no"
-0.3,-0.3,0,0.2,0.1,-0.5,0.6,-0.304622702322748,0.70972155539789,-1.65022315648462,1.05632877649553,0.87,1,0.87,"yes"
-0.3,-0.3,0,0.2,0.1,-0.5,0.9,-0.306533891612896,0.977817510183644,-2.17577658670812,1.5504513006118,0.77,1,0.77,"no"
-0.3,-0.3,0,0.2,0.1,-0.5,1,-0.307170954709611,1.07089255271488,-2.35291462927288,1.72563078731555,0.76,1,0.76,"no"
-0.3,-0.3,0,0.2,0.1,0,0.3,-0.3027115130326,0.479929301089864,-1.22696013871455,0.621488236998733,0.98,0,0,"no"
-0.3,-0.3,0,0.2,0.1,0,0.6,-0.304622702322748,0.709316606711273,-1.66437461300727,1.04422068320441,0.87,0.99,0.86,"yes"
-0.3,-0.3,0,0.2,0.1,0,0.9,-0.306533891612896,0.977439201724208,-2.18292167032548,1.54457118358206,0.77,1,0.77,"no"
-0.3,-0.3,0,0.2,0.1,0,1,-0.307170954709611,1.07052163227891,-2.35870039046051,1.7220274491597,0.76,1,0.76,"no"
-0.3,-0.3,0,0.2,0.1,0.5,0.3,-0.3027115130326,0.47964679934918,-1.25880965110909,0.581339278551478,0.98,0,0,"no"
-0.3,-0.3,0,0.2,0.1,0.5,0.6,-0.304622702322748,0.709160758640952,-1.68120307870635,1.02889326475496,0.87,0.99,0.86,"yes"
-0.3,-0.3,0,0.2,0.1,0.5,0.9,-0.306533891612896,0.977352968469379,-2.19577455250277,1.54295118932708,0.77,1,0.77,"no"
-0.3,-0.3,0,0.2,0.1,0.5,1,-0.307170954709611,1.07045123641342,-2.37196317319724,1.72095217668576,0.76,1,0.76,"no"
-0.3,-0.3,0,0.2,0.2,-0.5,0.3,-0.3027115130326,0.50884331336154,-1.23545093046537,0.748365594223615,0.98,0,0,"no"
-0.3,-0.3,0,0.2,0.2,-0.5,0.6,-0.304622702322748,0.728996532591901,-1.67168595456903,1.11478475924097,0.87,1,0.87,"yes"
-0.3,-0.3,0,0.2,0.2,-0.5,0.9,-0.306533891612896,0.991613772092385,-2.19859546766212,1.59381774323432,0.77,1,0.77,"no"
-0.3,-0.3,0,0.2,0.2,-0.5,1,-0.307170954709611,1.0834125037284,-2.37751360366008,1.76501383170293,0.76,1,0.76,"no"
-0.3,-0.3,0,0.2,0.2,0,0.3,-0.3027115130326,0.507764745652117,-1.29437515084855,0.690554170529842,0.98,0.01,0.01,"no"
-0.3,-0.3,0,0.2,0.2,0,0.6,-0.304622702322748,0.728033112988837,-1.69939578228762,1.08601253845426,0.87,1,0.87,"yes"
-0.3,-0.3,0,0.2,0.2,0,0.9,-0.306533891612896,0.990744956061239,-2.21193391987803,1.5759720826423,0.77,1,0.77,"no"
-0.3,-0.3,0,0.2,0.2,0,1,-0.307170954709611,1.08256801340301,-2.39093542038598,1.74600294542519,0.76,1,0.76,"no"
-0.3,-0.3,0,0.2,0.2,0.5,0.3,-0.3027115130326,0.506450880266856,-1.34926808113725,0.622731175700055,0.98,0.01,0.01,"no"
-0.3,-0.3,0,0.2,0.2,0.5,0.6,-0.304622702322748,0.727192643271577,-1.72774519684101,1.06106867088745,0.87,1,0.87,"yes"
-0.3,-0.3,0,0.2,0.2,0.5,0.9,-0.306533891612896,0.990182196508641,-2.22480693859931,1.56423391058207,0.77,1,0.77,"no"
-0.3,-0.3,0,0.2,0.2,0.5,1,-0.307170954709611,1.08206983923689,-2.40184196978052,1.74165474154112,0.76,1,0.76,"no"
-0.3,-0.3,0,0.2,0.3,-0.5,0.3,-0.3027115130326,0.553802134925252,-1.32257656012738,0.865713947380774,0.98,0.13,0.13,"no"
-0.3,-0.3,0,0.2,0.3,-0.5,0.6,-0.304622702322748,0.76082931316363,-1.72113355774862,1.19621767400853,0.87,1,0.87,"yes"
-0.3,-0.3,0,0.2,0.3,-0.5,0.9,-0.306533891612896,1.015005016303,-2.22701412773954,1.6396890827544,0.77,1,0.77,"no"
-0.3,-0.3,0,0.2,0.3,-0.5,1,-0.307170954709611,1.10477907528343,-2.40964210554053,1.80143743824362,0.76,1,0.76,"no"
-0.3,-0.3,0,0.2,0.3,0,0.3,-0.3027115130326,0.551941591231544,-1.37906760435703,0.796882939798978,0.98,0.13,0.13,"no"
-0.3,-0.3,0,0.2,0.3,0,0.6,-0.304622702322748,0.759189213854218,-1.75863268424156,1.15196903312915,0.87,1,0.87,"yes"
-0.3,-0.3,0,0.2,0.3,0,0.9,-0.306533891612896,1.01354790625027,-2.25280422378847,1.6218636098948,0.77,1,0.77,"no"
-0.3,-0.3,0,0.2,0.3,0,1,-0.307170954709611,1.10336947765988,-2.42560952466531,1.79028337623501,0.76,1,0.76,"no"
-0.3,-0.3,0,0.2,0.3,0.5,0.3,-0.3027115130326,0.549027235629105,-1.44801807946426,0.715863221031316,0.98,0.1,0.1,"no"
-0.3,-0.3,0,0.2,0.3,0.5,0.6,-0.304622702322748,0.757200095622871,-1.79543990272753,1.11853350194279,0.87,1,0.87,"yes"
-0.3,-0.3,0,0.2,0.3,0.5,0.9,-0.306533891612896,1.01214351860391,-2.27407982380571,1.6059546502032,0.77,1,0.77,"no"
-0.3,-0.3,0,0.2,0.3,0.5,1,-0.307170954709611,1.10210513047643,-2.44756711535184,1.77802489850666,0.76,1,0.76,"no"
-0.3,-0.3,0,0.3,0.1,-0.5,0.3,-0.303111674903827,0.527964968096284,-1.27164277735241,0.74905080039262,0.93,0.01,0.01,"no"
-0.3,-0.3,0,0.3,0.1,-0.5,0.6,-0.305022864193974,0.743185733736154,-1.7103552878694,1.11726190439971,0.82,1,0.82,"yes"
-0.3,-0.3,0,0.3,0.1,-0.5,0.9,-0.306934053484122,1.00266133232124,-2.21839359324426,1.59629405485963,0.74,1,0.74,"no"
-0.3,-0.3,0,0.3,0.1,-0.5,1,-0.307571116580838,1.09371195098884,-2.39377561260573,1.76650775057739,0.72,1,0.72,"no"
-0.3,-0.3,0,0.3,0.1,0,0.3,-0.303111674903827,0.527610438608934,-1.31523234302619,0.711357387489747,0.93,0.01,0.01,"no"
-0.3,-0.3,0,0.3,0.1,0,0.6,-0.305022864193974,0.74281322336284,-1.73024495670904,1.10000911017939,0.82,1,0.82,"yes"
-0.3,-0.3,0,0.3,0.1,0,0.9,-0.306934053484122,1.00229978199222,-2.23591091864353,1.58533938828956,0.74,1,0.74,"no"
-0.3,-0.3,0,0.3,0.1,0,1,-0.307571116580838,1.09335496298114,-2.41276057235722,1.75846256987876,0.72,1,0.72,"no"
-0.3,-0.3,0,0.3,0.1,0.5,0.3,-0.303111674903827,0.527367300144622,-1.35268994253469,0.665422549869762,0.93,0.01,0.01,"no"
-0.3,-0.3,0,0.3,0.1,0.5,0.6,-0.305022864193974,0.742672073634401,-1.75129441092566,1.07782448831245,0.82,1,0.82,"yes"
-0.3,-0.3,0,0.3,0.1,0.5,0.9,-0.306934053484122,1.00222083150968,-2.24995309372609,1.57638576935079,0.74,1,0.74,"no"
-0.3,-0.3,0,0.3,0.1,0.5,1,-0.307571116580838,1.09329066860546,-2.4267834208057,1.75173983627716,0.72,1,0.72,"no"
-0.3,-0.3,0,0.3,0.2,-0.5,0.3,-0.303111674903827,0.554063341129432,-1.30139336188259,0.842665285268989,0.93,0.1,0.1,"no"
-0.3,-0.3,0,0.3,0.2,-0.5,0.6,-0.305022864193974,0.761618189731626,-1.72449868825497,1.18351813491731,0.82,1,0.82,"yes"
-0.3,-0.3,0,0.3,0.2,-0.5,0.9,-0.306934053484122,1.01611635696006,-2.2336001976173,1.63645266998231,0.74,1,0.74,"no"
-0.3,-0.3,0,0.3,0.2,-0.5,1,-0.307571116580838,1.10596901192305,-2.4115026097632,1.8002777863064,0.72,1,0.72,"no"
-0.3,-0.3,0,0.3,0.2,0,0.3,-0.303111674903827,0.553148630246288,-1.3708283711184,0.769202610037648,0.93,0.08,0.07,"no"
-0.3,-0.3,0,0.3,0.2,0,0.6,-0.305022864193974,0.760729003169677,-1.76602013123376,1.13803907617036,0.82,1,0.82,"yes"
-0.3,-0.3,0,0.3,0.2,0,0.9,-0.306934053484122,1.01528508782578,-2.25817084950338,1.6152999400464,0.74,1,0.74,"no"
-0.3,-0.3,0,0.3,0.2,0,1,-0.307571116580838,1.10515550689496,-2.43461214456152,1.78435279548846,0.72,1,0.72,"no"
-0.3,-0.3,0,0.3,0.2,0.5,0.3,-0.303111674903827,0.551956470079137,-1.4415875428714,0.690622061881592,0.93,0.07,0.06,"no"
-0.3,-0.3,0,0.3,0.2,0.5,0.6,-0.305022864193974,0.759934942613027,-1.79919223035921,1.10680464013553,0.82,1,0.82,"yes"
-0.3,-0.3,0,0.3,0.2,0.5,0.9,-0.306934053484122,1.01474411799573,-2.28345433263951,1.59741121698393,0.74,1,0.74,"no"
-0.3,-0.3,0,0.3,0.2,0.5,1,-0.307571116580838,1.10467514413564,-2.45945271962288,1.77076867411172,0.72,1,0.72,"no"
-0.3,-0.3,0,0.3,0.3,-0.5,0.3,-0.303111674903827,0.595690961363621,-1.37875358245396,0.959661291403378,0.93,0.37,0.35,"no"
-0.3,-0.3,0,0.3,0.3,-0.5,0.6,-0.305022864193974,0.792152561203677,-1.77431165187803,1.26825143238071,0.82,1,0.82,"yes"
-0.3,-0.3,0,0.3,0.3,-0.5,0.9,-0.306934053484122,1.03895399968527,-2.26266570249892,1.6869398204276,0.74,1,0.74,"no"
-0.3,-0.3,0,0.3,0.3,-0.5,1,-0.307571116580838,1.12690455083384,-2.441435787658,1.84665068699208,0.72,0.99,0.72,"no"
-0.3,-0.3,0,0.3,0.3,0,0.3,-0.303111674903827,0.59407716343303,-1.4516527626266,0.864298175146799,0.93,0.34,0.32,"no"
-0.3,-0.3,0,0.3,0.3,0,0.6,-0.305022864193974,0.790630617500849,-1.82182415995793,1.20364225604069,0.82,1,0.82,"yes"
-0.3,-0.3,0,0.3,0.3,0,0.9,-0.306934053484122,1.03755747700569,-2.30210252938131,1.65883252158452,0.74,1,0.74,"no"
-0.3,-0.3,0,0.3,0.3,0,1,-0.307571116580838,1.12554493739539,-2.47025439011309,1.82609754512325,0.72,1,0.72,"no"
-0.3,-0.3,0,0.3,0.3,0.5,0.3,-0.303111674903827,0.591378197328572,-1.54105682374563,0.771060573402243,0.93,0.36,0.33,"no"
-0.3,-0.3,0,0.3,0.3,0.5,0.6,-0.305022864193974,0.788729832773638,-1.86654547647212,1.15503910575855,0.82,1,0.82,"yes"
-0.3,-0.3,0,0.3,0.3,0.5,0.9,-0.306934053484122,1.03619501178602,-2.32522944868998,1.6382676268155,0.74,1,0.74,"no"
-0.3,-0.3,0,0.3,0.3,0.5,1,-0.307571116580838,1.12431468015931,-2.49898249061479,1.8096265445809,0.72,1,0.72,"no"
-0.3,-0.2,0,0.1,0.1,-0.5,0.3,-0.302311351161374,0.3883038164039,-1.02958384635282,0.460184958663866,1,0,0,"no"
-0.3,-0.2,0,0.1,0.1,-0.5,0.6,-0.304222540451522,0.649704155794478,-1.54823876172246,0.935149983924005,0.91,0.87,0.78,"no"
-0.3,-0.2,0,0.1,0.1,-0.5,0.9,-0.306133729741669,0.934273319426267,-2.10293695573568,1.47658246750635,0.79,1,0.79,"no"
-0.3,-0.2,0,0.1,0.1,-0.5,1,-0.306770792838385,1.03101311068303,-2.29035066824698,1.66359330655407,0.77,1,0.77,"no"
-0.3,-0.2,0,0.1,0.1,0,0.3,-0.302311351161374,0.387814466825004,-1.04606910079013,0.443178504333878,1,0,0,"no"
-0.3,-0.2,0,0.1,0.1,0,0.6,-0.304222540451522,0.649290256946666,-1.55078535562534,0.929536468101291,0.91,0.87,0.78,"no"
-0.3,-0.2,0,0.1,0.1,0,0.9,-0.306133729741669,0.933899481938027,-2.097449670836,1.47606400430404,0.79,1,0.79,"no"
-0.3,-0.2,0,0.1,0.1,0,1,-0.306770792838385,1.03064832736883,-2.28514255314604,1.66113960547645,0.77,1,0.77,"no"
-0.3,-0.2,0,0.1,0.1,0.5,0.3,-0.302311351161374,0.387430461966768,-1.06314316295952,0.427221262171501,1,0,0,"no"
-0.3,-0.2,0,0.1,0.1,0.5,0.6,-0.304222540451522,0.649101682455314,-1.55436931668095,0.927129600119717,0.91,0.87,0.79,"no"
-0.3,-0.2,0,0.1,0.1,0.5,0.9,-0.306133729741669,0.933797530341987,-2.09335966654431,1.47065444203758,0.79,1,0.79,"no"
-0.3,-0.2,0,0.1,0.1,0.5,1,-0.306770792838385,1.03056483211752,-2.27973420653464,1.65713185716319,0.77,1,0.77,"no"
-0.3,-0.2,0,0.1,0.2,-0.5,0.3,-0.302311351161374,0.423372061567521,-1.09263720658296,0.543160638643537,1,0,0,"no"
-0.3,-0.2,0,0.1,0.2,-0.5,0.6,-0.304222540451522,0.670907374547331,-1.57786013060945,0.978649842194599,0.91,0.94,0.85,"yes"
-0.3,-0.2,0,0.1,0.2,-0.5,0.9,-0.306133729741669,0.948832675723048,-2.13550045588481,1.49899729169153,0.79,1,0.79,"no"
-0.3,-0.2,0,0.1,0.2,-0.5,1,-0.306770792838385,1.04412655792416,-2.32263614667899,1.6809400806704,0.77,1,0.77,"no"
-0.3,-0.2,0,0.1,0.2,0,0.3,-0.302311351161374,0.422155322610138,-1.122690397577,0.514398791812797,1,0,0,"no"
-0.3,-0.2,0,0.1,0.2,0,0.6,-0.304222540451522,0.669920138220448,-1.58889999644112,0.971586837201815,0.91,0.92,0.83,"yes"
-0.3,-0.2,0,0.1,0.2,0,0.9,-0.306133729741669,0.947970036751841,-2.13058624072822,1.49552696819839,0.79,1,0.79,"no"
-0.3,-0.2,0,0.1,0.2,0,1,-0.306770792838385,1.04329214275125,-2.31167412760761,1.67868894886329,0.77,1,0.77,"no"
-0.3,-0.2,0,0.1,0.2,0.5,0.3,-0.302311351161374,0.420513545624161,-1.14454141629334,0.490833215806068,1,0,0,"no"
-0.3,-0.2,0,0.1,0.2,0.5,0.6,-0.304222540451522,0.668972393117564,-1.60046463657059,0.968076442143788,0.91,0.93,0.84,"yes"
-0.3,-0.2,0,0.1,0.2,0.5,0.9,-0.306133729741669,0.947359471453735,-2.12372291300542,1.49644202618794,0.79,1,0.79,"no"
-0.3,-0.2,0,0.1,0.2,0.5,1,-0.306770792838385,1.0427552516528,-2.30396682178128,1.67661404113513,0.77,1,0.77,"no"
-0.3,-0.2,0,0.1,0.3,-0.5,0.3,-0.302311351161374,0.476784950202135,-1.20047317117633,0.663238994252036,1,0,0,"no"
-0.3,-0.2,0,0.1,0.3,-0.5,0.6,-0.304222540451522,0.705580322075231,-1.64237761216954,1.04770237584645,0.91,0.98,0.89,"yes"
-0.3,-0.2,0,0.1,0.3,-0.5,0.9,-0.306133729741669,0.973393018130432,-2.17097849840367,1.53943731293519,0.79,1,0.79,"no"
-0.3,-0.2,0,0.1,0.3,-0.5,1,-0.306770792838385,1.06640506198994,-2.35730034275259,1.71611935813318,0.77,1,0.77,"no"
-0.3,-0.2,0,0.1,0.3,0,0.3,-0.302311351161374,0.474762892430043,-1.23434591722091,0.634799597744336,1,0.01,0.01,"no"
-0.3,-0.2,0,0.1,0.3,0,0.6,-0.304222540451522,0.703906633632935,-1.65532984076478,1.04294773780245,0.91,0.97,0.88,"yes"
-0.3,-0.2,0,0.1,0.3,0,0.9,-0.306133729741669,0.971943732611863,-2.17148388638599,1.53894338643825,0.79,1,0.79,"no"
-0.3,-0.2,0,0.1,0.3,0,1,-0.306770792838385,1.06500911748575,-2.35217635213598,1.71519032155204,0.77,1,0.77,"no"
-0.3,-0.2,0,0.1,0.3,0.5,0.3,-0.302311351161374,0.471283535151319,-1.25173410831434,0.597882793567829,1,0.01,0.01,"no"
-0.3,-0.2,0,0.1,0.3,0.5,0.6,-0.304222540451522,0.701710902730803,-1.66530810691041,1.03410726071588,0.91,0.96,0.87,"yes"
-0.3,-0.2,0,0.1,0.3,0.5,0.9,-0.306133729741669,0.970446217546962,-2.1752347952925,1.53547881825173,0.79,1,0.79,"no"
-0.3,-0.2,0,0.1,0.3,0.5,1,-0.306770792838385,1.06366981442199,-2.34987874685085,1.71174116423001,0.77,1,0.77,"no"
-0.3,-0.2,0,0.2,0.1,-0.5,0.3,-0.3027115130326,0.424080410873028,-1.08761004481423,0.537302088034687,0.98,0,0,"no"
-0.3,-0.2,0,0.2,0.1,-0.5,0.6,-0.304622702322748,0.672123629450563,-1.58085950607869,0.976349188264175,0.87,0.95,0.82,"yes"
-0.3,-0.2,0,0.2,0.1,-0.5,0.9,-0.306533891612896,0.950301709872699,-2.12456189136116,1.5003345445706,0.77,1,0.77,"no"
-0.3,-0.2,0,0.2,0.1,-0.5,1,-0.307170954709611,1.04565099334868,-2.31154762119687,1.68164089891415,0.76,1,0.76,"no"
-0.3,-0.2,0,0.2,0.1,0,0.3,-0.3027115130326,0.42366560856227,-1.11355010033033,0.505641344474787,0.98,0,0,"no"
-0.3,-0.2,0,0.2,0.1,0,0.6,-0.304622702322748,0.671734649160898,-1.59681310237258,0.966157721212078,0.87,0.94,0.81,"yes"
-0.3,-0.2,0,0.2,0.1,0,0.9,-0.306533891612896,0.949939792098792,-2.12793420284242,1.49769207381764,0.77,1,0.77,"no"
-0.3,-0.2,0,0.2,0.1,0,1,-0.307170954709611,1.04529606250098,-2.31138735939621,1.68051721944698,0.76,1,0.76,"no"
-0.3,-0.2,0,0.2,0.1,0.5,0.3,-0.3027115130326,0.423325497907423,-1.14175992409537,0.474129372460072,0.98,0,0,"no"
-0.3,-0.2,0,0.2,0.1,0.5,0.6,-0.304622702322748,0.671559206778649,-1.60947938948546,0.957035433990276,0.87,0.94,0.81,"yes"
-0.3,-0.2,0,0.2,0.1,0.5,0.9,-0.306533891612896,0.949844384885311,-2.13894402745147,1.49084214569284,0.77,1,0.77,"no"
-0.3,-0.2,0,0.2,0.1,0.5,1,-0.307170954709611,1.0452181210682,-2.31832238134723,1.67437700524118,0.76,1,0.76,"no"
-0.3,-0.2,0,0.2,0.2,-0.5,0.3,-0.3027115130326,0.456445377891139,-1.14162989482528,0.625737809187563,0.98,0,0,"no"
-0.3,-0.2,0,0.2,0.2,-0.5,0.6,-0.304622702322748,0.692635999790177,-1.60844380166594,1.02462654695173,0.87,0.97,0.84,"yes"
-0.3,-0.2,0,0.2,0.2,-0.5,0.9,-0.306533891612896,0.964611674168094,-2.14906892001108,1.53004163136027,0.77,1,0.77,"no"
-0.3,-0.2,0,0.2,0.2,-0.5,1,-0.307170954709611,1.05857581694837,-2.33102411341571,1.70542272976908,0.76,1,0.76,"no"
-0.3,-0.2,0,0.2,0.2,0,0.3,-0.3027115130326,0.455391355858919,-1.18147458571355,0.57749959585748,0.98,0,0,"no"
-0.3,-0.2,0,0.2,0.2,0,0.6,-0.304622702322748,0.691704984670458,-1.63473501958754,1.00588834772302,0.87,0.96,0.83,"yes"
-0.3,-0.2,0,0.2,0.2,0,0.9,-0.306533891612896,0.963775353626666,-2.15790371741085,1.52024085210871,0.77,1,0.77,"no"
-0.3,-0.2,0,0.2,0.2,0,1,-0.307170954709611,1.05776297260115,-2.33502667136938,1.70080795952916,0.76,1,0.76,"no"
-0.3,-0.2,0,0.2,0.2,0.5,0.3,-0.3027115130326,0.453878017801814,-1.21964380443759,0.530297800754442,0.98,0,0,"no"
-0.3,-0.2,0,0.2,0.2,0.5,0.6,-0.304622702322748,0.690796674524011,-1.65015296579332,0.992178417877002,0.87,0.96,0.83,"yes"
-0.3,-0.2,0,0.2,0.2,0.5,0.9,-0.306533891612896,0.9631828960082,-2.17623802811468,1.51205514519145,0.77,1,0.77,"no"
-0.3,-0.2,0,0.2,0.2,0.5,1,-0.307170954709611,1.05724100965439,-2.35278085813071,1.69191236045308,0.76,1,0.76,"no"
-0.3,-0.2,0,0.2,0.3,-0.5,0.3,-0.3027115130326,0.506432783770932,-1.23620493890147,0.746024894808577,0.98,0.02,0.02,"no"
-0.3,-0.2,0,0.2,0.3,-0.5,0.6,-0.304622702322748,0.726272585185556,-1.66587861471728,1.10442562293848,0.87,1,0.87,"yes"
-0.3,-0.2,0,0.2,0.3,-0.5,0.9,-0.306533891612896,0.98877354318247,-2.19092600091221,1.57298769673896,0.77,1,0.77,"no"
-0.3,-0.2,0,0.2,0.3,-0.5,1,-0.307170954709611,1.08054956247516,-2.37586248616563,1.74456715957798,0.76,1,0.76,"no"
-0.3,-0.2,0,0.2,0.3,0,0.3,-0.3027115130326,0.504633050410811,-1.27901584929773,0.678374884400671,0.98,0.02,0.02,"no"
-0.3,-0.2,0,0.2,0.3,0,0.6,-0.304622702322748,0.724686262446232,-1.69559651527434,1.07346357253377,0.87,1,0.87,"yes"
-0.3,-0.2,0,0.2,0.3,0,0.9,-0.306533891612896,0.987366109645933,-2.2032698011976,1.56274340288408,0.77,1,0.77,"no"
-0.3,-0.2,0,0.2,0.3,0,1,-0.307170954709611,1.07918791175828,-2.38376037505304,1.7360893800439,0.76,1,0.76,"no"
-0.3,-0.2,0,0.2,0.3,0.5,0.3,-0.3027115130326,0.501363886979781,-1.32216661527149,0.635534562994983,0.98,0.02,0.02,"no"
-0.3,-0.2,0,0.2,0.3,0.5,0.6,-0.304622702322748,0.722563159025643,-1.7168057019542,1.05015073430875,0.87,0.98,0.85,"yes"
-0.3,-0.2,0,0.2,0.3,0.5,0.9,-0.306533891612896,0.985902023094,-2.22170846766078,1.55601892536285,0.77,1,0.77,"no"
-0.3,-0.2,0,0.2,0.3,0.5,1,-0.307170954709611,1.0778759256174,-2.394631385078,1.73145977311584,0.76,1,0.76,"no"
-0.3,-0.2,0,0.3,0.1,-0.5,0.3,-0.303111674903827,0.477263750519669,-1.18507861558502,0.64144661601547,0.93,0,0,"no"
-0.3,-0.2,0,0.3,0.1,-0.5,0.6,-0.305022864193974,0.707343115559681,-1.64115895546777,1.04279514502133,0.82,0.99,0.81,"yes"
-0.3,-0.2,0,0.3,0.1,-0.5,0.9,-0.306934053484122,0.975837347271372,-2.16774286303662,1.54067545286436,0.74,1,0.74,"no"
-0.3,-0.2,0,0.3,0.1,-0.5,1,-0.307571116580838,1.0690031030817,-2.35120371793844,1.71900592620865,0.72,1,0.72,"no"
-0.3,-0.2,0,0.3,0.1,0,0.3,-0.303111674903827,0.47692671484849,-1.21712414783424,0.607978122976856,0.93,0,0,"no"
-0.3,-0.2,0,0.3,0.1,0,0.6,-0.305022864193974,0.706986708911331,-1.66243566867505,1.02366713899688,0.82,1,0.82,"yes"
-0.3,-0.2,0,0.3,0.1,0,0.9,-0.306934053484122,0.975491715848276,-2.17590677117911,1.53342143677819,0.74,1,0.74,"no"
-0.3,-0.2,0,0.3,0.1,0,1,-0.307571116580838,1.06866165461213,-2.35536091257419,1.71335431490413,0.72,1,0.72,"no"
-0.3,-0.2,0,0.3,0.1,0.5,0.3,-0.303111674903827,0.476635071481675,-1.24787348118128,0.570062925110717,0.93,0,0,"no"
-0.3,-0.2,0,0.3,0.1,0.5,0.6,-0.305022864193974,0.706826583274018,-1.67965333930922,1.00787282830783,0.82,1,0.82,"yes"
-0.3,-0.2,0,0.3,0.1,0.5,0.9,-0.306934053484122,0.975403542060476,-2.18949359704166,1.52813960014095,0.74,1,0.74,"no"
-0.3,-0.2,0,0.3,0.1,0.5,1,-0.307571116580838,1.06858974163543,-2.36761441091474,1.70666398548534,0.72,1,0.72,"no"
-0.3,-0.2,0,0.3,0.2,-0.5,0.3,-0.303111674903827,0.506296960660171,-1.22257443092053,0.726553036556669,0.93,0.01,0.01,"no"
-0.3,-0.2,0,0.3,0.2,-0.5,0.6,-0.305022864193974,0.726864157019075,-1.65997974711593,1.09535136075121,0.82,1,0.82,"yes"
-0.3,-0.2,0,0.3,0.2,-0.5,0.9,-0.306934053484122,0.989773146076706,-2.18746878926495,1.57427929621674,0.74,1,0.74,"no"
-0.3,-0.2,0,0.3,0.2,-0.5,1,-0.307571116580838,1.08164347067033,-2.36933255240283,1.74638588996986,0.72,1,0.72,"no"
-0.3,-0.2,0,0.3,0.2,0,0.3,-0.303111674903827,0.505421478847368,-1.268659821752,0.66590315531959,0.93,0.01,0.01,"no"
-0.3,-0.2,0,0.3,0.2,0,0.6,-0.305022864193974,0.726008111379987,-1.69177874598745,1.06457266538805,0.82,1,0.82,"yes"
-0.3,-0.2,0,0.3,0.2,0,0.9,-0.306934053484122,0.988973570711837,-2.20318738617786,1.56174656494521,0.74,1,0.74,"no"
-0.3,-0.2,0,0.3,0.2,0,1,-0.307571116580838,1.08086080736171,-2.3786445207728,1.73451406587207,0.72,1,0.72,"no"
-0.3,-0.2,0,0.3,0.2,0.5,0.3,-0.303111674903827,0.50406434764061,-1.32602862698222,0.614380680261692,0.93,0.01,0.01,"no"
-0.3,-0.2,0,0.3,0.2,0.5,0.6,-0.305022864193974,0.725150567280023,-1.72884948898538,1.03627910764576,0.82,1,0.82,"yes"
-0.3,-0.2,0,0.3,0.2,0.5,0.9,-0.306934053484122,0.98840350606401,-2.22991223241892,1.54614284656405,0.74,1,0.74,"no"
-0.3,-0.2,0,0.3,0.2,0.5,1,-0.307571116580838,1.08035696495568,-2.40564650185799,1.7216285710302,0.72,1,0.72,"no"
-0.3,-0.2,0,0.3,0.3,-0.5,0.3,-0.303111674903827,0.551867062399063,-1.30719179054753,0.836548425005981,0.93,0.13,0.13,"no"
-0.3,-0.2,0,0.3,0.3,-0.5,0.6,-0.305022864193974,0.758994935242933,-1.71531984863195,1.17770787859984,0.82,1,0.82,"yes"
-0.3,-0.2,0,0.3,0.3,-0.5,0.9,-0.306934053484122,1.01333186976338,-2.22049312437936,1.62292038839783,0.74,1,0.74,"no"
-0.3,-0.2,0,0.3,0.3,-0.5,1,-0.307571116580838,1.10315334641652,-2.40177483918539,1.78973955900589,0.72,1,0.72,"no"
-0.3,-0.2,0,0.3,0.3,0,0.3,-0.303111674903827,0.550327677819784,-1.35799836126006,0.759725142979178,0.93,0.09,0.08,"no"
-0.3,-0.2,0,0.3,0.3,0,0.6,-0.305022864193974,0.757527451221174,-1.74980388337739,1.13233832720458,0.82,1,0.82,"yes"
-0.3,-0.2,0,0.3,0.3,0,0.9,-0.306934053484122,1.01198387329196,-2.24503801324717,1.60413044813222,0.74,1,0.74,"no"
-0.3,-0.2,0,0.3,0.3,0,1,-0.307571116580838,1.10184052475368,-2.41878655429249,1.77780247376291,0.72,1,0.72,"no"
-0.3,-0.2,0,0.3,0.3,0.5,0.3,-0.303111674903827,0.547329234983787,-1.419330470717,0.70545572997335,0.93,0.07,0.07,"no"
-0.3,-0.2,0,0.3,0.3,0.5,0.6,-0.305022864193974,0.755502056474523,-1.79019952978353,1.09915971507367,0.82,1,0.82,"yes"
-0.3,-0.2,0,0.3,0.3,0.5,0.9,-0.306934053484122,1.0105634658756,-2.27664194707647,1.58830310000851,0.74,1,0.74,"no"
-0.3,-0.2,0,0.3,0.3,0.5,1,-0.307571116580838,1.10056366886173,-2.45229567861459,1.76140535705592,0.72,1,0.72,"no"
-0.3,-0.1,0,0.1,0.1,-0.5,0.3,-0.302311351161374,0.346317999895089,-0.954221900832972,0.362313273475866,1,0,0,"no"
-0.3,-0.1,0,0.1,0.1,-0.5,0.6,-0.304222540451522,0.624619514971486,-1.50092844519922,0.88428972359431,0.91,0.66,0.6,"no"
-0.3,-0.1,0,0.1,0.1,-0.5,0.9,-0.306133729741669,0.916389499084263,-2.06548471571889,1.44107933508391,0.79,1,0.79,"no"
-0.3,-0.1,0,0.1,0.1,-0.5,1,-0.306770792838385,1.0146495001347,-2.25482755634789,1.62621991189242,0.77,1,0.77,"no"
-0.3,-0.1,0,0.1,0.1,0,0.3,-0.302311351161374,0.345852492335229,-0.967367509793771,0.352944173861508,1,0,0,"no"
-0.3,-0.1,0,0.1,0.1,0,0.6,-0.304222540451522,0.624232168052204,-1.49869779315886,0.882748761154512,0.91,0.65,0.59,"no"
-0.3,-0.1,0,0.1,0.1,0,0.9,-0.306133729741669,0.916037767944394,-2.06117260180567,1.43697710362983,0.79,1,0.79,"no"
-0.3,-0.1,0,0.1,0.1,0,1,-0.306770792838385,1.0143054381565,-2.25089555510218,1.624007371331,0.77,1,0.77,"no"
-0.3,-0.1,0,0.1,0.1,0.5,0.3,-0.302311351161374,0.345398337262005,-0.975076482896659,0.346089208938501,1,0,0,"no"
-0.3,-0.1,0,0.1,0.1,0.5,0.6,-0.304222540451522,0.624026112909317,-1.50481841396762,0.879986066893539,0.91,0.66,0.59,"no"
-0.3,-0.1,0,0.1,0.1,0.5,0.9,-0.306133729741669,0.915927976270658,-2.05723565935261,1.4405163303898,0.79,1,0.79,"no"
-0.3,-0.1,0,0.1,0.1,0.5,1,-0.306770792838385,1.01421547913531,-2.24509678178426,1.62956712136875,0.77,1,0.77,"no"
-0.3,-0.1,0,0.1,0.2,-0.5,0.3,-0.302311351161374,0.385639995909602,-1.02698801581363,0.449987678894867,1,0,0,"no"
-0.3,-0.1,0,0.1,0.2,-0.5,0.6,-0.304222540451522,0.646839450607837,-1.54009607333914,0.920617823464166,0.91,0.86,0.77,"no"
-0.3,-0.1,0,0.1,0.2,-0.5,0.9,-0.306133729741669,0.931347455537582,-2.0977441254578,1.45972865672104,0.79,1,0.79,"no"
-0.3,-0.1,0,0.1,0.2,-0.5,1,-0.306770792838385,1.02807680398549,-2.28431110794748,1.64582064065113,0.77,1,0.77,"no"
-0.3,-0.1,0,0.1,0.2,0,0.3,-0.302311351161374,0.384487519905856,-1.0465905410141,0.434060780999853,1,0,0,"no"
-0.3,-0.1,0,0.1,0.2,0,0.6,-0.304222540451522,0.645906155639698,-1.54158522422378,0.917248766463997,0.91,0.87,0.78,"no"
-0.3,-0.1,0,0.1,0.2,0,0.9,-0.306133729741669,0.930528693257438,-2.08654555510457,1.45710835160314,0.79,1,0.79,"no"
-0.3,-0.1,0,0.1,0.2,0,1,-0.306770792838385,1.02728344315776,-2.27193838299767,1.6432577425057,0.77,1,0.77,"no"
-0.3,-0.1,0,0.1,0.2,0.5,0.3,-0.302311351161374,0.382628761344716,-1.05167600223098,0.4207831484254,1,0,0,"no"
-0.3,-0.1,0,0.1,0.2,0.5,0.6,-0.304222540451522,0.644901271305911,-1.54817476045037,0.914380060676877,0.91,0.82,0.74,"no"
-0.3,-0.1,0,0.1,0.2,0.5,0.9,-0.306133729741669,0.929894415691877,-2.08600661377587,1.46562323839128,0.79,1,0.79,"no"
-0.3,-0.1,0,0.1,0.2,0.5,1,-0.306770792838385,1.02672756721662,-2.27022871087467,1.65423626580777,0.77,1,0.77,"no"
-0.3,-0.1,0,0.1,0.3,-0.5,0.3,-0.302311351161374,0.443995939717006,-1.1565831592876,0.571705694168641,1,0,0,"no"
-0.3,-0.1,0,0.1,0.3,-0.5,0.6,-0.304222540451522,0.682941842185686,-1.60665108856482,0.991024208856816,0.91,0.95,0.86,"yes"
-0.3,-0.1,0,0.1,0.3,-0.5,0.9,-0.306133729741669,0.956484627191042,-2.14485158739946,1.50303356904963,0.79,1,0.79,"no"
-0.3,-0.1,0,0.1,0.3,-0.5,1,-0.306770792838385,1.05080807437047,-2.33143356528295,1.6819720871279,0.77,1,0.77,"no"
-0.3,-0.1,0,0.1,0.3,0,0.3,-0.302311351161374,0.442108809119104,-1.17476121447392,0.559922396441791,1,0,0,"no"
-0.3,-0.1,0,0.1,0.3,0,0.6,-0.304222540451522,0.681354398608191,-1.61611173312227,0.994630139260179,0.91,0.92,0.83,"yes"
-0.3,-0.1,0,0.1,0.3,0,0.9,-0.306133729741669,0.955101883908002,-2.13448993768181,1.50364012027427,0.79,1,0.79,"no"
-0.3,-0.1,0,0.1,0.3,0,1,-0.306770792838385,1.04947401765996,-2.31626429878558,1.68219850472503,0.77,1,0.77,"no"
-0.3,-0.1,0,0.1,0.3,0.5,0.3,-0.302311351161374,0.438284821998669,-1.17301649780395,0.542063909861553,1,0,0,"no"
-0.3,-0.1,0,0.1,0.3,0.5,0.6,-0.304222540451522,0.679049293177401,-1.61867771235252,0.989422071054702,0.91,0.94,0.85,"yes"
-0.3,-0.1,0,0.1,0.3,0.5,0.9,-0.306133729741669,0.953558061039264,-2.13597386497208,1.5008517152991,0.79,1,0.79,"no"
-0.3,-0.1,0,0.1,0.3,0.5,1,-0.306770792838385,1.04809785916704,-2.31247699444883,1.68093889030602,0.77,1,0.77,"no"
-0.3,-0.1,0,0.2,0.1,-0.5,0.3,-0.3027115130326,0.385945380739518,-1.01851884160278,0.445953795474296,0.98,0,0,"no"
-0.3,-0.1,0,0.2,0.1,-0.5,0.6,-0.304622702322748,0.647896665695322,-1.53782779014014,0.920908544997281,0.87,0.87,0.74,"no"
-0.3,-0.1,0,0.2,0.1,-0.5,0.9,-0.306533891612896,0.932724507962537,-2.09427625937683,1.46438825372957,0.77,1,0.77,"no"
-0.3,-0.1,0,0.2,0.1,-0.5,1,-0.307170954709611,1.0295205679471,-2.28085714105209,1.64831643431319,0.76,1,0.76,"no"
-0.3,-0.1,0,0.2,0.1,0,0.3,-0.3027115130326,0.385557953062646,-1.04085321369736,0.423418603160927,0.98,0,0,"no"
-0.3,-0.1,0,0.2,0.1,0,0.6,-0.304622702322748,0.647533074724878,-1.54257731307188,0.915491398489409,0.87,0.83,0.72,"no"
-0.3,-0.1,0,0.2,0.1,0,0.9,-0.306533891612896,0.932384036342357,-2.08992247443387,1.4587093971019,0.77,1,0.77,"no"
-0.3,-0.1,0,0.2,0.1,0,1,-0.307170954709611,1.02918582536972,-2.27566034444435,1.64223937936392,0.76,1,0.76,"no"
-0.3,-0.1,0,0.2,0.1,0.5,0.3,-0.3027115130326,0.3851571789278,-1.06080964129331,0.407580807075803,0.98,0,0,"no"
-0.3,-0.1,0,0.2,0.1,0.5,0.6,-0.304622702322748,0.64734036386391,-1.55550022305673,0.909414046051561,0.87,0.84,0.73,"no"
-0.3,-0.1,0,0.2,0.1,0.5,0.9,-0.306533891612896,0.93228072623952,-2.0951945640854,1.45745992966659,0.77,1,0.77,"no"
-0.3,-0.1,0,0.2,0.1,0.5,1,-0.307170954709611,1.02910136130964,-2.27926577324129,1.64168744659753,0.76,1,0.76,"no"
-0.3,-0.1,0,0.2,0.2,-0.5,0.3,-0.3027115130326,0.421621835704253,-1.08519510856628,0.528509537707031,0.98,0,0,"no"
-0.3,-0.1,0,0.2,0.2,-0.5,0.6,-0.304622702322748,0.669336669417099,-1.57420260003203,0.964578856364509,0.87,0.93,0.8,"yes"
-0.3,-0.1,0,0.2,0.2,-0.5,0.9,-0.306533891612896,0.947415967378434,-2.11793665028605,1.48241530263772,0.77,1,0.77,"no"
-0.3,-0.1,0,0.2,0.2,-0.5,1,-0.307170954709611,1.04274820596718,-2.30158910836334,1.66450391439223,0.76,1,0.76,"no"
-0.3,-0.1,0,0.2,0.2,0,0.3,-0.3027115130326,0.420635556211472,-1.10416103627236,0.496261035521634,0.98,0,0,"no"
-0.3,-0.1,0,0.2,0.2,0,0.6,-0.304622702322748,0.668457429598827,-1.58300559209214,0.95500020272902,0.87,0.91,0.78,"no"
-0.3,-0.1,0,0.2,0.2,0,0.9,-0.306533891612896,0.94662225088832,-2.11513434863331,1.4838321808182,0.77,1,0.77,"no"
-0.3,-0.1,0,0.2,0.2,0,1,-0.307170954709611,1.04197538162238,-2.29922168175385,1.66590872964221,0.76,1,0.76,"no"
-0.3,-0.1,0,0.2,0.2,0.5,0.3,-0.3027115130326,0.418936313568252,-1.12570360786196,0.480588530518018,0.98,0,0,"no"
-0.3,-0.1,0,0.2,0.2,0.5,0.6,-0.304622702322748,0.667494145722586,-1.60046266957963,0.947568930824477,0.87,0.94,0.81,"yes"
-0.3,-0.1,0,0.2,0.2,0.5,0.9,-0.306533891612896,0.94600628546376,-2.12795374456519,1.48305835877107,0.77,1,0.77,"no"
-0.3,-0.1,0,0.2,0.2,0.5,1,-0.307170954709611,1.04143452508822,-2.309056032167,1.66866659595864,0.76,1,0.76,"no"
-0.3,-0.1,0,0.2,0.3,-0.5,0.3,-0.3027115130326,0.475638901263545,-1.20237643814186,0.640766452757298,0.98,0,0,"no"
-0.3,-0.1,0,0.2,0.3,-0.5,0.6,-0.304622702322748,0.70428454064809,-1.64297866169491,1.03670934444378,0.87,0.99,0.86,"yes"
-0.3,-0.1,0,0.2,0.3,-0.5,0.9,-0.306533891612896,0.972129830159286,-2.1673424522739,1.52547353691708,0.77,1,0.77,"no"
-0.3,-0.1,0,0.2,0.3,-0.5,1,-0.307170954709611,1.06515851069517,-2.34646702386588,1.70042909312802,0.76,1,0.76,"no"
-0.3,-0.1,0,0.2,0.3,0,0.3,-0.3027115130326,0.473968338042901,-1.22414761749282,0.610075142808422,0.98,0,0,"no"
-0.3,-0.1,0,0.2,0.3,0,0.6,-0.304622702322748,0.702780816828486,-1.65687312368586,1.02721647706351,0.87,0.97,0.84,"yes"
-0.3,-0.1,0,0.2,0.3,0,0.9,-0.306533891612896,0.970787010802596,-2.16454836767704,1.53105467654739,0.77,1,0.77,"no"
-0.3,-0.1,0,0.2,0.3,0,1,-0.307170954709611,1.06385718833878,-2.34150230042841,1.70881130617092,0.76,1,0.76,"no"
-0.3,-0.1,0,0.2,0.3,0.5,0.3,-0.3027115130326,0.470394990290111,-1.2356833629719,0.588828969702873,0.98,0,0,"no"
-0.3,-0.1,0,0.2,0.3,0.5,0.6,-0.304622702322748,0.70055290201625,-1.66644138568244,1.02211635581434,0.87,0.98,0.85,"yes"
-0.3,-0.1,0,0.2,0.3,0.5,0.9,-0.306533891612896,0.96927728324855,-2.17503790127296,1.52641345423422,0.77,1,0.77,"no"
-0.3,-0.1,0,0.2,0.3,0.5,1,-0.307170954709611,1.06250872113411,-2.35112900091641,1.70287948831722,0.76,1,0.76,"no"
-0.3,-0.1,0,0.3,0.1,-0.5,0.3,-0.303111674903827,0.443648317780925,-1.12367903354208,0.559283806047407,0.93,0,0,"no"
-0.3,-0.1,0,0.3,0.1,-0.5,0.6,-0.305022864193974,0.684343592816422,-1.59059764640756,0.987962895675183,0.82,0.97,0.8,"yes"
-0.3,-0.1,0,0.3,0.1,-0.5,0.9,-0.306934053484122,0.958722887839996,-2.136086107642,1.50372323247905,0.74,1,0.74,"no"
-0.3,-0.1,0,0.3,0.1,-0.5,1,-0.307571116580838,1.05322700182426,-2.32300511295549,1.68760764404626,0.72,1,0.72,"no"
-0.3,-0.1,0,0.3,0.1,0,0.3,-0.303111674903827,0.443335870134698,-1.15268765347346,0.543446654158886,0.93,0,0,"no"
-0.3,-0.1,0,0.3,0.1,0,0.6,-0.305022864193974,0.684010272215556,-1.60562813489046,0.976864271701443,0.82,0.97,0.8,"yes"
-0.3,-0.1,0,0.3,0.1,0,0.9,-0.306934053484122,0.958397527778088,-2.13899136935355,1.50125812594976,0.74,1,0.74,"no"
-0.3,-0.1,0,0.3,0.1,0,1,-0.307571116580838,1.05290479924115,-2.32239633925745,1.68038780764283,0.72,1,0.72,"no"
-0.3,-0.1,0,0.3,0.1,0.5,0.3,-0.303111674903827,0.44299045921617,-1.17672245129113,0.522206168767165,0.93,0,0,"no"
-0.3,-0.1,0,0.3,0.1,0.5,0.6,-0.305022864193974,0.683832324352783,-1.6189812020899,0.968741243803659,0.82,0.97,0.8,"yes"
-0.3,-0.1,0,0.3,0.1,0.5,0.9,-0.306934053484122,0.958301031775882,-2.14521697897244,1.49124024712239,0.74,1,0.74,"no"
-0.3,-0.1,0,0.3,0.1,0.5,1,-0.307571116580838,1.05282602491191,-2.32807075525194,1.66986006921362,0.72,1,0.72,"no"
-0.3,-0.1,0,0.3,0.2,-0.5,0.3,-0.303111674903827,0.475066890633839,-1.17140290929634,0.633575338127132,0.93,0,0,"no"
-0.3,-0.1,0,0.3,0.2,-0.5,0.6,-0.305022864193974,0.704675870343462,-1.62433315294612,1.0350173443167,0.82,0.99,0.81,"yes"
-0.3,-0.1,0,0.3,0.2,-0.5,0.9,-0.306934053484122,0.973016105572481,-2.15600787815048,1.53175531400335,0.74,1,0.74,"no"
-0.3,-0.1,0,0.3,0.2,-0.5,1,-0.307571116580838,1.06615452275617,-2.33997043081437,1.70656758424398,0.72,1,0.72,"no"
-0.3,-0.1,0,0.3,0.2,0,0.3,-0.303111674903827,0.474252559378369,-1.20081453582548,0.602756101917536,0.93,0,0,"no"
-0.3,-0.1,0,0.3,0.2,0,0.6,-0.305022864193974,0.703867398820247,-1.64053313640463,1.01620858569694,0.82,1,0.82,"yes"
-0.3,-0.1,0,0.3,0.2,0,0.9,-0.306934053484122,0.972256908986531,-2.16081405764215,1.52066609342408,0.74,1,0.74,"no"
-0.3,-0.1,0,0.3,0.2,0,1,-0.307571116580838,1.06541007883009,-2.34027387587265,1.69961261506504,0.72,1,0.72,"no"
-0.3,-0.1,0,0.3,0.2,0.5,0.3,-0.303111674903827,0.47273912425937,-1.2370935059594,0.578536355443011,0.93,0,0,"no"
-0.3,-0.1,0,0.3,0.2,0.5,0.6,-0.305022864193974,0.702956364328969,-1.67048374680257,1.00124424837322,0.82,0.99,0.81,"yes"
-0.3,-0.1,0,0.3,0.2,0.5,0.9,-0.306934053484122,0.971663020644551,-2.18209534725942,1.51543351601658,0.74,1,0.74,"no"
-0.3,-0.1,0,0.3,0.2,0.5,1,-0.307571116580838,1.06488699771227,-2.35764221403262,1.69615619665971,0.72,1,0.72,"no"
-0.3,-0.1,0,0.3,0.3,-0.5,0.3,-0.303111674903827,0.523684940583776,-1.27116609437724,0.739102924556136,0.93,0.03,0.03,"no"
-0.3,-0.1,0,0.3,0.3,-0.5,0.6,-0.305022864193974,0.737959971291526,-1.69078016523024,1.10493604909808,0.82,1,0.82,"yes"
-0.3,-0.1,0,0.3,0.3,-0.5,0.9,-0.306934053484122,0.997091301164497,-2.20452097992435,1.57487491280687,0.74,1,0.74,"no"
-0.3,-0.1,0,0.3,0.3,-0.5,1,-0.307571116580838,1.08807758905447,-2.38043754945803,1.74471851908867,0.72,1,0.72,"no"
-0.3,-0.1,0,0.3,0.3,0,0.3,-0.303111674903827,0.522259276716504,-1.3014125689331,0.699261212832526,0.93,0.03,0.03,"no"
-0.3,-0.1,0,0.3,0.3,0,0.6,-0.305022864193974,0.736568751683244,-1.70644116648506,1.079478574058,0.82,1,0.82,"yes"
-0.3,-0.1,0,0.3,0.3,0,0.9,-0.306934053484122,0.995804678147983,-2.20730110672573,1.57028172067192,0.74,1,0.74,"no"
-0.3,-0.1,0,0.3,0.3,0,1,-0.307571116580838,1.08682246879361,-2.38465671081,1.74275397122758,0.72,1,0.72,"no"
-0.3,-0.1,0,0.3,0.3,0.5,0.3,-0.303111674903827,0.519000780759886,-1.3230715579683,0.674352928860147,0.93,0.02,0.02,"no"
-0.3,-0.1,0,0.3,0.3,0.5,0.6,-0.305022864193974,0.734443199224405,-1.7322727946191,1.07179681195419,0.82,1,0.82,"yes"
-0.3,-0.1,0,0.3,0.3,0.5,0.9,-0.306934053484122,0.994338815537554,-2.22961314413828,1.55921556877758,0.74,1,0.74,"no"
-0.3,-0.1,0,0.3,0.3,0.5,1,-0.307571116580838,1.0855090500545,-2.40095295833246,1.73172505080735,0.72,1,0.72,"no"
-0.3,0,0,0.1,0.1,-0.5,0.3,-0.302311351161374,0.330227712932657,-0.934086789426555,0.318540639089936,1,0,0,"no"
-0.3,0,0,0.1,0.1,-0.5,0.6,-0.304222540451522,0.614916170294206,-1.48288177003641,0.858209638510495,0.91,0.58,0.52,"no"
-0.3,0,0,0.1,0.1,-0.5,0.9,-0.306133729741669,0.909178783149714,-2.05462787630908,1.41255299471957,0.79,1,0.79,"no"
-0.3,0,0,0.1,0.1,-0.5,1,-0.306770792838385,1.00795417505795,-2.24505929891391,1.6012084177886,0.77,1,0.77,"no"
-0.3,0,0,0.1,0.1,0,0.3,-0.302311351161374,0.329823142240748,-0.932061566252341,0.320534817905481,1,0,0,"no"
-0.3,0,0,0.1,0.1,0,0.6,-0.304222540451522,0.614567108094264,-1.4812374742532,0.859432035427797,0.91,0.56,0.5,"no"
-0.3,0,0,0.1,0.1,0,0.9,-0.306133729741669,0.908854493863011,-2.04651937626877,1.41919015470935,0.79,1,0.79,"no"
-0.3,0,0,0.1,0.1,0,1,-0.306770792838385,1.00763515447771,-2.23634513858551,1.60800719462463,0.77,1,0.77,"no"
-0.3,0,0,0.1,0.1,0.5,0.3,-0.302311351161374,0.329324634766048,-0.933071197163809,0.318031426612061,1,0,0,"no"
-0.3,0,0,0.1,0.1,0.5,0.6,-0.304222540451522,0.614349817077154,-1.47661159812595,0.862738776299252,0.91,0.54,0.48,"no"
-0.3,0,0,0.1,0.1,0.5,0.9,-0.306133729741669,0.908739041707212,-2.0399736050825,1.42669336421907,0.79,1,0.79,"no"
-0.3,0,0,0.1,0.1,0.5,1,-0.306770792838385,1.00754036873734,-2.22985979533502,1.61382704195213,0.77,1,0.77,"no"
-0.3,0,0,0.1,0.2,-0.5,0.3,-0.302311351161374,0.371616581686334,-1.0183919239464,0.404232639735017,1,0,0,"no"
-0.3,0,0,0.1,0.2,-0.5,0.6,-0.304222540451522,0.637648058715122,-1.53141692983544,0.898793228200928,0.91,0.79,0.71,"no"
-0.3,0,0,0.1,0.2,-0.5,0.9,-0.306133729741669,0.924364474708045,-2.07789066610497,1.44040153647498,0.79,1,0.79,"no"
-0.3,0,0,0.1,0.2,-0.5,1,-0.306770792838385,1.02156850194713,-2.26460791734066,1.62578979754589,0.77,1,0.77,"no"
-0.3,0,0,0.1,0.2,0,0.3,-0.302311351161374,0.370597983324334,-1.02271261235275,0.40706070105159,1,0,0,"no"
-0.3,0,0,0.1,0.2,0,0.6,-0.304222540451522,0.636791354958782,-1.52434249730373,0.911036157891784,0.91,0.8,0.71,"no"
-0.3,0,0,0.1,0.2,0,0.9,-0.306133729741669,0.923600040633006,-2.07069359428905,1.44437382770354,0.79,1,0.79,"no"
-0.3,0,0,0.1,0.2,0,1,-0.306770792838385,1.02082468108697,-2.25747126930259,1.62686511850875,0.77,1,0.77,"no"
-0.3,0,0,0.1,0.2,0.5,0.3,-0.302311351161374,0.368618135210722,-1.01789192938658,0.408757087203059,1,0,0,"no"
-0.3,0,0,0.1,0.2,0.5,0.6,-0.304222540451522,0.635754277561712,-1.52146756119115,0.908697293965031,0.91,0.74,0.67,"no"
-0.3,0,0,0.1,0.2,0.5,0.9,-0.306133729741669,0.922950953518141,-2.07253068934488,1.45501140908202,0.79,1,0.79,"no"
-0.3,0,0,0.1,0.2,0.5,1,-0.306770792838385,1.02025651681864,-2.25841708983789,1.64098099967556,0.77,1,0.77,"no"
-0.3,0,0,0.1,0.3,-0.5,0.3,-0.302311351161374,0.432193301564858,-1.13779858976019,0.528751652902478,1,0,0,"no"
-0.3,0,0,0.1,0.3,-0.5,0.6,-0.304222540451522,0.674422747742992,-1.60862607736898,0.969658169515053,0.91,0.91,0.82,"yes"
-0.3,0,0,0.1,0.3,-0.5,0.9,-0.306133729741669,0.949802466231118,-2.14070595466609,1.48830334476432,0.79,1,0.79,"no"
-0.3,0,0,0.1,0.3,-0.5,1,-0.306770792838385,1.04454464508692,-2.32416381753343,1.66881305524302,0.77,1,0.77,"no"
-0.3,0,0,0.1,0.3,0,0.3,-0.302311351161374,0.430523617690314,-1.1491441474518,0.528123237035714,1,0,0,"no"
-0.3,0,0,0.1,0.3,0,0.6,-0.304222540451522,0.672952597421336,-1.60674365346588,0.981308195019561,0.91,0.92,0.83,"yes"
-0.3,0,0,0.1,0.3,0,0.9,-0.306133729741669,0.948501281735048,-2.12688152784899,1.50284806491473,0.79,1,0.79,"no"
-0.3,0,0,0.1,0.3,0,1,-0.306770792838385,1.04328476209957,-2.30637608677912,1.67759162423113,0.77,1,0.77,"no"
-0.3,0,0,0.1,0.3,0.5,0.3,-0.302311351161374,0.426522074922465,-1.1342407819581,0.522287565235776,1,0,0,"no"
-0.3,0,0,0.1,0.3,0.5,0.6,-0.304222540451522,0.67058867046727,-1.59148376106775,0.98389304352213,0.91,0.91,0.82,"yes"
-0.3,0,0,0.1,0.3,0.5,0.9,-0.306133729741669,0.946930336778494,-2.1182964839936,1.50456672270186,0.79,1,0.79,"no"
-0.3,0,0,0.1,0.3,0.5,1,-0.306770792838385,1.04188632812072,-2.30164473746395,1.68397201204217,0.77,1,0.77,"no"
-0.3,0,0,0.2,0.1,-0.5,0.3,-0.3027115130326,0.371541450118645,-1.00483541127586,0.397948878998434,0.98,0,0,"no"
-0.3,0,0,0.2,0.1,-0.5,0.6,-0.304622702322748,0.638545394605872,-1.52261571820549,0.899591337708204,0.87,0.78,0.68,"no"
-0.3,0,0,0.2,0.1,-0.5,0.9,-0.306533891612896,0.925643910694917,-2.08422506483126,1.44523601876394,0.77,1,0.77,"no"
-0.3,0,0,0.2,0.1,-0.5,1,-0.307170954709611,1.02292586406678,-2.27187743081551,1.6272373284461,0.76,1,0.76,"no"
-0.3,0,0,0.2,0.1,0,0.3,-0.3027115130326,0.371200262494989,-1.00213684870602,0.392593201842935,0.98,0,0,"no"
-0.3,0,0,0.2,0.1,0,0.6,-0.304622702322748,0.638216689964993,-1.52301138300406,0.898797847497317,0.87,0.79,0.69,"no"
-0.3,0,0,0.2,0.1,0,0.9,-0.306533891612896,0.92532968696118,-2.08043979062385,1.44494928022671,0.77,1,0.77,"no"
-0.3,0,0,0.2,0.1,0,1,-0.307170954709611,1.02261526419534,-2.26793546270362,1.62737762139392,0.76,1,0.76,"no"
-0.3,0,0,0.2,0.1,0.5,0.3,-0.3027115130326,0.370753544978671,-1.00820556008365,0.396763349590674,0.98,0,0,"no"
-0.3,0,0,0.2,0.1,0.5,0.6,-0.304622702322748,0.638011501201463,-1.52108513302652,0.895106281906108,0.87,0.8,0.7,"no"
-0.3,0,0,0.2,0.1,0.5,0.9,-0.306533891612896,0.925220283681688,-2.07610863796616,1.44505990184148,0.77,1,0.77,"no"
-0.3,0,0,0.2,0.1,0.5,1,-0.307170954709611,1.02252565522196,-2.26322254349978,1.63103074393169,0.76,1,0.76,"no"
-0.3,0,0,0.2,0.2,-0.5,0.3,-0.3027115130326,0.408799765012117,-1.08089986877019,0.477543492537768,0.98,0,0,"no"
-0.3,0,0,0.2,0.2,-0.5,0.6,-0.304622702322748,0.660455425865313,-1.56817357885311,0.937081278179872,0.87,0.92,0.79,"no"
-0.3,0,0,0.2,0.2,-0.5,0.9,-0.306533891612896,0.940554539399532,-2.10772007875202,1.46613307750545,0.77,1,0.77,"no"
-0.3,0,0,0.2,0.2,-0.5,1,-0.307170954709611,1.03633482791374,-2.29248988401954,1.64926170634285,0.76,1,0.76,"no"
-0.3,0,0,0.2,0.2,0,0.3,-0.3027115130326,0.407919667048364,-1.08018295756842,0.475801046109874,0.98,0,0,"no"
-0.3,0,0,0.2,0.2,0,0.6,-0.304622702322748,0.659646284481495,-1.56412313250468,0.941069635810961,0.87,0.89,0.76,"no"
-0.3,0,0,0.2,0.2,0,0.9,-0.306533891612896,0.939812822156238,-2.10554890754832,1.46958532701007,0.77,1,0.77,"no"
-0.3,0,0,0.2,0.2,0,1,-0.307170954709611,1.03560978448567,-2.29069995753538,1.65226287098761,0.76,1,0.76,"no"
-0.3,0,0,0.2,0.2,0.5,0.3,-0.3027115130326,0.406104746682511,-1.08298585042774,0.482562612538877,0.98,0,0,"no"
-0.3,0,0,0.2,0.2,0.5,0.6,-0.304622702322748,0.658649269532096,-1.56614239432762,0.936062853224122,0.87,0.89,0.77,"no"
-0.3,0,0,0.2,0.2,0.5,0.9,-0.306533891612896,0.939181344986783,-2.1016598293989,1.4662703486701,0.77,1,0.77,"no"
-0.3,0,0,0.2,0.2,0.5,1,-0.307170954709611,1.03505610582721,-2.28460168777587,1.6511770764341,0.76,1,0.76,"no"
-0.3,0,0,0.2,0.3,-0.5,0.3,-0.3027115130326,0.464610090940428,-1.19703186488191,0.594278990992581,0.98,0,0,"no"
-0.3,0,0,0.2,0.3,-0.5,0.6,-0.304622702322748,0.69602222490399,-1.64072499474787,1.00950174520602,0.87,0.98,0.85,"yes"
-0.3,0,0,0.2,0.3,-0.5,0.9,-0.306533891612896,0.965557372034763,-2.15983644486018,1.51239237388788,0.77,1,0.77,"no"
-0.3,0,0,0.2,0.3,-0.5,1,-0.307170954709611,1.0589820703853,-2.34111144820701,1.68720335092841,0.76,1,0.76,"no"
-0.3,0,0,0.2,0.3,0,0.3,-0.3027115130326,0.463118908614384,-1.20546085205682,0.586769117996311,0.98,0,0,"no"
-0.3,0,0,0.2,0.3,0,0.6,-0.304622702322748,0.694626416430777,-1.64118659013042,1.01511735824126,0.87,0.96,0.83,"yes"
-0.3,0,0,0.2,0.3,0,0.9,-0.306533891612896,0.964292677604656,-2.15303782024802,1.53138402068086,0.77,1,0.77,"no"
-0.3,0,0,0.2,0.3,0,1,-0.307170954709611,1.0577523187598,-2.32957256572722,1.7027368746262,0.76,1,0.76,"no"
-0.3,0,0,0.2,0.3,0.5,0.3,-0.3027115130326,0.459374617501966,-1.19217745970346,0.586822770711639,0.98,0,0,"no"
-0.3,0,0,0.2,0.3,0.5,0.6,-0.304622702322748,0.692338268880102,-1.64380722460355,1.02050416370511,0.87,0.98,0.85,"yes"
-0.3,0,0,0.2,0.3,0.5,0.9,-0.306533891612896,0.962754965058457,-2.15091615782044,1.52196588432813,0.77,1,0.77,"no"
-0.3,0,0,0.2,0.3,0.5,1,-0.307170954709611,1.05638089600857,-2.33124237733873,1.69704031219968,0.76,1,0.76,"no"
-0.3,0,0,0.3,0.1,-0.5,0.3,-0.303111674903827,0.431137683272847,-1.11286796521839,0.518378199504803,0.93,0,0,"no"
-0.3,0,0,0.3,0.1,-0.5,0.6,-0.305022864193974,0.675488487782358,-1.58602685153522,0.966540515600185,0.82,0.96,0.79,"no"
-0.3,0,0,0.3,0.1,-0.5,0.9,-0.306934053484122,0.951835007779825,-2.12558329797695,1.49503619074799,0.74,1,0.74,"no"
-0.3,0,0,0.3,0.1,-0.5,1,-0.307571116580838,1.04678202458678,-2.31222129958812,1.6749783459246,0.72,1,0.72,"no"
-0.3,0,0,0.3,0.1,0,0.3,-0.303111674903827,0.430855928228265,-1.11486632405474,0.512722160111537,0.93,0,0,"no"
-0.3,0,0,0.3,0.1,0,0.6,-0.305022864193974,0.675185185562906,-1.58205817478343,0.957534145059496,0.82,0.96,0.79,"no"
-0.3,0,0,0.3,0.1,0,0.9,-0.306934053484122,0.951534038617515,-2.12623296968088,1.48833219777408,0.74,1,0.74,"no"
-0.3,0,0,0.3,0.1,0,1,-0.307571116580838,1.04648254958495,-2.31174615083859,1.66856063813106,0.72,1,0.72,"no"
-0.3,0,0,0.3,0.1,0.5,0.3,-0.303111674903827,0.430463339355793,-1.12138325333788,0.517218527921302,0.93,0,0,"no"
-0.3,0,0,0.3,0.1,0.5,0.6,-0.305022864193974,0.674992704630635,-1.58683136988412,0.958206121479151,0.82,0.97,0.8,"yes"
-0.3,0,0,0.3,0.1,0.5,0.9,-0.306934053484122,0.951430628050633,-2.12782699885054,1.48553030468327,0.74,1,0.74,"no"
-0.3,0,0,0.3,0.1,0.5,1,-0.307571116580838,1.04639800900472,-2.31300634590583,1.66467817777657,0.72,1,0.72,"no"
-0.3,0,0,0.3,0.2,-0.5,0.3,-0.303111674903827,0.463686080195707,-1.17745306911648,0.585980197070886,0.93,0,0,"no"
-0.3,0,0,0.3,0.2,-0.5,0.6,-0.305022864193974,0.696236890881591,-1.62849142946184,0.998758791761024,0.82,0.98,0.81,"yes"
-0.3,0,0,0.3,0.2,-0.5,0.9,-0.306934053484122,0.966335586807513,-2.15011691388972,1.5104843114196,0.74,1,0.74,"no"
-0.3,0,0,0.3,0.2,-0.5,1,-0.307571116580838,1.05988297652606,-2.33460686991137,1.68913761628722,0.72,1,0.72,"no"
-0.3,0,0,0.3,0.2,0,0.3,-0.303111674903827,0.46294751123493,-1.18243458689242,0.580626644236568,0.93,0,0,"no"
-0.3,0,0,0.3,0.2,0,0.6,-0.305022864193974,0.695489295070168,-1.62237002368866,0.995779326742456,0.82,0.98,0.81,"yes"
-0.3,0,0,0.3,0.2,0,0.9,-0.306934053484122,0.965624796687006,-2.14705097138225,1.51156921923313,0.74,1,0.74,"no"
-0.3,0,0,0.3,0.2,0,1,-0.307571116580838,1.05918356321733,-2.33256513043523,1.6899503932153,0.72,1,0.72,"no"
-0.3,0,0,0.3,0.2,0.5,0.3,-0.303111674903827,0.461324820822496,-1.18466214629392,0.586337198685759,0.93,0,0,"no"
-0.3,0,0,0.3,0.2,0.5,0.6,-0.305022864193974,0.694541850949498,-1.63058844471306,1.00166216190707,0.82,0.98,0.81,"yes"
-0.3,0,0,0.3,0.2,0.5,0.9,-0.306934053484122,0.965014022500106,-2.14734850266583,1.50549669186611,0.74,1,0.74,"no"
-0.3,0,0,0.3,0.2,0.5,1,-0.307571116580838,1.05864658631895,-2.32886912863082,1.68412973114006,0.72,1,0.72,"no"
-0.3,0,0,0.3,0.3,-0.5,0.3,-0.303111674903827,0.513652751580955,-1.28389505672172,0.68651859796731,0.93,0.03,0.03,"no"
-0.3,0,0,0.3,0.3,-0.5,0.6,-0.305022864193974,0.730069582044035,-1.69428509858483,1.07367538176393,0.82,1,0.82,"yes"
-0.3,0,0,0.3,0.3,-0.5,0.9,-0.306934053484122,0.99068313879797,-2.20226036827966,1.55562191726981,0.74,1,0.74,"no"
-0.3,0,0,0.3,0.3,-0.5,1,-0.307571116580838,1.08203179595134,-2.37803898929686,1.72571535639545,0.72,1,0.72,"no"
-0.3,0,0,0.3,0.3,0,0.3,-0.303111674903827,0.512363439427604,-1.29143137026583,0.679446454053676,0.93,0.01,0.01,"no"
-0.3,0,0,0.3,0.3,0,0.6,-0.305022864193974,0.728773166474737,-1.68898662587754,1.07501242303407,0.82,1,0.82,"yes"
-0.3,0,0,0.3,0.3,0,0.9,-0.306934053484122,0.989469426722243,-2.19618469875702,1.56160445371644,0.74,1,0.74,"no"
-0.3,0,0,0.3,0.3,0,1,-0.307571116580838,1.08084423497893,-2.37185866881564,1.73174402088965,0.72,1,0.72,"no"
-0.3,0,0,0.3,0.3,0.5,0.3,-0.303111674903827,0.508943731250329,-1.28176727565378,0.682852194512108,0.93,0.02,0.02,"no"
-0.3,0,0,0.3,0.3,0.5,0.6,-0.305022864193974,0.726585002942832,-1.70132471746107,1.0800924015817,0.82,1,0.82,"yes"
-0.3,0,0,0.3,0.3,0.5,0.9,-0.306934053484122,0.987973904298143,-2.19921359149143,1.55409427983618,0.74,1,0.74,"no"
-0.3,0,0,0.3,0.3,0.5,1,-0.307571116580838,1.0795064984875,-2.37378181066229,1.72523712047697,0.72,1,0.72,"no"
-0.3,0.1,0,0.1,0.1,-0.5,0.3,-0.302311351161374,0.343615982179202,-0.975149123244973,0.342186355168262,1,0,0,"no"
-0.3,0.1,0,0.1,0.1,-0.5,0.6,-0.304222540451522,0.621301418705387,-1.50721615685424,0.870694627499242,0.91,0.65,0.59,"no"
-0.3,0.1,0,0.1,0.1,-0.5,0.9,-0.306133729741669,0.912889484181106,-2.06538076430782,1.42168803364289,0.79,1,0.79,"no"
-0.3,0.1,0,0.1,0.1,-0.5,1,-0.306770792838385,1.01111573959392,-2.25405034921288,1.60864719199406,0.77,1,0.77,"no"
-0.3,0.1,0,0.1,0.1,0,0.3,-0.302311351161374,0.343299164215675,-0.967327369145033,0.351907916478523,1,0,0,"no"
-0.3,0.1,0,0.1,0.1,0,0.6,-0.304222540451522,0.620999904217036,-1.50042686419944,0.874764680540162,0.91,0.64,0.58,"no"
-0.3,0.1,0,0.1,0.1,0,0.9,-0.306133729741669,0.912597062856894,-2.06161581261025,1.42794629634361,0.79,1,0.79,"no"
-0.3,0.1,0,0.1,0.1,0,1,-0.306770792838385,1.01082538946706,-2.25038753736421,1.61534942466293,0.77,1,0.77,"no"
-0.3,0.1,0,0.1,0.1,0.5,0.3,-0.302311351161374,0.342806266683811,-0.952916393824662,0.364853599288389,1,0,0,"no"
-0.3,0.1,0,0.1,0.1,0.5,0.6,-0.304222540451522,0.620779242469822,-1.49257775217636,0.878363645284218,0.91,0.61,0.55,"no"
-0.3,0.1,0,0.1,0.1,0.5,0.9,-0.306133729741669,0.912478424191144,-2.05546024981391,1.43330393269303,0.79,1,0.79,"no"
-0.3,0.1,0,0.1,0.1,0.5,1,-0.306770792838385,1.01072760293777,-2.24384375974402,1.62095229411597,0.77,1,0.77,"no"
-0.3,0.1,0,0.1,0.2,-0.5,0.3,-0.302311351161374,0.383792386031181,-1.05848560684359,0.420268802206933,1,0,0,"no"
-0.3,0.1,0,0.1,0.2,-0.5,0.6,-0.304222540451522,0.643951207169453,-1.55192331555354,0.918162456897425,0.91,0.82,0.75,"no"
-0.3,0.1,0,0.1,0.2,-0.5,0.9,-0.306133729741669,0.928114953738249,-2.09746650273938,1.45074348122765,0.79,1,0.79,"no"
-0.3,0.1,0,0.1,0.2,-0.5,1,-0.306770792838385,1.02477916609952,-2.28433551281088,1.63175861131836,0.77,1,0.77,"no"
-0.3,0.1,0,0.1,0.2,0,0.3,-0.302311351161374,0.38294498114854,-1.04599190096896,0.430820303936706,1,0,0,"no"
-0.3,0.1,0,0.1,0.2,0,0.6,-0.304222540451522,0.643188173276542,-1.54625897913618,0.916181249658213,0.91,0.81,0.73,"no"
-0.3,0.1,0,0.1,0.2,0,0.9,-0.306133729741669,0.92741340445067,-2.08678534064442,1.4546189481329,0.79,1,0.79,"no"
-0.3,0.1,0,0.1,0.2,0,1,-0.306770792838385,1.02409194761891,-2.27426693988331,1.63914404894236,0.77,1,0.77,"no"
-0.3,0.1,0,0.1,0.2,0.5,0.3,-0.302311351161374,0.381000100581184,-1.03036766371145,0.43675340733405,1,0,0,"no"
-0.3,0.1,0,0.1,0.2,0.5,0.6,-0.304222540451522,0.642149209538832,-1.52848804747539,0.92394314032111,0.91,0.79,0.71,"no"
-0.3,0.1,0,0.1,0.2,0.5,0.9,-0.306133729741669,0.926759398908224,-2.07736740960173,1.46627935301197,0.79,1,0.79,"no"
-0.3,0.1,0,0.1,0.2,0.5,1,-0.306770792838385,1.02351882127328,-2.26702782056691,1.65019114110657,0.77,1,0.77,"no"
-0.3,0.1,0,0.1,0.3,-0.5,0.3,-0.302311351161374,0.442933641878245,-1.17835080158747,0.532902372927297,1,0,0,"no"
-0.3,0.1,0,0.1,0.3,-0.5,0.6,-0.304222540451522,0.680528458838879,-1.62549349550758,0.985107478845897,0.91,0.95,0.86,"yes"
-0.3,0.1,0,0.1,0.3,-0.5,0.9,-0.306133729741669,0.95355407734521,-2.15096078614281,1.50348372887879,0.79,1,0.79,"no"
-0.3,0.1,0,0.1,0.3,-0.5,1,-0.306770792838385,1.04777677343111,-2.3278241889958,1.67853831758201,0.77,1,0.77,"no"
-0.3,0.1,0,0.1,0.3,0,0.3,-0.302311351161374,0.44151053944885,-1.16504905245707,0.544174041226506,1,0,0,"no"
-0.3,0.1,0,0.1,0.3,0,0.6,-0.304222540451522,0.679197399610263,-1.62028423633379,0.992963610965735,0.91,0.95,0.86,"yes"
-0.3,0.1,0,0.1,0.3,0,0.9,-0.306133729741669,0.952346480221403,-2.14365380270367,1.5044339079312,0.79,1,0.79,"no"
-0.3,0.1,0,0.1,0.3,0,1,-0.306770792838385,1.04660112914273,-2.32360135535504,1.68221251442012,0.77,1,0.77,"no"
-0.3,0.1,0,0.1,0.3,0.5,0.3,-0.302311351161374,0.43756797098229,-1.14163100878535,0.554598754480764,1,0,0,"no"
-0.3,0.1,0,0.1,0.3,0.5,0.6,-0.304222540451522,0.676834852508856,-1.60776470033914,0.997168094067687,0.91,0.96,0.87,"yes"
-0.3,0.1,0,0.1,0.3,0.5,0.9,-0.306133729741669,0.950769586617819,-2.11888924609519,1.5158020416944,0.79,1,0.79,"no"
-0.3,0.1,0,0.1,0.3,0.5,1,-0.306770792838385,1.0451962829357,-2.29982856349203,1.69663964046701,0.77,1,0.77,"no"
-0.3,0.1,0,0.2,0.1,-0.5,0.3,-0.3027115130326,0.38351835137463,-1.04875711890471,0.405703387159364,0.98,0,0,"no"
-0.3,0.1,0,0.2,0.1,-0.5,0.6,-0.304622702322748,0.644706193982911,-1.54401111743001,0.909961846424201,0.87,0.85,0.74,"no"
-0.3,0.1,0,0.2,0.1,-0.5,0.9,-0.306533891612896,0.929295445467254,-2.09589566587665,1.45348680849039,0.77,1,0.77,"no"
-0.3,0.1,0,0.2,0.1,-0.5,1,-0.307170954709611,1.02604735062453,-2.28183097442787,1.63539678486755,0.76,1,0.76,"no"
-0.3,0.1,0,0.2,0.1,0,0.3,-0.3027115130326,0.383237937788017,-1.03173939355521,0.428470225538133,0.98,0,0,"no"
-0.3,0.1,0,0.2,0.1,0,0.6,-0.304622702322748,0.64441992968142,-1.53521750196923,0.911344359334472,0.87,0.85,0.74,"no"
-0.3,0.1,0,0.2,0.1,0,0.9,-0.306533891612896,0.929011452334501,-2.09179716392757,1.45508600075558,0.77,1,0.77,"no"
-0.3,0.1,0,0.2,0.1,0,1,-0.307170954709611,1.02576421259068,-2.27827585586358,1.63733110533479,0.76,1,0.76,"no"
-0.3,0.1,0,0.2,0.1,0.5,0.3,-0.3027115130326,0.382780216720376,-1.01745137506476,0.448378000509158,0.98,0,0,"no"
-0.3,0.1,0,0.2,0.1,0.5,0.6,-0.304622702322748,0.644208719627509,-1.52978199851914,0.92044713837839,0.87,0.85,0.75,"no"
-0.3,0.1,0,0.2,0.1,0.5,0.9,-0.306533891612896,0.928898074071954,-2.08667979127678,1.45479638544776,0.77,1,0.77,"no"
-0.3,0.1,0,0.2,0.1,0.5,1,-0.307170954709611,1.02567103397302,-2.27357074003511,1.6391035419009,0.76,1,0.76,"no"
-0.3,0.1,0,0.2,0.2,-0.5,0.3,-0.3027115130326,0.419926440585596,-1.12986618472475,0.476025675437888,0.98,0,0,"no"
-0.3,0.1,0,0.2,0.2,-0.5,0.6,-0.304622702322748,0.666552619823494,-1.59070148736045,0.953131378741998,0.87,0.92,0.79,"no"
-0.3,0.1,0,0.2,0.2,-0.5,0.9,-0.306533891612896,0.944247144184924,-2.12346819600105,1.48039808708124,0.77,1,0.77,"no"
-0.3,0.1,0,0.2,0.2,-0.5,1,-0.307170954709611,1.03950577783858,-2.30782800439036,1.660497108743,0.76,1,0.76,"no"
-0.3,0.1,0,0.2,0.2,0,0.3,-0.3027115130326,0.419171939393614,-1.11107591956436,0.497686631425244,0.98,0,0,"no"
-0.3,0.1,0,0.2,0.2,0,0.6,-0.304622702322748,0.665827415295939,-1.58226499798739,0.959082553975393,0.87,0.93,0.8,"yes"
-0.3,0.1,0,0.2,0.2,0,0.9,-0.306533891612896,0.943565111716714,-2.11372038932,1.47678885898679,0.77,1,0.77,"no"
-0.3,0.1,0,0.2,0.2,0,1,-0.307170954709611,1.03883496687334,-2.29874086801177,1.65620345280652,0.76,1,0.76,"no"
-0.3,0.1,0,0.2,0.2,0.5,0.3,-0.3027115130326,0.417359525004815,-1.08982651287355,0.52156773721742,0.98,0,0,"no"
-0.3,0.1,0,0.2,0.2,0.5,0.6,-0.304622702322748,0.664823068174119,-1.56684994412022,0.970830231915288,0.87,0.94,0.82,"yes"
-0.3,0.1,0,0.2,0.2,0.5,0.9,-0.306533891612896,0.942927108724212,-2.10587829602435,1.48315977731338,0.77,1,0.77,"no"
-0.3,0.1,0,0.2,0.2,0.5,1,-0.307170954709611,1.03827517058514,-2.29002810533826,1.66169566910307,0.76,1,0.76,"no"
-0.3,0.1,0,0.2,0.3,-0.5,0.3,-0.3027115130326,0.474636597429563,-1.24549051688,0.585641557599574,0.98,0,0,"no"
-0.3,0.1,0,0.2,0.3,-0.5,0.6,-0.304622702322748,0.701948901843182,-1.65873297227375,1.01264710030143,0.87,0.99,0.86,"yes"
-0.3,0.1,0,0.2,0.3,-0.5,0.9,-0.306533891612896,0.969254021258275,-2.1764707134592,1.52819429715459,0.77,1,0.77,"no"
-0.3,0.1,0,0.2,0.3,-0.5,1,-0.307170954709611,1.06217580568439,-2.35015694861432,1.70115659530173,0.76,1,0.76,"no"
-0.3,0.1,0,0.2,0.3,0,0.3,-0.3027115130326,0.473339448608762,-1.22295459440445,0.604717592131809,0.98,0,0,"no"
-0.3,0.1,0,0.2,0.3,0,0.6,-0.304622702322748,0.700678724118054,-1.65823609077837,1.03306757346152,0.87,0.98,0.85,"yes"
-0.3,0.1,0,0.2,0.3,0,0.9,-0.306533891612896,0.968078262121893,-2.16989977079278,1.53085900568718,0.77,1,0.77,"no"
-0.3,0.1,0,0.2,0.3,0,1,-0.307170954709611,1.06102682326612,-2.34739017753289,1.70730836193286,0.76,1,0.76,"no"
-0.3,0.1,0,0.2,0.3,0.5,0.3,-0.3027115130326,0.469615787087111,-1.19645161646491,0.624884249317726,0.98,0,0,"no"
-0.3,0.1,0,0.2,0.3,0.5,0.6,-0.304622702322748,0.698384095407699,-1.64417887227696,1.04287203021398,0.87,0.98,0.85,"yes"
-0.3,0.1,0,0.2,0.3,0.5,0.9,-0.306533891612896,0.966532185676185,-2.15081325586366,1.53978165420211,0.77,1,0.77,"no"
-0.3,0.1,0,0.2,0.3,0.5,1,-0.307170954709611,1.05964724532724,-2.32625887960411,1.71431330149242,0.76,1,0.76,"no"
-0.3,0.1,0,0.3,0.1,-0.5,0.3,-0.303111674903827,0.441525435983883,-1.15325892287942,0.518477762804729,0.93,0,0,"no"
-0.3,0.1,0,0.3,0.1,-0.5,0.6,-0.305022864193974,0.681322062326019,-1.60879375602797,0.967134061304369,0.82,0.98,0.81,"yes"
-0.3,0.1,0,0.3,0.1,-0.5,0.9,-0.306934053484122,0.95539109087383,-2.1369621934812,1.49628799819109,0.74,1,0.74,"no"
-0.3,0.1,0,0.3,0.1,-0.5,1,-0.307571116580838,1.04983696384722,-2.32255743298544,1.67772273339115,0.72,1,0.72,"no"
-0.3,0.1,0,0.3,0.1,0,0.3,-0.303111674903827,0.44128151291356,-1.13622470205849,0.542589512649032,0.93,0,0,"no"
-0.3,0.1,0,0.3,0.1,0,0.6,-0.305022864193974,0.681054529509136,-1.59472346580799,0.97476463475568,0.82,0.99,0.82,"yes"
-0.3,0.1,0,0.3,0.1,0,0.9,-0.306934053484122,0.955117963643205,-2.13019830523573,1.49649474214524,0.74,1,0.74,"no"
-0.3,0.1,0,0.3,0.1,0,1,-0.307571116580838,1.04956315786209,-2.31669044134954,1.6775654977745,0.72,1,0.72,"no"
-0.3,0.1,0,0.3,0.1,0.5,0.3,-0.303111674903827,0.440865024743954,-1.11876811997071,0.563470987488083,0.93,0,0,"no"
-0.3,0.1,0,0.3,0.1,0.5,0.6,-0.305022864193974,0.680852652510347,-1.58963599489898,0.985250301713078,0.82,0.99,0.82,"yes"
-0.3,0.1,0,0.3,0.1,0.5,0.9,-0.306934053484122,0.955009404701111,-2.12889853791836,1.4996165856988,0.74,1,0.74,"no"
-0.3,0.1,0,0.3,0.1,0.5,1,-0.307571116580838,1.04947417582786,-2.313969219107,1.67956816361239,0.72,1,0.72,"no"
-0.3,0.1,0,0.3,0.2,-0.5,0.3,-0.303111674903827,0.473551879423558,-1.23048555095873,0.576872892373113,0.93,0,0,"no"
-0.3,0.1,0,0.3,0.2,-0.5,0.6,-0.305022864193974,0.702031285256336,-1.65710354034616,1.00415263741371,0.82,0.99,0.82,"yes"
-0.3,0.1,0,0.3,0.2,-0.5,0.9,-0.306934053484122,0.969934954041034,-2.16567500287449,1.51846144136466,0.74,1,0.74,"no"
-0.3,0.1,0,0.3,0.2,-0.5,1,-0.307571116580838,1.06298821546703,-2.34643872463923,1.69990500890836,0.72,1,0.72,"no"
-0.3,0.1,0,0.3,0.2,0,0.3,-0.303111674903827,0.47289691449465,-1.20280395883826,0.600866113799425,0.93,0,0,"no"
-0.3,0.1,0,0.3,0.2,0,0.6,-0.305022864193974,0.701354889226111,-1.63406917379985,1.01790621784869,0.82,0.99,0.82,"yes"
-0.3,0.1,0,0.3,0.2,0,0.9,-0.306934053484122,0.969279187712246,-2.15225509781598,1.52037830294584,0.74,1,0.74,"no"
-0.3,0.1,0,0.3,0.2,0,1,-0.307571116580838,1.06233952394386,-2.33722960402163,1.69512958766972,0.72,1,0.72,"no"
-0.3,0.1,0,0.3,0.2,0.5,0.3,-0.303111674903827,0.471248636635301,-1.17818531168442,0.636102545897358,0.93,0,0,"no"
-0.3,0.1,0,0.3,0.2,0.5,0.6,-0.305022864193974,0.700393195003032,-1.6232521389441,1.03388219357477,0.82,0.99,0.82,"yes"
-0.3,0.1,0,0.3,0.2,0.5,0.9,-0.306934053484122,0.968659510936011,-2.14783150014498,1.52800401471882,0.74,1,0.74,"no"
-0.3,0.1,0,0.3,0.2,0.5,1,-0.307571116580838,1.06179466806587,-2.3305115467237,1.70007630543041,0.72,1,0.72,"no"
-0.3,0.1,0,0.3,0.3,-0.5,0.3,-0.303111674903827,0.522760574871744,-1.3384050073927,0.670323825619158,0.93,0.03,0.03,"no"
-0.3,0.1,0,0.3,0.3,-0.5,0.6,-0.305022864193974,0.735729864070374,-1.71977427344282,1.06937212821356,0.82,1,0.82,"yes"
-0.3,0.1,0,0.3,0.3,-0.5,0.9,-0.306934053484122,0.994291253906174,-2.21931839648876,1.56746484677856,0.74,1,0.74,"no"
-0.3,0.1,0,0.3,0.3,-0.5,1,-0.307571116580838,1.08516216976579,-2.39130630614869,1.73729509078027,0.72,1,0.72,"no"
-0.3,0.1,0,0.3,0.3,0,0.3,-0.303111674903827,0.521611572999218,-1.31038650066599,0.690616983998015,0.93,0.01,0.01,"no"
-0.3,0.1,0,0.3,0.3,0,0.6,-0.305022864193974,0.734541366633564,-1.71013469606284,1.09380236723099,0.82,1,0.82,"yes"
-0.3,0.1,0,0.3,0.3,0,0.9,-0.306934053484122,0.993159732771874,-2.20590560693534,1.5759587402556,0.74,1,0.74,"no"
-0.3,0.1,0,0.3,0.3,0,1,-0.307571116580838,1.08405026378394,-2.37978677334936,1.74431172066414,0.72,1,0.72,"no"
-0.3,0.1,0,0.3,0.3,0.5,0.3,-0.303111674903827,0.51817564867287,-1.27864371536805,0.729327885055851,0.93,0.02,0.02,"no"
-0.3,0.1,0,0.3,0.3,0.5,0.6,-0.305022864193974,0.732336819047775,-1.69165618335098,1.11288626799562,0.82,1,0.82,"yes"
-0.3,0.1,0,0.3,0.3,0.5,0.9,-0.306934053484122,0.991652337375706,-2.19043242854529,1.58393715384547,0.74,1,0.74,"no"
-0.3,0.1,0,0.3,0.3,0.5,1,-0.307571116580838,1.08270175963115,-2.36777996333292,1.7534926099002,0.72,1,0.72,"no"
-0.3,0.2,0,0.1,0.1,-0.5,0.3,-0.302311351161374,0.383438187259192,-1.06307037616065,0.415989451496861,1,0,0,"no"
-0.3,0.2,0,0.1,0.1,-0.5,0.6,-0.304222540451522,0.643301409137421,-1.55182384981049,0.917735089911107,0.91,0.82,0.74,"no"
-0.3,0.2,0,0.1,0.1,-0.5,0.9,-0.306133729741669,0.927391927687726,-2.0983173521293,1.45498399435722,0.79,1,0.79,"no"
-0.3,0.2,0,0.1,0.1,-0.5,1,-0.306770792838385,1.02404389298645,-2.28377164838843,1.63800906005424,0.77,1,0.77,"no"
-0.3,0.2,0,0.1,0.1,0,0.3,-0.302311351161374,0.383213404613638,-1.05083996969753,0.432461814792473,1,0,0,"no"
-0.3,0.2,0,0.1,0.1,0,0.6,-0.304222540451522,0.643052194856843,-1.54420743206417,0.923584172105533,0.91,0.81,0.73,"no"
-0.3,0.2,0,0.1,0.1,0,0.9,-0.306133729741669,0.927134375934981,-2.09243814870227,1.45817477237733,0.79,1,0.79,"no"
-0.3,0.2,0,0.1,0.1,0,1,-0.306770792838385,1.02378479857397,-2.27714289277402,1.64077134267655,0.77,1,0.77,"no"
-0.3,0.2,0,0.1,0.1,0.5,0.3,-0.302311351161374,0.382765341441134,-1.03370333830417,0.449751645211999,1,0,0,"no"
-0.3,0.2,0,0.1,0.1,0.5,0.6,-0.304222540451522,0.64283546224156,-1.53296669659955,0.928984898329429,0.91,0.81,0.73,"no"
-0.3,0.2,0,0.1,0.1,0.5,0.9,-0.306133729741669,0.927014941009768,-2.08480121509852,1.46159293211679,0.79,1,0.79,"no"
-0.3,0.2,0,0.1,0.1,0.5,1,-0.306770792838385,1.02368578736446,-2.27030470592204,1.64442499211198,0.77,1,0.77,"no"
-0.3,0.2,0,0.1,0.2,-0.5,0.3,-0.302311351161374,0.419930598533525,-1.14901745117422,0.482735412718196,1,0,0,"no"
-0.3,0.2,0,0.1,0.2,-0.5,0.6,-0.304222540451522,0.665313414741383,-1.60772480627639,0.95931873508114,0.91,0.89,0.8,"yes"
-0.3,0.2,0,0.1,0.2,-0.5,0.9,-0.306133729741669,0.942471911817279,-2.135439521855,1.48450290385922,0.79,1,0.79,"no"
-0.3,0.2,0,0.1,0.2,-0.5,1,-0.306770792838385,1.03761935790952,-2.31796773374891,1.66254518674908,0.77,1,0.77,"no"
-0.3,0.2,0,0.1,0.2,0,0.3,-0.302311351161374,0.419255990783111,-1.12517364812765,0.498698011003872,1,0,0,"no"
-0.3,0.2,0,0.1,0.2,0,0.6,-0.304222540451522,0.664652832634893,-1.59675295376659,0.964081805169893,0.91,0.94,0.85,"yes"
-0.3,0.2,0,0.1,0.2,0,0.9,-0.306133729741669,0.941839080527355,-2.12775763979317,1.48596281517127,0.79,1,0.79,"no"
-0.3,0.2,0,0.1,0.2,0,1,-0.306770792838385,1.03699379640191,-2.30945321193091,1.66809873222521,0.77,1,0.77,"no"
-0.3,0.2,0,0.1,0.2,0.5,0.3,-0.302311351161374,0.417472509925098,-1.09012263403036,0.52393061063852,1,0,0,"no"
-0.3,0.2,0,0.1,0.2,0.5,0.6,-0.304222540451522,0.663640418487469,-1.56875328794057,0.97550051861059,0.91,0.94,0.85,"yes"
-0.3,0.2,0,0.1,0.2,0.5,0.9,-0.306133729741669,0.941189790730682,-2.11036753636286,1.49625934203754,0.79,1,0.79,"no"
-0.3,0.2,0,0.1,0.2,0.5,1,-0.306770792838385,1.03642288678469,-2.29599108091449,1.6767382195365,0.77,1,0.77,"no"
-0.3,0.2,0,0.1,0.3,-0.5,0.3,-0.302311351161374,0.474713078519583,-1.26024159412919,0.586110258605005,1,0,0,"no"
-0.3,0.2,0,0.1,0.3,-0.5,0.6,-0.304222540451522,0.700880241910079,-1.67976628105261,1.02959359104209,0.91,0.99,0.9,"yes"
-0.3,0.2,0,0.1,0.3,-0.5,0.9,-0.306133729741669,0.967618782733875,-2.18450069398351,1.53521615045426,0.79,1,0.79,"no"
-0.3,0.2,0,0.1,0.3,-0.5,1,-0.306770792838385,1.06041805575069,-2.36289335344284,1.71083900186402,0.77,1,0.77,"no"
-0.3,0.2,0,0.1,0.3,0,0.3,-0.302311351161374,0.473523636494925,-1.23579856227308,0.608177943997758,1,0,0,"no"
-0.3,0.2,0,0.1,0.3,0,0.6,-0.304222540451522,0.699698708321719,-1.66443052846719,1.03139907165679,0.91,0.99,0.9,"yes"
-0.3,0.2,0,0.1,0.3,0,0.9,-0.306133729741669,0.966512886036508,-2.17352327538633,1.53008381236138,0.79,1,0.79,"no"
-0.3,0.2,0,0.1,0.3,0,1,-0.306770792838385,1.05933380734621,-2.34943507996509,1.70813777618102,0.77,1,0.77,"no"
-0.3,0.2,0,0.1,0.3,0.5,0.3,-0.302311351161374,0.469841658391719,-1.19546975583905,0.638007015394014,1,0,0,"no"
-0.3,0.2,0,0.1,0.3,0.5,0.6,-0.304222540451522,0.697394665846961,-1.643151221649,1.03956503587262,0.91,0.98,0.89,"yes"
-0.3,0.2,0,0.1,0.3,0.5,0.9,-0.306133729741669,0.964950782356081,-2.14905103125188,1.53900785765893,0.79,1,0.79,"no"
-0.3,0.2,0,0.1,0.3,0.5,1,-0.306770792838385,1.05793816658103,-2.32936810248175,1.71576143959838,0.77,1,0.77,"no"
-0.3,0.2,0,0.2,0.1,-0.5,0.3,-0.3027115130326,0.419629241734814,-1.13632607477278,0.475652999537815,0.98,0,0,"no"
-0.3,0.2,0,0.2,0.1,-0.5,0.6,-0.304622702322748,0.665951145030421,-1.59700819286865,0.95467240027335,0.87,0.95,0.83,"yes"
-0.3,0.2,0,0.2,0.1,-0.5,0.9,-0.306533891612896,0.943555260490614,-2.12522519804594,1.48077308720054,0.77,1,0.77,"no"
-0.3,0.2,0,0.2,0.1,-0.5,1,-0.307170954709611,1.03879795111993,-2.31061385575529,1.66035445577853,0.76,1,0.76,"no"
-0.3,0.2,0,0.2,0.1,0,0.3,-0.3027115130326,0.41941695528238,-1.1139069405941,0.503708498440795,0.98,0,0,"no"
-0.3,0.2,0,0.2,0.1,0,0.6,-0.304622702322748,0.66571152558161,-1.58319973173471,0.966817623674193,0.87,0.95,0.83,"yes"
-0.3,0.2,0,0.2,0.1,0,0.9,-0.306533891612896,0.943304234152831,-2.11908946635158,1.4869551455825,0.77,1,0.77,"no"
-0.3,0.2,0,0.2,0.1,0,1,-0.307170954709611,1.03854465714407,-2.30504593502932,1.66509932300358,0.76,1,0.76,"no"
-0.3,0.2,0,0.2,0.1,0.5,0.3,-0.3027115130326,0.418983976734082,-1.08551029155081,0.532534236924612,0.98,0,0,"no"
-0.3,0.2,0,0.2,0.1,0.5,0.6,-0.304622702322748,0.665500853102431,-1.56890884051431,0.97472005929731,0.87,0.96,0.84,"yes"
-0.3,0.2,0,0.2,0.1,0.5,0.9,-0.306533891612896,0.943189010489513,-2.10977886444709,1.4922853595195,0.77,1,0.77,"no"
-0.3,0.2,0,0.2,0.1,0.5,1,-0.307170954709611,1.03844949032857,-2.29499617030952,1.67043732937276,0.76,1,0.76,"no"
-0.3,0.2,0,0.2,0.2,-0.5,0.3,-0.3027115130326,0.453255247527351,-1.22142021751885,0.526409519112336,0.98,0,0,"no"
-0.3,0.2,0,0.2,0.2,-0.5,0.6,-0.304622702322748,0.687231964358404,-1.65029824648995,0.984372710336524,0.87,0.99,0.86,"yes"
-0.3,0.2,0,0.2,0.2,-0.5,0.9,-0.306533891612896,0.958372297141977,-2.1652255916134,1.50639430547721,0.77,1,0.77,"no"
-0.3,0.2,0,0.2,0.2,-0.5,1,-0.307170954709611,1.05217471983366,-2.34502550356249,1.684296961392,0.76,1,0.76,"no"
-0.3,0.2,0,0.2,0.2,0,0.3,-0.3027115130326,0.452631696815587,-1.18317193057499,0.565723933156479,0.98,0,0,"no"
-0.3,0.2,0,0.2,0.2,0,0.6,-0.304622702322748,0.68659832843135,-1.63465473829007,1.00381583295705,0.87,0.99,0.86,"yes"
-0.3,0.2,0,0.2,0.2,0,0.9,-0.306533891612896,0.957755251909358,-2.15047166409884,1.51422465786737,0.77,1,0.77,"no"
-0.3,0.2,0,0.2,0.2,0,1,-0.307170954709611,1.05156279111786,-2.33117614073817,1.69198846650474,0.76,1,0.76,"no"
-0.3,0.2,0,0.2,0.2,0.5,0.3,-0.3027115130326,0.450931191463195,-1.13773414152592,0.607317864630169,0.98,0,0,"no"
-0.3,0.2,0,0.2,0.2,0.5,0.6,-0.304622702322748,0.685612533367622,-1.60583278764932,1.02970719857678,0.87,0.98,0.85,"yes"
-0.3,0.2,0,0.2,0.2,0.5,0.9,-0.306533891612896,0.957119645072791,-2.13073445325338,1.5242025623045,0.77,1,0.77,"no"
-0.3,0.2,0,0.2,0.2,0.5,1,-0.307170954709611,1.05100354746839,-2.31377359170607,1.69956162338932,0.76,1,0.76,"no"
-0.3,0.2,0,0.2,0.3,-0.5,0.3,-0.3027115130326,0.504475326751325,-1.33256145437011,0.625545618135225,0.98,0.01,0.01,"no"
-0.3,0.2,0,0.2,0.3,-0.5,0.6,-0.304622702322748,0.721716420471634,-1.71810690784702,1.05176455460581,0.87,0.99,0.86,"yes"
-0.3,0.2,0,0.2,0.3,-0.5,0.9,-0.306533891612896,0.983104040745728,-2.21729027113603,1.55566921588052,0.77,1,0.77,"no"
-0.3,0.2,0,0.2,0.3,-0.5,1,-0.307170954709611,1.07465618002514,-2.39186823224112,1.72878308631491,0.76,1,0.76,"no"
-0.3,0.2,0,0.2,0.3,0,0.3,-0.3027115130326,0.503365024108412,-1.28658200327879,0.670127822221187,0.98,0.01,0.01,"no"
-0.3,0.2,0,0.2,0.3,0,0.6,-0.304622702322748,0.720580882608898,-1.70266065774095,1.07319343377822,0.87,0.99,0.86,"yes"
-0.3,0.2,0,0.2,0.3,0,0.9,-0.306533891612896,0.9820245911076,-2.20517223050689,1.55342707467032,0.77,1,0.77,"no"
-0.3,0.2,0,0.2,0.3,0,1,-0.307170954709611,1.07359455233017,-2.37829042874048,1.72916898843675,0.76,1,0.76,"no"
-0.3,0.2,0,0.2,0.3,0.5,0.3,-0.3027115130326,0.499838394533426,-1.23350349220792,0.716300689056366,0.98,0.01,0.01,"no"
-0.3,0.2,0,0.2,0.3,0.5,0.6,-0.304622702322748,0.718332295826811,-1.66547502286348,1.09763914601122,0.87,0.99,0.86,"yes"
-0.3,0.2,0,0.2,0.3,0.5,0.9,-0.306533891612896,0.980489622797342,-2.17271530888818,1.58193193139241,0.77,1,0.77,"no"
-0.3,0.2,0,0.2,0.3,0.5,1,-0.307170954709611,1.07222154318981,-2.3490038731569,1.74778942180007,0.76,1,0.76,"no"
-0.3,0.2,0,0.3,0.1,-0.5,0.3,-0.303111674903827,0.473297408282352,-1.23432384864004,0.57643611678033,0.93,0,0,"no"
-0.3,0.2,0,0.3,0.1,-0.5,0.6,-0.305022864193974,0.7014783913263,-1.66268477594409,1.00876484570296,0.82,0.99,0.82,"yes"
-0.3,0.2,0,0.3,0.1,-0.5,0.9,-0.306934053484122,0.969276396603829,-2.16832271856565,1.51987552738622,0.74,1,0.74,"no"
-0.3,0.2,0,0.3,0.1,-0.5,1,-0.307571116580838,1.06230998761723,-2.3505280696066,1.69890851915031,0.72,1,0.72,"no"
-0.3,0.2,0,0.3,0.1,0,0.3,-0.303111674903827,0.473099910364235,-1.20580737546684,0.612298765310392,0.93,0,0,"no"
-0.3,0.2,0,0.3,0.1,0,0.6,-0.305022864193974,0.701250362092677,-1.64581278419693,1.02485903554206,0.82,0.99,0.82,"yes"
-0.3,0.2,0,0.3,0.1,0,0.9,-0.306934053484122,0.969033563053868,-2.15987666271005,1.52767592838138,0.74,1,0.74,"no"
-0.3,0.2,0,0.3,0.1,0,1,-0.307571116580838,1.06206400838086,-2.34420808686708,1.70436475902383,0.72,1,0.72,"no"
-0.3,0.2,0,0.3,0.1,0.5,0.3,-0.303111674903827,0.472689493398498,-1.17408914828761,0.648793246526355,0.93,0,0,"no"
-0.3,0.2,0,0.3,0.1,0.5,0.6,-0.305022864193974,0.701045027491429,-1.62733948475019,1.04697476311275,0.82,0.99,0.82,"yes"
-0.3,0.2,0,0.3,0.1,0.5,0.9,-0.306934053484122,0.968921760017308,-2.15290903554129,1.53890708590611,0.74,1,0.74,"no"
-0.3,0.2,0,0.3,0.1,0.5,1,-0.307571116580838,1.06197199389152,-2.33521592093649,1.71257330678608,0.72,1,0.72,"no"
-0.3,0.2,0,0.3,0.2,-0.5,0.3,-0.303111674903827,0.503414539396307,-1.32111472014155,0.610688085459883,0.93,0.01,0.01,"no"
-0.3,0.2,0,0.3,0.2,-0.5,0.6,-0.305022864193974,0.72171652938584,-1.71210742622646,1.03110966176262,0.82,0.99,0.82,"yes"
-0.3,0.2,0,0.3,0.2,-0.5,0.9,-0.306934053484122,0.983701342223803,-2.20753198578672,1.54451194152742,0.74,1,0.74,"no"
-0.3,0.2,0,0.3,0.2,-0.5,1,-0.307571116580838,1.07538894851594,-2.38285250554497,1.72155220061181,0.72,1,0.72,"no"
-0.3,0.2,0,0.3,0.2,0,0.3,-0.303111674903827,0.502850829922707,-1.26462152044871,0.662362413588006,0.93,0.01,0.01,"no"
-0.3,0.2,0,0.3,0.2,0,0.6,-0.305022864193974,0.721117856267973,-1.68512015631245,1.06756253307605,0.82,0.99,0.82,"yes"
-0.3,0.2,0,0.3,0.2,0,0.9,-0.306934053484122,0.983105305547752,-2.18915429938887,1.55782583959528,0.74,1,0.74,"no"
-0.3,0.2,0,0.3,0.2,0,1,-0.307571116580838,1.07479516301297,-2.36821002191257,1.72787082322181,0.72,1,0.72,"no"
-0.3,0.2,0,0.3,0.2,0.5,0.3,-0.303111674903827,0.501264919144382,-1.21794417949456,0.718785330275328,0.93,0.01,0.01,"no"
-0.3,0.2,0,0.3,0.2,0.5,0.6,-0.305022864193974,0.720164980892234,-1.66254892452669,1.10442403085742,0.82,0.99,0.82,"yes"
-0.3,0.2,0,0.3,0.2,0.5,0.9,-0.306934053484122,0.982484900060936,-2.17316072494059,1.57424406572794,0.74,1,0.74,"no"
-0.3,0.2,0,0.3,0.2,0.5,1,-0.307571116580838,1.07424856707853,-2.3512426268589,1.74717493786835,0.72,1,0.72,"no"
-0.3,0.2,0,0.3,0.3,-0.5,0.3,-0.303111674903827,0.550058580616495,-1.42990466122858,0.696322411669882,0.93,0.1,0.1,"no"
-0.3,0.2,0,0.3,0.3,-0.5,0.6,-0.305022864193974,0.75463553490242,-1.78180256856507,1.0904026059047,0.82,1,0.82,"yes"
-0.3,0.2,0,0.3,0.3,-0.5,0.9,-0.306934053484122,1.00780768788273,-2.26183659755128,1.5874613926537,0.74,1,0.74,"no"
-0.3,0.2,0,0.3,0.3,-0.5,1,-0.307571116580838,1.09738983891616,-2.43347131775393,1.76035395036077,0.72,1,0.72,"no"
-0.3,0.2,0,0.3,0.3,0,0.3,-0.303111674903827,0.549047512995481,-1.36601590244994,0.756622943927904,0.93,0.05,0.05,"no"
-0.3,0.2,0,0.3,0.3,0,0.6,-0.305022864193974,0.753562452271388,-1.7544262860553,1.13336097671735,0.82,1,0.82,"yes"
-0.3,0.2,0,0.3,0.3,0,0.9,-0.306934053484122,1.0067648605946,-2.24728176797379,1.60401887970067,0.74,1,0.74,"no"
-0.3,0.2,0,0.3,0.3,0,1,-0.307571116580838,1.09635948891936,-2.4159926825645,1.76930544344139,0.72,1,0.72,"no"
-0.3,0.2,0,0.3,0.3,0.5,0.3,-0.303111674903827,0.545739886114424,-1.30675432455594,0.818329356982716,0.93,0.06,0.06,"no"
-0.3,0.2,0,0.3,0.3,0.5,0.6,-0.305022864193974,0.751388450839541,-1.7216418858556,1.1733920086071,0.82,1,0.82,"yes"
-0.3,0.2,0,0.3,0.3,0.5,0.9,-0.306934053484122,1.00526359728767,-2.21434363100635,1.62944340112629,0.74,1,0.74,"no"
-0.3,0.2,0,0.3,0.3,0.5,1,-0.307571116580838,1.09501391851817,-2.38768854167546,1.79435517313405,0.72,1,0.72,"no"
-0.3,0.3,0,0.1,0.1,-0.5,0.3,-0.302311351161374,0.44268078084891,-1.1785921258631,0.530263864802512,1,0,0,"no"
-0.3,0.3,0,0.1,0.1,-0.5,0.6,-0.304222540451522,0.679419230510336,-1.62609620843028,0.98744813306777,0.91,0.96,0.87,"yes"
-0.3,0.3,0,0.1,0.1,-0.5,0.9,-0.306133729741669,0.952199727683234,-2.14179626841402,1.50732235550309,0.79,1,0.79,"no"
-0.3,0.3,0,0.1,0.1,-0.5,1,-0.306770792838385,1.04638162075251,-2.32301976715283,1.68514471086242,0.77,1,0.77,"no"
-0.3,0.3,0,0.1,0.1,0,0.3,-0.302311351161374,0.442537492509256,-1.1620057368957,0.546226690184026,1,0,0,"no"
-0.3,0.3,0,0.1,0.1,0,0.6,-0.304222540451522,0.679222419117385,-1.61850065107389,0.991805398950394,0.91,0.97,0.88,"yes"
-0.3,0.3,0,0.1,0.1,0,0.9,-0.306133729741669,0.951978413072105,-2.13687884536913,1.51057498404613,0.79,1,0.79,"no"
-0.3,0.3,0,0.1,0.1,0,1,-0.306770792838385,1.04615515545371,-2.3189472552441,1.688539268081,0.77,1,0.77,"no"
-0.3,0.3,0,0.1,0.1,0.5,0.3,-0.302311351161374,0.442145250259072,-1.14572852502577,0.568917743443784,1,0,0,"no"
-0.3,0.3,0,0.1,0.1,0.5,0.6,-0.304222540451522,0.679014699036377,-1.60908698587014,1.00338871256812,0.91,0.97,0.88,"yes"
-0.3,0.3,0,0.1,0.1,0.5,0.9,-0.306133729741669,0.95186017068815,-2.13177849878004,1.51525377629338,0.79,1,0.79,"no"
-0.3,0.3,0,0.1,0.1,0.5,1,-0.306770792838385,1.04605644126375,-2.31363082057316,1.69148083557912,0.77,1,0.77,"no"
-0.3,0.3,0,0.1,0.2,-0.5,0.3,-0.302311351161374,0.474697075506212,-1.2697320488502,0.585356052948167,1,0,0,"no"
-0.3,0.3,0,0.1,0.2,-0.5,0.6,-0.304222540451522,0.700381200011736,-1.68827595693646,1.02607257841923,0.91,0.99,0.9,"yes"
-0.3,0.3,0,0.1,0.2,-0.5,0.9,-0.306133729741669,0.966970342817631,-2.18454654803412,1.53443731275663,0.79,1,0.79,"no"
-0.3,0.3,0,0.1,0.2,-0.5,1,-0.306770792838385,1.05974445760202,-2.3588569387574,1.70929629794798,0.77,1,0.77,"no"
-0.3,0.3,0,0.1,0.2,0,0.3,-0.302311351161374,0.474180794946141,-1.23557667722808,0.610738482462912,1,0,0,"no"
-0.3,0.3,0,0.1,0.2,0,0.6,-0.304222540451522,0.69982405088668,-1.67306913886991,1.03499845198227,0.91,0.99,0.9,"yes"
-0.3,0.3,0,0.1,0.2,0,0.9,-0.306133729741669,0.966409080131745,-2.18274737231742,1.5371160606719,0.79,1,0.79,"no"
-0.3,0.3,0,0.1,0.2,0,1,-0.306770792838385,1.05918336438722,-2.35741481939429,1.71215772119102,0.77,1,0.77,"no"
-0.3,0.3,0,0.1,0.2,0.5,0.3,-0.302311351161374,0.472604160006586,-1.19366383120684,0.650975388623336,1,0,0,"no"
-0.3,0.3,0,0.1,0.2,0.5,0.6,-0.304222540451522,0.698858837214829,-1.6424020263919,1.0541964080617,0.91,0.99,0.9,"yes"
-0.3,0.3,0,0.1,0.2,0.5,0.9,-0.306133729741669,0.96577276676511,-2.15445274087195,1.5429555869065,0.79,1,0.79,"no"
-0.3,0.3,0,0.1,0.2,0.5,1,-0.306770792838385,1.05862099565081,-2.33581252963271,1.72049324650665,0.77,1,0.77,"no"
-0.3,0.3,0,0.1,0.3,-0.5,0.3,-0.302311351161374,0.523831950035733,-1.38046953480842,0.682198729018343,1,0.02,0.02,"no"
-0.3,0.3,0,0.1,0.3,-0.5,0.6,-0.304222540451522,0.734321327556026,-1.75930436790226,1.09362600892967,0.91,0.99,0.9,"yes"
-0.3,0.3,0,0.1,0.3,-0.5,0.9,-0.306133729741669,0.991565898640326,-2.24106825928926,1.57989660930451,0.79,1,0.79,"no"
-0.3,0.3,0,0.1,0.3,-0.5,1,-0.306770792838385,1.08214459597566,-2.41033903441251,1.75428120268315,0.77,1,0.77,"no"
-0.3,0.3,0,0.1,0.3,0,0.3,-0.302311351161374,0.522853259218096,-1.34493150856315,0.712781388988503,1,0.01,0.01,"no"
-0.3,0.3,0,0.1,0.3,0,0.6,-0.304222540451522,0.733290215497506,-1.73456879822636,1.09575331576767,0.91,0.99,0.9,"yes"
-0.3,0.3,0,0.1,0.3,0,0.9,-0.306133729741669,0.990565755920608,-2.23044314723581,1.5832545537365,0.79,1,0.79,"no"
-0.3,0.3,0,0.1,0.3,0,1,-0.306770792838385,1.08115579606275,-2.40301326937746,1.75389125622987,0.77,1,0.77,"no"
-0.3,0.3,0,0.1,0.3,0.5,0.3,-0.302311351161374,0.519528005531139,-1.29559119749166,0.753276055906515,1,0.03,0.03,"no"
-0.3,0.3,0,0.1,0.3,0.5,0.6,-0.304222540451522,0.731087815130032,-1.71102513821675,1.10760143306186,0.91,0.99,0.9,"yes"
-0.3,0.3,0,0.1,0.3,0.5,0.9,-0.306133729741669,0.989036505757906,-2.19558931494781,1.59448455925804,0.79,1,0.79,"no"
-0.3,0.3,0,0.1,0.3,0.5,1,-0.306770792838385,1.07978330145738,-2.37249205659505,1.76246259115553,0.77,1,0.77,"no"
-0.3,0.3,0,0.2,0.1,-0.5,0.3,-0.3027115130326,0.474421318190341,-1.24708544521036,0.57652915651253,0.98,0,0,"no"
-0.3,0.3,0,0.2,0.1,-0.5,0.6,-0.304622702322748,0.700922848173152,-1.67106419094945,1.01941608030223,0.87,0.99,0.86,"yes"
-0.3,0.3,0,0.2,0.1,-0.5,0.9,-0.306533891612896,0.967959926761924,-2.17680070086444,1.53298328944275,0.77,1,0.77,"no"
-0.3,0.3,0,0.2,0.1,-0.5,1,-0.307170954709611,1.06083456543242,-2.3561044200438,1.70746894453201,0.76,1,0.76,"no"
-0.3,0.3,0,0.2,0.1,0,0.3,-0.3027115130326,0.474276218992092,-1.22010899332289,0.611064890827227,0.98,0,0,"no"
-0.3,0.3,0,0.2,0.1,0,0.6,-0.304622702322748,0.700730555500579,-1.65855313388648,1.0323599899052,0.87,0.99,0.86,"yes"
-0.3,0.3,0,0.2,0.1,0,0.9,-0.306533891612896,0.967743182252375,-2.16403295220413,1.54049086525213,0.77,1,0.77,"no"
-0.3,0.3,0,0.2,0.1,0,1,-0.307170954709611,1.06061241783518,-2.34630624939304,1.71596249103593,0.76,1,0.76,"no"
-0.3,0.3,0,0.2,0.1,0.5,0.3,-0.3027115130326,0.473885922998932,-1.18675002324596,0.646285769665077,0.98,0,0,"no"
-0.3,0.3,0,0.2,0.1,0.5,0.6,-0.304622702322748,0.700525630341713,-1.64217082419704,1.05280145547181,0.87,0.99,0.86,"yes"
-0.3,0.3,0,0.2,0.1,0.5,0.9,-0.306533891612896,0.967627986166211,-2.15444050504238,1.54616211418432,0.77,1,0.77,"no"
-0.3,0.3,0,0.2,0.1,0.5,1,-0.307170954709611,1.06051667789173,-2.33512046544076,1.72090034437699,0.76,1,0.76,"no"
-0.3,0.3,0,0.2,0.2,-0.5,0.3,-0.3027115130326,0.504469340414945,-1.3420609626274,0.619495647812163,0.98,0,0,"no"
-0.3,0.3,0,0.2,0.2,-0.5,0.6,-0.304622702322748,0.721257505682991,-1.72655998341946,1.04739488154451,0.87,0.99,0.86,"yes"
-0.3,0.3,0,0.2,0.2,-0.5,0.9,-0.306533891612896,0.98248610851955,-2.2213678356356,1.55205372816022,0.77,1,0.77,"no"
-0.3,0.3,0,0.2,0.2,-0.5,1,-0.307170954709611,1.0740100329955,-2.39490478352471,1.72767145231363,0.76,1,0.76,"no"
-0.3,0.3,0,0.2,0.2,0,0.3,-0.3027115130326,0.50397491882771,-1.28830501089322,0.673771171953794,0.98,0,0,"no"
-0.3,0.3,0,0.2,0.2,0,0.6,-0.304622702322748,0.72071722994201,-1.70887415056803,1.07433605584675,0.87,0.99,0.86,"yes"
-0.3,0.3,0,0.2,0.2,0,0.9,-0.306533891612896,0.981936766779759,-2.20960734519327,1.56754363531248,0.77,1,0.77,"no"
-0.3,0.3,0,0.2,0.2,0,1,-0.307170954709611,1.07345964159672,-2.38203519169162,1.73949301533765,0.76,1,0.76,"no"
-0.3,0.3,0,0.2,0.2,0.5,0.3,-0.3027115130326,0.502441111481791,-1.2280104512053,0.729951426490612,0.98,0,0,"no"
-0.3,0.3,0,0.2,0.2,0.5,0.6,-0.304622702322748,0.719770165333939,-1.67398158149508,1.10843144488508,0.87,0.99,0.86,"yes"
-0.3,0.3,0,0.2,0.2,0.5,0.9,-0.306533891612896,0.981311426577048,-2.17767797972039,1.58173623997948,0.77,1,0.77,"no"
-0.3,0.3,0,0.2,0.2,0.5,1,-0.307170954709611,1.0729069588235,-2.35222432242432,1.75175219896102,0.76,1,0.76,"no"
-0.3,0.3,0,0.2,0.3,-0.5,0.3,-0.3027115130326,0.550997340454044,-1.45142173046074,0.706327126093341,0.98,0.09,0.08,"no"
-0.3,0.3,0,0.2,0.3,-0.5,0.6,-0.304622702322748,0.75425831480087,-1.805716964207,1.11301821474107,0.87,0.99,0.86,"yes"
-0.3,0.3,0,0.2,0.3,-0.5,0.9,-0.306533891612896,1.00669517478512,-2.28330973073771,1.5965902577635,0.77,1,0.77,"no"
-0.3,0.3,0,0.2,0.3,-0.5,1,-0.307170954709611,1.0961109137196,-2.44820101154409,1.77403323139815,0.76,1,0.76,"no"
-0.3,0.3,0,0.2,0.3,0,0.3,-0.3027115130326,0.550063339676008,-1.38705097219184,0.767648681136149,0.98,0.08,0.08,"no"
-0.3,0.3,0,0.2,0.3,0,0.6,-0.304622702322748,0.753259235496109,-1.77499903157621,1.13541717947767,0.87,0.99,0.86,"yes"
-0.3,0.3,0,0.2,0.3,0,0.9,-0.306533891612896,1.0057158856603,-2.26364065656668,1.61314694776988,0.77,1,0.77,"no"
-0.3,0.3,0,0.2,0.3,0,1,-0.307170954709611,1.09514046474628,-2.43550307652067,1.78175772903045,0.76,1,0.76,"no"
-0.3,0.3,0,0.2,0.3,0.5,0.3,-0.3027115130326,0.546834486164056,-1.31378966129597,0.835685576248234,0.98,0.09,0.09,"no"
-0.3,0.3,0,0.2,0.3,0.5,0.6,-0.304622702322748,0.751098335139493,-1.7318280297278,1.16447203499322,0.87,1,0.87,"yes"
-0.3,0.3,0,0.2,0.3,0.5,0.9,-0.306533891612896,1.00420932643686,-2.21520359010328,1.63771782586181,0.77,1,0.77,"no"
-0.3,0.3,0,0.2,0.3,0.5,1,-0.307170954709611,1.0937873735613,-2.38804092053933,1.79788270466962,0.76,1,0.76,"no"
-0.3,0.3,0,0.3,0.1,-0.5,0.3,-0.303111674903827,0.522561654658752,-1.33649644387822,0.670460195143024,0.93,0.01,0.01,"no"
-0.3,0.3,0,0.3,0.1,-0.5,0.6,-0.305022864193974,0.734786720469416,-1.73514433990585,1.07250151127016,0.82,0.99,0.82,"yes"
-0.3,0.3,0,0.3,0.1,-0.5,0.9,-0.306934053484122,0.993061603287159,-2.2227637290584,1.57291447828157,0.74,1,0.74,"no"
-0.3,0.3,0,0.3,0.1,-0.5,1,-0.307571116580838,1.08387908279709,-2.39570656556667,1.74317782206209,0.72,1,0.72,"no"
-0.3,0.3,0,0.3,0.1,0,0.3,-0.303111674903827,0.522415957715255,-1.30334060014275,0.709926139617746,0.93,0.02,0.02,"no"
-0.3,0.3,0,0.3,0.1,0,0.6,-0.305022864193974,0.734599628823243,-1.71439189122951,1.09631649493937,0.82,0.99,0.82,"yes"
-0.3,0.3,0,0.3,0.1,0,0.9,-0.306934053484122,0.992850368380541,-2.21095185042766,1.58619546996707,0.74,1,0.74,"no"
-0.3,0.3,0,0.3,0.1,0,1,-0.307571116580838,1.08366218349795,-2.38602337222918,1.75567517248335,0.72,1,0.72,"no"
-0.3,0.3,0,0.3,0.1,0.5,0.3,-0.303111674903827,0.522032802896095,-1.26483278998137,0.754353432369692,0.93,0.02,0.02,"no"
-0.3,0.3,0,0.3,0.1,0.5,0.6,-0.305022864193974,0.734396269624878,-1.69145925411712,1.12346184784414,0.82,0.99,0.82,"yes"
-0.3,0.3,0,0.3,0.1,0.5,0.9,-0.306934053484122,0.992737134821669,-2.19585132359025,1.59625828986665,0.74,1,0.74,"no"
-0.3,0.3,0,0.3,0.1,0.5,1,-0.307571116580838,1.08356848370851,-2.37409643073467,1.76453068928533,0.72,1,0.72,"no"
-0.3,0.3,0,0.3,0.2,-0.5,0.3,-0.303111674903827,0.550051657291303,-1.43627399255605,0.689050587139657,0.93,0.05,0.05,"no"
-0.3,0.3,0,0.3,0.2,-0.5,0.6,-0.305022864193974,0.75421648506504,-1.79262690048705,1.09325202374236,0.82,1,0.82,"yes"
-0.3,0.3,0,0.3,0.2,-0.5,0.9,-0.306934053484122,1.00722241987952,-2.26973222558538,1.59119230451461,0.74,1,0.74,"no"
-0.3,0.3,0,0.3,0.2,-0.5,1,-0.307571116580838,1.0967733450345,-2.43797934132083,1.76280448484644,0.72,1,0.72,"no"
-0.3,0.3,0,0.3,0.2,0,0.3,-0.303111674903827,0.549586205844714,-1.36502451686229,0.758822201392705,0.93,0.05,0.05,"no"
-0.3,0.3,0,0.3,0.2,0,0.6,-0.305022864193974,0.753698366233274,-1.76011069718342,1.13462975023619,0.82,0.99,0.82,"yes"
-0.3,0.3,0,0.3,0.2,0,0.9,-0.306934053484122,1.00668874624816,-2.24917622089743,1.61263314258905,0.74,1,0.74,"no"
-0.3,0.3,0,0.3,0.2,0,1,-0.307571116580838,1.09623698699822,-2.41706019620486,1.78279007623259,0.72,1,0.72,"no"
-0.3,0.3,0,0.3,0.2,0.5,0.3,-0.303111674903827,0.548119834867359,-1.2970774985782,0.835288437503999,0.93,0.05,0.05,"no"
-0.3,0.3,0,0.3,0.2,0.5,0.6,-0.305022864193974,0.752773853974047,-1.7273913097882,1.17555360353453,0.82,1,0.82,"yes"
-0.3,0.3,0,0.3,0.2,0.5,0.9,-0.306934053484122,1.00607511412751,-2.2232807469477,1.63417288161227,0.74,1,0.74,"no"
-0.3,0.3,0,0.3,0.2,0.5,1,-0.307571116580838,1.09569436158678,-2.39327593514054,1.80023112712331,0.72,1,0.72,"no"
-0.3,0.3,0,0.3,0.3,-0.5,0.3,-0.303111674903827,0.593085130592794,-1.54522039093993,0.761919580930313,0.93,0.29,0.27,"no"
-0.3,0.3,0,0.3,0.3,-0.5,0.6,-0.305022864193974,0.7858456415387,-1.87037868492566,1.1466072820255,0.82,1,0.82,"yes"
-0.3,0.3,0,0.3,0.3,-0.5,0.9,-0.306934053484122,1.03084794653761,-2.32544736973492,1.62655906550479,0.74,1,0.74,"no"
-0.3,0.3,0,0.3,0.3,-0.5,1,-0.307571116580838,1.11842031819106,-2.49563848041803,1.79937052470783,0.72,1,0.72,"no"
-0.3,0.3,0,0.3,0.3,0,0.3,-0.303111674903827,0.592211681496713,-1.45487603842613,0.852226136328738,0.93,0.34,0.32,"no"
-0.3,0.3,0,0.3,0.3,0,0.6,-0.305022864193974,0.784890925045307,-1.83137581481438,1.1932765761275,0.82,1,0.82,"yes"
-0.3,0.3,0,0.3,0.3,0,0.9,-0.306934053484122,1.02989749264703,-2.3019821074351,1.65572374943557,0.74,1,0.74,"no"
-0.3,0.3,0,0.3,0.3,0,1,-0.307571116580838,1.11747512390643,-2.47335921764823,1.82402911787501,0.72,1,0.72,"no"
-0.3,0.3,0,0.3,0.3,0.5,0.3,-0.303111674903827,0.589130130876811,-1.37451550343196,0.935813617646755,0.93,0.37,0.37,"no"
-0.3,0.3,0,0.3,0.3,0.5,0.6,-0.305022864193974,0.782786931717285,-1.77393032934716,1.24281439568308,0.82,1,0.82,"yes"
-0.3,0.3,0,0.3,0.3,0.5,0.9,-0.306934053484122,1.02841880005143,-2.25874918147399,1.69456079786517,0.74,1,0.74,"no"
-0.3,0.3,0,0.3,0.3,0.5,1,-0.307571116580838,1.11614518478593,-2.42852286379378,1.85033097244159,0.72,1,0.72,"no"
-0.3,0.4,0,0.1,0.1,-0.5,0.3,-0.302311351161374,0.514708870917144,-1.31427758203601,0.673503136214301,1,0,0,"no"
-0.3,0.4,0,0.1,0.1,-0.5,0.6,-0.304222540451522,0.727574907295406,-1.72572222428755,1.07369069073836,0.91,1,0.91,"yes"
-0.3,0.4,0,0.1,0.1,-0.5,0.9,-0.306133729741669,0.986544990039881,-2.20633354115253,1.57566935593458,0.79,1,0.79,"no"
-0.3,0.4,0,0.1,0.1,-0.5,1,-0.306770792838385,1.07755115319548,-2.3794987625767,1.75212474527031,0.77,1,0.77,"no"
-0.3,0.4,0,0.1,0.1,0,0.3,-0.302311351161374,0.514631696233726,-1.29224946277172,0.685445032299678,1,0,0,"no"
-0.3,0.4,0,0.1,0.1,0,0.6,-0.304222540451522,0.727427226596436,-1.71574950406526,1.08242488657537,0.91,1,0.91,"yes"
-0.3,0.4,0,0.1,0.1,0,0.9,-0.306133729741669,0.98635975344158,-2.20247600877468,1.57333259809453,0.79,1,0.79,"no"
-0.3,0.4,0,0.1,0.1,0,1,-0.306770792838385,1.07735751127139,-2.37687180556198,1.74993789277107,0.77,1,0.77,"no"
-0.3,0.4,0,0.1,0.1,0.5,0.3,-0.302311351161374,0.514289944273724,-1.28066390820018,0.702952203058227,1,0,0,"no"
-0.3,0.4,0,0.1,0.1,0.5,0.6,-0.304222540451522,0.727231039887219,-1.70143719828522,1.09022737281023,0.91,1,0.91,"yes"
-0.3,0.4,0,0.1,0.1,0.5,0.9,-0.306133729741669,0.986244123751682,-2.19618133819697,1.57962840029006,0.79,1,0.79,"no"
-0.3,0.4,0,0.1,0.1,0.5,1,-0.306770792838385,1.07726024114493,-2.36993241532414,1.75131328258364,0.77,1,0.77,"no"
-0.3,0.4,0,0.1,0.2,-0.5,0.3,-0.302311351161374,0.542544481356421,-1.40345030806649,0.72365575273213,1,0.01,0.01,"no"
-0.3,0.4,0,0.1,0.2,-0.5,0.6,-0.304222540451522,0.747254462419111,-1.78261964694084,1.11774243623729,0.91,1,0.91,"yes"
-0.3,0.4,0,0.1,0.2,-0.5,0.9,-0.306133729741669,1.00087657459053,-2.25484042749782,1.60065291736753,0.79,1,0.79,"no"
-0.3,0.4,0,0.1,0.2,-0.5,1,-0.306770792838385,1.09059772718369,-2.42027504876874,1.77315941846463,0.77,1,0.77,"no"
-0.3,0.4,0,0.1,0.2,0,0.3,-0.302311351161374,0.542165698571505,-1.37037590704531,0.751314426170204,1,0.02,0.02,"no"
-0.3,0.4,0,0.1,0.2,0,0.6,-0.304222540451522,0.746796172995239,-1.76698193063019,1.12334948516317,0.91,1,0.91,"yes"
-0.3,0.4,0,0.1,0.2,0,0.9,-0.306133729741669,1.00038700816654,-2.24888447822692,1.60077407727745,0.79,1,0.79,"no"
-0.3,0.4,0,0.1,0.2,0,1,-0.306770792838385,1.09010177639499,-2.41707427657707,1.77007138601525,0.77,1,0.77,"no"
-0.3,0.4,0,0.1,0.2,0.5,0.3,-0.302311351161374,0.540785565595799,-1.32656601241761,0.786931704878363,1,0.01,0.01,"no"
-0.3,0.4,0,0.1,0.2,0.5,0.6,-0.304222540451522,0.745889214883848,-1.7390675299636,1.15004905923317,0.91,1,0.91,"yes"
-0.3,0.4,0,0.1,0.2,0.5,0.9,-0.306133729741669,0.999769876123079,-2.22409762127585,1.6131483173495,0.79,1,0.79,"no"
-0.3,0.4,0,0.1,0.2,0.5,1,-0.306770792838385,1.0895529457549,-2.39538990746327,1.78004948258247,0.77,1,0.77,"no"
-0.3,0.4,0,0.1,0.3,-0.5,0.3,-0.302311351161374,0.586040767831377,-1.51473003352319,0.81146496810059,1,0.3,0.3,"no"
-0.3,0.4,0,0.1,0.3,-0.5,0.6,-0.304222540451522,0.779202718010714,-1.85678410110688,1.17032759157164,0.91,1,0.91,"yes"
-0.3,0.4,0,0.1,0.3,-0.5,0.9,-0.306133729741669,1.02471539693032,-2.31651019201609,1.64693069672424,0.79,1,0.79,"no"
-0.3,0.4,0,0.1,0.3,-0.5,1,-0.306770792838385,1.11243358692191,-2.48051993206412,1.81061211411014,0.77,1,0.77,"no"
-0.3,0.4,0,0.1,0.3,0,0.3,-0.302311351161374,0.585250278914725,-1.47814705089098,0.846374431218901,1,0.37,0.37,"no"
-0.3,0.4,0,0.1,0.3,0,0.6,-0.304222540451522,0.778316584891839,-1.82200118270913,1.18083750268207,0.91,1,0.91,"yes"
-0.3,0.4,0,0.1,0.3,0,0.9,-0.306133729741669,1.02382147943027,-2.30423644626632,1.64764782594383,0.79,1,0.79,"no"
-0.3,0.4,0,0.1,0.3,0,1,-0.306770792838385,1.11154141490768,-2.47163362753319,1.81419319301594,0.77,1,0.77,"no"
-0.3,0.4,0,0.1,0.3,0.5,0.3,-0.302311351161374,0.582288225762552,-1.41818323898408,0.89432067565508,1,0.32,0.32,"no"
-0.3,0.4,0,0.1,0.3,0.5,0.6,-0.304222540451522,0.776240811547979,-1.80052414971292,1.20206891754881,0.91,1,0.91,"yes"
-0.3,0.4,0,0.1,0.3,0.5,0.9,-0.306133729741669,1.02233900771958,-2.26734286354146,1.66470520700203,0.79,1,0.79,"no"
-0.3,0.4,0,0.1,0.3,0.5,1,-0.306770792838385,1.11020331968111,-2.43401615152324,1.82670581821343,0.77,1,0.77,"no"
-0.3,0.4,0,0.2,0.1,-0.5,0.3,-0.3027115130326,0.54227806561193,-1.37471801746625,0.707539797756305,0.98,0,0,"no"
-0.3,0.4,0,0.2,0.1,-0.5,0.6,-0.304622702322748,0.747712635839504,-1.76541458409827,1.10532501505742,0.87,1,0.87,"yes"
-0.3,0.4,0,0.2,0.1,-0.5,0.9,-0.306533891612896,1.00177610424962,-2.24629947195218,1.59701152384464,0.77,1,0.77,"no"
-0.3,0.4,0,0.2,0.1,-0.5,1,-0.307170954709611,1.09160121986445,-2.41615890840559,1.76819686996361,0.76,1,0.76,"no"
-0.3,0.4,0,0.2,0.1,0,0.3,-0.3027115130326,0.542192595740689,-1.34820146212068,0.7417747399422,0.98,0.01,0.01,"no"
-0.3,0.4,0,0.2,0.1,0,0.6,-0.304622702322748,0.747565587535355,-1.75179934529321,1.12549524500939,0.87,1,0.87,"yes"
-0.3,0.4,0,0.2,0.1,0,0.9,-0.306533891612896,1.0015936179342,-2.23416885313239,1.60696018226189,0.77,1,0.77,"no"
-0.3,0.4,0,0.2,0.1,0,1,-0.307170954709611,1.09141046712446,-2.40382074900716,1.77629615731152,0.76,1,0.76,"no"
-0.3,0.4,0,0.2,0.1,0.5,0.3,-0.3027115130326,0.541846800046218,-1.31430552120032,0.780163948803864,0.98,0.01,0.01,"no"
-0.3,0.4,0,0.2,0.1,0.5,0.6,-0.304622702322748,0.747369635866432,-1.73304037106527,1.14445941591425,0.87,1,0.87,"yes"
-0.3,0.4,0,0.2,0.1,0.5,0.9,-0.306533891612896,1.00147989976995,-2.22461769705017,1.61743096501184,0.77,1,0.77,"no"
-0.3,0.4,0,0.2,0.1,0.5,1,-0.307170954709611,1.09131528938372,-2.3964791109944,1.7855271021084,0.76,1,0.76,"no"
-0.3,0.4,0,0.2,0.2,-0.5,0.3,-0.3027115130326,0.568806391980066,-1.47495351972028,0.744662023323832,0.98,0.13,0.12,"no"
-0.3,0.4,0,0.2,0.2,-0.5,0.6,-0.304622702322748,0.766876374518383,-1.8261407523213,1.13197890299372,0.87,1,0.87,"yes"
-0.3,0.4,0,0.2,0.2,-0.5,0.9,-0.306533891612896,1.01588674256275,-2.29633921764072,1.61768686315164,0.77,1,0.77,"no"
-0.3,0.4,0,0.2,0.2,-0.5,1,-0.307170954709611,1.10447533571876,-2.45874803579692,1.78794378281348,0.76,1,0.76,"no"
-0.3,0.4,0,0.2,0.2,0,0.3,-0.3027115130326,0.568432183088806,-1.41616210230558,0.804897885806867,0.98,0.14,0.13,"no"
-0.3,0.4,0,0.2,0.2,0,0.6,-0.304622702322748,0.766426809227277,-1.80167993939507,1.16492362958495,0.87,1,0.87,"yes"
-0.3,0.4,0,0.2,0.2,0,0.9,-0.306533891612896,1.01540544610228,-2.28175758555678,1.63580275750905,0.77,1,0.77,"no"
-0.3,0.4,0,0.2,0.2,0,1,-0.307170954709611,1.10398723389521,-2.44771489224092,1.80051134625965,0.76,1,0.76,"no"
-0.3,0.4,0,0.2,0.2,0.5,0.3,-0.3027115130326,0.567070709291381,-1.3519574627272,0.866037643386821,0.98,0.14,0.14,"no"
-0.3,0.4,0,0.2,0.2,0.5,0.6,-0.304622702322748,0.765530682882269,-1.76740667660835,1.199503290424,0.87,1,0.87,"yes"
-0.3,0.4,0,0.2,0.2,0.5,0.9,-0.306533891612896,1.01479653145669,-2.24881888161949,1.66221827328975,0.77,1,0.77,"no"
-0.3,0.4,0,0.2,0.2,0.5,1,-0.307170954709611,1.10344601097687,-2.41744824625657,1.82007329341233,0.76,1,0.76,"no"
-0.3,0.4,0,0.2,0.3,-0.5,0.3,-0.3027115130326,0.610474883471398,-1.58559224173481,0.821125686199801,0.98,0.5,0.48,"no"
-0.3,0.4,0,0.2,0.3,-0.5,0.6,-0.304622702322748,0.798041929925985,-1.90580705964138,1.18768240985713,0.87,1,0.87,"yes"
-0.3,0.4,0,0.2,0.3,-0.5,0.9,-0.306533891612896,1.03937528497497,-2.35812699018558,1.65685949588333,0.77,1,0.77,"no"
-0.3,0.4,0,0.2,0.3,-0.5,1,-0.307170954709611,1.12603541031403,-2.52285885322086,1.82495828066014,0.76,1,0.76,"no"
-0.3,0.4,0,0.2,0.3,0,0.3,-0.3027115130326,0.609706081822312,-1.51646237650176,0.893482907016442,0.98,0.53,0.51,"no"
-0.3,0.4,0,0.2,0.3,0,0.6,-0.304622702322748,0.797176129284813,-1.86574829199943,1.21709573899751,0.87,1,0.87,"yes"
-0.3,0.4,0,0.2,0.3,0,0.9,-0.306533891612896,1.03849688900026,-2.33275510284371,1.68040425156993,0.77,1,0.77,"no"
-0.3,0.4,0,0.2,0.3,0,1,-0.307170954709611,1.12515740904138,-2.49759888571683,1.8455899808503,0.76,1,0.76,"no"
-0.3,0.4,0,0.2,0.3,0.5,0.3,-0.3027115130326,0.606799194218442,-1.42598867528426,0.969310611870604,0.98,0.49,0.48,"no"
-0.3,0.4,0,0.2,0.3,0.5,0.6,-0.304622702322748,0.79512908490592,-1.810601814614,1.25979530323059,0.87,1,0.87,"yes"
-0.3,0.4,0,0.2,0.3,0.5,0.9,-0.306533891612896,1.03703245993523,-2.28383770892929,1.71506577661402,0.77,1,0.77,"no"
-0.3,0.4,0,0.2,0.3,0.5,1,-0.307170954709611,1.12383524896677,-2.44956516555077,1.87232887576919,0.76,1,0.76,"no"
-0.3,0.4,0,0.3,0.1,-0.5,0.3,-0.303111674903827,0.584913783504294,-1.45968097959495,0.779072448082077,0.93,0.2,0.2,"no"
-0.3,0.4,0,0.3,0.1,-0.5,0.6,-0.305022864193974,0.779572116794145,-1.8239842290374,1.16046102440957,0.82,1,0.82,"yes"
-0.3,0.4,0,0.3,0.1,-0.5,0.9,-0.306934053484122,1.02606452020232,-2.29531046036722,1.63903016898149,0.74,1,0.74,"no"
-0.3,0.4,0,0.3,0.1,-0.5,1,-0.307571116580838,1.11402106333944,-2.46095889927707,1.80984527009592,0.72,1,0.72,"no"
-0.3,0.4,0,0.3,0.1,0,0.3,-0.303111674903827,0.584819122014526,-1.42066207579647,0.831572701871464,0.93,0.23,0.23,"no"
-0.3,0.4,0,0.3,0.1,0,0.6,-0.305022864193974,0.779425300914313,-1.80542780282124,1.18796591046183,0.82,1,0.82,"yes"
-0.3,0.4,0,0.3,0.1,0,0.9,-0.306934053484122,1.02588508166587,-2.27892908040499,1.65051425518279,0.74,1,0.74,"no"
-0.3,0.4,0,0.3,0.1,0,1,-0.307571116580838,1.11383360191975,-2.44888198013,1.81713066301158,0.72,1,0.72,"no"
-0.3,0.4,0,0.3,0.1,0.5,0.3,-0.303111674903827,0.584471358707363,-1.37897607819886,0.87851773742201,0.93,0.18,0.18,"no"
-0.3,0.4,0,0.3,0.1,0.5,0.6,-0.305022864193974,0.779227942629012,-1.78038681408983,1.21705196060146,0.82,1,0.82,"yes"
-0.3,0.4,0,0.3,0.1,0.5,0.9,-0.306934053484122,1.02577196435892,-2.2624728976452,1.667396273832,0.74,1,0.74,"no"
-0.3,0.4,0,0.3,0.1,0.5,1,-0.307571116580838,1.11373938860389,-2.43221687463491,1.83125631968746,0.72,1,0.72,"no"
-0.3,0.4,0,0.3,0.2,-0.5,0.3,-0.303111674903827,0.609651133931037,-1.56382140880246,0.798248403278172,0.93,0.53,0.5,"no"
-0.3,0.4,0,0.3,0.2,-0.5,0.6,-0.305022864193974,0.797981731253513,-1.89309987311654,1.17494548957982,0.82,1,0.82,"yes"
-0.3,0.4,0,0.3,0.2,-0.5,0.9,-0.306934053484122,1.03984374310057,-2.34206112045232,1.654809631331,0.74,1,0.74,"no"
-0.3,0.4,0,0.3,0.2,-0.5,1,-0.307571116580838,1.12663578606518,-2.50626729786374,1.82327698295565,0.72,1,0.72,"no"
-0.3,0.4,0,0.3,0.2,0,0.3,-0.303111674903827,0.609285100600785,-1.48616478262013,0.884453167991635,0.93,0.52,0.49,"no"
-0.3,0.4,0,0.3,0.2,0,0.6,-0.305022864193974,0.79754379210497,-1.85259702704079,1.22858933463675,0.82,1,0.82,"yes"
-0.3,0.4,0,0.3,0.2,0,0.9,-0.306934053484122,1.03937312471965,-2.32422638229793,1.68088648369029,0.74,1,0.74,"no"
-0.3,0.4,0,0.3,0.2,0,1,-0.307571116580838,1.12615777336813,-2.48876019132512,1.8430948748962,0.72,1,0.72,"no"
-0.3,0.4,0,0.3,0.2,0.5,0.3,-0.303111674903827,0.607957926296409,-1.40376353271189,0.965165635813181,0.93,0.52,0.5,"no"
-0.3,0.4,0,0.3,0.2,0.5,0.6,-0.305022864193974,0.796661037516647,-1.81131448943339,1.2673966607821,0.82,1,0.82,"yes"
-0.3,0.4,0,0.3,0.2,0.5,0.9,-0.306934053484122,1.03877244792651,-2.28908256259194,1.71296386671926,0.74,1,0.74,"no"
-0.3,0.4,0,0.3,0.2,0.5,1,-0.307571116580838,1.12562397119992,-2.45528165134346,1.87185127537748,0.72,1,0.72,"no"
-0.3,0.4,0,0.3,0.3,-0.5,0.3,-0.303111674903827,0.648767627524542,-1.67544128026426,0.868600077167013,0.93,0.84,0.78,"no"
-0.3,0.4,0,0.3,0.3,-0.5,0.6,-0.305022864193974,0.827991145554992,-1.97451795762286,1.22601798526226,0.82,1,0.82,"yes"
-0.3,0.4,0,0.3,0.3,-0.5,0.9,-0.306934053484122,1.06280172664432,-2.39729671460416,1.68504669162299,0.74,1,0.74,"no"
-0.3,0.4,0,0.3,0.3,-0.5,1,-0.307571116580838,1.1477767005565,-2.56150927268252,1.85158154094537,0.72,1,0.72,"no"
-0.3,0.4,0,0.3,0.3,0,0.3,-0.303111674903827,0.648031173269169,-1.57062701704109,0.968560705245756,0.93,0.79,0.74,"no"
-0.3,0.4,0,0.3,0.3,0,0.6,-0.305022864193974,0.827154290943304,-1.91727485449061,1.27554927850148,0.82,1,0.82,"yes"
-0.3,0.4,0,0.3,0.3,0,0.9,-0.306934053484122,1.06194479376803,-2.37160533919637,1.72448104107701,0.74,1,0.74,"no"
-0.3,0.4,0,0.3,0.3,0,1,-0.307571116580838,1.14691811814547,-2.53970932990896,1.88306047964122,0.72,1,0.72,"no"
-0.3,0.4,0,0.3,0.3,0.5,0.3,-0.303111674903827,0.645215291219666,-1.47362545963019,1.06414902325572,0.93,0.74,0.7,"no"
-0.3,0.4,0,0.3,0.3,0.5,0.6,-0.305022864193974,0.825147470663359,-1.84957023191342,1.33353452343634,0.82,1,0.82,"yes"
-0.3,0.4,0,0.3,0.3,0.5,0.9,-0.306934053484122,1.06050219351166,-2.3243191355692,1.77061417275377,0.74,1,0.74,"no"
-0.3,0.4,0,0.3,0.3,0.5,1,-0.307571116580838,1.14561459214103,-2.49020172430358,1.92766939664504,0.72,1,0.72,"no"
-0.3,0.5,0,0.1,0.1,-0.5,0.3,-0.302311351161374,0.594899415835539,-1.46332364144045,0.830471790337935,1,0.36,0.36,"no"
-0.3,0.5,0,0.1,0.1,-0.5,0.6,-0.304222540451522,0.785571209535935,-1.84208909158251,1.18106183036537,0.91,1,0.91,"yes"
-0.3,0.5,0,0.1,0.1,-0.5,0.9,-0.306133729741669,1.02948279032523,-2.29705342789655,1.64969302691295,0.79,1,0.79,"no"
-0.3,0.5,0,0.1,0.1,-0.5,1,-0.306770792838385,1.11682099293652,-2.46133353692793,1.82185352072912,0.77,1,0.77,"no"
-0.3,0.5,0,0.1,0.1,0,0.3,-0.302311351161374,0.594873940735991,-1.44654882397864,0.841769083049555,1,0.31,0.31,"no"
-0.3,0.5,0,0.1,0.1,0,0.6,-0.304222540451522,0.785467613993293,-1.83506713246681,1.18824404257556,0.91,1,0.91,"yes"
-0.3,0.5,0,0.1,0.1,0,0.9,-0.306133729741669,1.02933226732604,-2.28874673691425,1.65364714382043,0.79,1,0.79,"no"
-0.3,0.5,0,0.1,0.1,0,1,-0.306770792838385,1.11665937519888,-2.45543959333096,1.81943848703629,0.77,1,0.77,"no"
-0.3,0.5,0,0.1,0.1,0.5,0.3,-0.302311351161374,0.594573419398937,-1.43093751895089,0.852585210976048,1,0.37,0.37,"no"
-0.3,0.5,0,0.1,0.1,0.5,0.6,-0.304222540451522,0.785283527204014,-1.81833117191167,1.19625988951195,0.91,1,0.91,"yes"
-0.3,0.5,0,0.1,0.1,0.5,0.9,-0.306133729741669,1.02922009522403,-2.28348055096284,1.6600145955927,0.79,1,0.79,"no"
-0.3,0.5,0,0.1,0.1,0.5,1,-0.306770792838385,1.11656429687635,-2.45221535631033,1.82272106399294,0.77,1,0.77,"no"
-0.3,0.5,0,0.1,0.2,-0.5,0.3,-0.302311351161374,0.619204478582316,-1.54748939821132,0.87462943132449,1,0.63,0.63,"no"
-0.3,0.5,0,0.1,0.2,-0.5,0.6,-0.304222540451522,0.803891169712233,-1.88825029372486,1.22375769424672,0.91,1,0.91,"yes"
-0.3,0.5,0,0.1,0.2,-0.5,0.9,-0.306133729741669,1.04328487997888,-2.34565596360809,1.68116661747526,0.79,1,0.79,"no"
-0.3,0.5,0,0.1,0.2,-0.5,1,-0.306770792838385,1.12947312050623,-2.50387871050066,1.84383089516461,0.77,1,0.77,"no"
-0.3,0.5,0,0.1,0.2,0,0.3,-0.302311351161374,0.618940885461464,-1.51855963245,0.907544471820092,1,0.63,0.63,"no"
-0.3,0.5,0,0.1,0.2,0,0.6,-0.304222540451522,0.803523959077182,-1.87161086575722,1.23020520069859,0.91,1,0.91,"yes"
-0.3,0.5,0,0.1,0.2,0,0.9,-0.306133729741669,1.04286498275777,-2.33200874706905,1.68257283981068,0.79,1,0.79,"no"
-0.3,0.5,0,0.1,0.2,0,1,-0.306770792838385,1.12904119159693,-2.49413562890591,1.84491633009729,0.77,1,0.77,"no"
-0.3,0.5,0,0.1,0.2,0.5,0.3,-0.302311351161374,0.617727853629119,-1.47684813713531,0.936038878875369,1,0.56,0.56,"no"
-0.3,0.5,0,0.1,0.2,0.5,0.6,-0.304222540451522,0.802678385107295,-1.84857340526156,1.25802126056927,0.91,1,0.91,"yes"
-0.3,0.5,0,0.1,0.2,0.5,0.9,-0.306133729741669,1.04227102181829,-2.30748846268927,1.697359682853,0.79,1,0.79,"no"
-0.3,0.5,0,0.1,0.2,0.5,1,-0.306770792838385,1.12850939603129,-2.47325525874646,1.85657036521832,0.77,1,0.77,"no"
-0.3,0.5,0,0.1,0.3,-0.5,0.3,-0.302311351161374,0.657675651506067,-1.65958526700982,0.955329631907715,1,0.83,0.83,"yes"
-0.3,0.5,0,0.1,0.3,-0.5,0.6,-0.304222540451522,0.833707554135919,-1.95840818378979,1.26999944810471,0.91,1,0.91,"yes"
-0.3,0.5,0,0.1,0.3,-0.5,0.9,-0.306133729741669,1.06622289976246,-2.40833734066519,1.72497482715663,0.79,1,0.79,"no"
-0.3,0.5,0,0.1,0.3,-0.5,1,-0.306770792838385,1.15061970618648,-2.5607751654278,1.88818431649258,0.77,1,0.77,"no"
-0.3,0.5,0,0.1,0.3,0,0.3,-0.302311351161374,0.657050676920581,-1.62210040639095,0.995268988736506,1,0.82,0.82,"yes"
-0.3,0.5,0,0.1,0.3,0,0.6,-0.304222540451522,0.832957239651144,-1.92404896370654,1.29139145383555,0.91,1,0.91,"yes"
-0.3,0.5,0,0.1,0.3,0,0.9,-0.306133729741669,1.06543287590747,-2.39029483469143,1.72837288522656,0.79,1,0.79,"no"
-0.3,0.5,0,0.1,0.3,0,1,-0.306770792838385,1.14982295885189,-2.5503691071343,1.88758377575207,0.77,1,0.77,"no"
-0.3,0.5,0,0.1,0.3,0.5,0.3,-0.302311351161374,0.65441545056862,-1.56544867771705,1.04038727307434,1,0.8,0.8,"yes"
-0.3,0.5,0,0.1,0.3,0.5,0.6,-0.304222540451522,0.831017123120157,-1.90033403102391,1.31812389392624,0.91,1,0.91,"yes"
-0.3,0.5,0,0.1,0.3,0.5,0.9,-0.306133729741669,1.06400650337445,-2.35534550057553,1.75565258275755,0.79,1,0.79,"no"
-0.3,0.5,0,0.1,0.3,0.5,1,-0.306770792838385,1.14852738888084,-2.51611462856669,1.90896364450431,0.77,1,0.77,"no"
-0.3,0.5,0,0.2,0.1,-0.5,0.3,-0.3027115130326,0.618922209628105,-1.52242590170975,0.856398813881399,0.98,0.64,0.62,"no"
-0.3,0.5,0,0.2,0.1,-0.5,0.6,-0.304622702322748,0.804271703110995,-1.87818089253754,1.21008205192227,0.87,1,0.87,"yes"
-0.3,0.5,0,0.2,0.1,-0.5,0.9,-0.306533891612896,1.04409779340145,-2.33336406993629,1.68047516663824,0.77,1,0.77,"no"
-0.3,0.5,0,0.2,0.1,-0.5,1,-0.307170954709611,1.13039216614666,-2.49570825240515,1.84444517897637,0.76,1,0.76,"no"
-0.3,0.5,0,0.2,0.1,0,0.3,-0.3027115130326,0.618886342114067,-1.49371233070045,0.885730453715435,0.98,0.61,0.59,"no"
-0.3,0.5,0,0.2,0.1,0,0.6,-0.304622702322748,0.804166122256644,-1.86283186152597,1.2297808325771,0.87,1,0.87,"yes"
-0.3,0.5,0,0.2,0.1,0,0.9,-0.306533891612896,1.04394846103329,-2.32263786633095,1.69264268589679,0.77,1,0.77,"no"
-0.3,0.5,0,0.2,0.1,0,1,-0.307170954709611,1.1302321577459,-2.48673714465019,1.8560928269187,0.76,1,0.76,"no"
-0.3,0.5,0,0.2,0.1,0.5,0.3,-0.3027115130326,0.618579791120557,-1.46006577011855,0.924493429336183,0.98,0.61,0.59,"no"
-0.3,0.5,0,0.2,0.1,0.5,0.6,-0.304622702322748,0.803980566786337,-1.8464584766825,1.24796154253803,0.87,1,0.87,"yes"
-0.3,0.5,0,0.2,0.1,0.5,0.9,-0.306533891612896,1.04383720388808,-2.30722217460066,1.70557957344451,0.77,1,0.77,"no"
-0.3,0.5,0,0.2,0.1,0.5,1,-0.307170954709611,1.13013835700032,-2.47542957007596,1.86686561327652,0.76,1,0.76,"no"
-0.3,0.5,0,0.2,0.2,-0.5,0.3,-0.3027115130326,0.642353636058984,-1.6129785705258,0.891579999125361,0.98,0.84,0.82,"yes"
-0.3,0.5,0,0.2,0.2,-0.5,0.6,-0.304622702322748,0.822178429798713,-1.93952900326141,1.23846450842302,0.87,1,0.87,"yes"
-0.3,0.5,0,0.2,0.2,-0.5,0.9,-0.306533891612896,1.05770459359434,-2.38408143670292,1.69543956537375,0.77,1,0.77,"no"
-0.3,0.5,0,0.2,0.2,-0.5,1,-0.307170954709611,1.14288873539553,-2.54151543915791,1.85914585030127,0.76,1,0.76,"no"
-0.3,0.5,0,0.2,0.2,0,0.3,-0.3027115130326,0.642085562146046,-1.55841399459802,0.952682783061893,0.98,0.81,0.79,"no"
-0.3,0.5,0,0.2,0.2,0,0.6,-0.304622702322748,0.821813980857291,-1.90760657133071,1.27103468912086,0.87,1,0.87,"yes"
-0.3,0.5,0,0.2,0.2,0,0.9,-0.306533891612896,1.05728976617097,-2.36328989599858,1.71341847235614,0.77,1,0.77,"no"
-0.3,0.5,0,0.2,0.2,0,1,-0.307170954709611,1.14246205943854,-2.52533241221095,1.87507469965136,0.76,1,0.76,"no"
-0.3,0.5,0,0.2,0.2,0.5,0.3,-0.3027115130326,0.64087854436558,-1.49032038902253,1.0106274342458,0.98,0.79,0.77,"no"
-0.3,0.5,0,0.2,0.2,0.5,0.6,-0.304622702322748,0.820973747057788,-1.873070739314,1.31083750023014,0.87,1,0.87,"yes"
-0.3,0.5,0,0.2,0.2,0.5,0.9,-0.306533891612896,1.05670149435244,-2.33364578526661,1.74712588063672,0.77,1,0.77,"no"
-0.3,0.5,0,0.2,0.2,0.5,1,-0.307170954709611,1.14193588513588,-2.49980845087438,1.90444838016005,0.76,1,0.76,"no"
-0.3,0.5,0,0.2,0.3,-0.5,0.3,-0.3027115130326,0.679552711351821,-1.72331444836955,0.956292369976994,0.98,0.92,0.9,"yes"
-0.3,0.5,0,0.2,0.3,-0.5,0.6,-0.304622702322748,0.851359596074059,-2.01743376493504,1.28932394893156,0.87,1,0.87,"yes"
-0.3,0.5,0,0.2,0.3,-0.5,0.9,-0.306533891612896,1.0803320020891,-2.44152343354098,1.7351536931123,0.77,1,0.77,"no"
-0.3,0.5,0,0.2,0.3,-0.5,1,-0.307170954709611,1.16378611446968,-2.60362589768401,1.89431256991143,0.76,0.99,0.76,"no"
-0.3,0.5,0,0.2,0.3,0,0.3,-0.3027115130326,0.67893517398297,-1.66100263461198,1.03683971364282,0.98,0.91,0.89,"yes"
-0.3,0.5,0,0.2,0.3,0,0.6,-0.304622702322748,0.850620576177714,-1.9690022739726,1.32240828161104,0.87,1,0.87,"yes"
-0.3,0.5,0,0.2,0.3,0,0.9,-0.306533891612896,1.07955274740805,-2.41953853156469,1.7659880738749,0.77,1,0.77,"no"
-0.3,0.5,0,0.2,0.3,0,1,-0.307170954709611,1.16299969027055,-2.57768051252896,1.91981510364864,0.76,1,0.76,"no"
-0.3,0.5,0,0.2,0.3,0.5,0.3,-0.3027115130326,0.676329899883861,-1.55960479987974,1.11462929152063,0.98,0.91,0.89,"yes"
-0.3,0.5,0,0.2,0.3,0.5,0.6,-0.304622702322748,0.848698960517244,-1.91275902733948,1.37642906633091,0.87,1,0.87,"yes"
-0.3,0.5,0,0.2,0.3,0.5,0.9,-0.306533891612896,1.0781400298082,-2.3703007183712,1.80298718866946,0.77,1,0.77,"no"
-0.3,0.5,0,0.2,0.3,0.5,1,-0.307170954709611,1.16171666412667,-2.52751755518517,1.95609385685405,0.76,1,0.76,"no"
-0.3,0.5,0,0.3,0.1,-0.5,0.3,-0.303111674903827,0.656637030224409,-1.59994634844816,0.918713749073149,0.93,0.95,0.89,"yes"
-0.3,0.5,0,0.3,0.1,-0.5,0.6,-0.305022864193974,0.833995170762606,-1.93496360071574,1.26151567504383,0.82,1,0.82,"yes"
-0.3,0.5,0,0.3,0.1,-0.5,0.9,-0.306934053484122,1.06743699964108,-2.37808233336961,1.7155052883085,0.74,1,0.74,"no"
-0.3,0.5,0,0.3,0.1,-0.5,1,-0.307571116580838,1.15206893109435,-2.53992240801453,1.88073025651696,0.72,1,0.72,"no"
-0.3,0.5,0,0.3,0.1,0,0.3,-0.303111674903827,0.656588230639777,-1.56186917876465,0.970404178406379,0.93,0.95,0.89,"yes"
-0.3,0.5,0,0.3,0.1,0,0.6,-0.305022864193974,0.833886384156298,-1.91154662068811,1.28893677918037,0.82,1,0.82,"yes"
-0.3,0.5,0,0.3,0.1,0,0.9,-0.306934053484122,1.06728862229088,-2.36400265719467,1.73216041174791,0.74,1,0.74,"no"
-0.3,0.5,0,0.3,0.1,0,1,-0.307571116580838,1.15191048132722,-2.52602110477828,1.89308580397417,0.72,1,0.72,"no"
-0.3,0.5,0,0.3,0.1,0.5,0.3,-0.303111674903827,0.656275467828319,-1.51826227999498,1.01291273459668,0.93,0.95,0.89,"yes"
-0.3,0.5,0,0.3,0.1,0.5,0.6,-0.305022864193974,0.833697420882067,-1.88474867587179,1.31813193027706,0.82,1,0.82,"yes"
-0.3,0.5,0,0.3,0.1,0.5,0.9,-0.306934053484122,1.06717680984161,-2.34641432167877,1.75456474382467,0.74,1,0.74,"no"
-0.3,0.5,0,0.3,0.1,0.5,1,-0.307571116580838,1.15181668744475,-2.51166492433585,1.91098955759577,0.72,1,0.72,"no"
-0.3,0.5,0,0.3,0.2,-0.5,0.3,-0.303111674903827,0.678821302183074,-1.70101847055943,0.930972900705886,0.93,0.96,0.89,"yes"
-0.3,0.5,0,0.3,0.2,-0.5,0.6,-0.305022864193974,0.851289532812446,-2.00431386505207,1.27241717433684,0.82,1,0.82,"yes"
-0.3,0.5,0,0.3,0.2,-0.5,0.9,-0.306934053484122,1.08074964779504,-2.4259154896079,1.72613583629337,0.74,1,0.74,"no"
-0.3,0.5,0,0.3,0.2,-0.5,1,-0.307571116580838,1.16433087658215,-2.58645624503978,1.89139806195604,0.72,1,0.72,"no"
-0.3,0.5,0,0.3,0.2,0,0.3,-0.303111674903827,0.678549021469817,-1.62434094977208,1.02205849071483,0.93,0.95,0.89,"yes"
-0.3,0.5,0,0.3,0.2,0,0.6,-0.305022864193974,0.850928797214683,-1.96088045752899,1.33330537703708,0.82,1,0.82,"yes"
-0.3,0.5,0,0.3,0.2,0,0.9,-0.306934053484122,1.08034114414388,-2.40421497574224,1.76022385895494,0.74,1,0.74,"no"
-0.3,0.5,0,0.3,0.2,0,1,-0.307571116580838,1.16391073129295,-2.56794056849749,1.91757618553775,0.72,1,0.72,"no"
-0.3,0.5,0,0.3,0.2,0.5,0.3,-0.303111674903827,0.677356469778136,-1.53614350361615,1.10438567396916,0.93,0.95,0.89,"yes"
-0.3,0.5,0,0.3,0.2,0.5,0.6,-0.305022864193974,0.850094822569822,-1.90921891706588,1.37677398501436,0.82,1,0.82,"yes"
-0.3,0.5,0,0.3,0.2,0.5,0.9,-0.306934053484122,1.07975796963633,-2.36721543671742,1.79962188878252,0.74,1,0.74,"no"
-0.3,0.5,0,0.3,0.2,0.5,1,-0.307571116580838,1.16338950855187,-2.53251105518982,1.95249314473956,0.72,1,0.72,"no"
-0.3,0.5,0,0.3,0.3,-0.5,0.3,-0.303111674903827,0.714182868856388,-1.80963722459311,0.995439663522211,0.93,0.98,0.91,"yes"
-0.3,0.5,0,0.3,0.3,-0.5,0.6,-0.305022864193974,0.879521218026408,-2.08639562463876,1.31831751064117,0.82,1,0.82,"yes"
-0.3,0.5,0,0.3,0.3,-0.5,0.9,-0.306934053484122,1.10290477312007,-2.48323898520177,1.75937929384417,0.74,1,0.74,"no"
-0.3,0.5,0,0.3,0.3,-0.5,1,-0.307571116580838,1.18484850400787,-2.63981356388963,1.92062034737334,0.72,0.98,0.71,"no"
-0.3,0.5,0,0.3,0.3,0,0.3,-0.303111674903827,0.713578575178566,-1.71148654239165,1.10421340514035,0.93,0.98,0.91,"yes"
-0.3,0.5,0,0.3,0.3,0,0.6,-0.305022864193974,0.878798933599955,-2.02273605209668,1.38142532145094,0.82,1,0.82,"yes"
-0.3,0.5,0,0.3,0.3,0,0.9,-0.306934053484122,1.10214041835957,-2.45880057052815,1.80399034319705,0.74,1,0.74,"no"
-0.3,0.5,0,0.3,0.3,0,1,-0.307571116580838,1.18407615555428,-2.61666011835125,1.95724065376564,0.72,0.98,0.7,"no"
-0.3,0.5,0,0.3,0.3,0.5,0.3,-0.303111674903827,0.711026341442264,-1.59615933898244,1.20517847422611,0.93,0.96,0.9,"yes"
-0.3,0.5,0,0.3,0.3,0.5,0.6,-0.305022864193974,0.876903707283316,-1.94645790728614,1.45162314207185,0.82,1,0.82,"yes"
-0.3,0.5,0,0.3,0.3,0.5,0.9,-0.306934053484122,1.10074384755757,-2.40212418490497,1.85394463172469,0.74,1,0.74,"no"
-0.3,0.5,0,0.3,0.3,0.5,1,-0.307571116580838,1.18280739054652,-2.56116047254094,2.01051972964067,0.72,0.99,0.71,"no"
0,-0.5,0,0.1,0.1,-0.5,0.3,-0.00231135116137396,0.602851323801435,-1.16195979156947,1.17050658090509,1,0.45,0.45,"no"
0,-0.5,0,0.1,0.1,-0.5,0.6,-0.00422254045152161,0.798703234939726,-1.5333152309938,1.53104116884042,1,1,1,"yes"
0,-0.5,0,0.1,0.1,-0.5,0.9,-0.00613372974166926,1.04495846139745,-2.00331215436658,1.98275918514672,1,1,1,"yes"
0,-0.5,0,0.1,0.1,-0.5,1,-0.00677079283838514,1.13276780574254,-2.17283002332319,2.14849966270844,1,0.99,0.99,"yes"
0,-0.5,0,0.1,0.1,0,0.3,-0.00231135116137396,0.60239606690358,-1.18400279833252,1.15780365682174,1,0.43,0.43,"no"
0,-0.5,0,0.1,0.1,0,0.6,-0.00422254045152161,0.79826794197952,-1.54401037014749,1.52049508552165,1,1,1,"yes"
0,-0.5,0,0.1,0.1,0,0.9,-0.00613372974166926,1.04454987735453,-2.01250978344599,1.98355743066062,1,1,1,"yes"
0,-0.5,0,0.1,0.1,0,1,-0.00677079283838514,1.13236715826463,-2.17795828774594,2.14896497823578,1,0.99,0.99,"yes"
0,-0.5,0,0.1,0.1,0.5,0.3,-0.00231135116137396,0.602181544301761,-1.20129507269805,1.13256474253998,1,0.42,0.42,"no"
0,-0.5,0,0.1,0.1,0.5,0.6,-0.00422254045152161,0.798141213170922,-1.5531090419748,1.51035768379225,1,1,1,"yes"
0,-0.5,0,0.1,0.1,0.5,0.9,-0.00613372974166926,1.04447801054474,-2.02010361990969,1.97813399573856,1,1,1,"yes"
0,-0.5,0,0.1,0.1,0.5,1,-0.00677079283838514,1.13230852716299,-2.18721138057607,2.14746745372451,1,0.99,0.99,"yes"
0,-0.5,0,0.1,0.2,-0.5,0.3,-0.00231135116137396,0.625312875077699,-1.21067696603119,1.24950368513482,1,0.6,0.6,"no"
0,-0.5,0,0.1,0.2,-0.5,0.6,-0.00422254045152161,0.815549707917469,-1.55597064618152,1.57889482537229,1,1,1,"yes"
0,-0.5,0,0.1,0.2,-0.5,0.9,-0.00613372974166926,1.0576548155107,-2.02204404811718,2.02618944348402,1,1,1,"yes"
0,-0.5,0,0.1,0.2,-0.5,1,-0.00677079283838514,1.14441014360259,-2.19260950289276,2.18917453057795,1,0.99,0.99,"yes"
0,-0.5,0,0.1,0.2,0,0.3,-0.00231135116137396,0.6241802949633,-1.24501970271965,1.2280329049376,1,0.59,0.59,"no"
0,-0.5,0,0.1,0.2,0,0.6,-0.00422254045152161,0.814524236663418,-1.57763406563293,1.5629958023329,1,1,1,"yes"
0,-0.5,0,0.1,0.2,0,0.9,-0.00613372974166926,1.05672470310345,-2.03815369532638,2.02723123976785,1,1,1,"yes"
0,-0.5,0,0.1,0.2,0,1,-0.00677079283838514,1.14350569521337,-2.20196133504124,2.19047519431382,1,0.99,0.99,"yes"
0,-0.5,0,0.1,0.2,0.5,0.3,-0.00231135116137396,0.623150559474022,-1.27145619156568,1.19231760394813,1,0.61,0.61,"no"
0,-0.5,0,0.1,0.2,0.5,0.6,-0.00422254045152161,0.813802450012142,-1.60265814530648,1.5445551687474,1,1,1,"yes"
0,-0.5,0,0.1,0.2,0.5,0.9,-0.00613372974166926,1.05621709296672,-2.05354534774349,2.01599137949267,1,1,1,"yes"
0,-0.5,0,0.1,0.2,0.5,1,-0.00677079283838514,1.14305169924703,-2.22118704649063,2.17984407827244,1,0.99,0.99,"yes"
0,-0.5,0,0.1,0.3,-0.5,0.3,-0.00231135116137396,0.661877078554859,-1.28461187068975,1.37062732443395,1,0.83,0.83,"yes"
0,-0.5,0,0.1,0.3,-0.5,0.6,-0.00422254045152161,0.843750030973552,-1.61049373051039,1.65007160111549,1,1,1,"yes"
0,-0.5,0,0.1,0.3,-0.5,0.9,-0.00613372974166926,1.07936285530689,-2.06138949206706,2.0799538042957,1,1,1,"yes"
0,-0.5,0,0.1,0.3,-0.5,1,-0.00677079283838514,1.16443307477575,-2.22533816445479,2.23496843422117,1,0.98,0.98,"yes"
0,-0.5,0,0.1,0.3,0,0.3,-0.00231135116137396,0.659915326152979,-1.33126415491684,1.33018526960279,1,0.8,0.8,"yes"
0,-0.5,0,0.1,0.3,0,0.6,-0.00422254045152161,0.842007985633576,-1.64195272888006,1.63347828287879,1,1,1,"yes"
0,-0.5,0,0.1,0.3,0,0.9,-0.00613372974166926,1.07781048525616,-2.07571538416168,2.07498037031316,1,1,1,"yes"
0,-0.5,0,0.1,0.3,0,1,-0.00677079283838514,1.16293117369572,-2.23968953587689,2.23575503097079,1,0.98,0.98,"yes"
0,-0.5,0,0.1,0.3,0.5,0.3,-0.00231135116137396,0.657564897091393,-1.36102839191212,1.27931944601705,1,0.81,0.81,"yes"
0,-0.5,0,0.1,0.3,0.5,0.6,-0.00422254045152161,0.840268816855802,-1.67178516775556,1.60627452691109,1,1,1,"yes"
0,-0.5,0,0.1,0.3,0.5,0.9,-0.00613372974166926,1.07652434153954,-2.09687157078707,2.05691646254341,1,1,1,"yes"
0,-0.5,0,0.1,0.3,0.5,1,-0.00677079283838514,1.16176153853135,-2.25373164012493,2.22033393039898,1,0.97,0.97,"yes"
0,-0.5,0,0.2,0.1,-0.5,0.3,-0.00271151303260027,0.626560736789068,-1.18916824636563,1.22680068138242,1,0.7,0.7,"no"
0,-0.5,0,0.2,0.1,-0.5,0.6,-0.00462270232274792,0.817079682626555,-1.55446147125897,1.57603675219015,1,1,1,"yes"
0,-0.5,0,0.2,0.1,-0.5,0.9,-0.00653389161289557,1.05932657043054,-2.02161123545942,2.01692041228635,1,1,1,"yes"
0,-0.5,0,0.2,0.1,-0.5,1,-0.00717095470961145,1.1461154926723,-2.18808205908316,2.17365828393696,1,0.99,0.99,"yes"
0,-0.5,0,0.2,0.1,0,0.3,-0.00271151303260027,0.626142575549892,-1.22259344390877,1.19662300917499,1,0.69,0.69,"no"
0,-0.5,0,0.2,0.1,0,0.6,-0.00462270232274792,0.816664120678125,-1.57389547826392,1.55726733168972,1,1,1,"yes"
0,-0.5,0,0.2,0.1,0,0.9,-0.00653389161289557,1.0589291798412,-2.03403418086934,2.00603152434799,1,1,1,"yes"
0,-0.5,0,0.2,0.1,0,1,-0.00717095470961145,1.1457243617903,-2.20222675424854,2.1679009928644,1,0.99,0.99,"yes"
0,-0.5,0,0.2,0.1,0.5,0.3,-0.00271151303260027,0.62594619250081,-1.25349319926107,1.16606711720391,1,0.72,0.72,"no"
0,-0.5,0,0.2,0.1,0.5,0.6,-0.00462270232274792,0.816546254242492,-1.59460017274141,1.53994484422716,1,1,1,"yes"
0,-0.5,0,0.2,0.1,0.5,0.9,-0.00653389161289557,1.05886261882809,-2.04956290750744,1.99612411367155,1,1,1,"yes"
0,-0.5,0,0.2,0.1,0.5,1,-0.00717095470961145,1.14567038587873,-2.21309264518312,2.16006212850239,1,0.99,0.99,"yes"
0,-0.5,0,0.2,0.2,-0.5,0.3,-0.00271151303260027,0.648225333777216,-1.22357455375846,1.31535776685827,1,0.83,0.83,"yes"
0,-0.5,0,0.2,0.2,-0.5,0.6,-0.00462270232274792,0.833557564801417,-1.5694574666005,1.6296915822935,1,1,1,"yes"
0,-0.5,0,0.2,0.2,-0.5,0.9,-0.00653389161289557,1.07184965790756,-2.03466357275354,2.06204809200506,1,1,1,"yes"
0,-0.5,0,0.2,0.2,-0.5,1,-0.00717095470961145,1.15761988286312,-2.20415667522128,2.22226320543007,1,0.99,0.99,"yes"
0,-0.5,0,0.2,0.2,0,0.3,-0.00271151303260027,0.647178513657271,-1.28155740485352,1.26302087513916,1,0.82,0.82,"yes"
0,-0.5,0,0.2,0.2,0,0.6,-0.00462270232274792,0.832576747951226,-1.610369300575,1.59597694825777,1,1,1,"yes"
0,-0.5,0,0.2,0.2,0,0.9,-0.00653389161289557,1.07094416225608,-2.0577628180352,2.04602085224207,1,1,1,"yes"
0,-0.5,0,0.2,0.2,0,1,-0.00717095470961145,1.15673618153046,-2.2205781679557,2.20763925041282,1,0.99,0.99,"yes"
0,-0.5,0,0.2,0.2,0.5,0.3,-0.00271151303260027,0.646198339079888,-1.33677414792351,1.19848661838373,1,0.8,0.8,"yes"
0,-0.5,0,0.2,0.2,0.5,0.6,-0.00462270232274792,0.831879786267949,-1.65085553251438,1.5610100270688,1,1,1,"yes"
0,-0.5,0,0.2,0.2,0.5,0.9,-0.00653389161289557,1.0704506904826,-2.08606290472375,2.02936088023669,1,1,1,"yes"
0,-0.5,0,0.2,0.2,0.5,1,-0.00717095470961145,1.1562943264474,-2.24784063380575,2.18987081914253,1,0.99,0.99,"yes"
0,-0.5,0,0.2,0.3,-0.5,0.3,-0.00271151303260027,0.683598825279641,-1.28440992053175,1.43799257798432,1,0.94,0.94,"yes"
0,-0.5,0,0.2,0.3,-0.5,0.6,-0.00462270232274791,0.861175148546771,-1.62167484968213,1.70780009256319,1,1,1,"yes"
0,-0.5,0,0.2,0.3,-0.5,0.9,-0.00653389161289557,1.09327399392417,-2.0671111760043,2.1185688109948,1,1,1,"yes"
0,-0.5,0,0.2,0.3,-0.5,1,-0.00717095470961145,1.17741523983325,-2.23195302307173,2.26838354830972,1,0.97,0.97,"yes"
0,-0.5,0,0.2,0.3,0,0.3,-0.00271151303260027,0.681770810000674,-1.36275162701453,1.36836702014975,1,0.93,0.93,"yes"
0,-0.5,0,0.2,0.3,0,0.6,-0.00462270232274792,0.859504586383191,-1.67094700217278,1.65961669080471,1,1,1,"yes"
0,-0.5,0,0.2,0.3,0,0.9,-0.00653389161289557,1.09176102167074,-2.09428250641142,2.09088546731209,1,1,1,"yes"
0,-0.5,0,0.2,0.3,0,1,-0.00717095470961145,1.17594644710195,-2.25470284298642,2.24965722540318,1,0.97,0.97,"yes"
0,-0.5,0,0.2,0.3,0.5,0.3,-0.00271151303260026,0.679507500727372,-1.43423560145379,1.27124767838449,1,0.92,0.92,"yes"
0,-0.5,0,0.2,0.3,0.5,0.6,-0.00462270232274792,0.85781097880585,-1.72674143675482,1.61288599829613,1,1,1,"yes"
0,-0.5,0,0.2,0.3,0.5,0.9,-0.00653389161289557,1.09050068036825,-2.13014711536138,2.06175530744138,1,1,1,"yes"
0,-0.5,0,0.2,0.3,0.5,1,-0.00717095470961145,1.17479879154932,-2.28973500528758,2.22228947014299,1,0.96,0.96,"yes"
0,-0.5,0,0.3,0.1,-0.5,0.3,-0.00311167490382658,0.663843864506444,-1.24354148131129,1.30886759202536,1,0.99,0.99,"yes"
0,-0.5,0,0.3,0.1,-0.5,0.6,-0.00502286419397422,0.84635065193039,-1.60087783378492,1.63320899321692,1,1,1,"yes"
0,-0.5,0,0.3,0.1,-0.5,0.9,-0.00693405348412188,1.08232119964852,-2.06024623993119,2.05835272696534,1,1,1,"yes"
0,-0.5,0,0.3,0.1,-0.5,1,-0.00757111658083776,1.16748113600634,-2.23106686487205,2.21438225462932,1,0.99,0.99,"yes"
0,-0.5,0,0.3,0.1,0,0.3,-0.00311167490382658,0.663474614673994,-1.28528712242927,1.26805639956427,1,0.98,0.98,"yes"
0,-0.5,0,0.3,0.1,0,0.6,-0.00502286419397423,0.845962910747578,-1.62876762105934,1.60876517396791,1,1,1,"yes"
0,-0.5,0,0.3,0.1,0,0.9,-0.00693405348412188,1.08193982715317,-2.08076532373141,2.04313362019122,1,1,1,"yes"
0,-0.5,0,0.3,0.1,0,1,-0.00757111658083776,1.16710359582955,-2.24587300814597,2.20031750151301,1,0.99,0.99,"yes"
0,-0.5,0,0.3,0.1,0.5,0.3,-0.00311167490382658,0.663302836612743,-1.32306777419313,1.22204331043488,1,0.97,0.97,"yes"
0,-0.5,0,0.3,0.1,0.5,0.6,-0.00502286419397422,0.845856986915603,-1.65703070043062,1.58024946003944,1,1,1,"yes"
0,-0.5,0,0.3,0.1,0.5,0.9,-0.00693405348412188,1.08187990571855,-2.09962871032104,2.02659037433922,1,1,1,"yes"
0,-0.5,0,0.3,0.1,0.5,1,-0.00757111658083776,1.16705529642082,-2.26018578882343,2.18921792774234,1,0.99,0.99,"yes"
0,-0.5,0,0.3,0.2,-0.5,0.3,-0.00311167490382658,0.684363678822895,-1.26198023649085,1.4061993145024,1,0.99,0.99,"yes"
0,-0.5,0,0.3,0.2,-0.5,0.6,-0.00502286419397422,0.862275940076874,-1.61275553323042,1.70131569125376,1,1,1,"yes"
0,-0.5,0,0.3,0.2,-0.5,0.9,-0.00693405348412188,1.09457963527971,-2.07121865516895,2.11086658016814,1,1,1,"yes"
0,-0.5,0,0.3,0.2,-0.5,1,-0.00757111658083776,1.17877443716477,-2.23905438430119,2.26230580726628,1,0.98,0.98,"yes"
0,-0.5,0,0.3,0.2,0,0.3,-0.00311167490382657,0.683431201952555,-1.33937626895509,1.32469159823152,1,0.98,0.98,"yes"
0,-0.5,0,0.3,0.2,0,0.6,-0.00502286419397422,0.861358607164741,-1.66364518135549,1.65302335119987,1,1,1,"yes"
0,-0.5,0,0.3,0.2,0,0.9,-0.00693405348412187,1.09370981094279,-2.10105690952857,2.08332537018611,1,1,1,"yes"
0,-0.5,0,0.3,0.2,0,1,-0.00757111658083776,1.17792077653676,-2.26458588183119,2.23856434364356,1,0.99,0.99,"yes"
0,-0.5,0,0.3,0.2,0.5,0.3,-0.00311167490382658,0.682521067689224,-1.41743049242396,1.24172244421049,1,0.98,0.98,"yes"
0,-0.5,0,0.3,0.2,0.5,0.6,-0.00502286419397423,0.860696656424682,-1.71533972291566,1.59300940249672,1,1,1,"yes"
0,-0.5,0,0.3,0.2,0.5,0.9,-0.00693405348412187,1.09323522821264,-2.14043631325897,2.05038457132146,1,1,1,"yes"
0,-0.5,0,0.3,0.2,0.5,1,-0.00757111658083776,1.17749479226568,-2.29478443939066,2.21230401661542,1,0.97,0.97,"yes"
0,-0.5,0,0.3,0.3,-0.5,0.3,-0.00311167490382657,0.718010207896426,-1.31853270305297,1.52400881593352,1,0.99,0.99,"yes"
0,-0.5,0,0.3,0.3,-0.5,0.6,-0.00502286419397423,0.889015327789709,-1.6525622753909,1.78818247963539,1,1,1,"yes"
0,-0.5,0,0.3,0.3,-0.5,0.9,-0.00693405348412188,1.11556814277297,-2.0967605841527,2.1727092839665,1,1,1,"yes"
0,-0.5,0,0.3,0.3,-0.5,1,-0.00757111658083776,1.19821926252805,-2.26317627419185,2.31918097014831,1,0.92,0.92,"yes"
0,-0.5,0,0.3,0.3,0,0.3,-0.00311167490382658,0.716363499310636,-1.41468528377326,1.42500430642896,1,0.99,0.99,"yes"
0,-0.5,0,0.3,0.3,0,0.6,-0.00502286419397423,0.88744718086547,-1.7281133552489,1.71474115537882,1,1,1,"yes"
0,-0.5,0,0.3,0.3,0,0.9,-0.00693405348412188,1.1141127865355,-2.13700568698601,2.12663239263556,1,1,1,"yes"
0,-0.5,0,0.3,0.3,0,1,-0.00757111658083776,1.19679890084723,-2.29721675557677,2.28217414626237,1,0.92,0.92,"yes"
0,-0.5,0,0.3,0.3,0.5,0.3,-0.00311167490382657,0.71422588352552,-1.51932732800469,1.29519373178764,1,0.98,0.98,"yes"
0,-0.5,0,0.3,0.3,0.5,0.6,-0.00502286419397422,0.88581913117477,-1.79310543320681,1.63715489659987,1,1,1,"yes"
0,-0.5,0,0.3,0.3,0.5,0.9,-0.00693405348412187,1.11288807195143,-2.1889361185599,2.0870536164527,1,1,1,"yes"
0,-0.5,0,0.3,0.3,0.5,1,-0.00757111658083776,1.19568105746596,-2.3413022794636,2.24233745751951,1,0.91,0.91,"yes"
0,-0.4,0,0.1,0.1,-0.5,0.3,-0.00231135116137396,0.522035096612563,-0.999344013666548,1.01683320085693,1,0,0,"no"
0,-0.4,0,0.1,0.1,-0.5,0.6,-0.00422254045152161,0.738905493113066,-1.41332603763589,1.41596566774925,1,1,1,"yes"
0,-0.4,0,0.1,0.1,-0.5,0.9,-0.00613372974166926,0.99946547841562,-1.91841838534887,1.90077798346963,1,1,1,"yes"
0,-0.4,0,0.1,0.1,-0.5,1,-0.00677079283838514,1.09077716997434,-2.09949999797798,2.07369278117919,1,1,1,"yes"
0,-0.4,0,0.1,0.1,0,0.3,-0.00231135116137396,0.521562354818936,-1.02505497809267,1.00029652245192,1,0,0,"no"
0,-0.4,0,0.1,0.1,0,0.6,-0.00422254045152161,0.738470204693144,-1.42534530378308,1.41128749942289,1,1,1,"yes"
0,-0.4,0,0.1,0.1,0,0.9,-0.00613372974166926,0.99906378300558,-1.91703156704911,1.89820634574489,1,1,1,"yes"
0,-0.4,0,0.1,0.1,0,1,-0.00677079283838514,1.0903844368831,-2.09593980816568,2.06873354788877,1,1,1,"yes"
0,-0.4,0,0.1,0.1,0.5,0.3,-0.00231135116137396,0.521303542459591,-1.04165237473642,0.979405899728519,1,0,0,"no"
0,-0.4,0,0.1,0.1,0.5,0.6,-0.00422254045152161,0.738323632024497,-1.43416803685232,1.40129599935354,1,1,1,"yes"
0,-0.4,0,0.1,0.1,0.5,0.9,-0.00613372974166926,0.998981509301867,-1.92640050446564,1.89506877602501,1,1,1,"yes"
0,-0.4,0,0.1,0.1,0.5,1,-0.00677079283838514,1.09031710616815,-2.09866695957492,2.06817778095757,1,1,1,"yes"
0,-0.4,0,0.1,0.2,-0.5,0.3,-0.00231135116137396,0.548061265342524,-1.04943098004347,1.10239553669684,1,0.07,0.07,"no"
0,-0.4,0,0.1,0.2,-0.5,0.6,-0.00422254045152161,0.757260277645171,-1.44078122396414,1.46538976118071,1,1,1,"yes"
0,-0.4,0,0.1,0.2,-0.5,0.9,-0.00613372974166926,1.01285346102665,-1.94306186459566,1.93762836315703,1,1,1,"yes"
0,-0.4,0,0.1,0.2,-0.5,1,-0.00677079283838514,1.10297114115316,-2.12462623963198,2.1047935568506,1,1,1,"yes"
0,-0.4,0,0.1,0.2,0,0.3,-0.00231135116137396,0.546879498621007,-1.09008403286267,1.07305417403476,1,0.07,0.07,"no"
0,-0.4,0,0.1,0.2,0,0.6,-0.00422254045152161,0.756231431032951,-1.45773526351779,1.45404662958596,1,1,1,"yes"
0,-0.4,0,0.1,0.2,0,0.9,-0.00613372974166926,1.01193605337354,-1.9424233984552,1.93413375758339,1,1,1,"yes"
0,-0.4,0,0.1,0.2,0,1,-0.00677079283838514,1.10208171090734,-2.11890560921092,2.09984751682677,1,1,1,"yes"
0,-0.4,0,0.1,0.2,0.5,0.3,-0.00231135116137396,0.545678529542441,-1.11850662464649,1.03891972738299,1,0.08,0.08,"no"
0,-0.4,0,0.1,0.2,0.5,0.6,-0.00422254045152161,0.755433659839105,-1.47851663577107,1.43518823077715,1,1,1,"yes"
0,-0.4,0,0.1,0.2,0.5,0.9,-0.00613372974166926,1.01139123703048,-1.96217534259805,1.92674530341431,1,1,1,"yes"
0,-0.4,0,0.1,0.2,0.5,1,-0.00677079283838514,1.10159741811267,-2.13164939342995,2.09300769621109,1,1,1,"yes"
0,-0.4,0,0.1,0.3,-0.5,0.3,-0.00231135116137396,0.589704350962005,-1.13069788598049,1.22817044890961,1,0.37,0.37,"no"
0,-0.4,0,0.1,0.3,-0.5,0.6,-0.00422254045152161,0.787748949462121,-1.49720510780244,1.53807322020144,1,1,1,"yes"
0,-0.4,0,0.1,0.3,-0.5,0.9,-0.00613372974166926,1.03563712446681,-1.97649215068189,1.98378879561861,1,1,1,"yes"
0,-0.4,0,0.1,0.3,-0.5,1,-0.00677079283838514,1.12385366517708,-2.15106044913791,2.14433311197729,1,0.99,0.99,"yes"
0,-0.4,0,0.1,0.3,0,0.3,-0.00231135116137396,0.587674822504379,-1.18057669007884,1.18252007493748,1,0.36,0.36,"no"
0,-0.4,0,0.1,0.3,0,0.6,-0.00422254045152161,0.786002899279197,-1.51942669817469,1.51554517823148,1,1,1,"yes"
0,-0.4,0,0.1,0.3,0,0.9,-0.00613372974166926,1.03410393403159,-1.98742139231178,1.98620953276343,1,1,1,"yes"
0,-0.4,0,0.1,0.3,0,1,-0.00677079283838514,1.12237429361929,-2.15936259988757,2.14834665350652,1,1,1,"yes"
0,-0.4,0,0.1,0.3,0.5,0.3,-0.00231135116137396,0.584986763199335,-1.21267459935492,1.13336069670923,1,0.36,0.36,"no"
0,-0.4,0,0.1,0.3,0.5,0.6,-0.00422254045152161,0.784106366089501,-1.54818622830413,1.4934796980997,1,1,1,"yes"
0,-0.4,0,0.1,0.3,0.5,0.9,-0.00613372974166926,1.03274006724082,-2.00337065241405,1.97633082296599,1,1,1,"yes"
0,-0.4,0,0.1,0.3,0.5,1,-0.00677079283838514,1.12114156958117,-2.17415089472816,2.13956534866911,1,1,1,"yes"
0,-0.4,0,0.2,0.1,-0.5,0.3,-0.00271151303260027,0.549228733473899,-1.03286115662275,1.07945795634985,1,0.03,0.03,"no"
0,-0.4,0,0.2,0.1,-0.5,0.6,-0.00462270232274792,0.75872008362915,-1.4370684781204,1.45813762091461,1,1,1,"yes"
0,-0.4,0,0.2,0.1,-0.5,0.9,-0.00653389161289557,1.01447254571989,-1.94305627218239,1.9259372569104,1,1,1,"yes"
0,-0.4,0,0.2,0.1,-0.5,1,-0.00717095470961145,1.10462829033656,-2.12267870010704,2.09481816138601,1,1,1,"yes"
0,-0.4,0,0.2,0.1,0,0.3,-0.00271151303260027,0.548804171605703,-1.07242550271731,1.0485900178842,1,0.03,0.03,"no"
0,-0.4,0,0.2,0.1,0,0.6,-0.00462270232274792,0.75830698480409,-1.45887992576491,1.44209779805507,1,1,1,"yes"
0,-0.4,0,0.2,0.1,0,0.9,-0.00653389161289557,1.01408262558887,-1.95144252438837,1.91994986413983,1,1,1,"yes"
0,-0.4,0,0.2,0.1,0,1,-0.00717095470961145,1.10424544328529,-2.12533741415411,2.09052661966469,1,1,1,"yes"
0,-0.4,0,0.2,0.1,0.5,0.3,-0.00271151303260027,0.548569612513581,-1.09938469779874,1.01403562802215,1,0.02,0.02,"no"
0,-0.4,0,0.2,0.1,0.5,0.6,-0.00462270232274792,0.758170812302219,-1.4792548303464,1.4255854683764,1,1,1,"yes"
0,-0.4,0,0.2,0.1,0.5,0.9,-0.00653389161289557,1.01400620363638,-1.96169279535838,1.90931943448568,1,1,1,"yes"
0,-0.4,0,0.2,0.1,0.5,1,-0.00717095470961145,1.10418317957168,-2.13318485791197,2.08038853308335,1,1,1,"yes"
0,-0.4,0,0.2,0.2,-0.5,0.3,-0.00271151303260027,0.574053916777416,-1.06837506503607,1.17537203020543,1,0.21,0.21,"no"
0,-0.4,0,0.2,0.2,-0.5,0.6,-0.00462270232274792,0.776607632807799,-1.45916769270564,1.52036991732773,1,1,1,"yes"
0,-0.4,0,0.2,0.2,-0.5,0.9,-0.00653389161289557,1.02766051569594,-1.95970123948646,1.97417113084469,1,1,1,"yes"
0,-0.4,0,0.2,0.2,-0.5,1,-0.00717095470961145,1.11666608449436,-2.14003153078367,2.13976711997468,1,1,1,"yes"
0,-0.4,0,0.2,0.2,0,0.3,-0.00271151303260027,0.572982556021233,-1.12853267620626,1.11711575339639,1,0.2,0.2,"no"
0,-0.4,0,0.2,0.2,0,0.6,-0.00462270232274792,0.775628933650008,-1.49213820158026,1.48635700866776,1,1,1,"yes"
0,-0.4,0,0.2,0.2,0,0.9,-0.00653389161289557,1.02676900300325,-1.97161381850961,1.95416742619654,1,1,1,"yes"
0,-0.4,0,0.2,0.2,0,1,-0.00717095470961145,1.11579820901562,-2.14564683541113,2.12137168200827,1,1,1,"yes"
0,-0.4,0,0.2,0.2,0.5,0.3,-0.00271151303260027,0.571849623523604,-1.1894901320677,1.0478108703756,1,0.14,0.14,"no"
0,-0.4,0,0.2,0.2,0.5,0.6,-0.00462270232274792,0.774860923933536,-1.52628632591903,1.454442524343,1,1,1,"yes"
0,-0.4,0,0.2,0.2,0.5,0.9,-0.00653389161289557,1.02623994539182,-1.99619718184754,1.93826653505554,1,1,1,"yes"
0,-0.4,0,0.2,0.2,0.5,1,-0.00717095470961145,1.11532724081322,-2.16647050229165,2.10752884854067,1,1,1,"yes"
0,-0.4,0,0.2,0.3,-0.5,0.3,-0.00271151303260027,0.613977005252304,-1.14210665543751,1.29607141935137,1,0.5,0.5,"no"
0,-0.4,0,0.2,0.3,-0.5,0.6,-0.00462270232274792,0.806370340207082,-1.51226559909947,1.59869041301354,1,1,1,"yes"
0,-0.4,0,0.2,0.3,-0.5,0.9,-0.00653389161289557,1.05011955626126,-1.98418212915857,2.02293839369378,1,1,1,"yes"
0,-0.4,0,0.2,0.3,-0.5,1,-0.00717095470961145,1.13729290315362,-2.15994052236159,2.18123849966768,1,0.99,0.99,"yes"
0,-0.4,0,0.2,0.3,0,0.3,-0.00271151303260027,0.612114169668621,-1.21503563583538,1.22553369927296,1,0.52,0.52,"no"
0,-0.4,0,0.2,0.3,0,0.6,-0.00462270232274792,0.804703804669671,-1.55608168882911,1.54701783013051,1,1,1,"yes"
0,-0.4,0,0.2,0.3,0,0.9,-0.00653389161289557,1.04862768330092,-2.01284622427426,2.00085069241086,1,1,1,"yes"
0,-0.4,0,0.2,0.3,0,1,-0.00717095470961145,1.13584785431275,-2.1836560915384,2.16074331450973,1,0.99,0.99,"yes"
0,-0.4,0,0.2,0.3,0.5,0.3,-0.00271151303260027,0.609544538132711,-1.28822786698962,1.13311337110726,1,0.49,0.49,"no"
0,-0.4,0,0.2,0.3,0.5,0.6,-0.00462270232274792,0.802861987534866,-1.60095977348841,1.51081258361175,1,1,1,"yes"
0,-0.4,0,0.2,0.3,0.5,0.9,-0.00653389161289557,1.04729265773498,-2.04339027566738,1.97322837078777,1,1,1,"yes"
0,-0.4,0,0.2,0.3,0.5,1,-0.00717095470961145,1.13463931503452,-2.21212775338544,2.14164510459573,1,1,1,"yes"
0,-0.4,0,0.3,0.1,-0.5,0.3,-0.00311167490382658,0.59136919013887,-1.09650693396058,1.17193087351801,1,0.27,0.27,"no"
0,-0.4,0,0.3,0.1,-0.5,0.6,-0.00502286419397422,0.790135039050579,-1.49190759424766,1.51756649837212,1,1,1,"yes"
0,-0.4,0,0.3,0.1,-0.5,0.9,-0.00693405348412188,1.03845005830944,-1.98917069631223,1.97103794050393,1,1,1,"yes"
0,-0.4,0,0.3,0.1,-0.5,1,-0.00757111658083776,1.12677237022246,-2.16196051546844,2.13530667863539,1,0.99,0.99,"yes"
0,-0.4,0,0.3,0.1,0,0.3,-0.00311167490382658,0.591004388796794,-1.13992036672833,1.12810537604732,1,0.23,0.23,"no"
0,-0.4,0,0.3,0.1,0,0.6,-0.00502286419397423,0.789752523405329,-1.51746939610214,1.491055422929,1,1,1,"yes"
0,-0.4,0,0.3,0.1,0,0.9,-0.00693405348412188,1.03807675610774,-2.00080866527453,1.95598641772705,1,1,1,"yes"
0,-0.4,0,0.3,0.1,0,1,-0.00757111658083776,1.12640346150576,-2.17413455297844,2.12278493228119,1,0.99,0.99,"yes"
0,-0.4,0,0.3,0.1,0.5,0.3,-0.00311167490382658,0.590800979136599,-1.18253931229207,1.08337460649539,1,0.24,0.24,"no"
0,-0.4,0,0.3,0.1,0.5,0.6,-0.00502286419397422,0.789629781439459,-1.54445507868325,1.46608232151076,1,1,1,"yes"
0,-0.4,0,0.3,0.1,0.5,0.9,-0.00693405348412188,1.03800738413026,-2.01452127453862,1.94451933701828,1,1,1,"yes"
0,-0.4,0,0.3,0.1,0.5,1,-0.00757111658083776,1.12634715943977,-2.18500442580557,2.11251984924325,1,0.99,0.99,"yes"
0,-0.4,0,0.3,0.2,-0.5,0.3,-0.00311167490382658,0.614538189814343,-1.12052277222308,1.26953215706525,1,0.53,0.53,"no"
0,-0.4,0,0.3,0.2,-0.5,0.6,-0.00502286419397422,0.807332455789823,-1.51085800380721,1.58581562787881,1,1,1,"yes"
0,-0.4,0,0.3,0.2,-0.5,0.9,-0.00693405348412188,1.0513345263657,-1.99733005226267,2.01892395677203,1,1,1,"yes"
0,-0.4,0,0.3,0.2,-0.5,1,-0.00757111658083776,1.1385724658957,-2.16952891186661,2.18042640368449,1,0.99,0.99,"yes"
0,-0.4,0,0.3,0.2,0,0.3,-0.00311167490382658,0.613606267399268,-1.19634338641385,1.19311425690236,1,0.52,0.52,"no"
0,-0.4,0,0.3,0.2,0,0.6,-0.00502286419397423,0.806423618319548,-1.55104408427235,1.53708730049963,1,1,1,"yes"
0,-0.4,0,0.3,0.2,0,0.9,-0.00693405348412187,1.05048010377539,-2.02493386532353,1.9918705593006,1,1,1,"yes"
0,-0.4,0,0.3,0.2,0,1,-0.00757111658083776,1.13773547046074,-2.19473634179717,2.15664682102175,1,0.99,0.99,"yes"
0,-0.4,0,0.3,0.2,0.5,0.3,-0.00311167490382657,0.612565619441294,-1.27681883408926,1.10473124850153,1,0.5,0.5,"no"
0,-0.4,0,0.3,0.2,0.5,0.6,-0.00502286419397422,0.805696371038215,-1.59783019227582,1.49086243963792,1,1,1,"yes"
0,-0.4,0,0.3,0.2,0.5,0.9,-0.00693405348412188,1.04997157320165,-2.04823887784474,1.96609385160699,1,1,1,"yes"
0,-0.4,0,0.3,0.2,0.5,1,-0.00757111658083776,1.13728150352941,-2.21328337636711,2.13404597403865,1,0.99,0.99,"yes"
0,-0.4,0,0.3,0.3,-0.5,0.3,-0.00311167490382658,0.652049249497495,-1.18442028345113,1.38517699739815,1,0.77,0.77,"no"
0,-0.4,0,0.3,0.3,-0.5,0.6,-0.00502286419397423,0.836014893314791,-1.55475498388714,1.67446360079627,1,1,1,"yes"
0,-0.4,0,0.3,0.3,-0.5,0.9,-0.00693405348412188,1.0732975953842,-2.02177876231044,2.07468528218998,1,1,1,"yes"
0,-0.4,0,0.3,0.3,-0.5,1,-0.00757111658083776,1.15880715532518,-2.19538879294988,2.22600042857359,1,0.99,0.99,"yes"
0,-0.4,0,0.3,0.3,0,0.3,-0.00311167490382658,0.650402630427484,-1.27441516874789,1.29013562214605,1,0.77,0.77,"no"
0,-0.4,0,0.3,0.3,0,0.6,-0.00502286419397423,0.834460307533239,-1.61440795932735,1.60536961926492,1,1,1,"yes"
0,-0.4,0,0.3,0.3,0,0.9,-0.00693405348412188,1.07186556788121,-2.06431994168094,2.03638541667275,1,1,1,"yes"
0,-0.4,0,0.3,0.3,0,1,-0.00757111658083776,1.15741187796049,-2.23346299535892,2.19378819046334,1,0.99,0.99,"yes"
0,-0.4,0,0.3,0.3,0.5,0.3,-0.00311167490382658,0.647998171670061,-1.37623128867913,1.16943292238945,1,0.78,0.78,"no"
0,-0.4,0,0.3,0.3,0.5,0.6,-0.00502286419397422,0.832695428690399,-1.66827709945474,1.54649524257298,1,1,1,"yes"
0,-0.4,0,0.3,0.3,0.5,0.9,-0.00693405348412188,1.07056961280762,-2.09659876915639,2.00287043091022,1,1,1,"yes"
0,-0.4,0,0.3,0.3,0.5,1,-0.00757111658083776,1.15623554887825,-2.25662350192891,2.1681853135277,1,0.98,0.98,"yes"
0,-0.3,0,0.1,0.1,-0.5,0.3,-0.00231135116137396,0.449038914047737,-0.849859111829242,0.87577903818327,1,0,0,"no"
0,-0.3,0,0.1,0.1,-0.5,0.6,-0.00422254045152161,0.688512938866079,-1.31265450185081,1.31593357224212,1,0.97,0.97,"yes"
0,-0.3,0,0.1,0.1,-0.5,0.9,-0.00613372974166926,0.962244099578678,-1.85504030115968,1.82898222782271,1,1,1,"yes"
0,-0.3,0,0.1,0.1,-0.5,1,-0.00677079283838514,1.05660264272121,-2.03800298428035,2.0067638222767,1,1,1,"yes"
0,-0.3,0,0.1,0.1,0,0.3,-0.00231135116137396,0.448551976839142,-0.871210955355865,0.857587684912382,1,0,0,"no"
0,-0.3,0,0.1,0.1,0,0.6,-0.00422254045152161,0.688083839632406,-1.32269896198345,1.31326428790217,1,0.97,0.97,"yes"
0,-0.3,0,0.1,0.1,0,0.9,-0.00613372974166926,0.961853730850048,-1.8473830720704,1.82614913866206,1,1,1,"yes"
0,-0.3,0,0.1,0.1,0,1,-0.00677079283838514,1.05622169837864,-2.02773669529538,2.00487316778713,1,1,1,"yes"
0,-0.3,0,0.1,0.1,0.5,0.3,-0.00231135116137396,0.448236589533092,-0.891301920995864,0.839890175263386,1,0,0,"no"
0,-0.3,0,0.1,0.1,0.5,0.6,-0.00422254045152161,0.6879160374334,-1.33548489510405,1.30484491804018,1,0.97,0.97,"yes"
0,-0.3,0,0.1,0.1,0.5,0.9,-0.00613372974166926,0.961761197899048,-1.84893593974728,1.82260302431444,1,1,1,"yes"
0,-0.3,0,0.1,0.1,0.5,1,-0.00677079283838514,1.05614591274023,-2.02928894629972,2.00199884537604,1,1,1,"yes"
0,-0.3,0,0.1,0.2,-0.5,0.3,-0.00231135116137396,0.479354090052674,-0.905776561999705,0.965632599201399,1,0,0,"no"
0,-0.3,0,0.1,0.2,-0.5,0.6,-0.00422254045152161,0.708367033312968,-1.34529544618447,1.36502686614385,1,0.98,0.98,"yes"
0,-0.3,0,0.1,0.2,-0.5,0.9,-0.00613372974166926,0.976266618866007,-1.8781782148876,1.85736425929206,1,1,1,"yes"
0,-0.3,0,0.1,0.2,-0.5,1,-0.00677079283838514,1.06929617903852,-2.06310995533459,2.0320121195933,1,1,1,"yes"
0,-0.3,0,0.1,0.2,0,0.3,-0.00231135116137396,0.47813676858243,-0.944004536546463,0.933067241831142,1,0,0,"no"
0,-0.3,0,0.1,0.2,0,0.6,-0.00422254045152161,0.707349142581686,-1.35799916466918,1.3572454801547,1,0.98,0.98,"yes"
0,-0.3,0,0.1,0.2,0,0.9,-0.00613372974166926,0.975371257900582,-1.88102223553438,1.85508729309398,1,1,1,"yes"
0,-0.3,0,0.1,0.2,0,1,-0.00677079283838514,1.06842980978601,-2.06391543575004,2.03177895579743,1,1,1,"yes"
0,-0.3,0,0.1,0.2,0.5,0.3,-0.00231135116137396,0.476728399172336,-0.975418982312616,0.903153440652234,1,0,0,"no"
0,-0.3,0,0.1,0.2,0.5,0.6,-0.00422254045152161,0.70647370252012,-1.37630039607279,1.34329842200069,1,0.98,0.98,"yes"
0,-0.3,0,0.1,0.2,0.5,0.9,-0.00613372974166926,0.974791329603261,-1.88261180273046,1.84546328911404,1,1,1,"yes"
0,-0.3,0,0.1,0.2,0.5,1,-0.00677079283838514,1.06791732546097,-2.05637049088675,2.02366155661498,1,1,1,"yes"
0,-0.3,0,0.1,0.3,-0.5,0.3,-0.00231135116137396,0.526786762256657,-0.999874739836761,1.09333670090282,1,0.06,0.06,"no"
0,-0.3,0,0.1,0.3,-0.5,0.6,-0.00422254045152161,0.741083458768126,-1.40521126306851,1.43816573251656,1,1,1,"yes"
0,-0.3,0,0.1,0.3,-0.5,0.9,-0.00613372974166926,1.00002203727553,-1.91683589658649,1.89920007979769,1,1,1,"yes"
0,-0.3,0,0.1,0.3,-0.5,1,-0.00677079283838514,1.09094496072551,-2.0974585135735,2.06872991872135,1,1,1,"yes"
0,-0.3,0,0.1,0.3,0,0.3,-0.00231135116137396,0.524725993352314,-1.03888110774455,1.04825099565894,1,0.05,0.05,"no"
0,-0.3,0,0.1,0.3,0,0.6,-0.00422254045152161,0.739357914237709,-1.4234822237135,1.42045517389256,1,1,1,"yes"
0,-0.3,0,0.1,0.3,0,0.9,-0.00613372974166926,0.998522679183817,-1.92098275099267,1.90233284799357,1,1,1,"yes"
0,-0.3,0,0.1,0.3,0,1,-0.00677079283838514,1.08950057788418,-2.09944668264376,2.07341732872898,1,1,1,"yes"
0,-0.3,0,0.1,0.3,0.5,0.3,-0.00231135116137396,0.521650881256325,-1.07140590281481,1.00087040218183,1,0.06,0.06,"no"
0,-0.3,0,0.1,0.3,0.5,0.6,-0.00422254045152161,0.737304486777971,-1.44655440948555,1.40043030951835,1,1,1,"yes"
0,-0.3,0,0.1,0.3,0.5,0.9,-0.00613372974166926,0.997086761837523,-1.92983886471476,1.90042634744449,1,1,1,"yes"
0,-0.3,0,0.1,0.3,0.5,1,-0.00677079283838514,1.08821017189283,-2.09983081205379,2.06754582143144,1,1,1,"yes"
0,-0.3,0,0.2,0.1,-0.5,0.3,-0.00271151303260027,0.480354523021391,-0.893367151442384,0.951002289066661,1,0,0,"no"
0,-0.3,0,0.2,0.1,-0.5,0.6,-0.00462270232274792,0.70972155539789,-1.35022315648462,1.35632877649553,1,1,1,"yes"
0,-0.3,0,0.2,0.1,-0.5,0.9,-0.00653389161289557,0.977817510183644,-1.87577658670812,1.8504513006118,1,1,1,"yes"
0,-0.3,0,0.2,0.1,-0.5,1,-0.00717095470961145,1.07089255271488,-2.05291462927288,2.02563078731555,1,1,1,"yes"
0,-0.3,0,0.2,0.1,0,0.3,-0.00271151303260027,0.479929301089864,-0.926960138714555,0.921488236998733,1,0,0,"no"
0,-0.3,0,0.2,0.1,0,0.6,-0.00462270232274792,0.709316606711273,-1.36437461300727,1.34422068320441,1,0.99,0.99,"yes"
0,-0.3,0,0.2,0.1,0,0.9,-0.00653389161289557,0.977439201724208,-1.88292167032548,1.84457118358206,1,1,1,"yes"
0,-0.3,0,0.2,0.1,0,1,-0.00717095470961145,1.07052163227891,-2.05870039046051,2.0220274491597,1,1,1,"yes"
0,-0.3,0,0.2,0.1,0.5,0.3,-0.00271151303260027,0.47964679934918,-0.958809651109087,0.881339278551478,1,0,0,"no"
0,-0.3,0,0.2,0.1,0.5,0.6,-0.00462270232274792,0.709160758640952,-1.38120307870635,1.32889326475496,1,0.99,0.99,"yes"
0,-0.3,0,0.2,0.1,0.5,0.9,-0.00653389161289557,0.977352968469379,-1.89577455250277,1.84295118932708,1,1,1,"yes"
0,-0.3,0,0.2,0.1,0.5,1,-0.00717095470961145,1.07045123641342,-2.07196317319724,2.02095217668576,1,1,1,"yes"
0,-0.3,0,0.2,0.2,-0.5,0.3,-0.00271151303260027,0.50884331336154,-0.935450930465368,1.04836559422361,1,0,0,"no"
0,-0.3,0,0.2,0.2,-0.5,0.6,-0.00462270232274792,0.728996532591901,-1.37168595456903,1.41478475924097,1,1,1,"yes"
0,-0.3,0,0.2,0.2,-0.5,0.9,-0.00653389161289557,0.991613772092385,-1.89859546766212,1.89381774323432,1,1,1,"yes"
0,-0.3,0,0.2,0.2,-0.5,1,-0.00717095470961145,1.0834125037284,-2.07751360366008,2.06501383170293,1,1,1,"yes"
0,-0.3,0,0.2,0.2,0,0.3,-0.00271151303260027,0.507764745652117,-0.994375150848548,0.990554170529842,1,0.01,0.01,"no"
0,-0.3,0,0.2,0.2,0,0.6,-0.00462270232274792,0.728033112988837,-1.39939578228762,1.38601253845426,1,1,1,"yes"
0,-0.3,0,0.2,0.2,0,0.9,-0.00653389161289557,0.990744956061239,-1.91193391987803,1.8759720826423,1,1,1,"yes"
0,-0.3,0,0.2,0.2,0,1,-0.00717095470961145,1.08256801340301,-2.09093542038598,2.04600294542519,1,1,1,"yes"
0,-0.3,0,0.2,0.2,0.5,0.3,-0.00271151303260027,0.506450880266856,-1.04926808113725,0.922731175700055,1,0.01,0.01,"no"
0,-0.3,0,0.2,0.2,0.5,0.6,-0.00462270232274792,0.727192643271577,-1.42774519684101,1.36106867088745,1,1,1,"yes"
0,-0.3,0,0.2,0.2,0.5,0.9,-0.00653389161289557,0.990182196508641,-1.92480693859931,1.86423391058207,1,1,1,"yes"
0,-0.3,0,0.2,0.2,0.5,1,-0.00717095470961145,1.08206983923689,-2.10184196978052,2.04165474154112,1,1,1,"yes"
0,-0.3,0,0.2,0.3,-0.5,0.3,-0.00271151303260027,0.553802134925252,-1.02257656012738,1.16571394738077,1,0.13,0.13,"no"
0,-0.3,0,0.2,0.3,-0.5,0.6,-0.00462270232274792,0.76082931316363,-1.42113355774862,1.49621767400853,1,1,1,"yes"
0,-0.3,0,0.2,0.3,-0.5,0.9,-0.00653389161289557,1.015005016303,-1.92701412773954,1.9396890827544,1,1,1,"yes"
0,-0.3,0,0.2,0.3,-0.5,1,-0.00717095470961145,1.10477907528343,-2.10964210554053,2.10143743824362,1,1,1,"yes"
0,-0.3,0,0.2,0.3,0,0.3,-0.00271151303260027,0.551941591231544,-1.07906760435703,1.09688293979898,1,0.13,0.13,"no"
0,-0.3,0,0.2,0.3,0,0.6,-0.00462270232274792,0.759189213854218,-1.45863268424156,1.45196903312915,1,1,1,"yes"
0,-0.3,0,0.2,0.3,0,0.9,-0.00653389161289557,1.01354790625027,-1.95280422378847,1.9218636098948,1,1,1,"yes"
0,-0.3,0,0.2,0.3,0,1,-0.00717095470961145,1.10336947765988,-2.12560952466531,2.09028337623501,1,1,1,"yes"
0,-0.3,0,0.2,0.3,0.5,0.3,-0.00271151303260027,0.549027235629105,-1.14801807946426,1.01586322103132,1,0.1,0.1,"no"
0,-0.3,0,0.2,0.3,0.5,0.6,-0.00462270232274792,0.757200095622871,-1.49543990272753,1.41853350194279,1,1,1,"yes"
0,-0.3,0,0.2,0.3,0.5,0.9,-0.00653389161289557,1.01214351860391,-1.97407982380571,1.9059546502032,1,1,1,"yes"
0,-0.3,0,0.2,0.3,0.5,1,-0.00717095470961145,1.10210513047643,-2.14756711535184,2.07802489850666,1,1,1,"yes"
0,-0.3,0,0.3,0.1,-0.5,0.3,-0.00311167490382658,0.527964968096284,-0.971642777352414,1.04905080039262,1,0.01,0.01,"no"
0,-0.3,0,0.3,0.1,-0.5,0.6,-0.00502286419397422,0.743185733736154,-1.4103552878694,1.41726190439971,1,1,1,"yes"
0,-0.3,0,0.3,0.1,-0.5,0.9,-0.00693405348412188,1.00266133232124,-1.91839359324426,1.89629405485963,1,1,1,"yes"
0,-0.3,0,0.3,0.1,-0.5,1,-0.00757111658083776,1.09371195098884,-2.09377561260573,2.06650775057739,1,1,1,"yes"
0,-0.3,0,0.3,0.1,0,0.3,-0.00311167490382658,0.527610438608934,-1.01523234302619,1.01135738748975,1,0.01,0.01,"no"
0,-0.3,0,0.3,0.1,0,0.6,-0.00502286419397423,0.74281322336284,-1.43024495670904,1.40000911017939,1,1,1,"yes"
0,-0.3,0,0.3,0.1,0,0.9,-0.00693405348412188,1.00229978199222,-1.93591091864353,1.88533938828956,1,1,1,"yes"
0,-0.3,0,0.3,0.1,0,1,-0.00757111658083776,1.09335496298114,-2.11276057235722,2.05846256987876,1,1,1,"yes"
0,-0.3,0,0.3,0.1,0.5,0.3,-0.00311167490382658,0.527367300144622,-1.05268994253469,0.965422549869762,1,0.01,0.01,"no"
0,-0.3,0,0.3,0.1,0.5,0.6,-0.00502286419397422,0.742672073634401,-1.45129441092566,1.37782448831245,1,1,1,"yes"
0,-0.3,0,0.3,0.1,0.5,0.9,-0.00693405348412188,1.00222083150968,-1.94995309372609,1.87638576935079,1,1,1,"yes"
0,-0.3,0,0.3,0.1,0.5,1,-0.00757111658083776,1.09329066860546,-2.1267834208057,2.05173983627716,1,1,1,"yes"
0,-0.3,0,0.3,0.2,-0.5,0.3,-0.00311167490382658,0.554063341129432,-1.00139336188259,1.14266528526899,1,0.1,0.1,"no"
0,-0.3,0,0.3,0.2,-0.5,0.6,-0.00502286419397423,0.761618189731626,-1.42449868825497,1.48351813491731,1,1,1,"yes"
0,-0.3,0,0.3,0.2,-0.5,0.9,-0.00693405348412188,1.01611635696006,-1.9336001976173,1.93645266998231,1,1,1,"yes"
0,-0.3,0,0.3,0.2,-0.5,1,-0.00757111658083776,1.10596901192305,-2.1115026097632,2.1002777863064,1,1,1,"yes"
0,-0.3,0,0.3,0.2,0,0.3,-0.00311167490382658,0.553148630246288,-1.0708283711184,1.06920261003765,1,0.08,0.08,"no"
0,-0.3,0,0.3,0.2,0,0.6,-0.00502286419397423,0.760729003169677,-1.46602013123376,1.43803907617036,1,1,1,"yes"
0,-0.3,0,0.3,0.2,0,0.9,-0.00693405348412188,1.01528508782578,-1.95817084950338,1.9152999400464,1,1,1,"yes"
0,-0.3,0,0.3,0.2,0,1,-0.00757111658083776,1.10515550689496,-2.13461214456152,2.08435279548846,1,1,1,"yes"
0,-0.3,0,0.3,0.2,0.5,0.3,-0.00311167490382658,0.551956470079137,-1.1415875428714,0.990622061881592,1,0.07,0.07,"no"
0,-0.3,0,0.3,0.2,0.5,0.6,-0.00502286419397423,0.759934942613027,-1.49919223035921,1.40680464013553,1,1,1,"yes"
0,-0.3,0,0.3,0.2,0.5,0.9,-0.00693405348412188,1.01474411799573,-1.98345433263951,1.89741121698393,1,1,1,"yes"
0,-0.3,0,0.3,0.2,0.5,1,-0.00757111658083776,1.10467514413564,-2.15945271962288,2.07076867411172,1,1,1,"yes"
0,-0.3,0,0.3,0.3,-0.5,0.3,-0.00311167490382658,0.595690961363621,-1.07875358245396,1.25966129140338,1,0.37,0.37,"no"
0,-0.3,0,0.3,0.3,-0.5,0.6,-0.00502286419397423,0.792152561203677,-1.47431165187803,1.56825143238071,1,1,1,"yes"
0,-0.3,0,0.3,0.3,-0.5,0.9,-0.00693405348412188,1.03895399968527,-1.96266570249892,1.9869398204276,1,1,1,"yes"
0,-0.3,0,0.3,0.3,-0.5,1,-0.00757111658083776,1.12690455083384,-2.141435787658,2.14665068699208,1,0.99,0.99,"yes"
0,-0.3,0,0.3,0.3,0,0.3,-0.00311167490382658,0.59407716343303,-1.1516527626266,1.1642981751468,1,0.34,0.34,"no"
0,-0.3,0,0.3,0.3,0,0.6,-0.00502286419397423,0.790630617500849,-1.52182415995793,1.50364225604069,1,1,1,"yes"
0,-0.3,0,0.3,0.3,0,0.9,-0.00693405348412188,1.03755747700569,-2.00210252938131,1.95883252158452,1,1,1,"yes"
0,-0.3,0,0.3,0.3,0,1,-0.00757111658083776,1.12554493739539,-2.17025439011309,2.12609754512325,1,1,1,"yes"
0,-0.3,0,0.3,0.3,0.5,0.3,-0.00311167490382658,0.591378197328572,-1.24105682374563,1.07106057340224,1,0.36,0.36,"no"
0,-0.3,0,0.3,0.3,0.5,0.6,-0.00502286419397422,0.788729832773638,-1.56654547647212,1.45503910575855,1,1,1,"yes"
0,-0.3,0,0.3,0.3,0.5,0.9,-0.00693405348412188,1.03619501178602,-2.02522944868998,1.9382676268155,1,1,1,"yes"
0,-0.3,0,0.3,0.3,0.5,1,-0.00757111658083776,1.12431468015931,-2.19898249061479,2.1096265445809,1,1,1,"yes"
0,-0.2,0,0.1,0.1,-0.5,0.3,-0.00231135116137396,0.3883038164039,-0.729583846352822,0.760184958663866,1,0,0,"no"
0,-0.2,0,0.1,0.1,-0.5,0.6,-0.00422254045152161,0.649704155794478,-1.24823876172246,1.235149983924,1,0.87,0.87,"yes"
0,-0.2,0,0.1,0.1,-0.5,0.9,-0.00613372974166926,0.934273319426267,-1.80293695573568,1.77658246750635,1,1,1,"yes"
0,-0.2,0,0.1,0.1,-0.5,1,-0.00677079283838514,1.03101311068303,-1.99035066824698,1.96359330655407,1,1,1,"yes"
0,-0.2,0,0.1,0.1,0,0.3,-0.00231135116137396,0.387814466825004,-0.746069100790128,0.743178504333878,1,0,0,"no"
0,-0.2,0,0.1,0.1,0,0.6,-0.00422254045152161,0.649290256946666,-1.25078535562534,1.22953646810129,1,0.87,0.87,"yes"
0,-0.2,0,0.1,0.1,0,0.9,-0.00613372974166926,0.933899481938027,-1.797449670836,1.77606400430404,1,1,1,"yes"
0,-0.2,0,0.1,0.1,0,1,-0.00677079283838514,1.03064832736883,-1.98514255314604,1.96113960547645,1,1,1,"yes"
0,-0.2,0,0.1,0.1,0.5,0.3,-0.00231135116137396,0.387430461966768,-0.763143162959517,0.727221262171501,1,0,0,"no"
0,-0.2,0,0.1,0.1,0.5,0.6,-0.00422254045152161,0.649101682455314,-1.25436931668095,1.22712960011972,1,0.87,0.87,"yes"
0,-0.2,0,0.1,0.1,0.5,0.9,-0.00613372974166926,0.933797530341987,-1.79335966654431,1.77065444203758,1,1,1,"yes"
0,-0.2,0,0.1,0.1,0.5,1,-0.00677079283838514,1.03056483211752,-1.97973420653464,1.95713185716319,1,1,1,"yes"
0,-0.2,0,0.1,0.2,-0.5,0.3,-0.00231135116137396,0.423372061567521,-0.792637206582958,0.843160638643537,1,0,0,"no"
0,-0.2,0,0.1,0.2,-0.5,0.6,-0.00422254045152161,0.670907374547331,-1.27786013060945,1.2786498421946,1,0.94,0.94,"yes"
0,-0.2,0,0.1,0.2,-0.5,0.9,-0.00613372974166926,0.948832675723048,-1.83550045588481,1.79899729169153,1,1,1,"yes"
0,-0.2,0,0.1,0.2,-0.5,1,-0.00677079283838514,1.04412655792416,-2.02263614667899,1.9809400806704,1,1,1,"yes"
0,-0.2,0,0.1,0.2,0,0.3,-0.00231135116137396,0.422155322610138,-0.822690397576996,0.814398791812797,1,0,0,"no"
0,-0.2,0,0.1,0.2,0,0.6,-0.00422254045152161,0.669920138220448,-1.28889999644112,1.27158683720181,1,0.92,0.92,"yes"
0,-0.2,0,0.1,0.2,0,0.9,-0.00613372974166926,0.947970036751841,-1.83058624072822,1.79552696819839,1,1,1,"yes"
0,-0.2,0,0.1,0.2,0,1,-0.00677079283838514,1.04329214275125,-2.01167412760761,1.97868894886329,1,1,1,"yes"
0,-0.2,0,0.1,0.2,0.5,0.3,-0.00231135116137396,0.420513545624161,-0.844541416293339,0.790833215806068,1,0,0,"no"
0,-0.2,0,0.1,0.2,0.5,0.6,-0.00422254045152161,0.668972393117564,-1.30046463657059,1.26807644214379,1,0.93,0.93,"yes"
0,-0.2,0,0.1,0.2,0.5,0.9,-0.00613372974166926,0.947359471453735,-1.82372291300542,1.79644202618794,1,1,1,"yes"
0,-0.2,0,0.1,0.2,0.5,1,-0.00677079283838514,1.0427552516528,-2.00396682178128,1.97661404113513,1,1,1,"yes"
0,-0.2,0,0.1,0.3,-0.5,0.3,-0.00231135116137396,0.476784950202135,-0.900473171176329,0.963238994252036,1,0,0,"no"
0,-0.2,0,0.1,0.3,-0.5,0.6,-0.00422254045152161,0.705580322075231,-1.34237761216954,1.34770237584645,1,0.98,0.98,"yes"
0,-0.2,0,0.1,0.3,-0.5,0.9,-0.00613372974166926,0.973393018130432,-1.87097849840367,1.83943731293519,1,1,1,"yes"
0,-0.2,0,0.1,0.3,-0.5,1,-0.00677079283838514,1.06640506198994,-2.05730034275259,2.01611935813318,1,1,1,"yes"
0,-0.2,0,0.1,0.3,0,0.3,-0.00231135116137396,0.474762892430043,-0.934345917220909,0.934799597744336,1,0.01,0.01,"no"
0,-0.2,0,0.1,0.3,0,0.6,-0.00422254045152161,0.703906633632935,-1.35532984076478,1.34294773780245,1,0.97,0.97,"yes"
0,-0.2,0,0.1,0.3,0,0.9,-0.00613372974166926,0.971943732611863,-1.87148388638599,1.83894338643825,1,1,1,"yes"
0,-0.2,0,0.1,0.3,0,1,-0.00677079283838514,1.06500911748575,-2.05217635213598,2.01519032155204,1,1,1,"yes"
0,-0.2,0,0.1,0.3,0.5,0.3,-0.00231135116137396,0.471283535151319,-0.951734108314336,0.897882793567829,1,0.01,0.01,"no"
0,-0.2,0,0.1,0.3,0.5,0.6,-0.00422254045152161,0.701710902730803,-1.36530810691041,1.33410726071588,1,0.96,0.96,"yes"
0,-0.2,0,0.1,0.3,0.5,0.9,-0.00613372974166926,0.970446217546962,-1.8752347952925,1.83547881825173,1,1,1,"yes"
0,-0.2,0,0.1,0.3,0.5,1,-0.00677079283838514,1.06366981442199,-2.04987874685085,2.01174116423001,1,1,1,"yes"
0,-0.2,0,0.2,0.1,-0.5,0.3,-0.00271151303260027,0.424080410873028,-0.787610044814231,0.837302088034687,1,0,0,"no"
0,-0.2,0,0.2,0.1,-0.5,0.6,-0.00462270232274792,0.672123629450563,-1.28085950607869,1.27634918826417,1,0.95,0.95,"yes"
0,-0.2,0,0.2,0.1,-0.5,0.9,-0.00653389161289557,0.950301709872699,-1.82456189136116,1.8003345445706,1,1,1,"yes"
0,-0.2,0,0.2,0.1,-0.5,1,-0.00717095470961145,1.04565099334868,-2.01154762119687,1.98164089891415,1,1,1,"yes"
0,-0.2,0,0.2,0.1,0,0.3,-0.00271151303260027,0.42366560856227,-0.813550100330331,0.805641344474787,1,0,0,"no"
0,-0.2,0,0.2,0.1,0,0.6,-0.00462270232274792,0.671734649160898,-1.29681310237258,1.26615772121208,1,0.94,0.94,"yes"
0,-0.2,0,0.2,0.1,0,0.9,-0.00653389161289557,0.949939792098792,-1.82793420284242,1.79769207381764,1,1,1,"yes"
0,-0.2,0,0.2,0.1,0,1,-0.00717095470961145,1.04529606250098,-2.01138735939621,1.98051721944698,1,1,1,"yes"
0,-0.2,0,0.2,0.1,0.5,0.3,-0.00271151303260027,0.423325497907423,-0.841759924095373,0.774129372460072,1,0,0,"no"
0,-0.2,0,0.2,0.1,0.5,0.6,-0.00462270232274792,0.671559206778649,-1.30947938948546,1.25703543399028,1,0.94,0.94,"yes"
0,-0.2,0,0.2,0.1,0.5,0.9,-0.00653389161289557,0.949844384885311,-1.83894402745147,1.79084214569284,1,1,1,"yes"
0,-0.2,0,0.2,0.1,0.5,1,-0.00717095470961145,1.0452181210682,-2.01832238134723,1.97437700524118,1,1,1,"yes"
0,-0.2,0,0.2,0.2,-0.5,0.3,-0.00271151303260027,0.456445377891139,-0.841629894825276,0.925737809187563,1,0,0,"no"
0,-0.2,0,0.2,0.2,-0.5,0.6,-0.00462270232274792,0.692635999790177,-1.30844380166594,1.32462654695173,1,0.97,0.97,"yes"
0,-0.2,0,0.2,0.2,-0.5,0.9,-0.00653389161289557,0.964611674168094,-1.84906892001107,1.83004163136027,1,1,1,"yes"
0,-0.2,0,0.2,0.2,-0.5,1,-0.00717095470961145,1.05857581694837,-2.03102411341571,2.00542272976908,1,1,1,"yes"
0,-0.2,0,0.2,0.2,0,0.3,-0.00271151303260027,0.455391355858919,-0.881474585713555,0.87749959585748,1,0,0,"no"
0,-0.2,0,0.2,0.2,0,0.6,-0.00462270232274792,0.691704984670458,-1.33473501958754,1.30588834772302,1,0.96,0.96,"yes"
0,-0.2,0,0.2,0.2,0,0.9,-0.00653389161289557,0.963775353626666,-1.85790371741085,1.82024085210871,1,1,1,"yes"
0,-0.2,0,0.2,0.2,0,1,-0.00717095470961145,1.05776297260115,-2.03502667136937,2.00080795952916,1,1,1,"yes"
0,-0.2,0,0.2,0.2,0.5,0.3,-0.00271151303260027,0.453878017801814,-0.919643804437592,0.830297800754442,1,0,0,"no"
0,-0.2,0,0.2,0.2,0.5,0.6,-0.00462270232274792,0.690796674524011,-1.35015296579332,1.292178417877,1,0.96,0.96,"yes"
0,-0.2,0,0.2,0.2,0.5,0.9,-0.00653389161289557,0.9631828960082,-1.87623802811468,1.81205514519145,1,1,1,"yes"
0,-0.2,0,0.2,0.2,0.5,1,-0.00717095470961145,1.05724100965439,-2.05278085813071,1.99191236045308,1,1,1,"yes"
0,-0.2,0,0.2,0.3,-0.5,0.3,-0.00271151303260027,0.506432783770932,-0.936204938901468,1.04602489480858,1,0.02,0.02,"no"
0,-0.2,0,0.2,0.3,-0.5,0.6,-0.00462270232274792,0.726272585185556,-1.36587861471728,1.40442562293848,1,1,1,"yes"
0,-0.2,0,0.2,0.3,-0.5,0.9,-0.00653389161289557,0.98877354318247,-1.89092600091221,1.87298769673896,1,1,1,"yes"
0,-0.2,0,0.2,0.3,-0.5,1,-0.00717095470961145,1.08054956247516,-2.07586248616563,2.04456715957798,1,1,1,"yes"
0,-0.2,0,0.2,0.3,0,0.3,-0.00271151303260027,0.504633050410811,-0.979015849297731,0.978374884400671,1,0.02,0.02,"no"
0,-0.2,0,0.2,0.3,0,0.6,-0.00462270232274792,0.724686262446232,-1.39559651527434,1.37346357253377,1,1,1,"yes"
0,-0.2,0,0.2,0.3,0,0.9,-0.00653389161289557,0.987366109645933,-1.9032698011976,1.86274340288408,1,1,1,"yes"
0,-0.2,0,0.2,0.3,0,1,-0.00717095470961145,1.07918791175828,-2.08376037505304,2.0360893800439,1,1,1,"yes"
0,-0.2,0,0.2,0.3,0.5,0.3,-0.00271151303260027,0.501363886979781,-1.02216661527149,0.935534562994983,1,0.02,0.02,"no"
0,-0.2,0,0.2,0.3,0.5,0.6,-0.00462270232274792,0.722563159025643,-1.4168057019542,1.35015073430875,1,0.98,0.98,"yes"
0,-0.2,0,0.2,0.3,0.5,0.9,-0.00653389161289557,0.985902023094,-1.92170846766078,1.85601892536285,1,1,1,"yes"
0,-0.2,0,0.2,0.3,0.5,1,-0.00717095470961145,1.0778759256174,-2.094631385078,2.03145977311584,1,1,1,"yes"
0,-0.2,0,0.3,0.1,-0.5,0.3,-0.00311167490382658,0.477263750519669,-0.885078615585025,0.941446616015471,1,0,0,"no"
0,-0.2,0,0.3,0.1,-0.5,0.6,-0.00502286419397423,0.707343115559681,-1.34115895546777,1.34279514502133,1,0.99,0.99,"yes"
0,-0.2,0,0.3,0.1,-0.5,0.9,-0.00693405348412188,0.975837347271372,-1.86774286303662,1.84067545286436,1,1,1,"yes"
0,-0.2,0,0.3,0.1,-0.5,1,-0.00757111658083776,1.0690031030817,-2.05120371793844,2.01900592620865,1,1,1,"yes"
0,-0.2,0,0.3,0.1,0,0.3,-0.00311167490382658,0.47692671484849,-0.917124147834239,0.907978122976857,1,0,0,"no"
0,-0.2,0,0.3,0.1,0,0.6,-0.00502286419397423,0.706986708911331,-1.36243566867505,1.32366713899688,1,1,1,"yes"
0,-0.2,0,0.3,0.1,0,0.9,-0.00693405348412188,0.975491715848276,-1.87590677117911,1.83342143677819,1,1,1,"yes"
0,-0.2,0,0.3,0.1,0,1,-0.00757111658083776,1.06866165461213,-2.05536091257419,2.01335431490413,1,1,1,"yes"
0,-0.2,0,0.3,0.1,0.5,0.3,-0.00311167490382658,0.476635071481675,-0.947873481181277,0.870062925110716,1,0,0,"no"
0,-0.2,0,0.3,0.1,0.5,0.6,-0.00502286419397423,0.706826583274018,-1.37965333930922,1.30787282830783,1,1,1,"yes"
0,-0.2,0,0.3,0.1,0.5,0.9,-0.00693405348412188,0.975403542060476,-1.88949359704166,1.82813960014095,1,1,1,"yes"
0,-0.2,0,0.3,0.1,0.5,1,-0.00757111658083776,1.06858974163543,-2.06761441091474,2.00666398548534,1,1,1,"yes"
0,-0.2,0,0.3,0.2,-0.5,0.3,-0.00311167490382658,0.506296960660171,-0.922574430920534,1.02655303655667,1,0.01,0.01,"no"
0,-0.2,0,0.3,0.2,-0.5,0.6,-0.00502286419397423,0.726864157019075,-1.35997974711593,1.39535136075121,1,1,1,"yes"
0,-0.2,0,0.3,0.2,-0.5,0.9,-0.00693405348412188,0.989773146076706,-1.88746878926495,1.87427929621674,1,1,1,"yes"
0,-0.2,0,0.3,0.2,-0.5,1,-0.00757111658083776,1.08164347067033,-2.06933255240283,2.04638588996986,1,1,1,"yes"
0,-0.2,0,0.3,0.2,0,0.3,-0.00311167490382658,0.505421478847368,-0.968659821752003,0.96590315531959,1,0.01,0.01,"no"
0,-0.2,0,0.3,0.2,0,0.6,-0.00502286419397423,0.726008111379987,-1.39177874598745,1.36457266538805,1,1,1,"yes"
0,-0.2,0,0.3,0.2,0,0.9,-0.00693405348412188,0.988973570711837,-1.90318738617786,1.86174656494521,1,1,1,"yes"
0,-0.2,0,0.3,0.2,0,1,-0.00757111658083776,1.08086080736171,-2.0786445207728,2.03451406587207,1,1,1,"yes"
0,-0.2,0,0.3,0.2,0.5,0.3,-0.00311167490382658,0.50406434764061,-1.02602862698222,0.914380680261692,1,0.01,0.01,"no"
0,-0.2,0,0.3,0.2,0.5,0.6,-0.00502286419397423,0.725150567280023,-1.42884948898538,1.33627910764576,1,1,1,"yes"
0,-0.2,0,0.3,0.2,0.5,0.9,-0.00693405348412188,0.98840350606401,-1.92991223241892,1.84614284656405,1,1,1,"yes"
0,-0.2,0,0.3,0.2,0.5,1,-0.00757111658083776,1.08035696495568,-2.10564650185799,2.0216285710302,1,1,1,"yes"
0,-0.2,0,0.3,0.3,-0.5,0.3,-0.00311167490382658,0.551867062399063,-1.00719179054753,1.13654842500598,1,0.13,0.13,"no"
0,-0.2,0,0.3,0.3,-0.5,0.6,-0.00502286419397423,0.758994935242933,-1.41531984863195,1.47770787859984,1,1,1,"yes"
0,-0.2,0,0.3,0.3,-0.5,0.9,-0.00693405348412188,1.01333186976338,-1.92049312437936,1.92292038839783,1,1,1,"yes"
0,-0.2,0,0.3,0.3,-0.5,1,-0.00757111658083776,1.10315334641652,-2.10177483918539,2.08973955900589,1,1,1,"yes"
0,-0.2,0,0.3,0.3,0,0.3,-0.00311167490382658,0.550327677819784,-1.05799836126006,1.05972514297918,1,0.09,0.09,"no"
0,-0.2,0,0.3,0.3,0,0.6,-0.00502286419397423,0.757527451221174,-1.44980388337739,1.43233832720458,1,1,1,"yes"
0,-0.2,0,0.3,0.3,0,0.9,-0.00693405348412188,1.01198387329196,-1.94503801324717,1.90413044813222,1,1,1,"yes"
0,-0.2,0,0.3,0.3,0,1,-0.00757111658083776,1.10184052475368,-2.11878655429249,2.07780247376291,1,1,1,"yes"
0,-0.2,0,0.3,0.3,0.5,0.3,-0.00311167490382658,0.547329234983787,-1.119330470717,1.00545572997335,1,0.07,0.07,"no"
0,-0.2,0,0.3,0.3,0.5,0.6,-0.00502286419397423,0.755502056474523,-1.49019952978353,1.39915971507367,1,1,1,"yes"
0,-0.2,0,0.3,0.3,0.5,0.9,-0.00693405348412188,1.0105634658756,-1.97664194707647,1.88830310000851,1,1,1,"yes"
0,-0.2,0,0.3,0.3,0.5,1,-0.00757111658083776,1.10056366886173,-2.15229567861459,2.06140535705592,1,1,1,"yes"
0,-0.1,0,0.1,0.1,-0.5,0.3,-0.00231135116137396,0.346317999895089,-0.654221900832972,0.662313273475866,1,0,0,"no"
0,-0.1,0,0.1,0.1,-0.5,0.6,-0.00422254045152161,0.624619514971486,-1.20092844519922,1.18428972359431,1,0.66,0.66,"no"
0,-0.1,0,0.1,0.1,-0.5,0.9,-0.00613372974166926,0.916389499084263,-1.76548471571889,1.74107933508391,1,1,1,"yes"
0,-0.1,0,0.1,0.1,-0.5,1,-0.00677079283838514,1.0146495001347,-1.95482755634789,1.92621991189242,1,1,1,"yes"
0,-0.1,0,0.1,0.1,0,0.3,-0.00231135116137396,0.345852492335229,-0.667367509793771,0.652944173861508,1,0,0,"no"
0,-0.1,0,0.1,0.1,0,0.6,-0.00422254045152161,0.624232168052204,-1.19869779315886,1.18274876115451,1,0.65,0.65,"no"
0,-0.1,0,0.1,0.1,0,0.9,-0.00613372974166926,0.916037767944394,-1.76117260180567,1.73697710362983,1,1,1,"yes"
0,-0.1,0,0.1,0.1,0,1,-0.00677079283838514,1.0143054381565,-1.95089555510218,1.924007371331,1,1,1,"yes"
0,-0.1,0,0.1,0.1,0.5,0.3,-0.00231135116137396,0.345398337262005,-0.675076482896659,0.646089208938501,1,0,0,"no"
0,-0.1,0,0.1,0.1,0.5,0.6,-0.00422254045152161,0.624026112909317,-1.20481841396762,1.17998606689354,1,0.66,0.66,"no"
0,-0.1,0,0.1,0.1,0.5,0.9,-0.00613372974166926,0.915927976270658,-1.75723565935261,1.7405163303898,1,1,1,"yes"
0,-0.1,0,0.1,0.1,0.5,1,-0.00677079283838514,1.01421547913531,-1.94509678178426,1.92956712136875,1,1,1,"yes"
0,-0.1,0,0.1,0.2,-0.5,0.3,-0.00231135116137396,0.385639995909602,-0.72698801581363,0.749987678894867,1,0,0,"no"
0,-0.1,0,0.1,0.2,-0.5,0.6,-0.00422254045152161,0.646839450607837,-1.24009607333914,1.22061782346417,1,0.86,0.86,"yes"
0,-0.1,0,0.1,0.2,-0.5,0.9,-0.00613372974166926,0.931347455537582,-1.7977441254578,1.75972865672104,1,1,1,"yes"
0,-0.1,0,0.1,0.2,-0.5,1,-0.00677079283838514,1.02807680398549,-1.98431110794748,1.94582064065113,1,1,1,"yes"
0,-0.1,0,0.1,0.2,0,0.3,-0.00231135116137396,0.384487519905856,-0.746590541014098,0.734060780999853,1,0,0,"no"
0,-0.1,0,0.1,0.2,0,0.6,-0.00422254045152161,0.645906155639698,-1.24158522422378,1.217248766464,1,0.87,0.87,"yes"
0,-0.1,0,0.1,0.2,0,0.9,-0.00613372974166926,0.930528693257438,-1.78654555510457,1.75710835160314,1,1,1,"yes"
0,-0.1,0,0.1,0.2,0,1,-0.00677079283838514,1.02728344315776,-1.97193838299767,1.9432577425057,1,1,1,"yes"
0,-0.1,0,0.1,0.2,0.5,0.3,-0.00231135116137396,0.382628761344716,-0.751676002230975,0.720783148425399,1,0,0,"no"
0,-0.1,0,0.1,0.2,0.5,0.6,-0.00422254045152161,0.644901271305911,-1.24817476045037,1.21438006067688,1,0.82,0.82,"yes"
0,-0.1,0,0.1,0.2,0.5,0.9,-0.00613372974166926,0.929894415691877,-1.78600661377587,1.76562323839128,1,1,1,"yes"
0,-0.1,0,0.1,0.2,0.5,1,-0.00677079283838514,1.02672756721662,-1.97022871087467,1.95423626580777,1,1,1,"yes"
0,-0.1,0,0.1,0.3,-0.5,0.3,-0.00231135116137396,0.443995939717006,-0.856583159287598,0.871705694168641,1,0,0,"no"
0,-0.1,0,0.1,0.3,-0.5,0.6,-0.00422254045152161,0.682941842185686,-1.30665108856482,1.29102420885682,1,0.95,0.95,"yes"
0,-0.1,0,0.1,0.3,-0.5,0.9,-0.00613372974166926,0.956484627191042,-1.84485158739946,1.80303356904963,1,1,1,"yes"
0,-0.1,0,0.1,0.3,-0.5,1,-0.00677079283838514,1.05080807437047,-2.03143356528295,1.9819720871279,1,1,1,"yes"
0,-0.1,0,0.1,0.3,0,0.3,-0.00231135116137396,0.442108809119104,-0.874761214473918,0.859922396441791,1,0,0,"no"
0,-0.1,0,0.1,0.3,0,0.6,-0.00422254045152161,0.681354398608191,-1.31611173312227,1.29463013926018,1,0.92,0.92,"yes"
0,-0.1,0,0.1,0.3,0,0.9,-0.00613372974166926,0.955101883908002,-1.83448993768181,1.80364012027427,1,1,1,"yes"
0,-0.1,0,0.1,0.3,0,1,-0.00677079283838514,1.04947401765996,-2.01626429878558,1.98219850472503,1,1,1,"yes"
0,-0.1,0,0.1,0.3,0.5,0.3,-0.00231135116137396,0.438284821998669,-0.873016497803947,0.842063909861553,1,0,0,"no"
0,-0.1,0,0.1,0.3,0.5,0.6,-0.00422254045152161,0.679049293177401,-1.31867771235252,1.2894220710547,1,0.94,0.94,"yes"
0,-0.1,0,0.1,0.3,0.5,0.9,-0.00613372974166926,0.953558061039264,-1.83597386497208,1.8008517152991,1,1,1,"yes"
0,-0.1,0,0.1,0.3,0.5,1,-0.00677079283838514,1.04809785916704,-2.01247699444883,1.98093889030602,1,1,1,"yes"
0,-0.1,0,0.2,0.1,-0.5,0.3,-0.00271151303260027,0.385945380739518,-0.718518841602779,0.745953795474296,1,0,0,"no"
0,-0.1,0,0.2,0.1,-0.5,0.6,-0.00462270232274792,0.647896665695322,-1.23782779014014,1.22090854499728,1,0.87,0.87,"yes"
0,-0.1,0,0.2,0.1,-0.5,0.9,-0.00653389161289557,0.932724507962537,-1.79427625937683,1.76438825372957,1,1,1,"yes"
0,-0.1,0,0.2,0.1,-0.5,1,-0.00717095470961145,1.0295205679471,-1.98085714105209,1.94831643431319,1,1,1,"yes"
0,-0.1,0,0.2,0.1,0,0.3,-0.00271151303260027,0.385557953062646,-0.740853213697356,0.723418603160927,1,0,0,"no"
0,-0.1,0,0.2,0.1,0,0.6,-0.00462270232274792,0.647533074724878,-1.24257731307188,1.21549139848941,1,0.83,0.83,"yes"
0,-0.1,0,0.2,0.1,0,0.9,-0.00653389161289557,0.932384036342357,-1.78992247443387,1.7587093971019,1,1,1,"yes"
0,-0.1,0,0.2,0.1,0,1,-0.00717095470961145,1.02918582536972,-1.97566034444435,1.94223937936392,1,1,1,"yes"
0,-0.1,0,0.2,0.1,0.5,0.3,-0.00271151303260027,0.3851571789278,-0.76080964129331,0.707580807075803,1,0,0,"no"
0,-0.1,0,0.2,0.1,0.5,0.6,-0.00462270232274792,0.64734036386391,-1.25550022305673,1.20941404605156,1,0.84,0.84,"yes"
0,-0.1,0,0.2,0.1,0.5,0.9,-0.00653389161289557,0.93228072623952,-1.7951945640854,1.75745992966659,1,1,1,"yes"
0,-0.1,0,0.2,0.1,0.5,1,-0.00717095470961145,1.02910136130964,-1.97926577324129,1.94168744659753,1,1,1,"yes"
0,-0.1,0,0.2,0.2,-0.5,0.3,-0.00271151303260027,0.421621835704253,-0.785195108566275,0.828509537707031,1,0,0,"no"
0,-0.1,0,0.2,0.2,-0.5,0.6,-0.00462270232274792,0.669336669417099,-1.27420260003203,1.26457885636451,1,0.93,0.93,"yes"
0,-0.1,0,0.2,0.2,-0.5,0.9,-0.00653389161289557,0.947415967378434,-1.81793665028605,1.78241530263772,1,1,1,"yes"
0,-0.1,0,0.2,0.2,-0.5,1,-0.00717095470961145,1.04274820596718,-2.00158910836334,1.96450391439223,1,1,1,"yes"
0,-0.1,0,0.2,0.2,0,0.3,-0.00271151303260027,0.420635556211472,-0.804161036272358,0.796261035521634,1,0,0,"no"
0,-0.1,0,0.2,0.2,0,0.6,-0.00462270232274792,0.668457429598827,-1.28300559209214,1.25500020272902,1,0.91,0.91,"yes"
0,-0.1,0,0.2,0.2,0,0.9,-0.00653389161289557,0.94662225088832,-1.81513434863331,1.7838321808182,1,1,1,"yes"
0,-0.1,0,0.2,0.2,0,1,-0.00717095470961145,1.04197538162238,-1.99922168175385,1.96590872964221,1,1,1,"yes"
0,-0.1,0,0.2,0.2,0.5,0.3,-0.00271151303260027,0.418936313568252,-0.825703607861959,0.780588530518018,1,0,0,"no"
0,-0.1,0,0.2,0.2,0.5,0.6,-0.00462270232274792,0.667494145722586,-1.30046266957963,1.24756893082448,1,0.94,0.94,"yes"
0,-0.1,0,0.2,0.2,0.5,0.9,-0.00653389161289557,0.94600628546376,-1.82795374456519,1.78305835877107,1,1,1,"yes"
0,-0.1,0,0.2,0.2,0.5,1,-0.00717095470961145,1.04143452508822,-2.009056032167,1.96866659595864,1,1,1,"yes"
0,-0.1,0,0.2,0.3,-0.5,0.3,-0.00271151303260027,0.475638901263545,-0.902376438141856,0.940766452757298,1,0,0,"no"
0,-0.1,0,0.2,0.3,-0.5,0.6,-0.00462270232274792,0.70428454064809,-1.34297866169492,1.33670934444378,1,0.99,0.99,"yes"
0,-0.1,0,0.2,0.3,-0.5,0.9,-0.00653389161289557,0.972129830159286,-1.8673424522739,1.82547353691708,1,1,1,"yes"
0,-0.1,0,0.2,0.3,-0.5,1,-0.00717095470961145,1.06515851069517,-2.04646702386588,2.00042909312802,1,1,1,"yes"
0,-0.1,0,0.2,0.3,0,0.3,-0.00271151303260027,0.473968338042901,-0.924147617492819,0.910075142808422,1,0,0,"no"
0,-0.1,0,0.2,0.3,0,0.6,-0.00462270232274792,0.702780816828486,-1.35687312368586,1.32721647706351,1,0.97,0.97,"yes"
0,-0.1,0,0.2,0.3,0,0.9,-0.00653389161289557,0.970787010802596,-1.86454836767704,1.83105467654739,1,1,1,"yes"
0,-0.1,0,0.2,0.3,0,1,-0.00717095470961145,1.06385718833878,-2.04150230042841,2.00881130617092,1,1,1,"yes"
0,-0.1,0,0.2,0.3,0.5,0.3,-0.00271151303260027,0.470394990290111,-0.935683362971901,0.888828969702873,1,0,0,"no"
0,-0.1,0,0.2,0.3,0.5,0.6,-0.00462270232274792,0.70055290201625,-1.36644138568244,1.32211635581434,1,0.98,0.98,"yes"
0,-0.1,0,0.2,0.3,0.5,0.9,-0.00653389161289557,0.96927728324855,-1.87503790127296,1.82641345423422,1,1,1,"yes"
0,-0.1,0,0.2,0.3,0.5,1,-0.00717095470961145,1.06250872113411,-2.05112900091641,2.00287948831722,1,1,1,"yes"
0,-0.1,0,0.3,0.1,-0.5,0.3,-0.00311167490382658,0.443648317780925,-0.823679033542079,0.859283806047407,1,0,0,"no"
0,-0.1,0,0.3,0.1,-0.5,0.6,-0.00502286419397423,0.684343592816422,-1.29059764640756,1.28796289567518,1,0.97,0.97,"yes"
0,-0.1,0,0.3,0.1,-0.5,0.9,-0.00693405348412188,0.958722887839996,-1.836086107642,1.80372323247905,1,1,1,"yes"
0,-0.1,0,0.3,0.1,-0.5,1,-0.00757111658083776,1.05322700182426,-2.02300511295549,1.98760764404626,1,1,1,"yes"
0,-0.1,0,0.3,0.1,0,0.3,-0.00311167490382658,0.443335870134698,-0.852687653473461,0.843446654158886,1,0,0,"no"
0,-0.1,0,0.3,0.1,0,0.6,-0.00502286419397423,0.684010272215556,-1.30562813489046,1.27686427170144,1,0.97,0.97,"yes"
0,-0.1,0,0.3,0.1,0,0.9,-0.00693405348412188,0.958397527778088,-1.83899136935355,1.80125812594976,1,1,1,"yes"
0,-0.1,0,0.3,0.1,0,1,-0.00757111658083776,1.05290479924115,-2.02239633925745,1.98038780764283,1,1,1,"yes"
0,-0.1,0,0.3,0.1,0.5,0.3,-0.00311167490382658,0.44299045921617,-0.876722451291134,0.822206168767165,1,0,0,"no"
0,-0.1,0,0.3,0.1,0.5,0.6,-0.00502286419397423,0.683832324352783,-1.3189812020899,1.26874124380366,1,0.97,0.97,"yes"
0,-0.1,0,0.3,0.1,0.5,0.9,-0.00693405348412188,0.958301031775882,-1.84521697897244,1.79124024712239,1,1,1,"yes"
0,-0.1,0,0.3,0.1,0.5,1,-0.00757111658083776,1.05282602491191,-2.02807075525194,1.96986006921362,1,1,1,"yes"
0,-0.1,0,0.3,0.2,-0.5,0.3,-0.00311167490382658,0.475066890633839,-0.871402909296338,0.933575338127132,1,0,0,"no"
0,-0.1,0,0.3,0.2,-0.5,0.6,-0.00502286419397423,0.704675870343462,-1.32433315294612,1.3350173443167,1,0.99,0.99,"yes"
0,-0.1,0,0.3,0.2,-0.5,0.9,-0.00693405348412188,0.973016105572481,-1.85600787815048,1.83175531400335,1,1,1,"yes"
0,-0.1,0,0.3,0.2,-0.5,1,-0.00757111658083776,1.06615452275617,-2.03997043081437,2.00656758424398,1,1,1,"yes"
0,-0.1,0,0.3,0.2,0,0.3,-0.00311167490382658,0.474252559378369,-0.900814535825477,0.902756101917536,1,0,0,"no"
0,-0.1,0,0.3,0.2,0,0.6,-0.00502286419397423,0.703867398820247,-1.34053313640463,1.31620858569694,1,1,1,"yes"
0,-0.1,0,0.3,0.2,0,0.9,-0.00693405348412188,0.972256908986531,-1.86081405764215,1.82066609342408,1,1,1,"yes"
0,-0.1,0,0.3,0.2,0,1,-0.00757111658083776,1.06541007883009,-2.04027387587265,1.99961261506504,1,1,1,"yes"
0,-0.1,0,0.3,0.2,0.5,0.3,-0.00311167490382658,0.47273912425937,-0.937093505959398,0.878536355443011,1,0,0,"no"
0,-0.1,0,0.3,0.2,0.5,0.6,-0.00502286419397423,0.702956364328969,-1.37048374680257,1.30124424837322,1,0.99,0.99,"yes"
0,-0.1,0,0.3,0.2,0.5,0.9,-0.00693405348412188,0.971663020644551,-1.88209534725942,1.81543351601658,1,1,1,"yes"
0,-0.1,0,0.3,0.2,0.5,1,-0.00757111658083776,1.06488699771227,-2.05764221403262,1.99615619665971,1,1,1,"yes"
0,-0.1,0,0.3,0.3,-0.5,0.3,-0.00311167490382658,0.523684940583776,-0.971166094377242,1.03910292455614,1,0.03,0.03,"no"
0,-0.1,0,0.3,0.3,-0.5,0.6,-0.00502286419397423,0.737959971291526,-1.39078016523024,1.40493604909808,1,1,1,"yes"
0,-0.1,0,0.3,0.3,-0.5,0.9,-0.00693405348412188,0.997091301164497,-1.90452097992435,1.87487491280687,1,1,1,"yes"
0,-0.1,0,0.3,0.3,-0.5,1,-0.00757111658083776,1.08807758905447,-2.08043754945803,2.04471851908867,1,1,1,"yes"
0,-0.1,0,0.3,0.3,0,0.3,-0.00311167490382658,0.522259276716504,-1.0014125689331,0.999261212832526,1,0.03,0.03,"no"
0,-0.1,0,0.3,0.3,0,0.6,-0.00502286419397423,0.736568751683244,-1.40644116648506,1.379478574058,1,1,1,"yes"
0,-0.1,0,0.3,0.3,0,0.9,-0.00693405348412188,0.995804678147983,-1.90730110672573,1.87028172067192,1,1,1,"yes"
0,-0.1,0,0.3,0.3,0,1,-0.00757111658083776,1.08682246879361,-2.08465671081,2.04275397122758,1,1,1,"yes"
0,-0.1,0,0.3,0.3,0.5,0.3,-0.00311167490382658,0.519000780759886,-1.0230715579683,0.974352928860147,1,0.02,0.02,"no"
0,-0.1,0,0.3,0.3,0.5,0.6,-0.00502286419397423,0.734443199224405,-1.4322727946191,1.37179681195419,1,1,1,"yes"
0,-0.1,0,0.3,0.3,0.5,0.9,-0.00693405348412188,0.994338815537554,-1.92961314413828,1.85921556877758,1,1,1,"yes"
0,-0.1,0,0.3,0.3,0.5,1,-0.00757111658083776,1.0855090500545,-2.10095295833246,2.03172505080735,1,1,1,"yes"
0,0,0,0.1,0.1,-0.5,0.3,-0.00231135116137396,0.330227712932657,-0.634086789426554,0.618540639089936,1,0,0,"no"
0,0,0,0.1,0.1,-0.5,0.6,-0.00422254045152161,0.614916170294206,-1.18288177003641,1.1582096385105,1,0.58,0.58,"no"
0,0,0,0.1,0.1,-0.5,0.9,-0.00613372974166926,0.909178783149714,-1.75462787630908,1.71255299471957,1,1,1,"yes"
0,0,0,0.1,0.1,-0.5,1,-0.00677079283838514,1.00795417505795,-1.94505929891391,1.9012084177886,1,1,1,"yes"
0,0,0,0.1,0.1,0,0.3,-0.00231135116137396,0.329823142240748,-0.632061566252341,0.620534817905481,1,0,0,"no"
0,0,0,0.1,0.1,0,0.6,-0.00422254045152161,0.614567108094264,-1.1812374742532,1.1594320354278,1,0.56,0.56,"no"
0,0,0,0.1,0.1,0,0.9,-0.00613372974166926,0.908854493863011,-1.74651937626877,1.71919015470935,1,1,1,"yes"
0,0,0,0.1,0.1,0,1,-0.00677079283838514,1.00763515447771,-1.93634513858551,1.90800719462463,1,1,1,"yes"
0,0,0,0.1,0.1,0.5,0.3,-0.00231135116137396,0.329324634766048,-0.633071197163809,0.618031426612061,1,0,0,"no"
0,0,0,0.1,0.1,0.5,0.6,-0.00422254045152161,0.614349817077154,-1.17661159812595,1.16273877629925,1,0.54,0.54,"no"
0,0,0,0.1,0.1,0.5,0.9,-0.00613372974166926,0.908739041707212,-1.7399736050825,1.72669336421907,1,1,1,"yes"
0,0,0,0.1,0.1,0.5,1,-0.00677079283838514,1.00754036873734,-1.92985979533502,1.91382704195213,1,1,1,"yes"
0,0,0,0.1,0.2,-0.5,0.3,-0.00231135116137396,0.371616581686334,-0.718391923946402,0.704232639735017,1,0,0,"no"
0,0,0,0.1,0.2,-0.5,0.6,-0.00422254045152161,0.637648058715122,-1.23141692983544,1.19879322820093,1,0.79,0.79,"no"
0,0,0,0.1,0.2,-0.5,0.9,-0.00613372974166926,0.924364474708045,-1.77789066610497,1.74040153647498,1,1,1,"yes"
0,0,0,0.1,0.2,-0.5,1,-0.00677079283838514,1.02156850194713,-1.96460791734066,1.92578979754589,1,1,1,"yes"
0,0,0,0.1,0.2,0,0.3,-0.00231135116137396,0.370597983324334,-0.722712612352754,0.70706070105159,1,0,0,"no"
0,0,0,0.1,0.2,0,0.6,-0.00422254045152161,0.636791354958782,-1.22434249730373,1.21103615789178,1,0.8,0.8,"yes"
0,0,0,0.1,0.2,0,0.9,-0.00613372974166926,0.923600040633006,-1.77069359428905,1.74437382770354,1,1,1,"yes"
0,0,0,0.1,0.2,0,1,-0.00677079283838514,1.02082468108697,-1.95747126930259,1.92686511850875,1,1,1,"yes"
0,0,0,0.1,0.2,0.5,0.3,-0.00231135116137396,0.368618135210722,-0.717891929386578,0.708757087203059,1,0,0,"no"
0,0,0,0.1,0.2,0.5,0.6,-0.00422254045152161,0.635754277561712,-1.22146756119115,1.20869729396503,1,0.74,0.74,"no"
0,0,0,0.1,0.2,0.5,0.9,-0.00613372974166926,0.922950953518141,-1.77253068934488,1.75501140908202,1,1,1,"yes"
0,0,0,0.1,0.2,0.5,1,-0.00677079283838514,1.02025651681864,-1.95841708983789,1.94098099967556,1,1,1,"yes"
0,0,0,0.1,0.3,-0.5,0.3,-0.00231135116137396,0.432193301564858,-0.837798589760188,0.828751652902478,1,0,0,"no"
0,0,0,0.1,0.3,-0.5,0.6,-0.00422254045152161,0.674422747742992,-1.30862607736898,1.26965816951505,1,0.91,0.91,"yes"
0,0,0,0.1,0.3,-0.5,0.9,-0.00613372974166926,0.949802466231118,-1.84070595466609,1.78830334476432,1,1,1,"yes"
0,0,0,0.1,0.3,-0.5,1,-0.00677079283838514,1.04454464508692,-2.02416381753343,1.96881305524302,1,1,1,"yes"
0,0,0,0.1,0.3,0,0.3,-0.00231135116137396,0.430523617690314,-0.849144147451795,0.828123237035714,1,0,0,"no"
0,0,0,0.1,0.3,0,0.6,-0.00422254045152161,0.672952597421336,-1.30674365346588,1.28130819501956,1,0.92,0.92,"yes"
0,0,0,0.1,0.3,0,0.9,-0.00613372974166926,0.948501281735048,-1.82688152784899,1.80284806491473,1,1,1,"yes"
0,0,0,0.1,0.3,0,1,-0.00677079283838514,1.04328476209957,-2.00637608677912,1.97759162423113,1,1,1,"yes"
0,0,0,0.1,0.3,0.5,0.3,-0.00231135116137396,0.426522074922465,-0.834240781958104,0.822287565235776,1,0,0,"no"
0,0,0,0.1,0.3,0.5,0.6,-0.00422254045152161,0.67058867046727,-1.29148376106775,1.28389304352213,1,0.91,0.91,"yes"
0,0,0,0.1,0.3,0.5,0.9,-0.00613372974166926,0.946930336778494,-1.8182964839936,1.80456672270186,1,1,1,"yes"
0,0,0,0.1,0.3,0.5,1,-0.00677079283838514,1.04188632812072,-2.00164473746395,1.98397201204217,1,1,1,"yes"
0,0,0,0.2,0.1,-0.5,0.3,-0.00271151303260027,0.371541450118645,-0.704835411275858,0.697948878998434,1,0,0,"no"
0,0,0,0.2,0.1,-0.5,0.6,-0.00462270232274792,0.638545394605872,-1.22261571820549,1.1995913377082,1,0.78,0.78,"no"
0,0,0,0.2,0.1,-0.5,0.9,-0.00653389161289557,0.925643910694917,-1.78422506483126,1.74523601876394,1,1,1,"yes"
0,0,0,0.2,0.1,-0.5,1,-0.00717095470961145,1.02292586406678,-1.97187743081551,1.9272373284461,1,1,1,"yes"
0,0,0,0.2,0.1,0,0.3,-0.00271151303260027,0.371200262494989,-0.702136848706017,0.692593201842935,1,0,0,"no"
0,0,0,0.2,0.1,0,0.6,-0.00462270232274792,0.638216689964993,-1.22301138300405,1.19879784749732,1,0.79,0.79,"no"
0,0,0,0.2,0.1,0,0.9,-0.00653389161289557,0.92532968696118,-1.78043979062385,1.74494928022671,1,1,1,"yes"
0,0,0,0.2,0.1,0,1,-0.00717095470961145,1.02261526419534,-1.96793546270362,1.92737762139392,1,1,1,"yes"
0,0,0,0.2,0.1,0.5,0.3,-0.00271151303260027,0.370753544978671,-0.708205560083647,0.696763349590674,1,0,0,"no"
0,0,0,0.2,0.1,0.5,0.6,-0.00462270232274792,0.638011501201463,-1.22108513302652,1.19510628190611,1,0.8,0.8,"yes"
0,0,0,0.2,0.1,0.5,0.9,-0.00653389161289557,0.925220283681688,-1.77610863796616,1.74505990184148,1,1,1,"yes"
0,0,0,0.2,0.1,0.5,1,-0.00717095470961145,1.02252565522196,-1.96322254349978,1.93103074393169,1,1,1,"yes"
0,0,0,0.2,0.2,-0.5,0.3,-0.00271151303260027,0.408799765012117,-0.780899868770187,0.777543492537768,1,0,0,"no"
0,0,0,0.2,0.2,-0.5,0.6,-0.00462270232274792,0.660455425865313,-1.26817357885311,1.23708127817987,1,0.92,0.92,"yes"
0,0,0,0.2,0.2,-0.5,0.9,-0.00653389161289557,0.940554539399532,-1.80772007875202,1.76613307750545,1,1,1,"yes"
0,0,0,0.2,0.2,-0.5,1,-0.00717095470961145,1.03633482791374,-1.99248988401954,1.94926170634285,1,1,1,"yes"
0,0,0,0.2,0.2,0,0.3,-0.00271151303260027,0.407919667048364,-0.780182957568424,0.775801046109874,1,0,0,"no"
0,0,0,0.2,0.2,0,0.6,-0.00462270232274792,0.659646284481495,-1.26412313250468,1.24106963581096,1,0.89,0.89,"yes"
0,0,0,0.2,0.2,0,0.9,-0.00653389161289557,0.939812822156238,-1.80554890754832,1.76958532701007,1,1,1,"yes"
0,0,0,0.2,0.2,0,1,-0.00717095470961145,1.03560978448567,-1.99069995753538,1.95226287098761,1,1,1,"yes"
0,0,0,0.2,0.2,0.5,0.3,-0.00271151303260027,0.406104746682511,-0.782985850427744,0.782562612538877,1,0,0,"no"
0,0,0,0.2,0.2,0.5,0.6,-0.00462270232274792,0.658649269532096,-1.26614239432762,1.23606285322412,1,0.89,0.89,"yes"
0,0,0,0.2,0.2,0.5,0.9,-0.00653389161289557,0.939181344986783,-1.8016598293989,1.7662703486701,1,1,1,"yes"
0,0,0,0.2,0.2,0.5,1,-0.00717095470961145,1.03505610582721,-1.98460168777587,1.9511770764341,1,1,1,"yes"
0,0,0,0.2,0.3,-0.5,0.3,-0.00271151303260027,0.464610090940428,-0.897031864881906,0.89427899099258,1,0,0,"no"
0,0,0,0.2,0.3,-0.5,0.6,-0.00462270232274792,0.69602222490399,-1.34072499474787,1.30950174520602,1,0.98,0.98,"yes"
0,0,0,0.2,0.3,-0.5,0.9,-0.00653389161289557,0.965557372034763,-1.85983644486018,1.81239237388788,1,1,1,"yes"
0,0,0,0.2,0.3,-0.5,1,-0.00717095470961145,1.0589820703853,-2.04111144820701,1.98720335092841,1,1,1,"yes"
0,0,0,0.2,0.3,0,0.3,-0.00271151303260027,0.463118908614384,-0.905460852056823,0.886769117996311,1,0,0,"no"
0,0,0,0.2,0.3,0,0.6,-0.00462270232274792,0.694626416430777,-1.34118659013042,1.31511735824126,1,0.96,0.96,"yes"
0,0,0,0.2,0.3,0,0.9,-0.00653389161289557,0.964292677604656,-1.85303782024802,1.83138402068086,1,1,1,"yes"
0,0,0,0.2,0.3,0,1,-0.00717095470961145,1.0577523187598,-2.02957256572722,2.0027368746262,1,1,1,"yes"
0,0,0,0.2,0.3,0.5,0.3,-0.00271151303260027,0.459374617501966,-0.89217745970346,0.886822770711639,1,0,0,"no"
0,0,0,0.2,0.3,0.5,0.6,-0.00462270232274792,0.692338268880102,-1.34380722460355,1.32050416370511,1,0.98,0.98,"yes"
0,0,0,0.2,0.3,0.5,0.9,-0.00653389161289557,0.962754965058457,-1.85091615782044,1.82196588432813,1,1,1,"yes"
0,0,0,0.2,0.3,0.5,1,-0.00717095470961145,1.05638089600857,-2.03124237733873,1.99704031219968,1,1,1,"yes"
0,0,0,0.3,0.1,-0.5,0.3,-0.00311167490382658,0.431137683272847,-0.812867965218395,0.818378199504803,1,0,0,"no"
0,0,0,0.3,0.1,-0.5,0.6,-0.00502286419397423,0.675488487782358,-1.28602685153522,1.26654051560018,1,0.96,0.96,"yes"
0,0,0,0.3,0.1,-0.5,0.9,-0.00693405348412188,0.951835007779825,-1.82558329797695,1.79503619074799,1,1,1,"yes"
0,0,0,0.3,0.1,-0.5,1,-0.00757111658083776,1.04678202458678,-2.01222129958812,1.9749783459246,1,1,1,"yes"
0,0,0,0.3,0.1,0,0.3,-0.00311167490382658,0.430855928228265,-0.814866324054737,0.812722160111537,1,0,0,"no"
0,0,0,0.3,0.1,0,0.6,-0.00502286419397423,0.675185185562906,-1.28205817478343,1.2575341450595,1,0.96,0.96,"yes"
0,0,0,0.3,0.1,0,0.9,-0.00693405348412188,0.951534038617515,-1.82623296968088,1.78833219777408,1,1,1,"yes"
0,0,0,0.3,0.1,0,1,-0.00757111658083776,1.04648254958495,-2.01174615083859,1.96856063813106,1,1,1,"yes"
0,0,0,0.3,0.1,0.5,0.3,-0.00311167490382658,0.430463339355793,-0.821383253337884,0.817218527921302,1,0,0,"no"
0,0,0,0.3,0.1,0.5,0.6,-0.00502286419397423,0.674992704630635,-1.28683136988412,1.25820612147915,1,0.97,0.97,"yes"
0,0,0,0.3,0.1,0.5,0.9,-0.00693405348412188,0.951430628050633,-1.82782699885054,1.78553030468327,1,1,1,"yes"
0,0,0,0.3,0.1,0.5,1,-0.00757111658083776,1.04639800900472,-2.01300634590583,1.96467817777657,1,1,1,"yes"
0,0,0,0.3,0.2,-0.5,0.3,-0.00311167490382658,0.463686080195707,-0.877453069116475,0.885980197070886,1,0,0,"no"
0,0,0,0.3,0.2,-0.5,0.6,-0.00502286419397423,0.696236890881591,-1.32849142946184,1.29875879176102,1,0.98,0.98,"yes"
0,0,0,0.3,0.2,-0.5,0.9,-0.00693405348412188,0.966335586807513,-1.85011691388972,1.8104843114196,1,1,1,"yes"
0,0,0,0.3,0.2,-0.5,1,-0.00757111658083776,1.05988297652606,-2.03460686991137,1.98913761628722,1,1,1,"yes"
0,0,0,0.3,0.2,0,0.3,-0.00311167490382658,0.46294751123493,-0.882434586892419,0.880626644236568,1,0,0,"no"
0,0,0,0.3,0.2,0,0.6,-0.00502286419397423,0.695489295070168,-1.32237002368866,1.29577932674246,1,0.98,0.98,"yes"
0,0,0,0.3,0.2,0,0.9,-0.00693405348412188,0.965624796687006,-1.84705097138225,1.81156921923313,1,1,1,"yes"
0,0,0,0.3,0.2,0,1,-0.00757111658083776,1.05918356321733,-2.03256513043523,1.9899503932153,1,1,1,"yes"
0,0,0,0.3,0.2,0.5,0.3,-0.00311167490382658,0.461324820822496,-0.884662146293924,0.886337198685759,1,0,0,"no"
0,0,0,0.3,0.2,0.5,0.6,-0.00502286419397423,0.694541850949498,-1.33058844471306,1.30166216190707,1,0.98,0.98,"yes"
0,0,0,0.3,0.2,0.5,0.9,-0.00693405348412188,0.965014022500106,-1.84734850266583,1.80549669186611,1,1,1,"yes"
0,0,0,0.3,0.2,0.5,1,-0.00757111658083776,1.05864658631895,-2.02886912863082,1.98412973114006,1,1,1,"yes"
0,0,0,0.3,0.3,-0.5,0.3,-0.00311167490382658,0.513652751580955,-0.983895056721715,0.98651859796731,1,0.03,0.03,"no"
0,0,0,0.3,0.3,-0.5,0.6,-0.00502286419397423,0.730069582044035,-1.39428509858483,1.37367538176393,1,1,1,"yes"
0,0,0,0.3,0.3,-0.5,0.9,-0.00693405348412188,0.99068313879797,-1.90226036827966,1.85562191726981,1,1,1,"yes"
0,0,0,0.3,0.3,-0.5,1,-0.00757111658083776,1.08203179595134,-2.07803898929685,2.02571535639545,1,1,1,"yes"
0,0,0,0.3,0.3,0,0.3,-0.00311167490382658,0.512363439427604,-0.99143137026583,0.979446454053676,1,0.01,0.01,"no"
0,0,0,0.3,0.3,0,0.6,-0.00502286419397423,0.728773166474737,-1.38898662587754,1.37501242303407,1,1,1,"yes"
0,0,0,0.3,0.3,0,0.9,-0.00693405348412188,0.989469426722243,-1.89618469875702,1.86160445371644,1,1,1,"yes"
0,0,0,0.3,0.3,0,1,-0.00757111658083776,1.08084423497893,-2.07185866881564,2.03174402088965,1,1,1,"yes"
0,0,0,0.3,0.3,0.5,0.3,-0.00311167490382658,0.508943731250329,-0.981767275653776,0.982852194512108,1,0.02,0.02,"no"
0,0,0,0.3,0.3,0.5,0.6,-0.00502286419397423,0.726585002942832,-1.40132471746107,1.3800924015817,1,1,1,"yes"
0,0,0,0.3,0.3,0.5,0.9,-0.00693405348412188,0.987973904298143,-1.89921359149143,1.85409427983618,1,1,1,"yes"
0,0,0,0.3,0.3,0.5,1,-0.00757111658083776,1.0795064984875,-2.07378181066229,2.02523712047697,1,1,1,"yes"
0,0.1,0,0.1,0.1,-0.5,0.3,-0.00231135116137396,0.343615982179202,-0.675149123244973,0.642186355168262,1,0,0,"no"
0,0.1,0,0.1,0.1,-0.5,0.6,-0.00422254045152161,0.621301418705387,-1.20721615685424,1.17069462749924,1,0.65,0.65,"no"
0,0.1,0,0.1,0.1,-0.5,0.9,-0.00613372974166926,0.912889484181106,-1.76538076430782,1.72168803364289,1,1,1,"yes"
0,0.1,0,0.1,0.1,-0.5,1,-0.00677079283838514,1.01111573959392,-1.95405034921288,1.90864719199406,1,1,1,"yes"
0,0.1,0,0.1,0.1,0,0.3,-0.00231135116137396,0.343299164215675,-0.667327369145033,0.651907916478523,1,0,0,"no"
0,0.1,0,0.1,0.1,0,0.6,-0.00422254045152161,0.620999904217036,-1.20042686419944,1.17476468054016,1,0.64,0.64,"no"
0,0.1,0,0.1,0.1,0,0.9,-0.00613372974166926,0.912597062856894,-1.76161581261024,1.72794629634361,1,1,1,"yes"
0,0.1,0,0.1,0.1,0,1,-0.00677079283838514,1.01082538946706,-1.95038753736421,1.91534942466293,1,1,1,"yes"
0,0.1,0,0.1,0.1,0.5,0.3,-0.00231135116137396,0.342806266683811,-0.652916393824662,0.664853599288389,1,0,0,"no"
0,0.1,0,0.1,0.1,0.5,0.6,-0.00422254045152161,0.620779242469822,-1.19257775217636,1.17836364528422,1,0.61,0.61,"no"
0,0.1,0,0.1,0.1,0.5,0.9,-0.00613372974166926,0.912478424191144,-1.75546024981391,1.73330393269303,1,1,1,"yes"
0,0.1,0,0.1,0.1,0.5,1,-0.00677079283838514,1.01072760293777,-1.94384375974402,1.92095229411597,1,1,1,"yes"
0,0.1,0,0.1,0.2,-0.5,0.3,-0.00231135116137396,0.383792386031181,-0.75848560684359,0.720268802206933,1,0,0,"no"
0,0.1,0,0.1,0.2,-0.5,0.6,-0.00422254045152161,0.643951207169453,-1.25192331555354,1.21816245689743,1,0.82,0.82,"yes"
0,0.1,0,0.1,0.2,-0.5,0.9,-0.00613372974166926,0.928114953738249,-1.79746650273938,1.75074348122765,1,1,1,"yes"
0,0.1,0,0.1,0.2,-0.5,1,-0.00677079283838514,1.02477916609952,-1.98433551281088,1.93175861131836,1,1,1,"yes"
0,0.1,0,0.1,0.2,0,0.3,-0.00231135116137396,0.38294498114854,-0.745991900968961,0.730820303936706,1,0,0,"no"
0,0.1,0,0.1,0.2,0,0.6,-0.00422254045152161,0.643188173276542,-1.24625897913618,1.21618124965821,1,0.81,0.81,"yes"
0,0.1,0,0.1,0.2,0,0.9,-0.00613372974166926,0.92741340445067,-1.78678534064442,1.7546189481329,1,1,1,"yes"
0,0.1,0,0.1,0.2,0,1,-0.00677079283838514,1.02409194761891,-1.97426693988331,1.93914404894236,1,1,1,"yes"
0,0.1,0,0.1,0.2,0.5,0.3,-0.00231135116137396,0.381000100581184,-0.730367663711446,0.73675340733405,1,0,0,"no"
0,0.1,0,0.1,0.2,0.5,0.6,-0.00422254045152161,0.642149209538832,-1.22848804747539,1.22394314032111,1,0.79,0.79,"no"
0,0.1,0,0.1,0.2,0.5,0.9,-0.00613372974166926,0.926759398908224,-1.77736740960173,1.76627935301197,1,1,1,"yes"
0,0.1,0,0.1,0.2,0.5,1,-0.00677079283838514,1.02351882127328,-1.96702782056691,1.95019114110657,1,1,1,"yes"
0,0.1,0,0.1,0.3,-0.5,0.3,-0.00231135116137396,0.442933641878245,-0.878350801587473,0.832902372927297,1,0,0,"no"
0,0.1,0,0.1,0.3,-0.5,0.6,-0.00422254045152161,0.680528458838879,-1.32549349550758,1.2851074788459,1,0.95,0.95,"yes"
0,0.1,0,0.1,0.3,-0.5,0.9,-0.00613372974166926,0.95355407734521,-1.85096078614281,1.80348372887879,1,1,1,"yes"
0,0.1,0,0.1,0.3,-0.5,1,-0.00677079283838514,1.04777677343111,-2.0278241889958,1.97853831758201,1,1,1,"yes"
0,0.1,0,0.1,0.3,0,0.3,-0.00231135116137396,0.44151053944885,-0.865049052457072,0.844174041226506,1,0,0,"no"
0,0.1,0,0.1,0.3,0,0.6,-0.00422254045152161,0.679197399610263,-1.32028423633379,1.29296361096573,1,0.95,0.95,"yes"
0,0.1,0,0.1,0.3,0,0.9,-0.00613372974166926,0.952346480221403,-1.84365380270367,1.8044339079312,1,1,1,"yes"
0,0.1,0,0.1,0.3,0,1,-0.00677079283838514,1.04660112914273,-2.02360135535504,1.98221251442012,1,1,1,"yes"
0,0.1,0,0.1,0.3,0.5,0.3,-0.00231135116137396,0.43756797098229,-0.841631008785351,0.854598754480764,1,0,0,"no"
0,0.1,0,0.1,0.3,0.5,0.6,-0.00422254045152161,0.676834852508856,-1.30776470033914,1.29716809406769,1,0.96,0.96,"yes"
0,0.1,0,0.1,0.3,0.5,0.9,-0.00613372974166926,0.950769586617819,-1.81888924609519,1.8158020416944,1,1,1,"yes"
0,0.1,0,0.1,0.3,0.5,1,-0.00677079283838514,1.0451962829357,-1.99982856349203,1.99663964046701,1,1,1,"yes"
0,0.1,0,0.2,0.1,-0.5,0.3,-0.00271151303260027,0.38351835137463,-0.748757118904707,0.705703387159364,1,0,0,"no"
0,0.1,0,0.2,0.1,-0.5,0.6,-0.00462270232274792,0.644706193982911,-1.24401111743001,1.2099618464242,1,0.85,0.85,"yes"
0,0.1,0,0.2,0.1,-0.5,0.9,-0.00653389161289557,0.929295445467254,-1.79589566587665,1.75348680849039,1,1,1,"yes"
0,0.1,0,0.2,0.1,-0.5,1,-0.00717095470961145,1.02604735062453,-1.98183097442787,1.93539678486755,1,1,1,"yes"
0,0.1,0,0.2,0.1,0,0.3,-0.00271151303260027,0.383237937788017,-0.731739393555206,0.728470225538133,1,0,0,"no"
0,0.1,0,0.2,0.1,0,0.6,-0.00462270232274792,0.64441992968142,-1.23521750196923,1.21134435933447,1,0.85,0.85,"yes"
0,0.1,0,0.2,0.1,0,0.9,-0.00653389161289557,0.929011452334501,-1.79179716392757,1.75508600075558,1,1,1,"yes"
0,0.1,0,0.2,0.1,0,1,-0.00717095470961145,1.02576421259068,-1.97827585586358,1.93733110533479,1,1,1,"yes"
0,0.1,0,0.2,0.1,0.5,0.3,-0.00271151303260027,0.382780216720376,-0.717451375064756,0.748378000509158,1,0,0,"no"
0,0.1,0,0.2,0.1,0.5,0.6,-0.00462270232274792,0.644208719627509,-1.22978199851914,1.22044713837839,1,0.85,0.85,"yes"
0,0.1,0,0.2,0.1,0.5,0.9,-0.00653389161289557,0.928898074071954,-1.78667979127678,1.75479638544776,1,1,1,"yes"
0,0.1,0,0.2,0.1,0.5,1,-0.00717095470961145,1.02567103397302,-1.97357074003511,1.9391035419009,1,1,1,"yes"
0,0.1,0,0.2,0.2,-0.5,0.3,-0.00271151303260027,0.419926440585596,-0.829866184724748,0.776025675437888,1,0,0,"no"
0,0.1,0,0.2,0.2,-0.5,0.6,-0.00462270232274792,0.666552619823494,-1.29070148736045,1.253131378742,1,0.92,0.92,"yes"
0,0.1,0,0.2,0.2,-0.5,0.9,-0.00653389161289557,0.944247144184924,-1.82346819600105,1.78039808708124,1,1,1,"yes"
0,0.1,0,0.2,0.2,-0.5,1,-0.00717095470961145,1.03950577783858,-2.00782800439036,1.960497108743,1,1,1,"yes"
0,0.1,0,0.2,0.2,0,0.3,-0.00271151303260027,0.419171939393614,-0.811075919564364,0.797686631425244,1,0,0,"no"
0,0.1,0,0.2,0.2,0,0.6,-0.00462270232274792,0.665827415295939,-1.28226499798739,1.25908255397539,1,0.93,0.93,"yes"
0,0.1,0,0.2,0.2,0,0.9,-0.00653389161289557,0.943565111716714,-1.81372038932,1.77678885898679,1,1,1,"yes"
0,0.1,0,0.2,0.2,0,1,-0.00717095470961145,1.03883496687334,-1.99874086801177,1.95620345280652,1,1,1,"yes"
0,0.1,0,0.2,0.2,0.5,0.3,-0.00271151303260027,0.417359525004815,-0.789826512873548,0.82156773721742,1,0,0,"no"
0,0.1,0,0.2,0.2,0.5,0.6,-0.00462270232274792,0.664823068174119,-1.26684994412022,1.27083023191529,1,0.94,0.94,"yes"
0,0.1,0,0.2,0.2,0.5,0.9,-0.00653389161289557,0.942927108724212,-1.80587829602435,1.78315977731338,1,1,1,"yes"
0,0.1,0,0.2,0.2,0.5,1,-0.00717095470961145,1.03827517058514,-1.99002810533826,1.96169566910307,1,1,1,"yes"
0,0.1,0,0.2,0.3,-0.5,0.3,-0.00271151303260027,0.474636597429563,-0.945490516879996,0.885641557599574,1,0,0,"no"
0,0.1,0,0.2,0.3,-0.5,0.6,-0.00462270232274792,0.701948901843182,-1.35873297227375,1.31264710030143,1,0.99,0.99,"yes"
0,0.1,0,0.2,0.3,-0.5,0.9,-0.00653389161289557,0.969254021258275,-1.8764707134592,1.82819429715459,1,1,1,"yes"
0,0.1,0,0.2,0.3,-0.5,1,-0.00717095470961145,1.06217580568439,-2.05015694861432,2.00115659530173,1,1,1,"yes"
0,0.1,0,0.2,0.3,0,0.3,-0.00271151303260027,0.473339448608762,-0.92295459440445,0.904717592131809,1,0,0,"no"
0,0.1,0,0.2,0.3,0,0.6,-0.00462270232274792,0.700678724118054,-1.35823609077837,1.33306757346152,1,0.98,0.98,"yes"
0,0.1,0,0.2,0.3,0,0.9,-0.00653389161289557,0.968078262121893,-1.86989977079278,1.83085900568718,1,1,1,"yes"
0,0.1,0,0.2,0.3,0,1,-0.00717095470961145,1.06102682326612,-2.0473901775329,2.00730836193286,1,1,1,"yes"
0,0.1,0,0.2,0.3,0.5,0.3,-0.00271151303260027,0.469615787087111,-0.896451616464912,0.924884249317726,1,0,0,"no"
0,0.1,0,0.2,0.3,0.5,0.6,-0.00462270232274792,0.698384095407699,-1.34417887227696,1.34287203021398,1,0.98,0.98,"yes"
0,0.1,0,0.2,0.3,0.5,0.9,-0.00653389161289557,0.966532185676185,-1.85081325586366,1.83978165420211,1,1,1,"yes"
0,0.1,0,0.2,0.3,0.5,1,-0.00717095470961145,1.05964724532724,-2.02625887960411,2.01431330149242,1,1,1,"yes"
0,0.1,0,0.3,0.1,-0.5,0.3,-0.00311167490382658,0.441525435983883,-0.85325892287942,0.818477762804729,1,0,0,"no"
0,0.1,0,0.3,0.1,-0.5,0.6,-0.00502286419397423,0.681322062326019,-1.30879375602797,1.26713406130437,1,0.98,0.98,"yes"
0,0.1,0,0.3,0.1,-0.5,0.9,-0.00693405348412188,0.95539109087383,-1.8369621934812,1.79628799819109,1,1,1,"yes"
0,0.1,0,0.3,0.1,-0.5,1,-0.00757111658083776,1.04983696384722,-2.02255743298544,1.97772273339115,1,1,1,"yes"
0,0.1,0,0.3,0.1,0,0.3,-0.00311167490382658,0.44128151291356,-0.836224702058488,0.842589512649032,1,0,0,"no"
0,0.1,0,0.3,0.1,0,0.6,-0.00502286419397423,0.681054529509136,-1.29472346580799,1.27476463475568,1,0.99,0.99,"yes"
0,0.1,0,0.3,0.1,0,0.9,-0.00693405348412188,0.955117963643205,-1.83019830523573,1.79649474214524,1,1,1,"yes"
0,0.1,0,0.3,0.1,0,1,-0.00757111658083776,1.04956315786209,-2.01669044134954,1.9775654977745,1,1,1,"yes"
0,0.1,0,0.3,0.1,0.5,0.3,-0.00311167490382658,0.440865024743954,-0.81876811997071,0.863470987488083,1,0,0,"no"
0,0.1,0,0.3,0.1,0.5,0.6,-0.00502286419397423,0.680852652510347,-1.28963599489898,1.28525030171308,1,0.99,0.99,"yes"
0,0.1,0,0.3,0.1,0.5,0.9,-0.00693405348412188,0.955009404701111,-1.82889853791836,1.7996165856988,1,1,1,"yes"
0,0.1,0,0.3,0.1,0.5,1,-0.00757111658083776,1.04947417582786,-2.013969219107,1.97956816361239,1,1,1,"yes"
0,0.1,0,0.3,0.2,-0.5,0.3,-0.00311167490382658,0.473551879423558,-0.930485550958726,0.876872892373113,1,0,0,"no"
0,0.1,0,0.3,0.2,-0.5,0.6,-0.00502286419397423,0.702031285256336,-1.35710354034616,1.30415263741371,1,0.99,0.99,"yes"
0,0.1,0,0.3,0.2,-0.5,0.9,-0.00693405348412188,0.969934954041034,-1.86567500287449,1.81846144136466,1,1,1,"yes"
0,0.1,0,0.3,0.2,-0.5,1,-0.00757111658083776,1.06298821546703,-2.04643872463923,1.99990500890836,1,1,1,"yes"
0,0.1,0,0.3,0.2,0,0.3,-0.00311167490382658,0.47289691449465,-0.902803958838263,0.900866113799425,1,0,0,"no"
0,0.1,0,0.3,0.2,0,0.6,-0.00502286419397423,0.701354889226111,-1.33406917379985,1.31790621784869,1,0.99,0.99,"yes"
0,0.1,0,0.3,0.2,0,0.9,-0.00693405348412188,0.969279187712246,-1.85225509781598,1.82037830294584,1,1,1,"yes"
0,0.1,0,0.3,0.2,0,1,-0.00757111658083776,1.06233952394386,-2.03722960402163,1.99512958766972,1,1,1,"yes"
0,0.1,0,0.3,0.2,0.5,0.3,-0.00311167490382658,0.471248636635301,-0.878185311684418,0.936102545897358,1,0,0,"no"
0,0.1,0,0.3,0.2,0.5,0.6,-0.00502286419397423,0.700393195003032,-1.3232521389441,1.33388219357477,1,0.99,0.99,"yes"
0,0.1,0,0.3,0.2,0.5,0.9,-0.00693405348412188,0.968659510936011,-1.84783150014498,1.82800401471882,1,1,1,"yes"
0,0.1,0,0.3,0.2,0.5,1,-0.00757111658083776,1.06179466806587,-2.0305115467237,2.00007630543041,1,1,1,"yes"
0,0.1,0,0.3,0.3,-0.5,0.3,-0.00311167490382658,0.522760574871744,-1.0384050073927,0.970323825619158,1,0.03,0.03,"no"
0,0.1,0,0.3,0.3,-0.5,0.6,-0.00502286419397423,0.735729864070374,-1.41977427344282,1.36937212821356,1,1,1,"yes"
0,0.1,0,0.3,0.3,-0.5,0.9,-0.00693405348412188,0.994291253906174,-1.91931839648876,1.86746484677856,1,1,1,"yes"
0,0.1,0,0.3,0.3,-0.5,1,-0.00757111658083776,1.08516216976579,-2.09130630614869,2.03729509078027,1,1,1,"yes"
0,0.1,0,0.3,0.3,0,0.3,-0.00311167490382658,0.521611572999218,-1.01038650066599,0.990616983998014,1,0.01,0.01,"no"
0,0.1,0,0.3,0.3,0,0.6,-0.00502286419397423,0.734541366633564,-1.41013469606284,1.39380236723099,1,1,1,"yes"
0,0.1,0,0.3,0.3,0,0.9,-0.00693405348412188,0.993159732771874,-1.90590560693534,1.8759587402556,1,1,1,"yes"
0,0.1,0,0.3,0.3,0,1,-0.00757111658083776,1.08405026378394,-2.07978677334936,2.04431172066414,1,1,1,"yes"
0,0.1,0,0.3,0.3,0.5,0.3,-0.00311167490382658,0.51817564867287,-0.978643715368051,1.02932788505585,1,0.02,0.02,"no"
0,0.1,0,0.3,0.3,0.5,0.6,-0.00502286419397423,0.732336819047775,-1.39165618335098,1.41288626799562,1,1,1,"yes"
0,0.1,0,0.3,0.3,0.5,0.9,-0.00693405348412188,0.991652337375706,-1.89043242854529,1.88393715384547,1,1,1,"yes"
0,0.1,0,0.3,0.3,0.5,1,-0.00757111658083776,1.08270175963115,-2.06777996333292,2.0534926099002,1,1,1,"yes"
0,0.2,0,0.1,0.1,-0.5,0.3,-0.00231135116137396,0.383438187259192,-0.763070376160648,0.715989451496861,1,0,0,"no"
0,0.2,0,0.1,0.1,-0.5,0.6,-0.00422254045152161,0.643301409137421,-1.25182384981049,1.21773508991111,1,0.82,0.82,"yes"
0,0.2,0,0.1,0.1,-0.5,0.9,-0.00613372974166926,0.927391927687726,-1.7983173521293,1.75498399435722,1,1,1,"yes"
0,0.2,0,0.1,0.1,-0.5,1,-0.00677079283838514,1.02404389298645,-1.98377164838843,1.93800906005424,1,1,1,"yes"
0,0.2,0,0.1,0.1,0,0.3,-0.00231135116137396,0.383213404613638,-0.750839969697534,0.732461814792473,1,0,0,"no"
0,0.2,0,0.1,0.1,0,0.6,-0.00422254045152161,0.643052194856843,-1.24420743206417,1.22358417210553,1,0.81,0.81,"yes"
0,0.2,0,0.1,0.1,0,0.9,-0.00613372974166926,0.927134375934981,-1.79243814870227,1.75817477237733,1,1,1,"yes"
0,0.2,0,0.1,0.1,0,1,-0.00677079283838514,1.02378479857397,-1.97714289277402,1.94077134267655,1,1,1,"yes"
0,0.2,0,0.1,0.1,0.5,0.3,-0.00231135116137396,0.382765341441134,-0.733703338304173,0.749751645211999,1,0,0,"no"
0,0.2,0,0.1,0.1,0.5,0.6,-0.00422254045152161,0.64283546224156,-1.23296669659955,1.22898489832943,1,0.81,0.81,"yes"
0,0.2,0,0.1,0.1,0.5,0.9,-0.00613372974166926,0.927014941009768,-1.78480121509852,1.76159293211679,1,1,1,"yes"
0,0.2,0,0.1,0.1,0.5,1,-0.00677079283838514,1.02368578736446,-1.97030470592204,1.94442499211198,1,1,1,"yes"
0,0.2,0,0.1,0.2,-0.5,0.3,-0.00231135116137396,0.419930598533525,-0.849017451174217,0.782735412718196,1,0,0,"no"
0,0.2,0,0.1,0.2,-0.5,0.6,-0.00422254045152161,0.665313414741383,-1.30772480627639,1.25931873508114,1,0.89,0.89,"yes"
0,0.2,0,0.1,0.2,-0.5,0.9,-0.00613372974166926,0.942471911817279,-1.835439521855,1.78450290385922,1,1,1,"yes"
0,0.2,0,0.1,0.2,-0.5,1,-0.00677079283838514,1.03761935790952,-2.01796773374891,1.96254518674908,1,1,1,"yes"
0,0.2,0,0.1,0.2,0,0.3,-0.00231135116137396,0.419255990783111,-0.825173648127655,0.798698011003872,1,0,0,"no"
0,0.2,0,0.1,0.2,0,0.6,-0.00422254045152161,0.664652832634893,-1.29675295376659,1.26408180516989,1,0.94,0.94,"yes"
0,0.2,0,0.1,0.2,0,0.9,-0.00613372974166926,0.941839080527355,-1.82775763979317,1.78596281517127,1,1,1,"yes"
0,0.2,0,0.1,0.2,0,1,-0.00677079283838514,1.03699379640191,-2.00945321193091,1.96809873222521,1,1,1,"yes"
0,0.2,0,0.1,0.2,0.5,0.3,-0.00231135116137396,0.417472509925098,-0.790122634030355,0.82393061063852,1,0,0,"no"
0,0.2,0,0.1,0.2,0.5,0.6,-0.00422254045152161,0.663640418487469,-1.26875328794057,1.27550051861059,1,0.94,0.94,"yes"
0,0.2,0,0.1,0.2,0.5,0.9,-0.00613372974166926,0.941189790730682,-1.81036753636286,1.79625934203754,1,1,1,"yes"
0,0.2,0,0.1,0.2,0.5,1,-0.00677079283838514,1.03642288678469,-1.99599108091449,1.9767382195365,1,1,1,"yes"
0,0.2,0,0.1,0.3,-0.5,0.3,-0.00231135116137396,0.474713078519583,-0.960241594129186,0.886110258605005,1,0,0,"no"
0,0.2,0,0.1,0.3,-0.5,0.6,-0.00422254045152161,0.700880241910079,-1.37976628105261,1.32959359104209,1,0.99,0.99,"yes"
0,0.2,0,0.1,0.3,-0.5,0.9,-0.00613372974166926,0.967618782733875,-1.88450069398351,1.83521615045426,1,1,1,"yes"
0,0.2,0,0.1,0.3,-0.5,1,-0.00677079283838514,1.06041805575069,-2.06289335344284,2.01083900186402,1,1,1,"yes"
0,0.2,0,0.1,0.3,0,0.3,-0.00231135116137396,0.473523636494925,-0.935798562273082,0.908177943997758,1,0,0,"no"
0,0.2,0,0.1,0.3,0,0.6,-0.00422254045152161,0.699698708321719,-1.36443052846719,1.33139907165679,1,0.99,0.99,"yes"
0,0.2,0,0.1,0.3,0,0.9,-0.00613372974166926,0.966512886036508,-1.87352327538633,1.83008381236138,1,1,1,"yes"
0,0.2,0,0.1,0.3,0,1,-0.00677079283838514,1.05933380734621,-2.04943507996509,2.00813777618102,1,1,1,"yes"
0,0.2,0,0.1,0.3,0.5,0.3,-0.00231135116137396,0.469841658391719,-0.895469755839051,0.938007015394014,1,0,0,"no"
0,0.2,0,0.1,0.3,0.5,0.6,-0.00422254045152161,0.697394665846961,-1.343151221649,1.33956503587262,1,0.98,0.98,"yes"
0,0.2,0,0.1,0.3,0.5,0.9,-0.00613372974166926,0.964950782356081,-1.84905103125188,1.83900785765893,1,1,1,"yes"
0,0.2,0,0.1,0.3,0.5,1,-0.00677079283838514,1.05793816658103,-2.02936810248175,2.01576143959838,1,1,1,"yes"
0,0.2,0,0.2,0.1,-0.5,0.3,-0.00271151303260027,0.419629241734814,-0.836326074772782,0.775652999537815,1,0,0,"no"
0,0.2,0,0.2,0.1,-0.5,0.6,-0.00462270232274792,0.665951145030421,-1.29700819286865,1.25467240027335,1,0.95,0.95,"yes"
0,0.2,0,0.2,0.1,-0.5,0.9,-0.00653389161289557,0.943555260490614,-1.82522519804594,1.78077308720053,1,1,1,"yes"
0,0.2,0,0.2,0.1,-0.5,1,-0.00717095470961145,1.03879795111993,-2.01061385575529,1.96035445577853,1,1,1,"yes"
0,0.2,0,0.2,0.1,0,0.3,-0.00271151303260027,0.41941695528238,-0.813906940594096,0.803708498440795,1,0,0,"no"
0,0.2,0,0.2,0.1,0,0.6,-0.00462270232274792,0.66571152558161,-1.28319973173471,1.26681762367419,1,0.95,0.95,"yes"
0,0.2,0,0.2,0.1,0,0.9,-0.00653389161289557,0.943304234152831,-1.81908946635158,1.7869551455825,1,1,1,"yes"
0,0.2,0,0.2,0.1,0,1,-0.00717095470961145,1.03854465714407,-2.00504593502932,1.96509932300358,1,1,1,"yes"
0,0.2,0,0.2,0.1,0.5,0.3,-0.00271151303260027,0.418983976734082,-0.785510291550808,0.832534236924612,1,0,0,"no"
0,0.2,0,0.2,0.1,0.5,0.6,-0.00462270232274792,0.665500853102431,-1.2689088405143,1.27472005929731,1,0.96,0.96,"yes"
0,0.2,0,0.2,0.1,0.5,0.9,-0.00653389161289557,0.943189010489513,-1.80977886444709,1.7922853595195,1,1,1,"yes"
0,0.2,0,0.2,0.1,0.5,1,-0.00717095470961145,1.03844949032857,-1.99499617030952,1.97043732937276,1,1,1,"yes"
0,0.2,0,0.2,0.2,-0.5,0.3,-0.00271151303260027,0.453255247527351,-0.921420217518845,0.826409519112336,1,0,0,"no"
0,0.2,0,0.2,0.2,-0.5,0.6,-0.00462270232274792,0.687231964358404,-1.35029824648995,1.28437271033652,1,0.99,0.99,"yes"
0,0.2,0,0.2,0.2,-0.5,0.9,-0.00653389161289557,0.958372297141977,-1.8652255916134,1.80639430547721,1,1,1,"yes"
0,0.2,0,0.2,0.2,-0.5,1,-0.00717095470961145,1.05217471983366,-2.04502550356249,1.984296961392,1,1,1,"yes"
0,0.2,0,0.2,0.2,0,0.3,-0.00271151303260027,0.452631696815587,-0.883171930574991,0.865723933156479,1,0,0,"no"
0,0.2,0,0.2,0.2,0,0.6,-0.00462270232274792,0.68659832843135,-1.33465473829007,1.30381583295705,1,0.99,0.99,"yes"
0,0.2,0,0.2,0.2,0,0.9,-0.00653389161289557,0.957755251909358,-1.85047166409884,1.81422465786737,1,1,1,"yes"
0,0.2,0,0.2,0.2,0,1,-0.00717095470961145,1.05156279111786,-2.03117614073817,1.99198846650474,1,1,1,"yes"
0,0.2,0,0.2,0.2,0.5,0.3,-0.00271151303260027,0.450931191463195,-0.837734141525923,0.907317864630169,1,0,0,"no"
0,0.2,0,0.2,0.2,0.5,0.6,-0.00462270232274792,0.685612533367622,-1.30583278764932,1.32970719857678,1,0.98,0.98,"yes"
0,0.2,0,0.2,0.2,0.5,0.9,-0.00653389161289557,0.957119645072791,-1.83073445325338,1.8242025623045,1,1,1,"yes"
0,0.2,0,0.2,0.2,0.5,1,-0.00717095470961145,1.05100354746839,-2.01377359170607,1.99956162338932,1,1,1,"yes"
0,0.2,0,0.2,0.3,-0.5,0.3,-0.00271151303260027,0.504475326751325,-1.03256145437011,0.925545618135225,1,0.01,0.01,"no"
0,0.2,0,0.2,0.3,-0.5,0.6,-0.00462270232274792,0.721716420471634,-1.41810690784702,1.35176455460581,1,0.99,0.99,"yes"
0,0.2,0,0.2,0.3,-0.5,0.9,-0.00653389161289557,0.983104040745728,-1.91729027113603,1.85566921588052,1,1,1,"yes"
0,0.2,0,0.2,0.3,-0.5,1,-0.00717095470961145,1.07465618002514,-2.09186823224112,2.02878308631491,1,1,1,"yes"
0,0.2,0,0.2,0.3,0,0.3,-0.00271151303260027,0.503365024108412,-0.986582003278789,0.970127822221187,1,0.01,0.01,"no"
0,0.2,0,0.2,0.3,0,0.6,-0.00462270232274792,0.720580882608898,-1.40266065774095,1.37319343377822,1,0.99,0.99,"yes"
0,0.2,0,0.2,0.3,0,0.9,-0.00653389161289557,0.9820245911076,-1.90517223050689,1.85342707467032,1,1,1,"yes"
0,0.2,0,0.2,0.3,0,1,-0.00717095470961145,1.07359455233017,-2.07829042874048,2.02916898843675,1,1,1,"yes"
0,0.2,0,0.2,0.3,0.5,0.3,-0.00271151303260027,0.499838394533426,-0.933503492207918,1.01630068905637,1,0.01,0.01,"no"
0,0.2,0,0.2,0.3,0.5,0.6,-0.00462270232274792,0.718332295826811,-1.36547502286348,1.39763914601122,1,0.99,0.99,"yes"
0,0.2,0,0.2,0.3,0.5,0.9,-0.00653389161289557,0.980489622797342,-1.87271530888818,1.88193193139241,1,1,1,"yes"
0,0.2,0,0.2,0.3,0.5,1,-0.00717095470961145,1.07222154318981,-2.0490038731569,2.04778942180007,1,1,1,"yes"
0,0.2,0,0.3,0.1,-0.5,0.3,-0.00311167490382658,0.473297408282352,-0.934323848640044,0.876436116780331,1,0,0,"no"
0,0.2,0,0.3,0.1,-0.5,0.6,-0.00502286419397423,0.7014783913263,-1.36268477594409,1.30876484570296,1,0.99,0.99,"yes"
0,0.2,0,0.3,0.1,-0.5,0.9,-0.00693405348412188,0.969276396603829,-1.86832271856565,1.81987552738622,1,1,1,"yes"
0,0.2,0,0.3,0.1,-0.5,1,-0.00757111658083776,1.06230998761723,-2.0505280696066,1.99890851915031,1,1,1,"yes"
0,0.2,0,0.3,0.1,0,0.3,-0.00311167490382658,0.473099910364235,-0.905807375466843,0.912298765310392,1,0,0,"no"
0,0.2,0,0.3,0.1,0,0.6,-0.00502286419397423,0.701250362092677,-1.34581278419693,1.32485903554206,1,0.99,0.99,"yes"
0,0.2,0,0.3,0.1,0,0.9,-0.00693405348412188,0.969033563053868,-1.85987666271005,1.82767592838138,1,1,1,"yes"
0,0.2,0,0.3,0.1,0,1,-0.00757111658083776,1.06206400838086,-2.04420808686708,2.00436475902383,1,1,1,"yes"
0,0.2,0,0.3,0.1,0.5,0.3,-0.00311167490382658,0.472689493398498,-0.874089148287612,0.948793246526355,1,0,0,"no"
0,0.2,0,0.3,0.1,0.5,0.6,-0.00502286419397423,0.701045027491429,-1.32733948475019,1.34697476311275,1,0.99,0.99,"yes"
0,0.2,0,0.3,0.1,0.5,0.9,-0.00693405348412188,0.968921760017308,-1.85290903554129,1.83890708590611,1,1,1,"yes"
0,0.2,0,0.3,0.1,0.5,1,-0.00757111658083776,1.06197199389152,-2.03521592093649,2.01257330678608,1,1,1,"yes"
0,0.2,0,0.3,0.2,-0.5,0.3,-0.00311167490382658,0.503414539396307,-1.02111472014155,0.910688085459883,1,0.01,0.01,"no"
0,0.2,0,0.3,0.2,-0.5,0.6,-0.00502286419397423,0.72171652938584,-1.41210742622646,1.33110966176262,1,0.99,0.99,"yes"
0,0.2,0,0.3,0.2,-0.5,0.9,-0.00693405348412188,0.983701342223803,-1.90753198578672,1.84451194152742,1,1,1,"yes"
0,0.2,0,0.3,0.2,-0.5,1,-0.00757111658083776,1.07538894851594,-2.08285250554497,2.02155220061181,1,1,1,"yes"
0,0.2,0,0.3,0.2,0,0.3,-0.00311167490382658,0.502850829922707,-0.964621520448713,0.962362413588006,1,0.01,0.01,"no"
0,0.2,0,0.3,0.2,0,0.6,-0.00502286419397423,0.721117856267973,-1.38512015631245,1.36756253307605,1,0.99,0.99,"yes"
0,0.2,0,0.3,0.2,0,0.9,-0.00693405348412188,0.983105305547752,-1.88915429938887,1.85782583959528,1,1,1,"yes"
0,0.2,0,0.3,0.2,0,1,-0.00757111658083776,1.07479516301297,-2.06821002191257,2.02787082322181,1,1,1,"yes"
0,0.2,0,0.3,0.2,0.5,0.3,-0.00311167490382658,0.501264919144382,-0.917944179494557,1.01878533027533,1,0.01,0.01,"no"
0,0.2,0,0.3,0.2,0.5,0.6,-0.00502286419397423,0.720164980892234,-1.36254892452669,1.40442403085742,1,0.99,0.99,"yes"
0,0.2,0,0.3,0.2,0.5,0.9,-0.00693405348412188,0.982484900060936,-1.87316072494059,1.87424406572794,1,1,1,"yes"
0,0.2,0,0.3,0.2,0.5,1,-0.00757111658083776,1.07424856707853,-2.0512426268589,2.04717493786835,1,1,1,"yes"
0,0.2,0,0.3,0.3,-0.5,0.3,-0.00311167490382658,0.550058580616495,-1.12990466122858,0.996322411669882,1,0.1,0.1,"no"
0,0.2,0,0.3,0.3,-0.5,0.6,-0.00502286419397423,0.75463553490242,-1.48180256856507,1.3904026059047,1,1,1,"yes"
0,0.2,0,0.3,0.3,-0.5,0.9,-0.00693405348412188,1.00780768788273,-1.96183659755128,1.8874613926537,1,1,1,"yes"
0,0.2,0,0.3,0.3,-0.5,1,-0.00757111658083776,1.09738983891616,-2.13347131775393,2.06035395036077,1,1,1,"yes"
0,0.2,0,0.3,0.3,0,0.3,-0.00311167490382658,0.549047512995481,-1.06601590244994,1.0566229439279,1,0.05,0.05,"no"
0,0.2,0,0.3,0.3,0,0.6,-0.00502286419397423,0.753562452271388,-1.4544262860553,1.43336097671735,1,1,1,"yes"
0,0.2,0,0.3,0.3,0,0.9,-0.00693405348412188,1.0067648605946,-1.9472817679738,1.90401887970067,1,1,1,"yes"
0,0.2,0,0.3,0.3,0,1,-0.00757111658083776,1.09635948891936,-2.1159926825645,2.06930544344139,1,1,1,"yes"
0,0.2,0,0.3,0.3,0.5,0.3,-0.00311167490382658,0.545739886114424,-1.00675432455594,1.11832935698272,1,0.06,0.06,"no"
0,0.2,0,0.3,0.3,0.5,0.6,-0.00502286419397423,0.751388450839541,-1.4216418858556,1.4733920086071,1,1,1,"yes"
0,0.2,0,0.3,0.3,0.5,0.9,-0.00693405348412188,1.00526359728767,-1.91434363100635,1.92944340112629,1,1,1,"yes"
0,0.2,0,0.3,0.3,0.5,1,-0.00757111658083776,1.09501391851817,-2.08768854167546,2.09435517313405,1,1,1,"yes"
0,0.3,0,0.1,0.1,-0.5,0.3,-0.00231135116137396,0.44268078084891,-0.878592125863096,0.830263864802512,1,0,0,"no"
0,0.3,0,0.1,0.1,-0.5,0.6,-0.00422254045152161,0.679419230510336,-1.32609620843028,1.28744813306777,1,0.96,0.96,"yes"
0,0.3,0,0.1,0.1,-0.5,0.9,-0.00613372974166926,0.952199727683234,-1.84179626841402,1.80732235550309,1,1,1,"yes"
0,0.3,0,0.1,0.1,-0.5,1,-0.00677079283838514,1.04638162075251,-2.02301976715283,1.98514471086242,1,1,1,"yes"
0,0.3,0,0.1,0.1,0,0.3,-0.00231135116137396,0.442537492509256,-0.862005736895697,0.846226690184026,1,0,0,"no"
0,0.3,0,0.1,0.1,0,0.6,-0.00422254045152161,0.679222419117385,-1.31850065107389,1.29180539895039,1,0.97,0.97,"yes"
0,0.3,0,0.1,0.1,0,0.9,-0.00613372974166926,0.951978413072105,-1.83687884536913,1.81057498404613,1,1,1,"yes"
0,0.3,0,0.1,0.1,0,1,-0.00677079283838514,1.04615515545371,-2.0189472552441,1.988539268081,1,1,1,"yes"
0,0.3,0,0.1,0.1,0.5,0.3,-0.00231135116137396,0.442145250259072,-0.845728525025766,0.868917743443784,1,0,0,"no"
0,0.3,0,0.1,0.1,0.5,0.6,-0.00422254045152161,0.679014699036377,-1.30908698587014,1.30338871256812,1,0.97,0.97,"yes"
0,0.3,0,0.1,0.1,0.5,0.9,-0.00613372974166926,0.95186017068815,-1.83177849878004,1.81525377629338,1,1,1,"yes"
0,0.3,0,0.1,0.1,0.5,1,-0.00677079283838514,1.04605644126375,-2.01363082057316,1.99148083557912,1,1,1,"yes"
0,0.3,0,0.1,0.2,-0.5,0.3,-0.00231135116137396,0.474697075506212,-0.969732048850202,0.885356052948167,1,0,0,"no"
0,0.3,0,0.1,0.2,-0.5,0.6,-0.00422254045152161,0.700381200011736,-1.38827595693646,1.32607257841923,1,0.99,0.99,"yes"
0,0.3,0,0.1,0.2,-0.5,0.9,-0.00613372974166926,0.966970342817631,-1.88454654803412,1.83443731275663,1,1,1,"yes"
0,0.3,0,0.1,0.2,-0.5,1,-0.00677079283838514,1.05974445760202,-2.0588569387574,2.00929629794798,1,1,1,"yes"
0,0.3,0,0.1,0.2,0,0.3,-0.00231135116137396,0.474180794946141,-0.935576677228076,0.910738482462912,1,0,0,"no"
0,0.3,0,0.1,0.2,0,0.6,-0.00422254045152161,0.69982405088668,-1.37306913886991,1.33499845198227,1,0.99,0.99,"yes"
0,0.3,0,0.1,0.2,0,0.9,-0.00613372974166926,0.966409080131745,-1.88274737231742,1.8371160606719,1,1,1,"yes"
0,0.3,0,0.1,0.2,0,1,-0.00677079283838514,1.05918336438722,-2.05741481939429,2.01215772119102,1,1,1,"yes"
0,0.3,0,0.1,0.2,0.5,0.3,-0.00231135116137396,0.472604160006586,-0.893663831206843,0.950975388623336,1,0,0,"no"
0,0.3,0,0.1,0.2,0.5,0.6,-0.00422254045152161,0.698858837214829,-1.3424020263919,1.3541964080617,1,0.99,0.99,"yes"
0,0.3,0,0.1,0.2,0.5,0.9,-0.00613372974166926,0.96577276676511,-1.85445274087195,1.8429555869065,1,1,1,"yes"
0,0.3,0,0.1,0.2,0.5,1,-0.00677079283838514,1.05862099565081,-2.03581252963271,2.02049324650665,1,1,1,"yes"
0,0.3,0,0.1,0.3,-0.5,0.3,-0.00231135116137396,0.523831950035733,-1.08046953480842,0.982198729018343,1,0.02,0.02,"no"
0,0.3,0,0.1,0.3,-0.5,0.6,-0.00422254045152161,0.734321327556026,-1.45930436790226,1.39362600892967,1,0.99,0.99,"yes"
0,0.3,0,0.1,0.3,-0.5,0.9,-0.00613372974166926,0.991565898640326,-1.94106825928926,1.87989660930451,1,1,1,"yes"
0,0.3,0,0.1,0.3,-0.5,1,-0.00677079283838514,1.08214459597566,-2.11033903441251,2.05428120268315,1,1,1,"yes"
0,0.3,0,0.1,0.3,0,0.3,-0.00231135116137396,0.522853259218096,-1.04493150856315,1.0127813889885,1,0.01,0.01,"no"
0,0.3,0,0.1,0.3,0,0.6,-0.00422254045152161,0.733290215497506,-1.43456879822636,1.39575331576767,1,0.99,0.99,"yes"
0,0.3,0,0.1,0.3,0,0.9,-0.00613372974166926,0.990565755920608,-1.93044314723581,1.8832545537365,1,1,1,"yes"
0,0.3,0,0.1,0.3,0,1,-0.00677079283838514,1.08115579606275,-2.10301326937746,2.05389125622987,1,1,1,"yes"
0,0.3,0,0.1,0.3,0.5,0.3,-0.00231135116137396,0.519528005531139,-0.995591197491659,1.05327605590651,1,0.03,0.03,"no"
0,0.3,0,0.1,0.3,0.5,0.6,-0.00422254045152161,0.731087815130032,-1.41102513821675,1.40760143306186,1,0.99,0.99,"yes"
0,0.3,0,0.1,0.3,0.5,0.9,-0.00613372974166926,0.989036505757906,-1.89558931494781,1.89448455925804,1,1,1,"yes"
0,0.3,0,0.1,0.3,0.5,1,-0.00677079283838514,1.07978330145738,-2.07249205659505,2.06246259115553,1,1,1,"yes"
0,0.3,0,0.2,0.1,-0.5,0.3,-0.00271151303260027,0.474421318190341,-0.947085445210359,0.87652915651253,1,0,0,"no"
0,0.3,0,0.2,0.1,-0.5,0.6,-0.00462270232274792,0.700922848173152,-1.37106419094945,1.31941608030223,1,0.99,0.99,"yes"
0,0.3,0,0.2,0.1,-0.5,0.9,-0.00653389161289557,0.967959926761924,-1.87680070086444,1.83298328944275,1,1,1,"yes"
0,0.3,0,0.2,0.1,-0.5,1,-0.00717095470961145,1.06083456543242,-2.0561044200438,2.00746894453201,1,1,1,"yes"
0,0.3,0,0.2,0.1,0,0.3,-0.00271151303260027,0.474276218992092,-0.920108993322885,0.911064890827227,1,0,0,"no"
0,0.3,0,0.2,0.1,0,0.6,-0.00462270232274792,0.700730555500579,-1.35855313388648,1.3323599899052,1,0.99,0.99,"yes"
0,0.3,0,0.2,0.1,0,0.9,-0.00653389161289557,0.967743182252375,-1.86403295220413,1.84049086525213,1,1,1,"yes"
0,0.3,0,0.2,0.1,0,1,-0.00717095470961145,1.06061241783518,-2.04630624939304,2.01596249103593,1,1,1,"yes"
0,0.3,0,0.2,0.1,0.5,0.3,-0.00271151303260027,0.473885922998932,-0.88675002324596,0.946285769665077,1,0,0,"no"
0,0.3,0,0.2,0.1,0.5,0.6,-0.00462270232274792,0.700525630341713,-1.34217082419704,1.35280145547181,1,0.99,0.99,"yes"
0,0.3,0,0.2,0.1,0.5,0.9,-0.00653389161289557,0.967627986166211,-1.85444050504238,1.84616211418432,1,1,1,"yes"
0,0.3,0,0.2,0.1,0.5,1,-0.00717095470961145,1.06051667789173,-2.03512046544076,2.02090034437699,1,1,1,"yes"
0,0.3,0,0.2,0.2,-0.5,0.3,-0.00271151303260027,0.504469340414945,-1.0420609626274,0.919495647812163,1,0,0,"no"
0,0.3,0,0.2,0.2,-0.5,0.6,-0.00462270232274792,0.721257505682991,-1.42655998341946,1.34739488154451,1,0.99,0.99,"yes"
0,0.3,0,0.2,0.2,-0.5,0.9,-0.00653389161289557,0.98248610851955,-1.9213678356356,1.85205372816022,1,1,1,"yes"
0,0.3,0,0.2,0.2,-0.5,1,-0.00717095470961145,1.0740100329955,-2.09490478352471,2.02767145231363,1,1,1,"yes"
0,0.3,0,0.2,0.2,0,0.3,-0.00271151303260027,0.50397491882771,-0.988305010893218,0.973771171953794,1,0,0,"no"
0,0.3,0,0.2,0.2,0,0.6,-0.00462270232274792,0.72071722994201,-1.40887415056803,1.37433605584675,1,0.99,0.99,"yes"
0,0.3,0,0.2,0.2,0,0.9,-0.00653389161289557,0.981936766779759,-1.90960734519327,1.86754363531248,1,1,1,"yes"
0,0.3,0,0.2,0.2,0,1,-0.00717095470961145,1.07345964159672,-2.08203519169162,2.03949301533765,1,1,1,"yes"
0,0.3,0,0.2,0.2,0.5,0.3,-0.00271151303260027,0.502441111481791,-0.928010451205295,1.02995142649061,1,0,0,"no"
0,0.3,0,0.2,0.2,0.5,0.6,-0.00462270232274792,0.719770165333939,-1.37398158149508,1.40843144488508,1,0.99,0.99,"yes"
0,0.3,0,0.2,0.2,0.5,0.9,-0.00653389161289557,0.981311426577048,-1.87767797972039,1.88173623997948,1,1,1,"yes"
0,0.3,0,0.2,0.2,0.5,1,-0.00717095470961145,1.0729069588235,-2.05222432242432,2.05175219896102,1,1,1,"yes"
0,0.3,0,0.2,0.3,-0.5,0.3,-0.00271151303260027,0.550997340454044,-1.15142173046074,1.00632712609334,1,0.09,0.09,"no"
0,0.3,0,0.2,0.3,-0.5,0.6,-0.00462270232274792,0.75425831480087,-1.505716964207,1.41301821474107,1,0.99,0.99,"yes"
0,0.3,0,0.2,0.3,-0.5,0.9,-0.00653389161289557,1.00669517478512,-1.98330973073771,1.8965902577635,1,1,1,"yes"
0,0.3,0,0.2,0.3,-0.5,1,-0.00717095470961145,1.0961109137196,-2.14820101154409,2.07403323139815,1,1,1,"yes"
0,0.3,0,0.2,0.3,0,0.3,-0.00271151303260027,0.550063339676008,-1.08705097219184,1.06764868113615,1,0.08,0.08,"no"
0,0.3,0,0.2,0.3,0,0.6,-0.00462270232274792,0.753259235496109,-1.47499903157621,1.43541717947767,1,0.99,0.99,"yes"
0,0.3,0,0.2,0.3,0,0.9,-0.00653389161289557,1.0057158856603,-1.96364065656668,1.91314694776988,1,1,1,"yes"
0,0.3,0,0.2,0.3,0,1,-0.00717095470961145,1.09514046474628,-2.13550307652067,2.08175772903045,1,1,1,"yes"
0,0.3,0,0.2,0.3,0.5,0.3,-0.00271151303260027,0.546834486164056,-1.01378966129597,1.13568557624823,1,0.09,0.09,"no"
0,0.3,0,0.2,0.3,0.5,0.6,-0.00462270232274792,0.751098335139493,-1.4318280297278,1.46447203499322,1,1,1,"yes"
0,0.3,0,0.2,0.3,0.5,0.9,-0.00653389161289557,1.00420932643686,-1.91520359010328,1.93771782586181,1,1,1,"yes"
0,0.3,0,0.2,0.3,0.5,1,-0.00717095470961145,1.0937873735613,-2.08804092053933,2.09788270466962,1,1,1,"yes"
0,0.3,0,0.3,0.1,-0.5,0.3,-0.00311167490382658,0.522561654658752,-1.03649644387822,0.970460195143025,1,0.01,0.01,"no"
0,0.3,0,0.3,0.1,-0.5,0.6,-0.00502286419397423,0.734786720469416,-1.43514433990585,1.37250151127016,1,0.99,0.99,"yes"
0,0.3,0,0.3,0.1,-0.5,0.9,-0.00693405348412188,0.993061603287159,-1.9227637290584,1.87291447828157,1,1,1,"yes"
0,0.3,0,0.3,0.1,-0.5,1,-0.00757111658083776,1.08387908279709,-2.09570656556667,2.04317782206209,1,1,1,"yes"
0,0.3,0,0.3,0.1,0,0.3,-0.00311167490382658,0.522415957715255,-1.00334060014275,1.00992613961775,1,0.02,0.02,"no"
0,0.3,0,0.3,0.1,0,0.6,-0.00502286419397423,0.734599628823243,-1.41439189122951,1.39631649493937,1,0.99,0.99,"yes"
0,0.3,0,0.3,0.1,0,0.9,-0.00693405348412188,0.992850368380541,-1.91095185042766,1.88619546996707,1,1,1,"yes"
0,0.3,0,0.3,0.1,0,1,-0.00757111658083776,1.08366218349795,-2.08602337222918,2.05567517248335,1,1,1,"yes"
0,0.3,0,0.3,0.1,0.5,0.3,-0.00311167490382658,0.522032802896095,-0.964832789981368,1.05435343236969,1,0.02,0.02,"no"
0,0.3,0,0.3,0.1,0.5,0.6,-0.00502286419397423,0.734396269624878,-1.39145925411712,1.42346184784414,1,0.99,0.99,"yes"
0,0.3,0,0.3,0.1,0.5,0.9,-0.00693405348412188,0.992737134821669,-1.89585132359025,1.89625828986665,1,1,1,"yes"
0,0.3,0,0.3,0.1,0.5,1,-0.00757111658083776,1.08356848370851,-2.07409643073467,2.06453068928534,1,1,1,"yes"
0,0.3,0,0.3,0.2,-0.5,0.3,-0.00311167490382658,0.550051657291303,-1.13627399255605,0.989050587139657,1,0.05,0.05,"no"
0,0.3,0,0.3,0.2,-0.5,0.6,-0.00502286419397423,0.75421648506504,-1.49262690048705,1.39325202374236,1,1,1,"yes"
0,0.3,0,0.3,0.2,-0.5,0.9,-0.00693405348412188,1.00722241987952,-1.96973222558538,1.89119230451461,1,1,1,"yes"
0,0.3,0,0.3,0.2,-0.5,1,-0.00757111658083776,1.0967733450345,-2.13797934132083,2.06280448484644,1,1,1,"yes"
0,0.3,0,0.3,0.2,0,0.3,-0.00311167490382658,0.549586205844714,-1.06502451686229,1.0588222013927,1,0.05,0.05,"no"
0,0.3,0,0.3,0.2,0,0.6,-0.00502286419397423,0.753698366233274,-1.46011069718342,1.43462975023619,1,0.99,0.99,"yes"
0,0.3,0,0.3,0.2,0,0.9,-0.00693405348412188,1.00668874624816,-1.94917622089743,1.91263314258905,1,1,1,"yes"
0,0.3,0,0.3,0.2,0,1,-0.00757111658083776,1.09623698699822,-2.11706019620486,2.08279007623259,1,1,1,"yes"
0,0.3,0,0.3,0.2,0.5,0.3,-0.00311167490382658,0.548119834867359,-0.997077498578204,1.135288437504,1,0.05,0.05,"no"
0,0.3,0,0.3,0.2,0.5,0.6,-0.00502286419397423,0.752773853974047,-1.4273913097882,1.47555360353453,1,1,1,"yes"
0,0.3,0,0.3,0.2,0.5,0.9,-0.00693405348412188,1.00607511412751,-1.9232807469477,1.93417288161227,1,1,1,"yes"
0,0.3,0,0.3,0.2,0.5,1,-0.00757111658083776,1.09569436158678,-2.09327593514054,2.10023112712331,1,1,1,"yes"
0,0.3,0,0.3,0.3,-0.5,0.3,-0.00311167490382658,0.593085130592794,-1.24522039093993,1.06191958093031,1,0.29,0.29,"no"
0,0.3,0,0.3,0.3,-0.5,0.6,-0.00502286419397423,0.7858456415387,-1.57037868492566,1.4466072820255,1,1,1,"yes"
0,0.3,0,0.3,0.3,-0.5,0.9,-0.00693405348412188,1.03084794653761,-2.02544736973492,1.92655906550479,1,1,1,"yes"
0,0.3,0,0.3,0.3,-0.5,1,-0.00757111658083776,1.11842031819106,-2.19563848041803,2.09937052470783,1,1,1,"yes"
0,0.3,0,0.3,0.3,0,0.3,-0.00311167490382658,0.592211681496713,-1.15487603842613,1.15222613632874,1,0.34,0.34,"no"
0,0.3,0,0.3,0.3,0,0.6,-0.00502286419397423,0.784890925045307,-1.53137581481438,1.4932765761275,1,1,1,"yes"
0,0.3,0,0.3,0.3,0,0.9,-0.00693405348412188,1.02989749264703,-2.0019821074351,1.95572374943557,1,1,1,"yes"
0,0.3,0,0.3,0.3,0,1,-0.00757111658083776,1.11747512390643,-2.17335921764823,2.12402911787501,1,1,1,"yes"
0,0.3,0,0.3,0.3,0.5,0.3,-0.00311167490382658,0.589130130876811,-1.07451550343196,1.23581361764676,1,0.37,0.37,"no"
0,0.3,0,0.3,0.3,0.5,0.6,-0.00502286419397423,0.782786931717285,-1.47393032934716,1.54281439568308,1,1,1,"yes"
0,0.3,0,0.3,0.3,0.5,0.9,-0.00693405348412188,1.02841880005143,-1.95874918147399,1.99456079786517,1,1,1,"yes"
0,0.3,0,0.3,0.3,0.5,1,-0.00757111658083776,1.11614518478593,-2.12852286379378,2.15033097244159,1,1,1,"yes"
0,0.4,0,0.1,0.1,-0.5,0.3,-0.00231135116137396,0.514708870917144,-1.01427758203601,0.973503136214301,1,0,0,"no"
0,0.4,0,0.1,0.1,-0.5,0.6,-0.00422254045152161,0.727574907295406,-1.42572222428755,1.37369069073836,1,1,1,"yes"
0,0.4,0,0.1,0.1,-0.5,0.9,-0.00613372974166926,0.986544990039881,-1.90633354115253,1.87566935593458,1,1,1,"yes"
0,0.4,0,0.1,0.1,-0.5,1,-0.00677079283838514,1.07755115319548,-2.07949876257669,2.05212474527031,1,1,1,"yes"
0,0.4,0,0.1,0.1,0,0.3,-0.00231135116137396,0.514631696233726,-0.992249462771715,0.985445032299678,1,0,0,"no"
0,0.4,0,0.1,0.1,0,0.6,-0.00422254045152161,0.727427226596436,-1.41574950406526,1.38242488657537,1,1,1,"yes"
0,0.4,0,0.1,0.1,0,0.9,-0.00613372974166926,0.98635975344158,-1.90247600877468,1.87333259809453,1,1,1,"yes"
0,0.4,0,0.1,0.1,0,1,-0.00677079283838514,1.07735751127139,-2.07687180556198,2.04993789277107,1,1,1,"yes"
0,0.4,0,0.1,0.1,0.5,0.3,-0.00231135116137396,0.514289944273724,-0.980663908200181,1.00295220305823,1,0,0,"no"
0,0.4,0,0.1,0.1,0.5,0.6,-0.00422254045152161,0.727231039887219,-1.40143719828522,1.39022737281023,1,1,1,"yes"
0,0.4,0,0.1,0.1,0.5,0.9,-0.00613372974166926,0.986244123751682,-1.89618133819696,1.87962840029006,1,1,1,"yes"
0,0.4,0,0.1,0.1,0.5,1,-0.00677079283838514,1.07726024114493,-2.06993241532414,2.05131328258364,1,1,1,"yes"
0,0.4,0,0.1,0.2,-0.5,0.3,-0.00231135116137396,0.542544481356421,-1.10345030806649,1.02365575273213,1,0.01,0.01,"no"
0,0.4,0,0.1,0.2,-0.5,0.6,-0.00422254045152161,0.747254462419111,-1.48261964694084,1.41774243623729,1,1,1,"yes"
0,0.4,0,0.1,0.2,-0.5,0.9,-0.00613372974166926,1.00087657459053,-1.95484042749782,1.90065291736753,1,1,1,"yes"
0,0.4,0,0.1,0.2,-0.5,1,-0.00677079283838514,1.09059772718369,-2.12027504876874,2.07315941846463,1,1,1,"yes"
0,0.4,0,0.1,0.2,0,0.3,-0.00231135116137396,0.542165698571505,-1.07037590704531,1.0513144261702,1,0.02,0.02,"no"
0,0.4,0,0.1,0.2,0,0.6,-0.00422254045152161,0.746796172995239,-1.46698193063019,1.42334948516317,1,1,1,"yes"
0,0.4,0,0.1,0.2,0,0.9,-0.00613372974166926,1.00038700816654,-1.94888447822692,1.90077407727745,1,1,1,"yes"
0,0.4,0,0.1,0.2,0,1,-0.00677079283838514,1.09010177639499,-2.11707427657707,2.07007138601525,1,1,1,"yes"
0,0.4,0,0.1,0.2,0.5,0.3,-0.00231135116137396,0.540785565595799,-1.02656601241761,1.08693170487836,1,0.01,0.01,"no"
0,0.4,0,0.1,0.2,0.5,0.6,-0.00422254045152161,0.745889214883848,-1.4390675299636,1.45004905923317,1,1,1,"yes"
0,0.4,0,0.1,0.2,0.5,0.9,-0.00613372974166926,0.999769876123079,-1.92409762127585,1.9131483173495,1,1,1,"yes"
0,0.4,0,0.1,0.2,0.5,1,-0.00677079283838514,1.0895529457549,-2.09538990746327,2.08004948258247,1,1,1,"yes"
0,0.4,0,0.1,0.3,-0.5,0.3,-0.00231135116137396,0.586040767831377,-1.21473003352319,1.11146496810059,1,0.3,0.3,"no"
0,0.4,0,0.1,0.3,-0.5,0.6,-0.00422254045152161,0.779202718010714,-1.55678410110688,1.47032759157164,1,1,1,"yes"
0,0.4,0,0.1,0.3,-0.5,0.9,-0.00613372974166926,1.02471539693032,-2.01651019201609,1.94693069672424,1,1,1,"yes"
0,0.4,0,0.1,0.3,-0.5,1,-0.00677079283838514,1.11243358692191,-2.18051993206412,2.11061211411014,1,1,1,"yes"
0,0.4,0,0.1,0.3,0,0.3,-0.00231135116137396,0.585250278914725,-1.17814705089098,1.1463744312189,1,0.37,0.37,"no"
0,0.4,0,0.1,0.3,0,0.6,-0.00422254045152161,0.778316584891839,-1.52200118270913,1.48083750268207,1,1,1,"yes"
0,0.4,0,0.1,0.3,0,0.9,-0.00613372974166926,1.02382147943027,-2.00423644626632,1.94764782594383,1,1,1,"yes"
0,0.4,0,0.1,0.3,0,1,-0.00677079283838514,1.11154141490768,-2.17163362753319,2.11419319301594,1,1,1,"yes"
0,0.4,0,0.1,0.3,0.5,0.3,-0.00231135116137396,0.582288225762552,-1.11818323898408,1.19432067565508,1,0.32,0.32,"no"
0,0.4,0,0.1,0.3,0.5,0.6,-0.00422254045152161,0.776240811547979,-1.50052414971292,1.50206891754881,1,1,1,"yes"
0,0.4,0,0.1,0.3,0.5,0.9,-0.00613372974166926,1.02233900771958,-1.96734286354146,1.96470520700203,1,1,1,"yes"
0,0.4,0,0.1,0.3,0.5,1,-0.00677079283838514,1.11020331968111,-2.13401615152324,2.12670581821343,1,1,1,"yes"
0,0.4,0,0.2,0.1,-0.5,0.3,-0.00271151303260027,0.54227806561193,-1.07471801746625,1.00753979775631,1,0,0,"no"
0,0.4,0,0.2,0.1,-0.5,0.6,-0.00462270232274792,0.747712635839504,-1.46541458409827,1.40532501505742,1,1,1,"yes"
0,0.4,0,0.2,0.1,-0.5,0.9,-0.00653389161289557,1.00177610424962,-1.94629947195218,1.89701152384464,1,1,1,"yes"
0,0.4,0,0.2,0.1,-0.5,1,-0.00717095470961145,1.09160121986445,-2.11615890840559,2.06819686996361,1,1,1,"yes"
0,0.4,0,0.2,0.1,0,0.3,-0.00271151303260027,0.542192595740689,-1.04820146212068,1.0417747399422,1,0.01,0.01,"no"
0,0.4,0,0.2,0.1,0,0.6,-0.00462270232274792,0.747565587535355,-1.45179934529321,1.42549524500939,1,1,1,"yes"
0,0.4,0,0.2,0.1,0,0.9,-0.00653389161289557,1.0015936179342,-1.93416885313239,1.90696018226189,1,1,1,"yes"
0,0.4,0,0.2,0.1,0,1,-0.00717095470961145,1.09141046712446,-2.10382074900716,2.07629615731152,1,1,1,"yes"
0,0.4,0,0.2,0.1,0.5,0.3,-0.00271151303260027,0.541846800046218,-1.01430552120032,1.08016394880386,1,0.01,0.01,"no"
0,0.4,0,0.2,0.1,0.5,0.6,-0.00462270232274792,0.747369635866432,-1.43304037106527,1.44445941591425,1,1,1,"yes"
0,0.4,0,0.2,0.1,0.5,0.9,-0.00653389161289557,1.00147989976995,-1.92461769705017,1.91743096501184,1,1,1,"yes"
0,0.4,0,0.2,0.1,0.5,1,-0.00717095470961145,1.09131528938372,-2.0964791109944,2.0855271021084,1,1,1,"yes"
0,0.4,0,0.2,0.2,-0.5,0.3,-0.00271151303260027,0.568806391980066,-1.17495351972028,1.04466202332383,1,0.13,0.13,"no"
0,0.4,0,0.2,0.2,-0.5,0.6,-0.00462270232274792,0.766876374518383,-1.5261407523213,1.43197890299372,1,1,1,"yes"
0,0.4,0,0.2,0.2,-0.5,0.9,-0.00653389161289557,1.01588674256275,-1.99633921764072,1.91768686315164,1,1,1,"yes"
0,0.4,0,0.2,0.2,-0.5,1,-0.00717095470961145,1.10447533571876,-2.15874803579692,2.08794378281348,1,1,1,"yes"
0,0.4,0,0.2,0.2,0,0.3,-0.00271151303260027,0.568432183088806,-1.11616210230558,1.10489788580687,1,0.14,0.14,"no"
0,0.4,0,0.2,0.2,0,0.6,-0.00462270232274792,0.766426809227277,-1.50167993939507,1.46492362958495,1,1,1,"yes"
0,0.4,0,0.2,0.2,0,0.9,-0.00653389161289557,1.01540544610228,-1.98175758555678,1.93580275750905,1,1,1,"yes"
0,0.4,0,0.2,0.2,0,1,-0.00717095470961145,1.10398723389521,-2.14771489224092,2.10051134625965,1,1,1,"yes"
0,0.4,0,0.2,0.2,0.5,0.3,-0.00271151303260027,0.567070709291381,-1.0519574627272,1.16603764338682,1,0.14,0.14,"no"
0,0.4,0,0.2,0.2,0.5,0.6,-0.00462270232274792,0.765530682882269,-1.46740667660835,1.499503290424,1,1,1,"yes"
0,0.4,0,0.2,0.2,0.5,0.9,-0.00653389161289557,1.01479653145669,-1.94881888161949,1.96221827328975,1,1,1,"yes"
0,0.4,0,0.2,0.2,0.5,1,-0.00717095470961145,1.10344601097687,-2.11744824625657,2.12007329341233,1,1,1,"yes"
0,0.4,0,0.2,0.3,-0.5,0.3,-0.00271151303260027,0.610474883471398,-1.28559224173481,1.1211256861998,1,0.5,0.5,"no"
0,0.4,0,0.2,0.3,-0.5,0.6,-0.00462270232274792,0.798041929925985,-1.60580705964138,1.48768240985713,1,1,1,"yes"
0,0.4,0,0.2,0.3,-0.5,0.9,-0.00653389161289557,1.03937528497497,-2.05812699018558,1.95685949588333,1,1,1,"yes"
0,0.4,0,0.2,0.3,-0.5,1,-0.00717095470961145,1.12603541031403,-2.22285885322086,2.12495828066014,1,1,1,"yes"
0,0.4,0,0.2,0.3,0,0.3,-0.00271151303260027,0.609706081822312,-1.21646237650176,1.19348290701644,1,0.53,0.53,"no"
0,0.4,0,0.2,0.3,0,0.6,-0.00462270232274792,0.797176129284813,-1.56574829199943,1.51709573899751,1,1,1,"yes"
0,0.4,0,0.2,0.3,0,0.9,-0.00653389161289557,1.03849688900026,-2.03275510284371,1.98040425156993,1,1,1,"yes"
0,0.4,0,0.2,0.3,0,1,-0.00717095470961145,1.12515740904138,-2.19759888571683,2.1455899808503,1,1,1,"yes"
0,0.4,0,0.2,0.3,0.5,0.3,-0.00271151303260027,0.606799194218442,-1.12598867528426,1.2693106118706,1,0.49,0.49,"no"
0,0.4,0,0.2,0.3,0.5,0.6,-0.00462270232274792,0.79512908490592,-1.510601814614,1.55979530323059,1,1,1,"yes"
0,0.4,0,0.2,0.3,0.5,0.9,-0.00653389161289557,1.03703245993523,-1.9838377089293,2.01506577661402,1,1,1,"yes"
0,0.4,0,0.2,0.3,0.5,1,-0.00717095470961145,1.12383524896677,-2.14956516555077,2.17232887576919,1,1,1,"yes"
0,0.4,0,0.3,0.1,-0.5,0.3,-0.00311167490382658,0.584913783504294,-1.15968097959495,1.07907244808208,1,0.2,0.2,"no"
0,0.4,0,0.3,0.1,-0.5,0.6,-0.00502286419397423,0.779572116794145,-1.5239842290374,1.46046102440957,1,1,1,"yes"
0,0.4,0,0.3,0.1,-0.5,0.9,-0.00693405348412188,1.02606452020232,-1.99531046036722,1.93903016898149,1,1,1,"yes"
0,0.4,0,0.3,0.1,-0.5,1,-0.00757111658083776,1.11402106333944,-2.16095889927707,2.10984527009592,1,1,1,"yes"
0,0.4,0,0.3,0.1,0,0.3,-0.00311167490382658,0.584819122014526,-1.12066207579647,1.13157270187146,1,0.23,0.23,"no"
0,0.4,0,0.3,0.1,0,0.6,-0.00502286419397423,0.779425300914313,-1.50542780282124,1.48796591046183,1,1,1,"yes"
0,0.4,0,0.3,0.1,0,0.9,-0.00693405348412188,1.02588508166587,-1.97892908040499,1.95051425518279,1,1,1,"yes"
0,0.4,0,0.3,0.1,0,1,-0.00757111658083776,1.11383360191975,-2.14888198013,2.11713066301158,1,1,1,"yes"
0,0.4,0,0.3,0.1,0.5,0.3,-0.00311167490382658,0.584471358707363,-1.07897607819886,1.17851773742201,1,0.18,0.18,"no"
0,0.4,0,0.3,0.1,0.5,0.6,-0.00502286419397423,0.779227942629012,-1.48038681408983,1.51705196060146,1,1,1,"yes"
0,0.4,0,0.3,0.1,0.5,0.9,-0.00693405348412188,1.02577196435892,-1.9624728976452,1.967396273832,1,1,1,"yes"
0,0.4,0,0.3,0.1,0.5,1,-0.00757111658083776,1.11373938860389,-2.13221687463491,2.13125631968746,1,1,1,"yes"
0,0.4,0,0.3,0.2,-0.5,0.3,-0.00311167490382658,0.609651133931037,-1.26382140880246,1.09824840327817,1,0.53,0.53,"no"
0,0.4,0,0.3,0.2,-0.5,0.6,-0.00502286419397423,0.797981731253513,-1.59309987311654,1.47494548957982,1,1,1,"yes"
0,0.4,0,0.3,0.2,-0.5,0.9,-0.00693405348412188,1.03984374310057,-2.04206112045232,1.954809631331,1,1,1,"yes"
0,0.4,0,0.3,0.2,-0.5,1,-0.00757111658083776,1.12663578606518,-2.20626729786374,2.12327698295565,1,1,1,"yes"
0,0.4,0,0.3,0.2,0,0.3,-0.00311167490382658,0.609285100600785,-1.18616478262013,1.18445316799163,1,0.52,0.52,"no"
0,0.4,0,0.3,0.2,0,0.6,-0.00502286419397423,0.79754379210497,-1.55259702704079,1.52858933463675,1,1,1,"yes"
0,0.4,0,0.3,0.2,0,0.9,-0.00693405348412188,1.03937312471965,-2.02422638229793,1.98088648369029,1,1,1,"yes"
0,0.4,0,0.3,0.2,0,1,-0.00757111658083776,1.12615777336813,-2.18876019132512,2.1430948748962,1,1,1,"yes"
0,0.4,0,0.3,0.2,0.5,0.3,-0.00311167490382658,0.607957926296409,-1.10376353271189,1.26516563581318,1,0.52,0.52,"no"
0,0.4,0,0.3,0.2,0.5,0.6,-0.00502286419397423,0.796661037516647,-1.51131448943339,1.5673966607821,1,1,1,"yes"
0,0.4,0,0.3,0.2,0.5,0.9,-0.00693405348412188,1.03877244792651,-1.98908256259194,2.01296386671926,1,1,1,"yes"
0,0.4,0,0.3,0.2,0.5,1,-0.00757111658083776,1.12562397119992,-2.15528165134346,2.17185127537748,1,1,1,"yes"
0,0.4,0,0.3,0.3,-0.5,0.3,-0.00311167490382658,0.648767627524542,-1.37544128026426,1.16860007716701,1,0.84,0.84,"yes"
0,0.4,0,0.3,0.3,-0.5,0.6,-0.00502286419397423,0.827991145554992,-1.67451795762286,1.52601798526226,1,1,1,"yes"
0,0.4,0,0.3,0.3,-0.5,0.9,-0.00693405348412188,1.06280172664432,-2.09729671460416,1.98504669162299,1,1,1,"yes"
0,0.4,0,0.3,0.3,-0.5,1,-0.00757111658083776,1.1477767005565,-2.26150927268252,2.15158154094537,1,1,1,"yes"
0,0.4,0,0.3,0.3,0,0.3,-0.00311167490382658,0.648031173269169,-1.27062701704109,1.26856070524576,1,0.79,0.79,"no"
0,0.4,0,0.3,0.3,0,0.6,-0.00502286419397423,0.827154290943304,-1.61727485449061,1.57554927850148,1,1,1,"yes"
0,0.4,0,0.3,0.3,0,0.9,-0.00693405348412188,1.06194479376803,-2.07160533919637,2.02448104107701,1,1,1,"yes"
0,0.4,0,0.3,0.3,0,1,-0.00757111658083776,1.14691811814547,-2.23970932990896,2.18306047964122,1,1,1,"yes"
0,0.4,0,0.3,0.3,0.5,0.3,-0.00311167490382658,0.645215291219666,-1.17362545963019,1.36414902325572,1,0.74,0.74,"no"
0,0.4,0,0.3,0.3,0.5,0.6,-0.00502286419397423,0.825147470663359,-1.54957023191342,1.63353452343634,1,1,1,"yes"
0,0.4,0,0.3,0.3,0.5,0.9,-0.00693405348412188,1.06050219351166,-2.0243191355692,2.07061417275377,1,1,1,"yes"
0,0.4,0,0.3,0.3,0.5,1,-0.00757111658083776,1.14561459214103,-2.19020172430358,2.22766939664504,1,1,1,"yes"
0,0.5,0,0.1,0.1,-0.5,0.3,-0.00231135116137396,0.594899415835539,-1.16332364144045,1.13047179033794,1,0.36,0.36,"no"
0,0.5,0,0.1,0.1,-0.5,0.6,-0.00422254045152161,0.785571209535935,-1.54208909158251,1.48106183036537,1,1,1,"yes"
0,0.5,0,0.1,0.1,-0.5,0.9,-0.00613372974166926,1.02948279032523,-1.99705342789655,1.94969302691295,1,1,1,"yes"
0,0.5,0,0.1,0.1,-0.5,1,-0.00677079283838514,1.11682099293652,-2.16133353692793,2.12185352072912,1,1,1,"yes"
0,0.5,0,0.1,0.1,0,0.3,-0.00231135116137396,0.594873940735991,-1.14654882397864,1.14176908304955,1,0.31,0.31,"no"
0,0.5,0,0.1,0.1,0,0.6,-0.00422254045152161,0.785467613993293,-1.53506713246681,1.48824404257556,1,1,1,"yes"
0,0.5,0,0.1,0.1,0,0.9,-0.00613372974166926,1.02933226732604,-1.98874673691425,1.95364714382043,1,1,1,"yes"
0,0.5,0,0.1,0.1,0,1,-0.00677079283838514,1.11665937519888,-2.15543959333096,2.11943848703629,1,1,1,"yes"
0,0.5,0,0.1,0.1,0.5,0.3,-0.00231135116137396,0.594573419398937,-1.13093751895089,1.15258521097605,1,0.37,0.37,"no"
0,0.5,0,0.1,0.1,0.5,0.6,-0.00422254045152161,0.785283527204014,-1.51833117191167,1.49625988951195,1,1,1,"yes"
0,0.5,0,0.1,0.1,0.5,0.9,-0.00613372974166926,1.02922009522403,-1.98348055096284,1.9600145955927,1,1,1,"yes"
0,0.5,0,0.1,0.1,0.5,1,-0.00677079283838514,1.11656429687635,-2.15221535631033,2.12272106399294,1,1,1,"yes"
0,0.5,0,0.1,0.2,-0.5,0.3,-0.00231135116137396,0.619204478582316,-1.24748939821133,1.17462943132449,1,0.63,0.63,"no"
0,0.5,0,0.1,0.2,-0.5,0.6,-0.00422254045152161,0.803891169712233,-1.58825029372486,1.52375769424672,1,1,1,"yes"
0,0.5,0,0.1,0.2,-0.5,0.9,-0.00613372974166926,1.04328487997888,-2.04565596360809,1.98116661747526,1,1,1,"yes"
0,0.5,0,0.1,0.2,-0.5,1,-0.00677079283838514,1.12947312050623,-2.20387871050066,2.14383089516461,1,1,1,"yes"
0,0.5,0,0.1,0.2,0,0.3,-0.00231135116137396,0.618940885461464,-1.21855963245,1.20754447182009,1,0.63,0.63,"no"
0,0.5,0,0.1,0.2,0,0.6,-0.00422254045152161,0.803523959077182,-1.57161086575722,1.53020520069859,1,1,1,"yes"
0,0.5,0,0.1,0.2,0,0.9,-0.00613372974166926,1.04286498275777,-2.03200874706905,1.98257283981068,1,1,1,"yes"
0,0.5,0,0.1,0.2,0,1,-0.00677079283838514,1.12904119159693,-2.19413562890591,2.14491633009729,1,1,1,"yes"
0,0.5,0,0.1,0.2,0.5,0.3,-0.00231135116137396,0.617727853629119,-1.17684813713531,1.23603887887537,1,0.56,0.56,"no"
0,0.5,0,0.1,0.2,0.5,0.6,-0.00422254045152161,0.802678385107295,-1.54857340526156,1.55802126056927,1,1,1,"yes"
0,0.5,0,0.1,0.2,0.5,0.9,-0.00613372974166926,1.04227102181829,-2.00748846268927,1.997359682853,1,1,1,"yes"
0,0.5,0,0.1,0.2,0.5,1,-0.00677079283838514,1.12850939603129,-2.17325525874646,2.15657036521832,1,1,1,"yes"
0,0.5,0,0.1,0.3,-0.5,0.3,-0.00231135116137396,0.657675651506067,-1.35958526700982,1.25532963190771,1,0.83,0.83,"yes"
0,0.5,0,0.1,0.3,-0.5,0.6,-0.00422254045152161,0.833707554135919,-1.65840818378979,1.56999944810471,1,1,1,"yes"
0,0.5,0,0.1,0.3,-0.5,0.9,-0.00613372974166926,1.06622289976246,-2.10833734066519,2.02497482715663,1,1,1,"yes"
0,0.5,0,0.1,0.3,-0.5,1,-0.00677079283838514,1.15061970618648,-2.2607751654278,2.18818431649258,1,1,1,"yes"
0,0.5,0,0.1,0.3,0,0.3,-0.00231135116137396,0.657050676920581,-1.32210040639095,1.29526898873651,1,0.82,0.82,"yes"
0,0.5,0,0.1,0.3,0,0.6,-0.00422254045152161,0.832957239651144,-1.62404896370654,1.59139145383555,1,1,1,"yes"
0,0.5,0,0.1,0.3,0,0.9,-0.00613372974166926,1.06543287590747,-2.09029483469143,2.02837288522656,1,1,1,"yes"
0,0.5,0,0.1,0.3,0,1,-0.00677079283838514,1.14982295885189,-2.2503691071343,2.18758377575207,1,1,1,"yes"
0,0.5,0,0.1,0.3,0.5,0.3,-0.00231135116137396,0.65441545056862,-1.26544867771705,1.34038727307434,1,0.8,0.8,"yes"
0,0.5,0,0.1,0.3,0.5,0.6,-0.00422254045152161,0.831017123120157,-1.60033403102391,1.61812389392624,1,1,1,"yes"
0,0.5,0,0.1,0.3,0.5,0.9,-0.00613372974166926,1.06400650337445,-2.05534550057553,2.05565258275755,1,1,1,"yes"
0,0.5,0,0.1,0.3,0.5,1,-0.00677079283838514,1.14852738888084,-2.21611462856669,2.20896364450431,1,1,1,"yes"
0,0.5,0,0.2,0.1,-0.5,0.3,-0.00271151303260027,0.618922209628105,-1.22242590170975,1.1563988138814,1,0.64,0.64,"no"
0,0.5,0,0.2,0.1,-0.5,0.6,-0.00462270232274792,0.804271703110995,-1.57818089253754,1.51008205192227,1,1,1,"yes"
0,0.5,0,0.2,0.1,-0.5,0.9,-0.00653389161289557,1.04409779340145,-2.03336406993629,1.98047516663824,1,1,1,"yes"
0,0.5,0,0.2,0.1,-0.5,1,-0.00717095470961145,1.13039216614666,-2.19570825240515,2.14444517897637,1,1,1,"yes"
0,0.5,0,0.2,0.1,0,0.3,-0.00271151303260027,0.618886342114067,-1.19371233070045,1.18573045371544,1,0.61,0.61,"no"
0,0.5,0,0.2,0.1,0,0.6,-0.00462270232274792,0.804166122256644,-1.56283186152597,1.5297808325771,1,1,1,"yes"
0,0.5,0,0.2,0.1,0,0.9,-0.00653389161289557,1.04394846103329,-2.02263786633095,1.99264268589679,1,1,1,"yes"
0,0.5,0,0.2,0.1,0,1,-0.00717095470961145,1.1302321577459,-2.18673714465019,2.1560928269187,1,1,1,"yes"
0,0.5,0,0.2,0.1,0.5,0.3,-0.00271151303260027,0.618579791120557,-1.16006577011855,1.22449342933618,1,0.61,0.61,"no"
0,0.5,0,0.2,0.1,0.5,0.6,-0.00462270232274792,0.803980566786337,-1.5464584766825,1.54796154253803,1,1,1,"yes"
0,0.5,0,0.2,0.1,0.5,0.9,-0.00653389161289557,1.04383720388808,-2.00722217460066,2.00557957344451,1,1,1,"yes"
0,0.5,0,0.2,0.1,0.5,1,-0.00717095470961145,1.13013835700032,-2.17542957007596,2.16686561327652,1,1,1,"yes"
0,0.5,0,0.2,0.2,-0.5,0.3,-0.00271151303260027,0.642353636058984,-1.3129785705258,1.19157999912536,1,0.84,0.84,"yes"
0,0.5,0,0.2,0.2,-0.5,0.6,-0.00462270232274792,0.822178429798713,-1.63952900326141,1.53846450842302,1,1,1,"yes"
0,0.5,0,0.2,0.2,-0.5,0.9,-0.00653389161289557,1.05770459359434,-2.08408143670292,1.99543956537375,1,1,1,"yes"
0,0.5,0,0.2,0.2,-0.5,1,-0.00717095470961145,1.14288873539553,-2.24151543915791,2.15914585030127,1,1,1,"yes"
0,0.5,0,0.2,0.2,0,0.3,-0.00271151303260027,0.642085562146046,-1.25841399459802,1.25268278306189,1,0.81,0.81,"yes"
0,0.5,0,0.2,0.2,0,0.6,-0.00462270232274792,0.821813980857291,-1.60760657133071,1.57103468912086,1,1,1,"yes"
0,0.5,0,0.2,0.2,0,0.9,-0.00653389161289557,1.05728976617097,-2.06328989599858,2.01341847235614,1,1,1,"yes"
0,0.5,0,0.2,0.2,0,1,-0.00717095470961145,1.14246205943854,-2.22533241221095,2.17507469965136,1,1,1,"yes"
0,0.5,0,0.2,0.2,0.5,0.3,-0.00271151303260027,0.64087854436558,-1.19032038902253,1.3106274342458,1,0.79,0.79,"no"
0,0.5,0,0.2,0.2,0.5,0.6,-0.00462270232274792,0.820973747057788,-1.573070739314,1.61083750023014,1,1,1,"yes"
0,0.5,0,0.2,0.2,0.5,0.9,-0.00653389161289557,1.05670149435244,-2.03364578526661,2.04712588063672,1,1,1,"yes"
0,0.5,0,0.2,0.2,0.5,1,-0.00717095470961145,1.14193588513588,-2.19980845087438,2.20444838016005,1,1,1,"yes"
0,0.5,0,0.2,0.3,-0.5,0.3,-0.00271151303260027,0.679552711351821,-1.42331444836955,1.25629236997699,1,0.92,0.92,"yes"
0,0.5,0,0.2,0.3,-0.5,0.6,-0.00462270232274792,0.851359596074059,-1.71743376493504,1.58932394893156,1,1,1,"yes"
0,0.5,0,0.2,0.3,-0.5,0.9,-0.00653389161289557,1.0803320020891,-2.14152343354098,2.0351536931123,1,1,1,"yes"
0,0.5,0,0.2,0.3,-0.5,1,-0.00717095470961145,1.16378611446968,-2.30362589768401,2.19431256991143,1,0.99,0.99,"yes"
0,0.5,0,0.2,0.3,0,0.3,-0.00271151303260027,0.67893517398297,-1.36100263461198,1.33683971364282,1,0.91,0.91,"yes"
0,0.5,0,0.2,0.3,0,0.6,-0.00462270232274792,0.850620576177714,-1.6690022739726,1.62240828161104,1,1,1,"yes"
0,0.5,0,0.2,0.3,0,0.9,-0.00653389161289557,1.07955274740805,-2.11953853156469,2.0659880738749,1,1,1,"yes"
0,0.5,0,0.2,0.3,0,1,-0.00717095470961145,1.16299969027055,-2.27768051252896,2.21981510364864,1,1,1,"yes"
0,0.5,0,0.2,0.3,0.5,0.3,-0.00271151303260027,0.676329899883861,-1.25960479987974,1.41462929152063,1,0.91,0.91,"yes"
0,0.5,0,0.2,0.3,0.5,0.6,-0.00462270232274792,0.848698960517244,-1.61275902733948,1.67642906633091,1,1,1,"yes"
0,0.5,0,0.2,0.3,0.5,0.9,-0.00653389161289557,1.0781400298082,-2.0703007183712,2.10298718866946,1,1,1,"yes"
0,0.5,0,0.2,0.3,0.5,1,-0.00717095470961145,1.16171666412667,-2.22751755518517,2.25609385685405,1,1,1,"yes"
0,0.5,0,0.3,0.1,-0.5,0.3,-0.00311167490382658,0.656637030224409,-1.29994634844816,1.21871374907315,1,0.95,0.95,"yes"
0,0.5,0,0.3,0.1,-0.5,0.6,-0.00502286419397423,0.833995170762605,-1.63496360071574,1.56151567504383,1,1,1,"yes"
0,0.5,0,0.3,0.1,-0.5,0.9,-0.00693405348412188,1.06743699964108,-2.07808233336961,2.0155052883085,1,1,1,"yes"
0,0.5,0,0.3,0.1,-0.5,1,-0.00757111658083776,1.15206893109435,-2.23992240801453,2.18073025651696,1,1,1,"yes"
0,0.5,0,0.3,0.1,0,0.3,-0.00311167490382658,0.656588230639777,-1.26186917876465,1.27040417840638,1,0.95,0.95,"yes"
0,0.5,0,0.3,0.1,0,0.6,-0.00502286419397423,0.833886384156298,-1.61154662068811,1.58893677918037,1,1,1,"yes"
0,0.5,0,0.3,0.1,0,0.9,-0.00693405348412188,1.06728862229088,-2.06400265719467,2.03216041174791,1,1,1,"yes"
0,0.5,0,0.3,0.1,0,1,-0.00757111658083776,1.15191048132722,-2.22602110477827,2.19308580397417,1,1,1,"yes"
0,0.5,0,0.3,0.1,0.5,0.3,-0.00311167490382658,0.656275467828319,-1.21826227999498,1.31291273459668,1,0.95,0.95,"yes"
0,0.5,0,0.3,0.1,0.5,0.6,-0.00502286419397423,0.833697420882067,-1.58474867587179,1.61813193027706,1,1,1,"yes"
0,0.5,0,0.3,0.1,0.5,0.9,-0.00693405348412188,1.06717680984161,-2.04641432167877,2.05456474382467,1,1,1,"yes"
0,0.5,0,0.3,0.1,0.5,1,-0.00757111658083776,1.15181668744475,-2.21166492433585,2.21098955759577,1,1,1,"yes"
0,0.5,0,0.3,0.2,-0.5,0.3,-0.00311167490382658,0.678821302183074,-1.40101847055943,1.23097290070589,1,0.96,0.96,"yes"
0,0.5,0,0.3,0.2,-0.5,0.6,-0.00502286419397423,0.851289532812446,-1.70431386505207,1.57241717433684,1,1,1,"yes"
0,0.5,0,0.3,0.2,-0.5,0.9,-0.00693405348412188,1.08074964779504,-2.1259154896079,2.02613583629337,1,1,1,"yes"
0,0.5,0,0.3,0.2,-0.5,1,-0.00757111658083776,1.16433087658215,-2.28645624503978,2.19139806195604,1,1,1,"yes"
0,0.5,0,0.3,0.2,0,0.3,-0.00311167490382658,0.678549021469817,-1.32434094977208,1.32205849071483,1,0.95,0.95,"yes"
0,0.5,0,0.3,0.2,0,0.6,-0.00502286419397423,0.850928797214683,-1.66088045752899,1.63330537703708,1,1,1,"yes"
0,0.5,0,0.3,0.2,0,0.9,-0.00693405348412188,1.08034114414388,-2.10421497574224,2.06022385895494,1,1,1,"yes"
0,0.5,0,0.3,0.2,0,1,-0.00757111658083776,1.16391073129295,-2.26794056849749,2.21757618553775,1,1,1,"yes"
0,0.5,0,0.3,0.2,0.5,0.3,-0.00311167490382658,0.677356469778136,-1.23614350361615,1.40438567396916,1,0.95,0.95,"yes"
0,0.5,0,0.3,0.2,0.5,0.6,-0.00502286419397423,0.850094822569822,-1.60921891706588,1.67677398501436,1,1,1,"yes"
0,0.5,0,0.3,0.2,0.5,0.9,-0.00693405348412188,1.07975796963633,-2.06721543671742,2.09962188878252,1,1,1,"yes"
0,0.5,0,0.3,0.2,0.5,1,-0.00757111658083776,1.16338950855187,-2.23251105518982,2.25249314473956,1,1,1,"yes"
0,0.5,0,0.3,0.3,-0.5,0.3,-0.00311167490382658,0.714182868856388,-1.50963722459311,1.29543966352221,1,0.98,0.98,"yes"
0,0.5,0,0.3,0.3,-0.5,0.6,-0.00502286419397423,0.879521218026408,-1.78639562463876,1.61831751064117,1,1,1,"yes"
0,0.5,0,0.3,0.3,-0.5,0.9,-0.00693405348412188,1.10290477312007,-2.18323898520177,2.05937929384417,1,1,1,"yes"
0,0.5,0,0.3,0.3,-0.5,1,-0.00757111658083776,1.18484850400787,-2.33981356388963,2.22062034737334,1,0.98,0.98,"yes"
0,0.5,0,0.3,0.3,0,0.3,-0.00311167490382658,0.713578575178566,-1.41148654239165,1.40421340514035,1,0.98,0.98,"yes"
0,0.5,0,0.3,0.3,0,0.6,-0.00502286419397423,0.878798933599955,-1.72273605209668,1.68142532145094,1,1,1,"yes"
0,0.5,0,0.3,0.3,0,0.9,-0.00693405348412188,1.10214041835957,-2.15880057052815,2.10399034319705,1,1,1,"yes"
0,0.5,0,0.3,0.3,0,1,-0.00757111658083776,1.18407615555428,-2.31666011835125,2.25724065376564,1,0.98,0.98,"yes"
0,0.5,0,0.3,0.3,0.5,0.3,-0.00311167490382658,0.711026341442264,-1.29615933898244,1.50517847422611,1,0.96,0.96,"yes"
0,0.5,0,0.3,0.3,0.5,0.6,-0.00502286419397423,0.876903707283316,-1.64645790728614,1.75162314207185,1,1,1,"yes"
0,0.5,0,0.3,0.3,0.5,0.9,-0.00693405348412188,1.10074384755757,-2.10212418490497,2.15394463172469,1,1,1,"yes"
0,0.5,0,0.3,0.3,0.5,1,-0.00757111658083776,1.18280739054652,-2.26116047254094,2.31051972964067,1,0.99,0.99,"yes"
0.3,-0.5,0,0.1,0.1,-0.5,0.3,0.297688648838626,0.602851323801435,-0.861959791569468,1.47050658090509,0.77,0.45,0.38,"no"
0.3,-0.5,0,0.1,0.1,-0.5,0.6,0.295777459548478,0.798703234939726,-1.2333152309938,1.83104116884042,0.67,1,0.67,"no"
0.3,-0.5,0,0.1,0.1,-0.5,0.9,0.293866270258331,1.04495846139745,-1.70331215436658,2.28275918514672,0.64,1,0.64,"no"
0.3,-0.5,0,0.1,0.1,-0.5,1,0.293229207161615,1.13276780574254,-1.87283002332319,2.44849966270844,0.63,0.99,0.62,"no"
0.3,-0.5,0,0.1,0.1,0,0.3,0.297688648838626,0.60239606690358,-0.884002798332524,1.45780365682174,0.77,0.43,0.34,"no"
0.3,-0.5,0,0.1,0.1,0,0.6,0.295777459548478,0.79826794197952,-1.24401037014749,1.82049508552165,0.67,1,0.67,"no"
0.3,-0.5,0,0.1,0.1,0,0.9,0.293866270258331,1.04454987735453,-1.71250978344599,2.28355743066062,0.64,1,0.64,"no"
0.3,-0.5,0,0.1,0.1,0,1,0.293229207161615,1.13236715826463,-1.87795828774594,2.44896497823578,0.63,0.99,0.62,"no"
0.3,-0.5,0,0.1,0.1,0.5,0.3,0.297688648838626,0.602181544301761,-0.901295072698052,1.43256474253998,0.77,0.42,0.36,"no"
0.3,-0.5,0,0.1,0.1,0.5,0.6,0.295777459548478,0.798141213170922,-1.2531090419748,1.81035768379225,0.67,1,0.67,"no"
0.3,-0.5,0,0.1,0.1,0.5,0.9,0.293866270258331,1.04447801054474,-1.72010361990969,2.27813399573856,0.64,1,0.64,"no"
0.3,-0.5,0,0.1,0.1,0.5,1,0.293229207161615,1.13230852716299,-1.88721138057607,2.44746745372451,0.63,0.99,0.62,"no"
0.3,-0.5,0,0.1,0.2,-0.5,0.3,0.297688648838626,0.625312875077699,-0.910676966031189,1.54950368513482,0.77,0.6,0.48,"no"
0.3,-0.5,0,0.1,0.2,-0.5,0.6,0.295777459548478,0.815549707917469,-1.25597064618152,1.87889482537229,0.67,1,0.67,"no"
0.3,-0.5,0,0.1,0.2,-0.5,0.9,0.293866270258331,1.0576548155107,-1.72204404811718,2.32618944348402,0.64,1,0.64,"no"
0.3,-0.5,0,0.1,0.2,-0.5,1,0.293229207161615,1.14441014360259,-1.89260950289276,2.48917453057795,0.63,0.99,0.62,"no"
0.3,-0.5,0,0.1,0.2,0,0.3,0.297688648838626,0.6241802949633,-0.945019702719654,1.5280329049376,0.77,0.59,0.47,"no"
0.3,-0.5,0,0.1,0.2,0,0.6,0.295777459548478,0.814524236663418,-1.27763406563293,1.8629958023329,0.67,1,0.67,"no"
0.3,-0.5,0,0.1,0.2,0,0.9,0.293866270258331,1.05672470310345,-1.73815369532638,2.32723123976785,0.64,1,0.64,"no"
0.3,-0.5,0,0.1,0.2,0,1,0.293229207161615,1.14350569521337,-1.90196133504124,2.49047519431382,0.63,0.99,0.62,"no"
0.3,-0.5,0,0.1,0.2,0.5,0.3,0.297688648838626,0.623150559474022,-0.971456191565675,1.49231760394813,0.77,0.61,0.5,"no"
0.3,-0.5,0,0.1,0.2,0.5,0.6,0.295777459548478,0.813802450012142,-1.30265814530648,1.8445551687474,0.67,1,0.67,"no"
0.3,-0.5,0,0.1,0.2,0.5,0.9,0.293866270258331,1.05621709296672,-1.75354534774349,2.31599137949267,0.64,1,0.64,"no"
0.3,-0.5,0,0.1,0.2,0.5,1,0.293229207161615,1.14305169924703,-1.92118704649063,2.47984407827244,0.63,0.99,0.62,"no"
0.3,-0.5,0,0.1,0.3,-0.5,0.3,0.297688648838626,0.661877078554859,-0.984611870689751,1.67062732443395,0.77,0.83,0.67,"no"
0.3,-0.5,0,0.1,0.3,-0.5,0.6,0.295777459548478,0.843750030973552,-1.31049373051039,1.95007160111549,0.67,1,0.67,"no"
0.3,-0.5,0,0.1,0.3,-0.5,0.9,0.293866270258331,1.07936285530689,-1.76138949206706,2.3799538042957,0.64,1,0.64,"no"
0.3,-0.5,0,0.1,0.3,-0.5,1,0.293229207161615,1.16443307477575,-1.92533816445479,2.53496843422117,0.63,0.98,0.61,"no"
0.3,-0.5,0,0.1,0.3,0,0.3,0.297688648838626,0.659915326152979,-1.03126415491684,1.63018526960279,0.77,0.8,0.65,"no"
0.3,-0.5,0,0.1,0.3,0,0.6,0.295777459548478,0.842007985633576,-1.34195272888006,1.93347828287879,0.67,1,0.67,"no"
0.3,-0.5,0,0.1,0.3,0,0.9,0.293866270258331,1.07781048525616,-1.77571538416168,2.37498037031316,0.64,1,0.64,"no"
0.3,-0.5,0,0.1,0.3,0,1,0.293229207161615,1.16293117369572,-1.93968953587689,2.53575503097079,0.63,0.98,0.61,"no"
0.3,-0.5,0,0.1,0.3,0.5,0.3,0.297688648838626,0.657564897091393,-1.06102839191212,1.57931944601705,0.77,0.81,0.65,"no"
0.3,-0.5,0,0.1,0.3,0.5,0.6,0.295777459548478,0.840268816855802,-1.37178516775556,1.90627452691109,0.67,1,0.67,"no"
0.3,-0.5,0,0.1,0.3,0.5,0.9,0.293866270258331,1.07652434153954,-1.79687157078707,2.35691646254341,0.64,1,0.64,"no"
0.3,-0.5,0,0.1,0.3,0.5,1,0.293229207161615,1.16176153853135,-1.95373164012493,2.52033393039898,0.63,0.97,0.6,"no"
0.3,-0.5,0,0.2,0.1,-0.5,0.3,0.2972884869674,0.626560736789068,-0.889168246365635,1.52680068138242,0.77,0.7,0.54,"no"
0.3,-0.5,0,0.2,0.1,-0.5,0.6,0.295377297677252,0.817079682626555,-1.25446147125897,1.87603675219015,0.65,1,0.65,"no"
0.3,-0.5,0,0.2,0.1,-0.5,0.9,0.293466108387104,1.05932657043054,-1.72161123545942,2.31692041228635,0.59,1,0.59,"no"
0.3,-0.5,0,0.2,0.1,-0.5,1,0.292829045290389,1.1461154926723,-1.88808205908316,2.47365828393696,0.59,0.99,0.58,"no"
0.3,-0.5,0,0.2,0.1,0,0.3,0.2972884869674,0.626142575549892,-0.922593443908769,1.496623009175,0.77,0.69,0.56,"no"
0.3,-0.5,0,0.2,0.1,0,0.6,0.295377297677252,0.816664120678125,-1.27389547826392,1.85726733168972,0.65,1,0.65,"no"
0.3,-0.5,0,0.2,0.1,0,0.9,0.293466108387104,1.0589291798412,-1.73403418086935,2.30603152434799,0.59,1,0.59,"no"
0.3,-0.5,0,0.2,0.1,0,1,0.292829045290389,1.1457243617903,-1.90222675424854,2.4679009928644,0.59,0.99,0.58,"no"
0.3,-0.5,0,0.2,0.1,0.5,0.3,0.2972884869674,0.62594619250081,-0.953493199261072,1.46606711720391,0.77,0.72,0.58,"no"
0.3,-0.5,0,0.2,0.1,0.5,0.6,0.295377297677252,0.816546254242492,-1.29460017274141,1.83994484422716,0.65,1,0.65,"no"
0.3,-0.5,0,0.2,0.1,0.5,0.9,0.293466108387104,1.05886261882809,-1.74956290750744,2.29612411367155,0.59,1,0.59,"no"
0.3,-0.5,0,0.2,0.1,0.5,1,0.292829045290389,1.14567038587873,-1.91309264518312,2.46006212850239,0.59,0.99,0.58,"no"
0.3,-0.5,0,0.2,0.2,-0.5,0.3,0.2972884869674,0.648225333777216,-0.923574553758457,1.61535776685827,0.77,0.83,0.66,"no"
0.3,-0.5,0,0.2,0.2,-0.5,0.6,0.295377297677252,0.833557564801417,-1.2694574666005,1.9296915822935,0.65,1,0.65,"no"
0.3,-0.5,0,0.2,0.2,-0.5,0.9,0.293466108387104,1.07184965790756,-1.73466357275354,2.36204809200506,0.59,1,0.59,"no"
0.3,-0.5,0,0.2,0.2,-0.5,1,0.292829045290389,1.15761988286312,-1.90415667522128,2.52226320543007,0.59,0.99,0.58,"no"
0.3,-0.5,0,0.2,0.2,0,0.3,0.2972884869674,0.647178513657271,-0.981557404853525,1.56302087513916,0.77,0.82,0.67,"no"
0.3,-0.5,0,0.2,0.2,0,0.6,0.295377297677252,0.832576747951226,-1.310369300575,1.89597694825777,0.65,1,0.65,"no"
0.3,-0.5,0,0.2,0.2,0,0.9,0.293466108387104,1.07094416225608,-1.7577628180352,2.34602085224207,0.59,1,0.59,"no"
0.3,-0.5,0,0.2,0.2,0,1,0.292829045290389,1.15673618153046,-1.9205781679557,2.50763925041282,0.59,0.99,0.58,"no"
0.3,-0.5,0,0.2,0.2,0.5,0.3,0.2972884869674,0.646198339079888,-1.03677414792351,1.49848661838373,0.77,0.8,0.63,"no"
0.3,-0.5,0,0.2,0.2,0.5,0.6,0.295377297677252,0.831879786267949,-1.35085553251438,1.8610100270688,0.65,1,0.65,"no"
0.3,-0.5,0,0.2,0.2,0.5,0.9,0.293466108387104,1.0704506904826,-1.78606290472375,2.32936088023669,0.59,1,0.59,"no"
0.3,-0.5,0,0.2,0.2,0.5,1,0.292829045290389,1.1562943264474,-1.94784063380575,2.48987081914253,0.59,0.99,0.58,"no"
0.3,-0.5,0,0.2,0.3,-0.5,0.3,0.2972884869674,0.683598825279641,-0.984409920531752,1.73799257798432,0.77,0.94,0.73,"no"
0.3,-0.5,0,0.2,0.3,-0.5,0.6,0.295377297677252,0.861175148546771,-1.32167484968213,2.00780009256319,0.65,1,0.65,"no"
0.3,-0.5,0,0.2,0.3,-0.5,0.9,0.293466108387104,1.09327399392417,-1.7671111760043,2.4185688109948,0.59,1,0.59,"no"
0.3,-0.5,0,0.2,0.3,-0.5,1,0.292829045290389,1.17741523983325,-1.93195302307173,2.56838354830973,0.59,0.97,0.57,"no"
0.3,-0.5,0,0.2,0.3,0,0.3,0.2972884869674,0.681770810000674,-1.06275162701453,1.66836702014975,0.77,0.93,0.74,"no"
0.3,-0.5,0,0.2,0.3,0,0.6,0.295377297677252,0.859504586383191,-1.37094700217278,1.95961669080471,0.65,1,0.65,"no"
0.3,-0.5,0,0.2,0.3,0,0.9,0.293466108387104,1.09176102167074,-1.79428250641142,2.39088546731209,0.59,1,0.59,"no"
0.3,-0.5,0,0.2,0.3,0,1,0.292829045290389,1.17594644710195,-1.95470284298642,2.54965722540318,0.59,0.97,0.56,"no"
0.3,-0.5,0,0.2,0.3,0.5,0.3,0.2972884869674,0.679507500727372,-1.13423560145379,1.57124767838449,0.77,0.92,0.71,"no"
0.3,-0.5,0,0.2,0.3,0.5,0.6,0.295377297677252,0.85781097880585,-1.42674143675482,1.91288599829613,0.65,1,0.65,"no"
0.3,-0.5,0,0.2,0.3,0.5,0.9,0.293466108387104,1.09050068036825,-1.83014711536138,2.36175530744138,0.59,1,0.59,"no"
0.3,-0.5,0,0.2,0.3,0.5,1,0.292829045290389,1.17479879154932,-1.98973500528758,2.52228947014299,0.59,0.96,0.55,"no"
0.3,-0.5,0,0.3,0.1,-0.5,0.3,0.296888325096173,0.663843864506444,-0.943541481311291,1.60886759202536,0.69,0.99,0.68,"no"
0.3,-0.5,0,0.3,0.1,-0.5,0.6,0.294977135806026,0.84635065193039,-1.30087783378492,1.93320899321692,0.65,1,0.65,"no"
0.3,-0.5,0,0.3,0.1,-0.5,0.9,0.293065946515878,1.08232119964852,-1.76024623993119,2.35835272696535,0.6,1,0.6,"no"
0.3,-0.5,0,0.3,0.1,-0.5,1,0.292428883419162,1.16748113600634,-1.93106686487205,2.51438225462932,0.58,0.99,0.57,"no"
0.3,-0.5,0,0.3,0.1,0,0.3,0.296888325096173,0.663474614673994,-0.985287122429274,1.56805639956427,0.69,0.98,0.68,"no"
0.3,-0.5,0,0.3,0.1,0,0.6,0.294977135806026,0.845962910747578,-1.32876762105934,1.90876517396791,0.65,1,0.65,"no"
0.3,-0.5,0,0.3,0.1,0,0.9,0.293065946515878,1.08193982715317,-1.78076532373141,2.34313362019122,0.6,1,0.6,"no"
0.3,-0.5,0,0.3,0.1,0,1,0.292428883419162,1.16710359582955,-1.94587300814597,2.50031750151301,0.58,0.99,0.57,"no"
0.3,-0.5,0,0.3,0.1,0.5,0.3,0.296888325096173,0.663302836612743,-1.02306777419313,1.52204331043488,0.69,0.97,0.67,"no"
0.3,-0.5,0,0.3,0.1,0.5,0.6,0.294977135806026,0.845856986915603,-1.35703070043062,1.88024946003944,0.65,1,0.65,"no"
0.3,-0.5,0,0.3,0.1,0.5,0.9,0.293065946515878,1.08187990571855,-1.79962871032104,2.32659037433922,0.6,1,0.6,"no"
0.3,-0.5,0,0.3,0.1,0.5,1,0.292428883419162,1.16705529642082,-1.96018578882344,2.48921792774234,0.58,0.99,0.57,"no"
0.3,-0.5,0,0.3,0.2,-0.5,0.3,0.296888325096173,0.684363678822895,-0.961980236490847,1.7061993145024,0.69,0.99,0.68,"no"
0.3,-0.5,0,0.3,0.2,-0.5,0.6,0.294977135806026,0.862275940076874,-1.31275553323042,2.00131569125376,0.65,1,0.65,"no"
0.3,-0.5,0,0.3,0.2,-0.5,0.9,0.293065946515878,1.09457963527971,-1.77121865516895,2.41086658016814,0.6,1,0.6,"no"
0.3,-0.5,0,0.3,0.2,-0.5,1,0.292428883419162,1.17877443716477,-1.93905438430119,2.56230580726628,0.58,0.98,0.56,"no"
0.3,-0.5,0,0.3,0.2,0,0.3,0.296888325096173,0.683431201952555,-1.03937626895509,1.62469159823152,0.69,0.98,0.68,"no"
0.3,-0.5,0,0.3,0.2,0,0.6,0.294977135806026,0.861358607164741,-1.36364518135549,1.95302335119987,0.65,1,0.65,"no"
0.3,-0.5,0,0.3,0.2,0,0.9,0.293065946515878,1.09370981094279,-1.80105690952857,2.38332537018611,0.6,1,0.6,"no"
0.3,-0.5,0,0.3,0.2,0,1,0.292428883419162,1.17792077653676,-1.96458588183119,2.53856434364356,0.58,0.99,0.57,"no"
0.3,-0.5,0,0.3,0.2,0.5,0.3,0.296888325096173,0.682521067689224,-1.11743049242396,1.54172244421049,0.69,0.98,0.68,"no"
0.3,-0.5,0,0.3,0.2,0.5,0.6,0.294977135806026,0.860696656424682,-1.41533972291566,1.89300940249672,0.65,1,0.65,"no"
0.3,-0.5,0,0.3,0.2,0.5,0.9,0.293065946515878,1.09323522821264,-1.84043631325897,2.35038457132146,0.6,1,0.6,"no"
0.3,-0.5,0,0.3,0.2,0.5,1,0.292428883419162,1.17749479226568,-1.99478443939066,2.51230401661542,0.58,0.97,0.55,"no"
0.3,-0.5,0,0.3,0.3,-0.5,0.3,0.296888325096173,0.718010207896426,-1.01853270305297,1.82400881593352,0.69,0.99,0.68,"no"
0.3,-0.5,0,0.3,0.3,-0.5,0.6,0.294977135806026,0.889015327789709,-1.3525622753909,2.08818247963539,0.65,1,0.65,"no"
0.3,-0.5,0,0.3,0.3,-0.5,0.9,0.293065946515878,1.11556814277297,-1.7967605841527,2.4727092839665,0.6,1,0.6,"no"
0.3,-0.5,0,0.3,0.3,-0.5,1,0.292428883419162,1.19821926252805,-1.96317627419185,2.61918097014831,0.58,0.92,0.53,"no"
0.3,-0.5,0,0.3,0.3,0,0.3,0.296888325096173,0.716363499310636,-1.11468528377326,1.72500430642896,0.69,0.99,0.69,"no"
0.3,-0.5,0,0.3,0.3,0,0.6,0.294977135806026,0.88744718086547,-1.4281133552489,2.01474115537882,0.65,1,0.65,"no"
0.3,-0.5,0,0.3,0.3,0,0.9,0.293065946515878,1.1141127865355,-1.83700568698601,2.42663239263556,0.6,1,0.6,"no"
0.3,-0.5,0,0.3,0.3,0,1,0.292428883419162,1.19679890084723,-1.99721675557677,2.58217414626237,0.58,0.92,0.51,"no"
0.3,-0.5,0,0.3,0.3,0.5,0.3,0.296888325096173,0.71422588352552,-1.21932732800469,1.59519373178764,0.69,0.98,0.68,"no"
0.3,-0.5,0,0.3,0.3,0.5,0.6,0.294977135806026,0.88581913117477,-1.49310543320681,1.93715489659987,0.65,1,0.65,"no"
0.3,-0.5,0,0.3,0.3,0.5,0.9,0.293065946515878,1.11288807195143,-1.8889361185599,2.3870536164527,0.6,1,0.6,"no"
0.3,-0.5,0,0.3,0.3,0.5,1,0.292428883419162,1.19568105746596,-2.0413022794636,2.54233745751951,0.58,0.91,0.5,"no"
0.3,-0.4,0,0.1,0.1,-0.5,0.3,0.297688648838626,0.522035096612563,-0.699344013666549,1.31683320085693,0.77,0,0,"no"
0.3,-0.4,0,0.1,0.1,-0.5,0.6,0.295777459548478,0.738905493113066,-1.11332603763589,1.71596566774925,0.67,1,0.67,"no"
0.3,-0.4,0,0.1,0.1,-0.5,0.9,0.293866270258331,0.99946547841562,-1.61841838534887,2.20077798346963,0.64,1,0.64,"no"
0.3,-0.4,0,0.1,0.1,-0.5,1,0.293229207161615,1.09077716997434,-1.79949999797798,2.37369278117919,0.63,1,0.63,"no"
0.3,-0.4,0,0.1,0.1,0,0.3,0.297688648838626,0.521562354818936,-0.725054978092667,1.30029652245192,0.77,0,0,"no"
0.3,-0.4,0,0.1,0.1,0,0.6,0.295777459548478,0.738470204693144,-1.12534530378308,1.71128749942289,0.67,1,0.67,"no"
0.3,-0.4,0,0.1,0.1,0,0.9,0.293866270258331,0.99906378300558,-1.61703156704911,2.19820634574489,0.64,1,0.64,"no"
0.3,-0.4,0,0.1,0.1,0,1,0.293229207161615,1.0903844368831,-1.79593980816568,2.36873354788877,0.63,1,0.63,"no"
0.3,-0.4,0,0.1,0.1,0.5,0.3,0.297688648838626,0.521303542459591,-0.741652374736419,1.27940589972852,0.77,0,0,"no"
0.3,-0.4,0,0.1,0.1,0.5,0.6,0.295777459548478,0.738323632024497,-1.13416803685232,1.70129599935354,0.67,1,0.67,"no"
0.3,-0.4,0,0.1,0.1,0.5,0.9,0.293866270258331,0.998981509301867,-1.62640050446564,2.19506877602501,0.64,1,0.64,"no"
0.3,-0.4,0,0.1,0.1,0.5,1,0.293229207161615,1.09031710616815,-1.79866695957492,2.36817778095757,0.63,1,0.63,"no"
0.3,-0.4,0,0.1,0.2,-0.5,0.3,0.297688648838626,0.548061265342524,-0.749430980043465,1.40239553669684,0.77,0.07,0.05,"no"
0.3,-0.4,0,0.1,0.2,-0.5,0.6,0.295777459548478,0.757260277645171,-1.14078122396414,1.76538976118071,0.67,1,0.67,"no"
0.3,-0.4,0,0.1,0.2,-0.5,0.9,0.293866270258331,1.01285346102665,-1.64306186459566,2.23762836315703,0.64,1,0.64,"no"
0.3,-0.4,0,0.1,0.2,-0.5,1,0.293229207161615,1.10297114115316,-1.82462623963198,2.4047935568506,0.63,1,0.63,"no"
0.3,-0.4,0,0.1,0.2,0,0.3,0.297688648838626,0.546879498621007,-0.790084032862668,1.37305417403476,0.77,0.07,0.07,"no"
0.3,-0.4,0,0.1,0.2,0,0.6,0.295777459548478,0.756231431032951,-1.15773526351779,1.75404662958596,0.67,1,0.67,"no"
0.3,-0.4,0,0.1,0.2,0,0.9,0.293866270258331,1.01193605337354,-1.6424233984552,2.23413375758339,0.64,1,0.64,"no"
0.3,-0.4,0,0.1,0.2,0,1,0.293229207161615,1.10208171090734,-1.81890560921092,2.39984751682677,0.63,1,0.63,"no"
0.3,-0.4,0,0.1,0.2,0.5,0.3,0.297688648838626,0.545678529542441,-0.81850662464649,1.33891972738299,0.77,0.08,0.08,"no"
0.3,-0.4,0,0.1,0.2,0.5,0.6,0.295777459548478,0.755433659839105,-1.17851663577107,1.73518823077715,0.67,1,0.67,"no"
0.3,-0.4,0,0.1,0.2,0.5,0.9,0.293866270258331,1.01139123703048,-1.66217534259805,2.22674530341431,0.64,1,0.64,"no"
0.3,-0.4,0,0.1,0.2,0.5,1,0.293229207161615,1.10159741811267,-1.83164939342995,2.39300769621109,0.63,1,0.63,"no"
0.3,-0.4,0,0.1,0.3,-0.5,0.3,0.297688648838626,0.589704350962005,-0.83069788598049,1.52817044890961,0.77,0.37,0.31,"no"
0.3,-0.4,0,0.1,0.3,-0.5,0.6,0.295777459548478,0.787748949462121,-1.19720510780244,1.83807322020144,0.67,1,0.67,"no"
0.3,-0.4,0,0.1,0.3,-0.5,0.9,0.293866270258331,1.03563712446681,-1.67649215068189,2.28378879561861,0.64,1,0.64,"no"
0.3,-0.4,0,0.1,0.3,-0.5,1,0.293229207161615,1.12385366517708,-1.85106044913791,2.44433311197729,0.63,0.99,0.62,"no"
0.3,-0.4,0,0.1,0.3,0,0.3,0.297688648838626,0.587674822504379,-0.880576690078836,1.48252007493748,0.77,0.36,0.3,"no"
0.3,-0.4,0,0.1,0.3,0,0.6,0.295777459548478,0.786002899279197,-1.21942669817469,1.81554517823148,0.67,1,0.67,"no"
0.3,-0.4,0,0.1,0.3,0,0.9,0.293866270258331,1.03410393403159,-1.68742139231178,2.28620953276343,0.64,1,0.64,"no"
0.3,-0.4,0,0.1,0.3,0,1,0.293229207161615,1.12237429361929,-1.85936259988757,2.44834665350652,0.63,1,0.63,"no"
0.3,-0.4,0,0.1,0.3,0.5,0.3,0.297688648838626,0.584986763199335,-0.912674599354921,1.43336069670923,0.77,0.36,0.3,"no"
0.3,-0.4,0,0.1,0.3,0.5,0.6,0.295777459548478,0.784106366089501,-1.24818622830413,1.7934796980997,0.67,1,0.67,"no"
0.3,-0.4,0,0.1,0.3,0.5,0.9,0.293866270258331,1.03274006724082,-1.70337065241405,2.27633082296599,0.64,1,0.64,"no"
0.3,-0.4,0,0.1,0.3,0.5,1,0.293229207161615,1.12114156958117,-1.87415089472816,2.43956534866911,0.63,1,0.63,"no"
0.3,-0.4,0,0.2,0.1,-0.5,0.3,0.2972884869674,0.549228733473899,-0.732861156622753,1.37945795634985,0.77,0.03,0.03,"no"
0.3,-0.4,0,0.2,0.1,-0.5,0.6,0.295377297677252,0.75872008362915,-1.1370684781204,1.75813762091461,0.65,1,0.65,"no"
0.3,-0.4,0,0.2,0.1,-0.5,0.9,0.293466108387104,1.01447254571989,-1.64305627218239,2.2259372569104,0.59,1,0.59,"no"
0.3,-0.4,0,0.2,0.1,-0.5,1,0.292829045290389,1.10462829033656,-1.82267870010704,2.39481816138601,0.59,1,0.59,"no"
0.3,-0.4,0,0.2,0.1,0,0.3,0.2972884869674,0.548804171605703,-0.772425502717313,1.3485900178842,0.77,0.03,0.03,"no"
0.3,-0.4,0,0.2,0.1,0,0.6,0.295377297677252,0.75830698480409,-1.15887992576491,1.74209779805507,0.65,1,0.65,"no"
0.3,-0.4,0,0.2,0.1,0,0.9,0.293466108387104,1.01408262558887,-1.65144252438837,2.21994986413983,0.59,1,0.59,"no"
0.3,-0.4,0,0.2,0.1,0,1,0.292829045290389,1.10424544328529,-1.82533741415411,2.39052661966469,0.59,1,0.59,"no"
0.3,-0.4,0,0.2,0.1,0.5,0.3,0.2972884869674,0.548569612513581,-0.799384697798736,1.31403562802215,0.77,0.02,0.02,"no"
0.3,-0.4,0,0.2,0.1,0.5,0.6,0.295377297677252,0.758170812302219,-1.1792548303464,1.7255854683764,0.65,1,0.65,"no"
0.3,-0.4,0,0.2,0.1,0.5,0.9,0.293466108387104,1.01400620363638,-1.66169279535838,2.20931943448568,0.59,1,0.59,"no"
0.3,-0.4,0,0.2,0.1,0.5,1,0.292829045290389,1.10418317957168,-1.83318485791197,2.38038853308335,0.59,1,0.59,"no"
0.3,-0.4,0,0.2,0.2,-0.5,0.3,0.2972884869674,0.574053916777416,-0.768375065036072,1.47537203020543,0.77,0.21,0.19,"no"
0.3,-0.4,0,0.2,0.2,-0.5,0.6,0.295377297677252,0.776607632807799,-1.15916769270564,1.82036991732773,0.65,1,0.65,"no"
0.3,-0.4,0,0.2,0.2,-0.5,0.9,0.293466108387104,1.02766051569594,-1.65970123948646,2.27417113084469,0.59,1,0.59,"no"
0.3,-0.4,0,0.2,0.2,-0.5,1,0.292829045290389,1.11666608449436,-1.84003153078367,2.43976711997468,0.59,1,0.59,"no"
0.3,-0.4,0,0.2,0.2,0,0.3,0.2972884869674,0.572982556021233,-0.828532676206259,1.41711575339639,0.77,0.2,0.18,"no"
0.3,-0.4,0,0.2,0.2,0,0.6,0.295377297677252,0.775628933650008,-1.19213820158026,1.78635700866776,0.65,1,0.65,"no"
0.3,-0.4,0,0.2,0.2,0,0.9,0.293466108387104,1.02676900300325,-1.67161381850961,2.25416742619654,0.59,1,0.59,"no"
0.3,-0.4,0,0.2,0.2,0,1,0.292829045290389,1.11579820901562,-1.84564683541113,2.42137168200827,0.59,1,0.59,"no"
0.3,-0.4,0,0.2,0.2,0.5,0.3,0.2972884869674,0.571849623523604,-0.889490132067698,1.3478108703756,0.77,0.14,0.13,"no"
0.3,-0.4,0,0.2,0.2,0.5,0.6,0.295377297677252,0.774860923933536,-1.22628632591904,1.754442524343,0.65,1,0.65,"no"
0.3,-0.4,0,0.2,0.2,0.5,0.9,0.293466108387104,1.02623994539182,-1.69619718184754,2.23826653505554,0.59,1,0.59,"no"
0.3,-0.4,0,0.2,0.2,0.5,1,0.292829045290389,1.11532724081322,-1.86647050229165,2.40752884854067,0.59,1,0.59,"no"
0.3,-0.4,0,0.2,0.3,-0.5,0.3,0.2972884869674,0.613977005252304,-0.842106655437513,1.59607141935137,0.77,0.5,0.4,"no"
0.3,-0.4,0,0.2,0.3,-0.5,0.6,0.295377297677252,0.806370340207082,-1.21226559909947,1.89869041301354,0.65,1,0.65,"no"
0.3,-0.4,0,0.2,0.3,-0.5,0.9,0.293466108387104,1.05011955626126,-1.68418212915857,2.32293839369378,0.59,1,0.59,"no"
0.3,-0.4,0,0.2,0.3,-0.5,1,0.292829045290389,1.13729290315362,-1.85994052236159,2.48123849966768,0.59,0.99,0.58,"no"
0.3,-0.4,0,0.2,0.3,0,0.3,0.2972884869674,0.612114169668621,-0.915035635835381,1.52553369927296,0.77,0.52,0.43,"no"
0.3,-0.4,0,0.2,0.3,0,0.6,0.295377297677252,0.804703804669671,-1.25608168882911,1.84701783013051,0.65,1,0.65,"no"
0.3,-0.4,0,0.2,0.3,0,0.9,0.293466108387104,1.04862768330092,-1.71284622427426,2.30085069241086,0.59,1,0.59,"no"
0.3,-0.4,0,0.2,0.3,0,1,0.292829045290389,1.13584785431275,-1.8836560915384,2.46074331450974,0.59,0.99,0.58,"no"
0.3,-0.4,0,0.2,0.3,0.5,0.3,0.2972884869674,0.609544538132711,-0.988227866989624,1.43311337110726,0.77,0.49,0.42,"no"
0.3,-0.4,0,0.2,0.3,0.5,0.6,0.295377297677252,0.802861987534866,-1.30095977348841,1.81081258361175,0.65,1,0.65,"no"
0.3,-0.4,0,0.2,0.3,0.5,0.9,0.293466108387104,1.04729265773498,-1.74339027566738,2.27322837078777,0.59,1,0.59,"no"
0.3,-0.4,0,0.2,0.3,0.5,1,0.292829045290389,1.13463931503452,-1.91212775338544,2.44164510459573,0.59,1,0.59,"no"
0.3,-0.4,0,0.3,0.1,-0.5,0.3,0.296888325096173,0.59136919013887,-0.79650693396058,1.47193087351801,0.69,0.27,0.22,"no"
0.3,-0.4,0,0.3,0.1,-0.5,0.6,0.294977135806026,0.790135039050579,-1.19190759424766,1.81756649837212,0.65,1,0.65,"no"
0.3,-0.4,0,0.3,0.1,-0.5,0.9,0.293065946515878,1.03845005830944,-1.68917069631223,2.27103794050393,0.6,1,0.6,"no"
0.3,-0.4,0,0.3,0.1,-0.5,1,0.292428883419162,1.12677237022246,-1.86196051546844,2.43530667863539,0.58,0.99,0.57,"no"
0.3,-0.4,0,0.3,0.1,0,0.3,0.296888325096173,0.591004388796794,-0.839920366728333,1.42810537604732,0.69,0.23,0.19,"no"
0.3,-0.4,0,0.3,0.1,0,0.6,0.294977135806026,0.789752523405329,-1.21746939610214,1.791055422929,0.65,1,0.65,"no"
0.3,-0.4,0,0.3,0.1,0,0.9,0.293065946515878,1.03807675610774,-1.70080866527453,2.25598641772705,0.6,1,0.6,"no"
0.3,-0.4,0,0.3,0.1,0,1,0.292428883419162,1.12640346150576,-1.87413455297844,2.42278493228119,0.58,0.99,0.57,"no"
0.3,-0.4,0,0.3,0.1,0.5,0.3,0.296888325096173,0.590800979136599,-0.882539312292066,1.38337460649539,0.69,0.24,0.21,"no"
0.3,-0.4,0,0.3,0.1,0.5,0.6,0.294977135806026,0.789629781439459,-1.24445507868325,1.76608232151076,0.65,1,0.65,"no"
0.3,-0.4,0,0.3,0.1,0.5,0.9,0.293065946515878,1.03800738413026,-1.71452127453862,2.24451933701828,0.6,1,0.6,"no"
0.3,-0.4,0,0.3,0.1,0.5,1,0.292428883419162,1.12634715943977,-1.88500442580557,2.41251984924325,0.58,0.99,0.57,"no"
0.3,-0.4,0,0.3,0.2,-0.5,0.3,0.296888325096173,0.614538189814343,-0.820522772223078,1.56953215706525,0.69,0.53,0.37,"no"
0.3,-0.4,0,0.3,0.2,-0.5,0.6,0.294977135806026,0.807332455789823,-1.21085800380721,1.88581562787881,0.65,1,0.65,"no"
0.3,-0.4,0,0.3,0.2,-0.5,0.9,0.293065946515878,1.0513345263657,-1.69733005226267,2.31892395677203,0.6,1,0.6,"no"
0.3,-0.4,0,0.3,0.2,-0.5,1,0.292428883419162,1.1385724658957,-1.86952891186661,2.48042640368449,0.58,0.99,0.57,"no"
0.3,-0.4,0,0.3,0.2,0,0.3,0.296888325096173,0.613606267399268,-0.896343386413847,1.49311425690236,0.69,0.52,0.39,"no"
0.3,-0.4,0,0.3,0.2,0,0.6,0.294977135806026,0.806423618319548,-1.25104408427235,1.83708730049963,0.65,1,0.65,"no"
0.3,-0.4,0,0.3,0.2,0,0.9,0.293065946515878,1.05048010377539,-1.72493386532353,2.2918705593006,0.6,1,0.6,"no"
0.3,-0.4,0,0.3,0.2,0,1,0.292428883419162,1.13773547046074,-1.89473634179717,2.45664682102175,0.58,0.99,0.57,"no"
0.3,-0.4,0,0.3,0.2,0.5,0.3,0.296888325096173,0.612565619441294,-0.976818834089257,1.40473124850153,0.69,0.5,0.36,"no"
0.3,-0.4,0,0.3,0.2,0.5,0.6,0.294977135806026,0.805696371038215,-1.29783019227582,1.79086243963792,0.65,1,0.65,"no"
0.3,-0.4,0,0.3,0.2,0.5,0.9,0.293065946515878,1.04997157320165,-1.74823887784474,2.26609385160699,0.6,1,0.6,"no"
0.3,-0.4,0,0.3,0.2,0.5,1,0.292428883419162,1.13728150352941,-1.91328337636711,2.43404597403865,0.58,0.99,0.57,"no"
0.3,-0.4,0,0.3,0.3,-0.5,0.3,0.296888325096173,0.652049249497495,-0.884420283451126,1.68517699739815,0.69,0.77,0.54,"no"
0.3,-0.4,0,0.3,0.3,-0.5,0.6,0.294977135806026,0.836014893314791,-1.25475498388714,1.97446360079627,0.65,1,0.65,"no"
0.3,-0.4,0,0.3,0.3,-0.5,0.9,0.293065946515878,1.0732975953842,-1.72177876231044,2.37468528218998,0.6,1,0.6,"no"
0.3,-0.4,0,0.3,0.3,-0.5,1,0.292428883419162,1.15880715532518,-1.89538879294988,2.52600042857359,0.58,0.99,0.57,"no"
0.3,-0.4,0,0.3,0.3,0,0.3,0.296888325096173,0.650402630427484,-0.974415168747888,1.59013562214605,0.69,0.77,0.57,"no"
0.3,-0.4,0,0.3,0.3,0,0.6,0.294977135806026,0.834460307533239,-1.31440795932735,1.90536961926492,0.65,1,0.65,"no"
0.3,-0.4,0,0.3,0.3,0,0.9,0.293065946515878,1.07186556788121,-1.76431994168094,2.33638541667275,0.6,1,0.6,"no"
0.3,-0.4,0,0.3,0.3,0,1,0.292428883419162,1.15741187796049,-1.93346299535892,2.49378819046334,0.58,0.99,0.57,"no"
0.3,-0.4,0,0.3,0.3,0.5,0.3,0.296888325096173,0.647998171670061,-1.07623128867913,1.46943292238945,0.69,0.78,0.58,"no"
0.3,-0.4,0,0.3,0.3,0.5,0.6,0.294977135806026,0.832695428690399,-1.36827709945474,1.84649524257298,0.65,1,0.65,"no"
0.3,-0.4,0,0.3,0.3,0.5,0.9,0.293065946515878,1.07056961280762,-1.79659876915639,2.30287043091022,0.6,1,0.6,"no"
0.3,-0.4,0,0.3,0.3,0.5,1,0.292428883419162,1.15623554887825,-1.95662350192891,2.4681853135277,0.58,0.98,0.56,"no"
0.3,-0.3,0,0.1,0.1,-0.5,0.3,0.297688648838626,0.449038914047737,-0.549859111829243,1.17577903818327,0.77,0,0,"no"
0.3,-0.3,0,0.1,0.1,-0.5,0.6,0.295777459548478,0.688512938866079,-1.01265450185081,1.61593357224212,0.67,0.97,0.65,"no"
0.3,-0.3,0,0.1,0.1,-0.5,0.9,0.293866270258331,0.962244099578678,-1.55504030115968,2.12898222782271,0.64,1,0.64,"no"
0.3,-0.3,0,0.1,0.1,-0.5,1,0.293229207161615,1.05660264272121,-1.73800298428035,2.3067638222767,0.63,1,0.63,"no"
0.3,-0.3,0,0.1,0.1,0,0.3,0.297688648838626,0.448551976839142,-0.571210955355865,1.15758768491238,0.77,0,0,"no"
0.3,-0.3,0,0.1,0.1,0,0.6,0.295777459548478,0.688083839632406,-1.02269896198345,1.61326428790217,0.67,0.97,0.65,"no"
0.3,-0.3,0,0.1,0.1,0,0.9,0.293866270258331,0.961853730850048,-1.5473830720704,2.12614913866206,0.64,1,0.64,"no"
0.3,-0.3,0,0.1,0.1,0,1,0.293229207161615,1.05622169837864,-1.72773669529538,2.30487316778714,0.63,1,0.63,"no"
0.3,-0.3,0,0.1,0.1,0.5,0.3,0.297688648838626,0.448236589533092,-0.591301920995865,1.13989017526339,0.77,0,0,"no"
0.3,-0.3,0,0.1,0.1,0.5,0.6,0.295777459548478,0.6879160374334,-1.03548489510405,1.60484491804018,0.67,0.97,0.65,"no"
0.3,-0.3,0,0.1,0.1,0.5,0.9,0.293866270258331,0.961761197899048,-1.54893593974728,2.12260302431444,0.64,1,0.64,"no"
0.3,-0.3,0,0.1,0.1,0.5,1,0.293229207161615,1.05614591274023,-1.72928894629972,2.30199884537604,0.63,1,0.63,"no"
0.3,-0.3,0,0.1,0.2,-0.5,0.3,0.297688648838626,0.479354090052674,-0.605776561999705,1.2656325992014,0.77,0,0,"no"
0.3,-0.3,0,0.1,0.2,-0.5,0.6,0.295777459548478,0.708367033312968,-1.04529544618447,1.66502686614385,0.67,0.98,0.66,"no"
0.3,-0.3,0,0.1,0.2,-0.5,0.9,0.293866270258331,0.976266618866007,-1.5781782148876,2.15736425929206,0.64,1,0.64,"no"
0.3,-0.3,0,0.1,0.2,-0.5,1,0.293229207161615,1.06929617903852,-1.76310995533459,2.3320121195933,0.63,1,0.63,"no"
0.3,-0.3,0,0.1,0.2,0,0.3,0.297688648838626,0.47813676858243,-0.644004536546463,1.23306724183114,0.77,0,0,"no"
0.3,-0.3,0,0.1,0.2,0,0.6,0.295777459548478,0.707349142581686,-1.05799916466918,1.6572454801547,0.67,0.98,0.66,"no"
0.3,-0.3,0,0.1,0.2,0,0.9,0.293866270258331,0.975371257900582,-1.58102223553438,2.15508729309398,0.64,1,0.64,"no"
0.3,-0.3,0,0.1,0.2,0,1,0.293229207161615,1.06842980978601,-1.76391543575004,2.33177895579743,0.63,1,0.63,"no"
0.3,-0.3,0,0.1,0.2,0.5,0.3,0.297688648838626,0.476728399172336,-0.675418982312616,1.20315344065223,0.77,0,0,"no"
0.3,-0.3,0,0.1,0.2,0.5,0.6,0.295777459548478,0.70647370252012,-1.07630039607279,1.64329842200069,0.67,0.98,0.65,"no"
0.3,-0.3,0,0.1,0.2,0.5,0.9,0.293866270258331,0.974791329603261,-1.58261180273046,2.14546328911404,0.64,1,0.64,"no"
0.3,-0.3,0,0.1,0.2,0.5,1,0.293229207161615,1.06791732546097,-1.75637049088675,2.32366155661498,0.63,1,0.63,"no"
0.3,-0.3,0,0.1,0.3,-0.5,0.3,0.297688648838626,0.526786762256657,-0.699874739836761,1.39333670090282,0.77,0.06,0.04,"no"
0.3,-0.3,0,0.1,0.3,-0.5,0.6,0.295777459548478,0.741083458768126,-1.10521126306851,1.73816573251656,0.67,1,0.67,"no"
0.3,-0.3,0,0.1,0.3,-0.5,0.9,0.293866270258331,1.00002203727553,-1.61683589658649,2.19920007979769,0.64,1,0.64,"no"
0.3,-0.3,0,0.1,0.3,-0.5,1,0.293229207161615,1.09094496072551,-1.7974585135735,2.36872991872135,0.63,1,0.63,"no"
0.3,-0.3,0,0.1,0.3,0,0.3,0.297688648838626,0.524725993352314,-0.738881107744545,1.34825099565894,0.77,0.05,0.04,"no"
0.3,-0.3,0,0.1,0.3,0,0.6,0.295777459548478,0.739357914237709,-1.12348222371351,1.72045517389256,0.67,1,0.67,"no"
0.3,-0.3,0,0.1,0.3,0,0.9,0.293866270258331,0.998522679183817,-1.62098275099267,2.20233284799357,0.64,1,0.64,"no"
0.3,-0.3,0,0.1,0.3,0,1,0.293229207161615,1.08950057788418,-1.79944668264376,2.37341732872898,0.63,1,0.63,"no"
0.3,-0.3,0,0.1,0.3,0.5,0.3,0.297688648838626,0.521650881256325,-0.771405902814806,1.30087040218183,0.77,0.06,0.06,"no"
0.3,-0.3,0,0.1,0.3,0.5,0.6,0.295777459548478,0.737304486777971,-1.14655440948555,1.70043030951835,0.67,1,0.67,"no"
0.3,-0.3,0,0.1,0.3,0.5,0.9,0.293866270258331,0.997086761837523,-1.62983886471476,2.20042634744449,0.64,1,0.64,"no"
0.3,-0.3,0,0.1,0.3,0.5,1,0.293229207161615,1.08821017189283,-1.79983081205379,2.36754582143144,0.63,1,0.63,"no"
0.3,-0.3,0,0.2,0.1,-0.5,0.3,0.2972884869674,0.480354523021391,-0.593367151442384,1.25100228906666,0.77,0,0,"no"
0.3,-0.3,0,0.2,0.1,-0.5,0.6,0.295377297677252,0.70972155539789,-1.05022315648462,1.65632877649553,0.65,1,0.65,"no"
0.3,-0.3,0,0.2,0.1,-0.5,0.9,0.293466108387104,0.977817510183644,-1.57577658670812,2.1504513006118,0.59,1,0.59,"no"
0.3,-0.3,0,0.2,0.1,-0.5,1,0.292829045290389,1.07089255271488,-1.75291462927288,2.32563078731555,0.59,1,0.59,"no"
0.3,-0.3,0,0.2,0.1,0,0.3,0.2972884869674,0.479929301089864,-0.626960138714555,1.22148823699873,0.77,0,0,"no"
0.3,-0.3,0,0.2,0.1,0,0.6,0.295377297677252,0.709316606711273,-1.06437461300727,1.64422068320441,0.65,0.99,0.64,"no"
0.3,-0.3,0,0.2,0.1,0,0.9,0.293466108387104,0.977439201724208,-1.58292167032548,2.14457118358206,0.59,1,0.59,"no"
0.3,-0.3,0,0.2,0.1,0,1,0.292829045290389,1.07052163227891,-1.75870039046051,2.3220274491597,0.59,1,0.59,"no"
0.3,-0.3,0,0.2,0.1,0.5,0.3,0.2972884869674,0.47964679934918,-0.658809651109087,1.18133927855148,0.77,0,0,"no"
0.3,-0.3,0,0.2,0.1,0.5,0.6,0.295377297677252,0.709160758640952,-1.08120307870635,1.62889326475496,0.65,0.99,0.64,"no"
0.3,-0.3,0,0.2,0.1,0.5,0.9,0.293466108387104,0.977352968469379,-1.59577455250277,2.14295118932708,0.59,1,0.59,"no"
0.3,-0.3,0,0.2,0.1,0.5,1,0.292829045290389,1.07045123641342,-1.77196317319724,2.32095217668576,0.59,1,0.59,"no"
0.3,-0.3,0,0.2,0.2,-0.5,0.3,0.2972884869674,0.50884331336154,-0.635450930465367,1.34836559422362,0.77,0,0,"no"
0.3,-0.3,0,0.2,0.2,-0.5,0.6,0.295377297677252,0.728996532591901,-1.07168595456903,1.71478475924097,0.65,1,0.65,"no"
0.3,-0.3,0,0.2,0.2,-0.5,0.9,0.293466108387104,0.991613772092385,-1.59859546766212,2.19381774323432,0.59,1,0.59,"no"
0.3,-0.3,0,0.2,0.2,-0.5,1,0.292829045290389,1.0834125037284,-1.77751360366008,2.36501383170293,0.59,1,0.59,"no"
0.3,-0.3,0,0.2,0.2,0,0.3,0.2972884869674,0.507764745652117,-0.694375150848548,1.29055417052984,0.77,0.01,0.01,"no"
0.3,-0.3,0,0.2,0.2,0,0.6,0.295377297677252,0.728033112988837,-1.09939578228762,1.68601253845426,0.65,1,0.65,"no"
0.3,-0.3,0,0.2,0.2,0,0.9,0.293466108387104,0.990744956061239,-1.61193391987803,2.1759720826423,0.59,1,0.59,"no"
0.3,-0.3,0,0.2,0.2,0,1,0.292829045290389,1.08256801340301,-1.79093542038598,2.34600294542519,0.59,1,0.59,"no"
0.3,-0.3,0,0.2,0.2,0.5,0.3,0.2972884869674,0.506450880266856,-0.749268081137249,1.22273117570006,0.77,0.01,0.01,"no"
0.3,-0.3,0,0.2,0.2,0.5,0.6,0.295377297677252,0.727192643271577,-1.12774519684101,1.66106867088745,0.65,1,0.65,"no"
0.3,-0.3,0,0.2,0.2,0.5,0.9,0.293466108387104,0.990182196508641,-1.62480693859931,2.16423391058207,0.59,1,0.59,"no"
0.3,-0.3,0,0.2,0.2,0.5,1,0.292829045290389,1.08206983923689,-1.80184196978052,2.34165474154112,0.59,1,0.59,"no"
0.3,-0.3,0,0.2,0.3,-0.5,0.3,0.2972884869674,0.553802134925252,-0.722576560127382,1.46571394738077,0.77,0.13,0.12,"no"
0.3,-0.3,0,0.2,0.3,-0.5,0.6,0.295377297677252,0.76082931316363,-1.12113355774862,1.79621767400853,0.65,1,0.65,"no"
0.3,-0.3,0,0.2,0.3,-0.5,0.9,0.293466108387104,1.015005016303,-1.62701412773954,2.2396890827544,0.59,1,0.59,"no"
0.3,-0.3,0,0.2,0.3,-0.5,1,0.292829045290389,1.10477907528343,-1.80964210554053,2.40143743824362,0.59,1,0.59,"no"
0.3,-0.3,0,0.2,0.3,0,0.3,0.2972884869674,0.551941591231544,-0.779067604357034,1.39688293979898,0.77,0.13,0.12,"no"
0.3,-0.3,0,0.2,0.3,0,0.6,0.295377297677252,0.759189213854218,-1.15863268424156,1.75196903312915,0.65,1,0.65,"no"
0.3,-0.3,0,0.2,0.3,0,0.9,0.293466108387104,1.01354790625027,-1.65280422378847,2.2218636098948,0.59,1,0.59,"no"
0.3,-0.3,0,0.2,0.3,0,1,0.292829045290389,1.10336947765988,-1.82560952466531,2.39028337623501,0.59,1,0.59,"no"
0.3,-0.3,0,0.2,0.3,0.5,0.3,0.2972884869674,0.549027235629105,-0.848018079464262,1.31586322103132,0.77,0.1,0.09,"no"
0.3,-0.3,0,0.2,0.3,0.5,0.6,0.295377297677252,0.757200095622871,-1.19543990272753,1.71853350194279,0.65,1,0.65,"no"
0.3,-0.3,0,0.2,0.3,0.5,0.9,0.293466108387104,1.01214351860391,-1.67407982380571,2.2059546502032,0.59,1,0.59,"no"
0.3,-0.3,0,0.2,0.3,0.5,1,0.292829045290389,1.10210513047643,-1.84756711535184,2.37802489850666,0.59,1,0.59,"no"
0.3,-0.3,0,0.3,0.1,-0.5,0.3,0.296888325096173,0.527964968096284,-0.671642777352414,1.34905080039262,0.69,0.01,0.01,"no"
0.3,-0.3,0,0.3,0.1,-0.5,0.6,0.294977135806026,0.743185733736154,-1.1103552878694,1.71726190439971,0.65,1,0.65,"no"
0.3,-0.3,0,0.3,0.1,-0.5,0.9,0.293065946515878,1.00266133232124,-1.61839359324426,2.19629405485963,0.6,1,0.6,"no"
0.3,-0.3,0,0.3,0.1,-0.5,1,0.292428883419162,1.09371195098884,-1.79377561260573,2.36650775057739,0.58,1,0.58,"no"
0.3,-0.3,0,0.3,0.1,0,0.3,0.296888325096173,0.527610438608934,-0.715232343026194,1.31135738748975,0.69,0.01,0.01,"no"
0.3,-0.3,0,0.3,0.1,0,0.6,0.294977135806026,0.74281322336284,-1.13024495670904,1.70000911017939,0.65,1,0.65,"no"
0.3,-0.3,0,0.3,0.1,0,0.9,0.293065946515878,1.00229978199222,-1.63591091864353,2.18533938828956,0.6,1,0.6,"no"
0.3,-0.3,0,0.3,0.1,0,1,0.292428883419162,1.09335496298114,-1.81276057235722,2.35846256987876,0.58,1,0.58,"no"
0.3,-0.3,0,0.3,0.1,0.5,0.3,0.296888325096173,0.527367300144622,-0.75268994253469,1.26542254986976,0.69,0.01,0.01,"no"
0.3,-0.3,0,0.3,0.1,0.5,0.6,0.294977135806026,0.742672073634401,-1.15129441092566,1.67782448831245,0.65,1,0.65,"no"
0.3,-0.3,0,0.3,0.1,0.5,0.9,0.293065946515878,1.00222083150968,-1.64995309372609,2.17638576935079,0.6,1,0.6,"no"
0.3,-0.3,0,0.3,0.1,0.5,1,0.292428883419162,1.09329066860546,-1.8267834208057,2.35173983627716,0.58,1,0.58,"no"
0.3,-0.3,0,0.3,0.2,-0.5,0.3,0.296888325096173,0.554063341129432,-0.701393361882588,1.44266528526899,0.69,0.1,0.07,"no"
0.3,-0.3,0,0.3,0.2,-0.5,0.6,0.294977135806026,0.761618189731626,-1.12449868825497,1.78351813491731,0.65,1,0.65,"no"
0.3,-0.3,0,0.3,0.2,-0.5,0.9,0.293065946515878,1.01611635696006,-1.6336001976173,2.23645266998231,0.6,1,0.6,"no"
0.3,-0.3,0,0.3,0.2,-0.5,1,0.292428883419162,1.10596901192305,-1.8115026097632,2.4002777863064,0.58,1,0.58,"no"
0.3,-0.3,0,0.3,0.2,0,0.3,0.296888325096173,0.553148630246288,-0.770828371118401,1.36920261003765,0.69,0.08,0.07,"no"
0.3,-0.3,0,0.3,0.2,0,0.6,0.294977135806026,0.760729003169677,-1.16602013123376,1.73803907617036,0.65,1,0.65,"no"
0.3,-0.3,0,0.3,0.2,0,0.9,0.293065946515878,1.01528508782578,-1.65817084950338,2.2152999400464,0.6,1,0.6,"no"
0.3,-0.3,0,0.3,0.2,0,1,0.292428883419162,1.10515550689496,-1.83461214456152,2.38435279548846,0.58,1,0.58,"no"
0.3,-0.3,0,0.3,0.2,0.5,0.3,0.296888325096173,0.551956470079137,-0.841587542871397,1.29062206188159,0.69,0.07,0.07,"no"
0.3,-0.3,0,0.3,0.2,0.5,0.6,0.294977135806026,0.759934942613027,-1.19919223035921,1.70680464013553,0.65,1,0.65,"no"
0.3,-0.3,0,0.3,0.2,0.5,0.9,0.293065946515878,1.01474411799573,-1.68345433263951,2.19741121698393,0.6,1,0.6,"no"
0.3,-0.3,0,0.3,0.2,0.5,1,0.292428883419162,1.10467514413564,-1.85945271962288,2.37076867411172,0.58,1,0.58,"no"
0.3,-0.3,0,0.3,0.3,-0.5,0.3,0.296888325096173,0.595690961363621,-0.778753582453964,1.55966129140338,0.69,0.37,0.27,"no"
0.3,-0.3,0,0.3,0.3,-0.5,0.6,0.294977135806026,0.792152561203677,-1.17431165187803,1.86825143238071,0.65,1,0.65,"no"
0.3,-0.3,0,0.3,0.3,-0.5,0.9,0.293065946515878,1.03895399968527,-1.66266570249892,2.2869398204276,0.6,1,0.6,"no"
0.3,-0.3,0,0.3,0.3,-0.5,1,0.292428883419162,1.12690455083384,-1.841435787658,2.44665068699208,0.58,0.99,0.57,"no"
0.3,-0.3,0,0.3,0.3,0,0.3,0.296888325096173,0.59407716343303,-0.851652762626597,1.4642981751468,0.69,0.34,0.26,"no"
0.3,-0.3,0,0.3,0.3,0,0.6,0.294977135806026,0.790630617500849,-1.22182415995793,1.80364225604069,0.65,1,0.65,"no"
0.3,-0.3,0,0.3,0.3,0,0.9,0.293065946515878,1.03755747700569,-1.70210252938131,2.25883252158452,0.6,1,0.6,"no"
0.3,-0.3,0,0.3,0.3,0,1,0.292428883419162,1.12554493739539,-1.87025439011309,2.42609754512325,0.58,1,0.58,"no"
0.3,-0.3,0,0.3,0.3,0.5,0.3,0.296888325096173,0.591378197328572,-0.941056823745629,1.37106057340224,0.69,0.36,0.28,"no"
0.3,-0.3,0,0.3,0.3,0.5,0.6,0.294977135806026,0.788729832773638,-1.26654547647212,1.75503910575855,0.65,1,0.65,"no"
0.3,-0.3,0,0.3,0.3,0.5,0.9,0.293065946515878,1.03619501178602,-1.72522944868998,2.2382676268155,0.6,1,0.6,"no"
0.3,-0.3,0,0.3,0.3,0.5,1,0.292428883419162,1.12431468015931,-1.89898249061479,2.4096265445809,0.58,1,0.58,"no"
0.3,-0.2,0,0.1,0.1,-0.5,0.3,0.297688648838626,0.3883038164039,-0.429583846352822,1.06018495866387,0.77,0,0,"no"
0.3,-0.2,0,0.1,0.1,-0.5,0.6,0.295777459548478,0.649704155794478,-0.948238761722457,1.535149983924,0.67,0.87,0.56,"no"
0.3,-0.2,0,0.1,0.1,-0.5,0.9,0.293866270258331,0.934273319426267,-1.50293695573568,2.07658246750635,0.64,1,0.64,"no"
0.3,-0.2,0,0.1,0.1,-0.5,1,0.293229207161615,1.03101311068303,-1.69035066824698,2.26359330655407,0.63,1,0.63,"no"
0.3,-0.2,0,0.1,0.1,0,0.3,0.297688648838626,0.387814466825004,-0.446069100790128,1.04317850433388,0.77,0,0,"no"
0.3,-0.2,0,0.1,0.1,0,0.6,0.295777459548478,0.649290256946666,-0.950785355625339,1.52953646810129,0.67,0.87,0.57,"no"
0.3,-0.2,0,0.1,0.1,0,0.9,0.293866270258331,0.933899481938027,-1.497449670836,2.07606400430404,0.64,1,0.64,"no"
0.3,-0.2,0,0.1,0.1,0,1,0.293229207161615,1.03064832736883,-1.68514255314604,2.26113960547645,0.63,1,0.63,"no"
0.3,-0.2,0,0.1,0.1,0.5,0.3,0.297688648838626,0.387430461966768,-0.463143162959517,1.0272212621715,0.77,0,0,"no"
0.3,-0.2,0,0.1,0.1,0.5,0.6,0.295777459548478,0.649101682455314,-0.954369316680952,1.52712960011972,0.67,0.87,0.57,"no"
0.3,-0.2,0,0.1,0.1,0.5,0.9,0.293866270258331,0.933797530341987,-1.49335966654431,2.07065444203758,0.64,1,0.64,"no"
0.3,-0.2,0,0.1,0.1,0.5,1,0.293229207161615,1.03056483211752,-1.67973420653464,2.25713185716319,0.63,1,0.63,"no"
0.3,-0.2,0,0.1,0.2,-0.5,0.3,0.297688648838626,0.423372061567521,-0.492637206582958,1.14316063864354,0.77,0,0,"no"
0.3,-0.2,0,0.1,0.2,-0.5,0.6,0.295777459548478,0.670907374547331,-0.977860130609452,1.5786498421946,0.67,0.94,0.62,"no"
0.3,-0.2,0,0.1,0.2,-0.5,0.9,0.293866270258331,0.948832675723048,-1.53550045588481,2.09899729169153,0.64,1,0.64,"no"
0.3,-0.2,0,0.1,0.2,-0.5,1,0.293229207161615,1.04412655792416,-1.72263614667899,2.2809400806704,0.63,1,0.63,"no"
0.3,-0.2,0,0.1,0.2,0,0.3,0.297688648838626,0.422155322610138,-0.522690397576996,1.1143987918128,0.77,0,0,"no"
0.3,-0.2,0,0.1,0.2,0,0.6,0.295777459548478,0.669920138220448,-0.988899996441124,1.57158683720181,0.67,0.92,0.62,"no"
0.3,-0.2,0,0.1,0.2,0,0.9,0.293866270258331,0.947970036751841,-1.53058624072822,2.09552696819839,0.64,1,0.64,"no"
0.3,-0.2,0,0.1,0.2,0,1,0.293229207161615,1.04329214275125,-1.71167412760761,2.27868894886329,0.63,1,0.63,"no"
0.3,-0.2,0,0.1,0.2,0.5,0.3,0.297688648838626,0.420513545624161,-0.544541416293339,1.09083321580607,0.77,0,0,"no"
0.3,-0.2,0,0.1,0.2,0.5,0.6,0.295777459548478,0.668972393117564,-1.00046463657059,1.56807644214379,0.67,0.93,0.62,"no"
0.3,-0.2,0,0.1,0.2,0.5,0.9,0.293866270258331,0.947359471453735,-1.52372291300542,2.09644202618794,0.64,1,0.64,"no"
0.3,-0.2,0,0.1,0.2,0.5,1,0.293229207161615,1.0427552516528,-1.70396682178128,2.27661404113513,0.63,1,0.63,"no"
0.3,-0.2,0,0.1,0.3,-0.5,0.3,0.297688648838626,0.476784950202135,-0.600473171176329,1.26323899425204,0.77,0,0,"no"
0.3,-0.2,0,0.1,0.3,-0.5,0.6,0.295777459548478,0.705580322075231,-1.04237761216954,1.64770237584645,0.67,0.98,0.66,"no"
0.3,-0.2,0,0.1,0.3,-0.5,0.9,0.293866270258331,0.973393018130432,-1.57097849840367,2.13943731293519,0.64,1,0.64,"no"
0.3,-0.2,0,0.1,0.3,-0.5,1,0.293229207161615,1.06640506198994,-1.75730034275259,2.31611935813318,0.63,1,0.63,"no"
0.3,-0.2,0,0.1,0.3,0,0.3,0.297688648838626,0.474762892430043,-0.634345917220909,1.23479959774434,0.77,0.01,0.01,"no"
0.3,-0.2,0,0.1,0.3,0,0.6,0.295777459548478,0.703906633632935,-1.05532984076478,1.64294773780245,0.67,0.97,0.65,"no"
0.3,-0.2,0,0.1,0.3,0,0.9,0.293866270258331,0.971943732611863,-1.57148388638599,2.13894338643825,0.64,1,0.64,"no"
0.3,-0.2,0,0.1,0.3,0,1,0.293229207161615,1.06500911748575,-1.75217635213598,2.31519032155204,0.63,1,0.63,"no"
0.3,-0.2,0,0.1,0.3,0.5,0.3,0.297688648838626,0.471283535151319,-0.651734108314336,1.19788279356783,0.77,0.01,0.01,"no"
0.3,-0.2,0,0.1,0.3,0.5,0.6,0.295777459548478,0.701710902730803,-1.06530810691041,1.63410726071588,0.67,0.96,0.65,"no"
0.3,-0.2,0,0.1,0.3,0.5,0.9,0.293866270258331,0.970446217546962,-1.5752347952925,2.13547881825173,0.64,1,0.64,"no"
0.3,-0.2,0,0.1,0.3,0.5,1,0.293229207161615,1.06366981442199,-1.74987874685085,2.31174116423001,0.63,1,0.63,"no"
0.3,-0.2,0,0.2,0.1,-0.5,0.3,0.2972884869674,0.424080410873028,-0.487610044814231,1.13730208803469,0.77,0,0,"no"
0.3,-0.2,0,0.2,0.1,-0.5,0.6,0.295377297677252,0.672123629450563,-0.980859506078686,1.57634918826417,0.65,0.95,0.6,"no"
0.3,-0.2,0,0.2,0.1,-0.5,0.9,0.293466108387104,0.950301709872699,-1.52456189136116,2.1003345445706,0.59,1,0.59,"no"
0.3,-0.2,0,0.2,0.1,-0.5,1,0.292829045290389,1.04565099334868,-1.71154762119687,2.28164089891415,0.59,1,0.59,"no"
0.3,-0.2,0,0.2,0.1,0,0.3,0.2972884869674,0.42366560856227,-0.513550100330331,1.10564134447479,0.77,0,0,"no"
0.3,-0.2,0,0.2,0.1,0,0.6,0.295377297677252,0.671734649160898,-0.996813102372584,1.56615772121208,0.65,0.94,0.59,"no"
0.3,-0.2,0,0.2,0.1,0,0.9,0.293466108387104,0.949939792098792,-1.52793420284242,2.09769207381764,0.59,1,0.59,"no"
0.3,-0.2,0,0.2,0.1,0,1,0.292829045290389,1.04529606250098,-1.71138735939621,2.28051721944698,0.59,1,0.59,"no"
0.3,-0.2,0,0.2,0.1,0.5,0.3,0.2972884869674,0.423325497907423,-0.541759924095373,1.07412937246007,0.77,0,0,"no"
0.3,-0.2,0,0.2,0.1,0.5,0.6,0.295377297677252,0.671559206778649,-1.00947938948546,1.55703543399028,0.65,0.94,0.59,"no"
0.3,-0.2,0,0.2,0.1,0.5,0.9,0.293466108387104,0.949844384885311,-1.53894402745147,2.09084214569284,0.59,1,0.59,"no"
0.3,-0.2,0,0.2,0.1,0.5,1,0.292829045290389,1.0452181210682,-1.71832238134723,2.27437700524118,0.59,1,0.59,"no"
0.3,-0.2,0,0.2,0.2,-0.5,0.3,0.2972884869674,0.456445377891139,-0.541629894825276,1.22573780918756,0.77,0,0,"no"
0.3,-0.2,0,0.2,0.2,-0.5,0.6,0.295377297677252,0.692635999790177,-1.00844380166594,1.62462654695173,0.65,0.97,0.62,"no"
0.3,-0.2,0,0.2,0.2,-0.5,0.9,0.293466108387104,0.964611674168094,-1.54906892001107,2.13004163136027,0.59,1,0.59,"no"
0.3,-0.2,0,0.2,0.2,-0.5,1,0.292829045290389,1.05857581694837,-1.73102411341571,2.30542272976908,0.59,1,0.59,"no"
0.3,-0.2,0,0.2,0.2,0,0.3,0.2972884869674,0.455391355858919,-0.581474585713555,1.17749959585748,0.77,0,0,"no"
0.3,-0.2,0,0.2,0.2,0,0.6,0.295377297677252,0.691704984670458,-1.03473501958754,1.60588834772302,0.65,0.96,0.61,"no"
0.3,-0.2,0,0.2,0.2,0,0.9,0.293466108387104,0.963775353626666,-1.55790371741085,2.12024085210871,0.59,1,0.59,"no"
0.3,-0.2,0,0.2,0.2,0,1,0.292829045290389,1.05776297260115,-1.73502667136938,2.30080795952916,0.59,1,0.59,"no"
0.3,-0.2,0,0.2,0.2,0.5,0.3,0.2972884869674,0.453878017801814,-0.619643804437592,1.13029780075444,0.77,0,0,"no"
0.3,-0.2,0,0.2,0.2,0.5,0.6,0.295377297677252,0.690796674524011,-1.05015296579332,1.592178417877,0.65,0.96,0.62,"no"
0.3,-0.2,0,0.2,0.2,0.5,0.9,0.293466108387104,0.9631828960082,-1.57623802811468,2.11205514519145,0.59,1,0.59,"no"
0.3,-0.2,0,0.2,0.2,0.5,1,0.292829045290389,1.05724100965439,-1.75278085813071,2.29191236045308,0.59,1,0.59,"no"
0.3,-0.2,0,0.2,0.3,-0.5,0.3,0.2972884869674,0.506432783770932,-0.636204938901468,1.34602489480858,0.77,0.02,0.01,"no"
0.3,-0.2,0,0.2,0.3,-0.5,0.6,0.295377297677252,0.726272585185556,-1.06587861471728,1.70442562293848,0.65,1,0.65,"no"
0.3,-0.2,0,0.2,0.3,-0.5,0.9,0.293466108387104,0.98877354318247,-1.59092600091221,2.17298769673896,0.59,1,0.59,"no"
0.3,-0.2,0,0.2,0.3,-0.5,1,0.292829045290389,1.08054956247516,-1.77586248616563,2.34456715957798,0.59,1,0.59,"no"
0.3,-0.2,0,0.2,0.3,0,0.3,0.2972884869674,0.504633050410811,-0.679015849297732,1.27837488440067,0.77,0.02,0.02,"no"
0.3,-0.2,0,0.2,0.3,0,0.6,0.295377297677252,0.724686262446232,-1.09559651527434,1.67346357253377,0.65,1,0.65,"no"
0.3,-0.2,0,0.2,0.3,0,0.9,0.293466108387104,0.987366109645933,-1.6032698011976,2.16274340288408,0.59,1,0.59,"no"
0.3,-0.2,0,0.2,0.3,0,1,0.292829045290389,1.07918791175828,-1.78376037505304,2.3360893800439,0.59,1,0.59,"no"
0.3,-0.2,0,0.2,0.3,0.5,0.3,0.2972884869674,0.501363886979781,-0.722166615271493,1.23553456299498,0.77,0.02,0.02,"no"
0.3,-0.2,0,0.2,0.3,0.5,0.6,0.295377297677252,0.722563159025643,-1.1168057019542,1.65015073430875,0.65,0.98,0.63,"no"
0.3,-0.2,0,0.2,0.3,0.5,0.9,0.293466108387104,0.985902023094,-1.62170846766078,2.15601892536285,0.59,1,0.59,"no"
0.3,-0.2,0,0.2,0.3,0.5,1,0.292829045290389,1.0778759256174,-1.794631385078,2.33145977311584,0.59,1,0.59,"no"
0.3,-0.2,0,0.3,0.1,-0.5,0.3,0.296888325096173,0.477263750519669,-0.585078615585025,1.24144661601547,0.69,0,0,"no"
0.3,-0.2,0,0.3,0.1,-0.5,0.6,0.294977135806026,0.707343115559681,-1.04115895546777,1.64279514502133,0.65,0.99,0.64,"no"
0.3,-0.2,0,0.3,0.1,-0.5,0.9,0.293065946515878,0.975837347271372,-1.56774286303662,2.14067545286436,0.6,1,0.6,"no"
0.3,-0.2,0,0.3,0.1,-0.5,1,0.292428883419162,1.0690031030817,-1.75120371793844,2.31900592620865,0.58,1,0.58,"no"
0.3,-0.2,0,0.3,0.1,0,0.3,0.296888325096173,0.47692671484849,-0.617124147834239,1.20797812297686,0.69,0,0,"no"
0.3,-0.2,0,0.3,0.1,0,0.6,0.294977135806026,0.706986708911331,-1.06243566867505,1.62366713899688,0.65,1,0.65,"no"
0.3,-0.2,0,0.3,0.1,0,0.9,0.293065946515878,0.975491715848276,-1.57590677117911,2.13342143677819,0.6,1,0.6,"no"
0.3,-0.2,0,0.3,0.1,0,1,0.292428883419162,1.06866165461213,-1.75536091257419,2.31335431490413,0.58,1,0.58,"no"
0.3,-0.2,0,0.3,0.1,0.5,0.3,0.296888325096173,0.476635071481675,-0.647873481181277,1.17006292511072,0.69,0,0,"no"
0.3,-0.2,0,0.3,0.1,0.5,0.6,0.294977135806026,0.706826583274018,-1.07965333930922,1.60787282830783,0.65,1,0.65,"no"
0.3,-0.2,0,0.3,0.1,0.5,0.9,0.293065946515878,0.975403542060476,-1.58949359704166,2.12813960014095,0.6,1,0.6,"no"
0.3,-0.2,0,0.3,0.1,0.5,1,0.292428883419162,1.06858974163543,-1.76761441091474,2.30666398548534,0.58,1,0.58,"no"
0.3,-0.2,0,0.3,0.2,-0.5,0.3,0.296888325096173,0.506296960660171,-0.622574430920534,1.32655303655667,0.69,0.01,0.01,"no"
0.3,-0.2,0,0.3,0.2,-0.5,0.6,0.294977135806026,0.726864157019075,-1.05997974711593,1.69535136075121,0.65,1,0.65,"no"
0.3,-0.2,0,0.3,0.2,-0.5,0.9,0.293065946515878,0.989773146076706,-1.58746878926495,2.17427929621674,0.6,1,0.6,"no"
0.3,-0.2,0,0.3,0.2,-0.5,1,0.292428883419162,1.08164347067033,-1.76933255240283,2.34638588996986,0.58,1,0.58,"no"
0.3,-0.2,0,0.3,0.2,0,0.3,0.296888325096173,0.505421478847368,-0.668659821752003,1.26590315531959,0.69,0.01,0.01,"no"
0.3,-0.2,0,0.3,0.2,0,0.6,0.294977135806026,0.726008111379987,-1.09177874598745,1.66457266538805,0.65,1,0.65,"no"
0.3,-0.2,0,0.3,0.2,0,0.9,0.293065946515878,0.988973570711837,-1.60318738617786,2.16174656494521,0.6,1,0.6,"no"
0.3,-0.2,0,0.3,0.2,0,1,0.292428883419162,1.08086080736171,-1.7786445207728,2.33451406587207,0.58,1,0.58,"no"
0.3,-0.2,0,0.3,0.2,0.5,0.3,0.296888325096173,0.50406434764061,-0.726028626982219,1.21438068026169,0.69,0.01,0.01,"no"
0.3,-0.2,0,0.3,0.2,0.5,0.6,0.294977135806026,0.725150567280023,-1.12884948898538,1.63627910764576,0.65,1,0.65,"no"
0.3,-0.2,0,0.3,0.2,0.5,0.9,0.293065946515878,0.98840350606401,-1.62991223241892,2.14614284656405,0.6,1,0.6,"no"
0.3,-0.2,0,0.3,0.2,0.5,1,0.292428883419162,1.08035696495568,-1.80564650185799,2.3216285710302,0.58,1,0.58,"no"
0.3,-0.2,0,0.3,0.3,-0.5,0.3,0.296888325096173,0.551867062399063,-0.70719179054753,1.43654842500598,0.69,0.13,0.11,"no"
0.3,-0.2,0,0.3,0.3,-0.5,0.6,0.294977135806026,0.758994935242933,-1.11531984863195,1.77770787859985,0.65,1,0.65,"no"
0.3,-0.2,0,0.3,0.3,-0.5,0.9,0.293065946515878,1.01333186976338,-1.62049312437936,2.22292038839783,0.6,1,0.6,"no"
0.3,-0.2,0,0.3,0.3,-0.5,1,0.292428883419162,1.10315334641652,-1.80177483918539,2.38973955900589,0.58,1,0.58,"no"
0.3,-0.2,0,0.3,0.3,0,0.3,0.296888325096173,0.550327677819784,-0.757998361260062,1.35972514297918,0.69,0.09,0.08,"no"
0.3,-0.2,0,0.3,0.3,0,0.6,0.294977135806026,0.757527451221174,-1.14980388337739,1.73233832720458,0.65,1,0.65,"no"
0.3,-0.2,0,0.3,0.3,0,0.9,0.293065946515878,1.01198387329196,-1.64503801324717,2.20413044813222,0.6,1,0.6,"no"
0.3,-0.2,0,0.3,0.3,0,1,0.292428883419162,1.10184052475368,-1.81878655429249,2.37780247376291,0.58,1,0.58,"no"
0.3,-0.2,0,0.3,0.3,0.5,0.3,0.296888325096173,0.547329234983787,-0.819330470717005,1.30545572997335,0.69,0.07,0.06,"no"
0.3,-0.2,0,0.3,0.3,0.5,0.6,0.294977135806026,0.755502056474523,-1.19019952978353,1.69915971507367,0.65,1,0.65,"no"
0.3,-0.2,0,0.3,0.3,0.5,0.9,0.293065946515878,1.0105634658756,-1.67664194707647,2.18830310000851,0.6,1,0.6,"no"
0.3,-0.2,0,0.3,0.3,0.5,1,0.292428883419162,1.10056366886173,-1.85229567861459,2.36140535705592,0.58,1,0.58,"no"
0.3,-0.1,0,0.1,0.1,-0.5,0.3,0.297688648838626,0.346317999895089,-0.354221900832972,0.962313273475866,0.77,0,0,"no"
0.3,-0.1,0,0.1,0.1,-0.5,0.6,0.295777459548478,0.624619514971486,-0.90092844519922,1.48428972359431,0.67,0.66,0.41,"no"
0.3,-0.1,0,0.1,0.1,-0.5,0.9,0.293866270258331,0.916389499084263,-1.46548471571889,2.04107933508391,0.64,1,0.64,"no"
0.3,-0.1,0,0.1,0.1,-0.5,1,0.293229207161615,1.0146495001347,-1.65482755634789,2.22621991189242,0.63,1,0.63,"no"
0.3,-0.1,0,0.1,0.1,0,0.3,0.297688648838626,0.345852492335229,-0.367367509793771,0.952944173861508,0.77,0,0,"no"
0.3,-0.1,0,0.1,0.1,0,0.6,0.295777459548478,0.624232168052204,-0.898697793158855,1.48274876115451,0.67,0.65,0.41,"no"
0.3,-0.1,0,0.1,0.1,0,0.9,0.293866270258331,0.916037767944394,-1.46117260180567,2.03697710362983,0.64,1,0.64,"no"
0.3,-0.1,0,0.1,0.1,0,1,0.293229207161615,1.0143054381565,-1.65089555510218,2.224007371331,0.63,1,0.63,"no"
0.3,-0.1,0,0.1,0.1,0.5,0.3,0.297688648838626,0.345398337262005,-0.375076482896659,0.946089208938501,0.77,0,0,"no"
0.3,-0.1,0,0.1,0.1,0.5,0.6,0.295777459548478,0.624026112909317,-0.904818413967618,1.47998606689354,0.67,0.66,0.43,"no"
0.3,-0.1,0,0.1,0.1,0.5,0.9,0.293866270258331,0.915927976270658,-1.45723565935261,2.0405163303898,0.64,1,0.64,"no"
0.3,-0.1,0,0.1,0.1,0.5,1,0.293229207161615,1.01421547913531,-1.64509678178426,2.22956712136875,0.63,1,0.63,"no"
0.3,-0.1,0,0.1,0.2,-0.5,0.3,0.297688648838626,0.385639995909602,-0.42698801581363,1.04998767889487,0.77,0,0,"no"
0.3,-0.1,0,0.1,0.2,-0.5,0.6,0.295777459548478,0.646839450607837,-0.940096073339137,1.52061782346417,0.67,0.86,0.57,"no"
0.3,-0.1,0,0.1,0.2,-0.5,0.9,0.293866270258331,0.931347455537582,-1.4977441254578,2.05972865672104,0.64,1,0.64,"no"
0.3,-0.1,0,0.1,0.2,-0.5,1,0.293229207161615,1.02807680398549,-1.68431110794748,2.24582064065113,0.63,1,0.63,"no"
0.3,-0.1,0,0.1,0.2,0,0.3,0.297688648838626,0.384487519905856,-0.446590541014098,1.03406078099985,0.77,0,0,"no"
0.3,-0.1,0,0.1,0.2,0,0.6,0.295777459548478,0.645906155639698,-0.941585224223784,1.517248766464,0.67,0.87,0.58,"no"
0.3,-0.1,0,0.1,0.2,0,0.9,0.293866270258331,0.930528693257438,-1.48654555510457,2.05710835160314,0.64,1,0.64,"no"
0.3,-0.1,0,0.1,0.2,0,1,0.293229207161615,1.02728344315776,-1.67193838299767,2.2432577425057,0.63,1,0.63,"no"
0.3,-0.1,0,0.1,0.2,0.5,0.3,0.297688648838626,0.382628761344716,-0.451676002230975,1.0207831484254,0.77,0,0,"no"
0.3,-0.1,0,0.1,0.2,0.5,0.6,0.295777459548478,0.644901271305911,-0.948174760450367,1.51438006067688,0.67,0.82,0.54,"no"
0.3,-0.1,0,0.1,0.2,0.5,0.9,0.293866270258331,0.929894415691877,-1.48600661377587,2.06562323839128,0.64,1,0.64,"no"
0.3,-0.1,0,0.1,0.2,0.5,1,0.293229207161615,1.02672756721662,-1.67022871087467,2.25423626580777,0.63,1,0.63,"no"
0.3,-0.1,0,0.1,0.3,-0.5,0.3,0.297688648838626,0.443995939717006,-0.556583159287598,1.17170569416864,0.77,0,0,"no"
0.3,-0.1,0,0.1,0.3,-0.5,0.6,0.295777459548478,0.682941842185686,-1.00665108856482,1.59102420885682,0.67,0.95,0.63,"no"
0.3,-0.1,0,0.1,0.3,-0.5,0.9,0.293866270258331,0.956484627191042,-1.54485158739946,2.10303356904963,0.64,1,0.64,"no"
0.3,-0.1,0,0.1,0.3,-0.5,1,0.293229207161615,1.05080807437047,-1.73143356528295,2.2819720871279,0.63,1,0.63,"no"
0.3,-0.1,0,0.1,0.3,0,0.3,0.297688648838626,0.442108809119104,-0.574761214473917,1.15992239644179,0.77,0,0,"no"
0.3,-0.1,0,0.1,0.3,0,0.6,0.295777459548478,0.681354398608191,-1.01611173312227,1.59463013926018,0.67,0.92,0.63,"no"
0.3,-0.1,0,0.1,0.3,0,0.9,0.293866270258331,0.955101883908002,-1.53448993768181,2.10364012027427,0.64,1,0.64,"no"
0.3,-0.1,0,0.1,0.3,0,1,0.293229207161615,1.04947401765996,-1.71626429878558,2.28219850472503,0.63,1,0.63,"no"
0.3,-0.1,0,0.1,0.3,0.5,0.3,0.297688648838626,0.438284821998669,-0.573016497803947,1.14206390986155,0.77,0,0,"no"
0.3,-0.1,0,0.1,0.3,0.5,0.6,0.295777459548478,0.679049293177401,-1.01867771235252,1.5894220710547,0.67,0.94,0.64,"no"
0.3,-0.1,0,0.1,0.3,0.5,0.9,0.293866270258331,0.953558061039264,-1.53597386497209,2.1008517152991,0.64,1,0.64,"no"
0.3,-0.1,0,0.1,0.3,0.5,1,0.293229207161615,1.04809785916704,-1.71247699444883,2.28093889030602,0.63,1,0.63,"no"
0.3,-0.1,0,0.2,0.1,-0.5,0.3,0.2972884869674,0.385945380739518,-0.418518841602779,1.0459537954743,0.77,0,0,"no"
0.3,-0.1,0,0.2,0.1,-0.5,0.6,0.295377297677252,0.647896665695322,-0.937827790140138,1.52090854499728,0.65,0.87,0.54,"no"
0.3,-0.1,0,0.2,0.1,-0.5,0.9,0.293466108387104,0.932724507962537,-1.49427625937683,2.06438825372957,0.59,1,0.59,"no"
0.3,-0.1,0,0.2,0.1,-0.5,1,0.292829045290389,1.0295205679471,-1.68085714105209,2.24831643431319,0.59,1,0.59,"no"
0.3,-0.1,0,0.2,0.1,0,0.3,0.2972884869674,0.385557953062646,-0.440853213697356,1.02341860316093,0.77,0,0,"no"
0.3,-0.1,0,0.2,0.1,0,0.6,0.295377297677252,0.647533074724878,-0.942577313071885,1.51549139848941,0.65,0.83,0.52,"no"
0.3,-0.1,0,0.2,0.1,0,0.9,0.293466108387104,0.932384036342357,-1.48992247443387,2.0587093971019,0.59,1,0.59,"no"
0.3,-0.1,0,0.2,0.1,0,1,0.292829045290389,1.02918582536972,-1.67566034444435,2.24223937936392,0.59,1,0.59,"no"
0.3,-0.1,0,0.2,0.1,0.5,0.3,0.2972884869674,0.3851571789278,-0.46080964129331,1.0075808070758,0.77,0,0,"no"
0.3,-0.1,0,0.2,0.1,0.5,0.6,0.295377297677252,0.64734036386391,-0.955500223056726,1.50941404605156,0.65,0.84,0.52,"no"
0.3,-0.1,0,0.2,0.1,0.5,0.9,0.293466108387104,0.93228072623952,-1.4951945640854,2.05745992966659,0.59,1,0.59,"no"
0.3,-0.1,0,0.2,0.1,0.5,1,0.292829045290389,1.02910136130964,-1.67926577324129,2.24168744659753,0.59,1,0.59,"no"
0.3,-0.1,0,0.2,0.2,-0.5,0.3,0.2972884869674,0.421621835704253,-0.485195108566275,1.12850953770703,0.77,0,0,"no"
0.3,-0.1,0,0.2,0.2,-0.5,0.6,0.295377297677252,0.669336669417099,-0.974202600032034,1.56457885636451,0.65,0.93,0.58,"no"
0.3,-0.1,0,0.2,0.2,-0.5,0.9,0.293466108387104,0.947415967378434,-1.51793665028605,2.08241530263772,0.59,1,0.59,"no"
0.3,-0.1,0,0.2,0.2,-0.5,1,0.292829045290389,1.04274820596718,-1.70158910836334,2.26450391439223,0.59,1,0.59,"no"
0.3,-0.1,0,0.2,0.2,0,0.3,0.2972884869674,0.420635556211472,-0.504161036272358,1.09626103552163,0.77,0,0,"no"
0.3,-0.1,0,0.2,0.2,0,0.6,0.295377297677252,0.668457429598827,-0.983005592092137,1.55500020272902,0.65,0.91,0.58,"no"
0.3,-0.1,0,0.2,0.2,0,0.9,0.293466108387104,0.94662225088832,-1.51513434863331,2.0838321808182,0.59,1,0.59,"no"
0.3,-0.1,0,0.2,0.2,0,1,0.292829045290389,1.04197538162238,-1.69922168175385,2.26590872964221,0.59,1,0.59,"no"
0.3,-0.1,0,0.2,0.2,0.5,0.3,0.2972884869674,0.418936313568252,-0.525703607861959,1.08058853051802,0.77,0,0,"no"
0.3,-0.1,0,0.2,0.2,0.5,0.6,0.295377297677252,0.667494145722586,-1.00046266957963,1.54756893082448,0.65,0.94,0.6,"no"
0.3,-0.1,0,0.2,0.2,0.5,0.9,0.293466108387104,0.94600628546376,-1.52795374456519,2.08305835877107,0.59,1,0.59,"no"
0.3,-0.1,0,0.2,0.2,0.5,1,0.292829045290389,1.04143452508822,-1.709056032167,2.26866659595864,0.59,1,0.59,"no"
0.3,-0.1,0,0.2,0.3,-0.5,0.3,0.2972884869674,0.475638901263545,-0.602376438141856,1.2407664527573,0.77,0,0,"no"
0.3,-0.1,0,0.2,0.3,-0.5,0.6,0.295377297677252,0.70428454064809,-1.04297866169492,1.63670934444378,0.65,0.99,0.64,"no"
0.3,-0.1,0,0.2,0.3,-0.5,0.9,0.293466108387104,0.972129830159286,-1.5673424522739,2.12547353691708,0.59,1,0.59,"no"
0.3,-0.1,0,0.2,0.3,-0.5,1,0.292829045290389,1.06515851069517,-1.74646702386588,2.30042909312802,0.59,1,0.59,"no"
0.3,-0.1,0,0.2,0.3,0,0.3,0.2972884869674,0.473968338042901,-0.624147617492819,1.21007514280842,0.77,0,0,"no"
0.3,-0.1,0,0.2,0.3,0,0.6,0.295377297677252,0.702780816828486,-1.05687312368586,1.62721647706351,0.65,0.97,0.62,"no"
0.3,-0.1,0,0.2,0.3,0,0.9,0.293466108387104,0.970787010802596,-1.56454836767704,2.13105467654739,0.59,1,0.59,"no"
0.3,-0.1,0,0.2,0.3,0,1,0.292829045290389,1.06385718833878,-1.74150230042841,2.30881130617092,0.59,1,0.59,"no"
0.3,-0.1,0,0.2,0.3,0.5,0.3,0.2972884869674,0.470394990290111,-0.635683362971901,1.18882896970287,0.77,0,0,"no"
0.3,-0.1,0,0.2,0.3,0.5,0.6,0.295377297677252,0.70055290201625,-1.06644138568244,1.62211635581434,0.65,0.98,0.63,"no"
0.3,-0.1,0,0.2,0.3,0.5,0.9,0.293466108387104,0.96927728324855,-1.57503790127296,2.12641345423422,0.59,1,0.59,"no"
0.3,-0.1,0,0.2,0.3,0.5,1,0.292829045290389,1.06250872113411,-1.75112900091641,2.30287948831722,0.59,1,0.59,"no"
0.3,-0.1,0,0.3,0.1,-0.5,0.3,0.296888325096173,0.443648317780925,-0.523679033542079,1.15928380604741,0.69,0,0,"no"
0.3,-0.1,0,0.3,0.1,-0.5,0.6,0.294977135806026,0.684343592816422,-0.990597646407559,1.58796289567518,0.65,0.97,0.62,"no"
0.3,-0.1,0,0.3,0.1,-0.5,0.9,0.293065946515878,0.958722887839996,-1.536086107642,2.10372323247905,0.6,1,0.6,"no"
0.3,-0.1,0,0.3,0.1,-0.5,1,0.292428883419162,1.05322700182426,-1.72300511295549,2.28760764404626,0.58,1,0.58,"no"
0.3,-0.1,0,0.3,0.1,0,0.3,0.296888325096173,0.443335870134698,-0.552687653473461,1.14344665415889,0.69,0,0,"no"
0.3,-0.1,0,0.3,0.1,0,0.6,0.294977135806026,0.684010272215556,-1.00562813489046,1.57686427170144,0.65,0.97,0.62,"no"
0.3,-0.1,0,0.3,0.1,0,0.9,0.293065946515878,0.958397527778088,-1.53899136935355,2.10125812594976,0.6,1,0.6,"no"
0.3,-0.1,0,0.3,0.1,0,1,0.292428883419162,1.05290479924115,-1.72239633925745,2.28038780764283,0.58,1,0.58,"no"
0.3,-0.1,0,0.3,0.1,0.5,0.3,0.296888325096173,0.44299045921617,-0.576722451291134,1.12220616876716,0.69,0,0,"no"
0.3,-0.1,0,0.3,0.1,0.5,0.6,0.294977135806026,0.683832324352783,-1.0189812020899,1.56874124380366,0.65,0.97,0.62,"no"
0.3,-0.1,0,0.3,0.1,0.5,0.9,0.293065946515878,0.958301031775882,-1.54521697897244,2.09124024712239,0.6,1,0.6,"no"
0.3,-0.1,0,0.3,0.1,0.5,1,0.292428883419162,1.05282602491191,-1.72807075525194,2.26986006921362,0.58,1,0.58,"no"
0.3,-0.1,0,0.3,0.2,-0.5,0.3,0.296888325096173,0.475066890633839,-0.571402909296338,1.23357533812713,0.69,0,0,"no"
0.3,-0.1,0,0.3,0.2,-0.5,0.6,0.294977135806026,0.704675870343462,-1.02433315294612,1.6350173443167,0.65,0.99,0.64,"no"
0.3,-0.1,0,0.3,0.2,-0.5,0.9,0.293065946515878,0.973016105572481,-1.55600787815048,2.13175531400335,0.6,1,0.6,"no"
0.3,-0.1,0,0.3,0.2,-0.5,1,0.292428883419162,1.06615452275617,-1.73997043081437,2.30656758424398,0.58,1,0.58,"no"
0.3,-0.1,0,0.3,0.2,0,0.3,0.296888325096173,0.474252559378369,-0.600814535825477,1.20275610191754,0.69,0,0,"no"
0.3,-0.1,0,0.3,0.2,0,0.6,0.294977135806026,0.703867398820247,-1.04053313640463,1.61620858569694,0.65,1,0.65,"no"
0.3,-0.1,0,0.3,0.2,0,0.9,0.293065946515878,0.972256908986531,-1.56081405764215,2.12066609342408,0.6,1,0.6,"no"
0.3,-0.1,0,0.3,0.2,0,1,0.292428883419162,1.06541007883009,-1.74027387587265,2.29961261506504,0.58,1,0.58,"no"
0.3,-0.1,0,0.3,0.2,0.5,0.3,0.296888325096173,0.47273912425937,-0.637093505959398,1.17853635544301,0.69,0,0,"no"
0.3,-0.1,0,0.3,0.2,0.5,0.6,0.294977135806026,0.702956364328969,-1.07048374680257,1.60124424837322,0.65,0.99,0.64,"no"
0.3,-0.1,0,0.3,0.2,0.5,0.9,0.293065946515878,0.971663020644551,-1.58209534725942,2.11543351601658,0.6,1,0.6,"no"
0.3,-0.1,0,0.3,0.2,0.5,1,0.292428883419162,1.06488699771227,-1.75764221403262,2.29615619665971,0.58,1,0.58,"no"
0.3,-0.1,0,0.3,0.3,-0.5,0.3,0.296888325096173,0.523684940583776,-0.671166094377242,1.33910292455614,0.69,0.03,0.02,"no"
0.3,-0.1,0,0.3,0.3,-0.5,0.6,0.294977135806026,0.737959971291526,-1.09078016523024,1.70493604909808,0.65,1,0.65,"no"
0.3,-0.1,0,0.3,0.3,-0.5,0.9,0.293065946515878,0.997091301164497,-1.60452097992435,2.17487491280687,0.6,1,0.6,"no"
0.3,-0.1,0,0.3,0.3,-0.5,1,0.292428883419162,1.08807758905447,-1.78043754945803,2.34471851908867,0.58,1,0.58,"no"
0.3,-0.1,0,0.3,0.3,0,0.3,0.296888325096173,0.522259276716504,-0.701412568933105,1.29926121283253,0.69,0.03,0.03,"no"
0.3,-0.1,0,0.3,0.3,0,0.6,0.294977135806026,0.736568751683244,-1.10644116648506,1.679478574058,0.65,1,0.65,"no"
0.3,-0.1,0,0.3,0.3,0,0.9,0.293065946515878,0.995804678147983,-1.60730110672573,2.17028172067192,0.6,1,0.6,"no"
0.3,-0.1,0,0.3,0.3,0,1,0.292428883419162,1.08682246879361,-1.78465671081,2.34275397122758,0.58,1,0.58,"no"
0.3,-0.1,0,0.3,0.3,0.5,0.3,0.296888325096173,0.519000780759886,-0.723071557968296,1.27435292886015,0.69,0.02,0.02,"no"
0.3,-0.1,0,0.3,0.3,0.5,0.6,0.294977135806026,0.734443199224405,-1.13227279461911,1.67179681195419,0.65,1,0.65,"no"
0.3,-0.1,0,0.3,0.3,0.5,0.9,0.293065946515878,0.994338815537554,-1.62961314413828,2.15921556877758,0.6,1,0.6,"no"
0.3,-0.1,0,0.3,0.3,0.5,1,0.292428883419162,1.0855090500545,-1.80095295833246,2.33172505080735,0.58,1,0.58,"no"
0.3,0,0,0.1,0.1,-0.5,0.3,0.297688648838626,0.330227712932657,-0.334086789426555,0.918540639089936,0.77,0,0,"no"
0.3,0,0,0.1,0.1,-0.5,0.6,0.295777459548478,0.614916170294206,-0.882881770036414,1.4582096385105,0.67,0.58,0.37,"no"
0.3,0,0,0.1,0.1,-0.5,0.9,0.293866270258331,0.909178783149714,-1.45462787630908,2.01255299471957,0.64,1,0.64,"no"
0.3,0,0,0.1,0.1,-0.5,1,0.293229207161615,1.00795417505795,-1.64505929891391,2.2012084177886,0.63,1,0.63,"no"
0.3,0,0,0.1,0.1,0,0.3,0.297688648838626,0.329823142240748,-0.332061566252341,0.920534817905481,0.77,0,0,"no"
0.3,0,0,0.1,0.1,0,0.6,0.295777459548478,0.614567108094264,-0.881237474253203,1.4594320354278,0.67,0.56,0.37,"no"
0.3,0,0,0.1,0.1,0,0.9,0.293866270258331,0.908854493863011,-1.44651937626877,2.01919015470935,0.64,1,0.64,"no"
0.3,0,0,0.1,0.1,0,1,0.293229207161615,1.00763515447771,-1.63634513858551,2.20800719462463,0.63,1,0.63,"no"
0.3,0,0,0.1,0.1,0.5,0.3,0.297688648838626,0.329324634766048,-0.333071197163809,0.918031426612061,0.77,0,0,"no"
0.3,0,0,0.1,0.1,0.5,0.6,0.295777459548478,0.614349817077154,-0.876611598125954,1.46273877629925,0.67,0.54,0.34,"no"
0.3,0,0,0.1,0.1,0.5,0.9,0.293866270258331,0.908739041707212,-1.4399736050825,2.02669336421907,0.64,1,0.64,"no"
0.3,0,0,0.1,0.1,0.5,1,0.293229207161615,1.00754036873734,-1.62985979533502,2.21382704195213,0.63,1,0.63,"no"
0.3,0,0,0.1,0.2,-0.5,0.3,0.297688648838626,0.371616581686334,-0.418391923946402,1.00423263973502,0.77,0,0,"no"
0.3,0,0,0.1,0.2,-0.5,0.6,0.295777459548478,0.637648058715122,-0.931416929835436,1.49879322820093,0.67,0.79,0.51,"no"
0.3,0,0,0.1,0.2,-0.5,0.9,0.293866270258331,0.924364474708045,-1.47789066610497,2.04040153647498,0.64,1,0.64,"no"
0.3,0,0,0.1,0.2,-0.5,1,0.293229207161615,1.02156850194713,-1.66460791734066,2.22578979754589,0.63,1,0.63,"no"
0.3,0,0,0.1,0.2,0,0.3,0.297688648838626,0.370597983324334,-0.422712612352754,1.00706070105159,0.77,0,0,"no"
0.3,0,0,0.1,0.2,0,0.6,0.295777459548478,0.636791354958781,-0.924342497303726,1.51103615789178,0.67,0.8,0.51,"no"
0.3,0,0,0.1,0.2,0,0.9,0.293866270258331,0.923600040633006,-1.47069359428905,2.04437382770354,0.64,1,0.64,"no"
0.3,0,0,0.1,0.2,0,1,0.293229207161615,1.02082468108697,-1.65747126930259,2.22686511850875,0.63,1,0.63,"no"
0.3,0,0,0.1,0.2,0.5,0.3,0.297688648838626,0.368618135210722,-0.417891929386578,1.00875708720306,0.77,0,0,"no"
0.3,0,0,0.1,0.2,0.5,0.6,0.295777459548478,0.635754277561712,-0.921467561191146,1.50869729396503,0.67,0.74,0.47,"no"
0.3,0,0,0.1,0.2,0.5,0.9,0.293866270258331,0.922950953518141,-1.47253068934488,2.05501140908202,0.64,1,0.64,"no"
0.3,0,0,0.1,0.2,0.5,1,0.293229207161615,1.02025651681864,-1.65841708983789,2.24098099967556,0.63,1,0.63,"no"
0.3,0,0,0.1,0.3,-0.5,0.3,0.297688648838626,0.432193301564858,-0.537798589760187,1.12875165290248,0.77,0,0,"no"
0.3,0,0,0.1,0.3,-0.5,0.6,0.295777459548478,0.674422747742992,-1.00862607736898,1.56965816951505,0.67,0.91,0.59,"no"
0.3,0,0,0.1,0.3,-0.5,0.9,0.293866270258331,0.949802466231118,-1.54070595466609,2.08830334476432,0.64,1,0.64,"no"
0.3,0,0,0.1,0.3,-0.5,1,0.293229207161615,1.04454464508692,-1.72416381753343,2.26881305524302,0.63,1,0.63,"no"
0.3,0,0,0.1,0.3,0,0.3,0.297688648838626,0.430523617690314,-0.549144147451795,1.12812323703571,0.77,0,0,"no"
0.3,0,0,0.1,0.3,0,0.6,0.295777459548478,0.672952597421336,-1.00674365346588,1.58130819501956,0.67,0.92,0.62,"no"
0.3,0,0,0.1,0.3,0,0.9,0.293866270258331,0.948501281735048,-1.52688152784899,2.10284806491473,0.64,1,0.64,"no"
0.3,0,0,0.1,0.3,0,1,0.293229207161615,1.04328476209957,-1.70637608677912,2.27759162423113,0.63,1,0.63,"no"
0.3,0,0,0.1,0.3,0.5,0.3,0.297688648838626,0.426522074922465,-0.534240781958104,1.12228756523578,0.77,0,0,"no"
0.3,0,0,0.1,0.3,0.5,0.6,0.295777459548478,0.67058867046727,-0.991483761067751,1.58389304352213,0.67,0.91,0.61,"no"
0.3,0,0,0.1,0.3,0.5,0.9,0.293866270258331,0.946930336778494,-1.5182964839936,2.10456672270186,0.64,1,0.64,"no"
0.3,0,0,0.1,0.3,0.5,1,0.293229207161615,1.04188632812072,-1.70164473746395,2.28397201204217,0.63,1,0.63,"no"
0.3,0,0,0.2,0.1,-0.5,0.3,0.2972884869674,0.371541450118645,-0.404835411275858,0.997948878998434,0.77,0,0,"no"
0.3,0,0,0.2,0.1,-0.5,0.6,0.295377297677252,0.638545394605872,-0.92261571820549,1.4995913377082,0.65,0.78,0.48,"no"
0.3,0,0,0.2,0.1,-0.5,0.9,0.293466108387104,0.925643910694917,-1.48422506483126,2.04523601876394,0.59,1,0.59,"no"
0.3,0,0,0.2,0.1,-0.5,1,0.292829045290389,1.02292586406678,-1.67187743081551,2.2272373284461,0.59,1,0.59,"no"
0.3,0,0,0.2,0.1,0,0.3,0.2972884869674,0.371200262494989,-0.402136848706017,0.992593201842935,0.77,0,0,"no"
0.3,0,0,0.2,0.1,0,0.6,0.295377297677252,0.638216689964993,-0.923011383004055,1.49879784749732,0.65,0.79,0.49,"no"
0.3,0,0,0.2,0.1,0,0.9,0.293466108387104,0.92532968696118,-1.48043979062385,2.04494928022671,0.59,1,0.59,"no"
0.3,0,0,0.2,0.1,0,1,0.292829045290389,1.02261526419534,-1.66793546270362,2.22737762139392,0.59,1,0.59,"no"
0.3,0,0,0.2,0.1,0.5,0.3,0.2972884869674,0.370753544978671,-0.408205560083647,0.996763349590674,0.77,0,0,"no"
0.3,0,0,0.2,0.1,0.5,0.6,0.295377297677252,0.638011501201463,-0.921085133026519,1.49510628190611,0.65,0.8,0.51,"no"
0.3,0,0,0.2,0.1,0.5,0.9,0.293466108387104,0.925220283681688,-1.47610863796616,2.04505990184148,0.59,1,0.59,"no"
0.3,0,0,0.2,0.1,0.5,1,0.292829045290389,1.02252565522196,-1.66322254349978,2.23103074393169,0.59,1,0.59,"no"
0.3,0,0,0.2,0.2,-0.5,0.3,0.2972884869674,0.408799765012117,-0.480899868770187,1.07754349253777,0.77,0,0,"no"
0.3,0,0,0.2,0.2,-0.5,0.6,0.295377297677252,0.660455425865313,-0.968173578853109,1.53708127817987,0.65,0.92,0.58,"no"
0.3,0,0,0.2,0.2,-0.5,0.9,0.293466108387104,0.940554539399532,-1.50772007875202,2.06613307750545,0.59,1,0.59,"no"
0.3,0,0,0.2,0.2,-0.5,1,0.292829045290389,1.03633482791374,-1.69248988401954,2.24926170634285,0.59,1,0.59,"no"
0.3,0,0,0.2,0.2,0,0.3,0.2972884869674,0.407919667048364,-0.480182957568424,1.07580104610987,0.77,0,0,"no"
0.3,0,0,0.2,0.2,0,0.6,0.295377297677252,0.659646284481495,-0.964123132504682,1.54106963581096,0.65,0.89,0.58,"no"
0.3,0,0,0.2,0.2,0,0.9,0.293466108387104,0.939812822156238,-1.50554890754832,2.06958532701007,0.59,1,0.59,"no"
0.3,0,0,0.2,0.2,0,1,0.292829045290389,1.03560978448567,-1.69069995753538,2.25226287098761,0.59,1,0.59,"no"
0.3,0,0,0.2,0.2,0.5,0.3,0.2972884869674,0.406104746682511,-0.482985850427744,1.08256261253888,0.77,0,0,"no"
0.3,0,0,0.2,0.2,0.5,0.6,0.295377297677252,0.658649269532096,-0.966142394327619,1.53606285322412,0.65,0.89,0.58,"no"
0.3,0,0,0.2,0.2,0.5,0.9,0.293466108387104,0.939181344986783,-1.5016598293989,2.0662703486701,0.59,1,0.59,"no"
0.3,0,0,0.2,0.2,0.5,1,0.292829045290389,1.03505610582721,-1.68460168777587,2.2511770764341,0.59,1,0.59,"no"
0.3,0,0,0.2,0.3,-0.5,0.3,0.2972884869674,0.464610090940428,-0.597031864881906,1.19427899099258,0.77,0,0,"no"
0.3,0,0,0.2,0.3,-0.5,0.6,0.295377297677252,0.69602222490399,-1.04072499474787,1.60950174520602,0.65,0.98,0.63,"no"
0.3,0,0,0.2,0.3,-0.5,0.9,0.293466108387104,0.965557372034763,-1.55983644486018,2.11239237388788,0.59,1,0.59,"no"
0.3,0,0,0.2,0.3,-0.5,1,0.292829045290389,1.0589820703853,-1.74111144820701,2.28720335092841,0.59,1,0.59,"no"
0.3,0,0,0.2,0.3,0,0.3,0.2972884869674,0.463118908614384,-0.605460852056823,1.18676911799631,0.77,0,0,"no"
0.3,0,0,0.2,0.3,0,0.6,0.295377297677252,0.694626416430777,-1.04118659013042,1.61511735824126,0.65,0.96,0.62,"no"
0.3,0,0,0.2,0.3,0,0.9,0.293466108387104,0.964292677604656,-1.55303782024802,2.13138402068086,0.59,1,0.59,"no"
0.3,0,0,0.2,0.3,0,1,0.292829045290389,1.0577523187598,-1.72957256572722,2.3027368746262,0.59,1,0.59,"no"
0.3,0,0,0.2,0.3,0.5,0.3,0.2972884869674,0.459374617501966,-0.59217745970346,1.18682277071164,0.77,0,0,"no"
0.3,0,0,0.2,0.3,0.5,0.6,0.295377297677252,0.692338268880102,-1.04380722460355,1.62050416370511,0.65,0.98,0.63,"no"
0.3,0,0,0.2,0.3,0.5,0.9,0.293466108387104,0.962754965058457,-1.55091615782044,2.12196588432813,0.59,1,0.59,"no"
0.3,0,0,0.2,0.3,0.5,1,0.292829045290389,1.05638089600857,-1.73124237733873,2.29704031219968,0.59,1,0.59,"no"
0.3,0,0,0.3,0.1,-0.5,0.3,0.296888325096173,0.431137683272847,-0.512867965218395,1.1183781995048,0.69,0,0,"no"
0.3,0,0,0.3,0.1,-0.5,0.6,0.294977135806026,0.675488487782358,-0.986026851535221,1.56654051560018,0.65,0.96,0.62,"no"
0.3,0,0,0.3,0.1,-0.5,0.9,0.293065946515878,0.951835007779825,-1.52558329797695,2.09503619074799,0.6,1,0.6,"no"
0.3,0,0,0.3,0.1,-0.5,1,0.292428883419162,1.04678202458678,-1.71222129958812,2.2749783459246,0.58,1,0.58,"no"
0.3,0,0,0.3,0.1,0,0.3,0.296888325096173,0.430855928228265,-0.514866324054737,1.11272216011154,0.69,0,0,"no"
0.3,0,0,0.3,0.1,0,0.6,0.294977135806026,0.675185185562906,-0.982058174783434,1.5575341450595,0.65,0.96,0.62,"no"
0.3,0,0,0.3,0.1,0,0.9,0.293065946515878,0.951534038617515,-1.52623296968088,2.08833219777408,0.6,1,0.6,"no"
0.3,0,0,0.3,0.1,0,1,0.292428883419162,1.04648254958495,-1.71174615083859,2.26856063813106,0.58,1,0.58,"no"
0.3,0,0,0.3,0.1,0.5,0.3,0.296888325096173,0.430463339355793,-0.521383253337884,1.1172185279213,0.69,0,0,"no"
0.3,0,0,0.3,0.1,0.5,0.6,0.294977135806026,0.674992704630635,-0.986831369884125,1.55820612147915,0.65,0.97,0.62,"no"
0.3,0,0,0.3,0.1,0.5,0.9,0.293065946515878,0.951430628050633,-1.52782699885054,2.08553030468327,0.6,1,0.6,"no"
0.3,0,0,0.3,0.1,0.5,1,0.292428883419162,1.04639800900472,-1.71300634590583,2.26467817777657,0.58,1,0.58,"no"
0.3,0,0,0.3,0.2,-0.5,0.3,0.296888325096173,0.463686080195707,-0.577453069116475,1.18598019707089,0.69,0,0,"no"
0.3,0,0,0.3,0.2,-0.5,0.6,0.294977135806026,0.696236890881591,-1.02849142946184,1.59875879176102,0.65,0.98,0.63,"no"
0.3,0,0,0.3,0.2,-0.5,0.9,0.293065946515878,0.966335586807513,-1.55011691388972,2.1104843114196,0.6,1,0.6,"no"
0.3,0,0,0.3,0.2,-0.5,1,0.292428883419162,1.05988297652606,-1.73460686991137,2.28913761628722,0.58,1,0.58,"no"
0.3,0,0,0.3,0.2,0,0.3,0.296888325096173,0.46294751123493,-0.582434586892419,1.18062664423657,0.69,0,0,"no"
0.3,0,0,0.3,0.2,0,0.6,0.294977135806026,0.695489295070168,-1.02237002368866,1.59577932674246,0.65,0.98,0.63,"no"
0.3,0,0,0.3,0.2,0,0.9,0.293065946515878,0.965624796687006,-1.54705097138225,2.11156921923313,0.6,1,0.6,"no"
0.3,0,0,0.3,0.2,0,1,0.292428883419162,1.05918356321733,-1.73256513043523,2.2899503932153,0.58,1,0.58,"no"
0.3,0,0,0.3,0.2,0.5,0.3,0.296888325096173,0.461324820822496,-0.584662146293924,1.18633719868576,0.69,0,0,"no"
0.3,0,0,0.3,0.2,0.5,0.6,0.294977135806026,0.694541850949498,-1.03058844471306,1.60166216190707,0.65,0.98,0.63,"no"
0.3,0,0,0.3,0.2,0.5,0.9,0.293065946515878,0.965014022500106,-1.54734850266583,2.10549669186611,0.6,1,0.6,"no"
0.3,0,0,0.3,0.2,0.5,1,0.292428883419162,1.05864658631895,-1.72886912863082,2.28412973114006,0.58,1,0.58,"no"
0.3,0,0,0.3,0.3,-0.5,0.3,0.296888325096173,0.513652751580955,-0.683895056721715,1.28651859796731,0.69,0.03,0.02,"no"
0.3,0,0,0.3,0.3,-0.5,0.6,0.294977135806026,0.730069582044035,-1.09428509858483,1.67367538176393,0.65,1,0.65,"no"
0.3,0,0,0.3,0.3,-0.5,0.9,0.293065946515878,0.99068313879797,-1.60226036827966,2.15562191726981,0.6,1,0.6,"no"
0.3,0,0,0.3,0.3,-0.5,1,0.292428883419162,1.08203179595134,-1.77803898929686,2.32571535639545,0.58,1,0.58,"no"
0.3,0,0,0.3,0.3,0,0.3,0.296888325096173,0.512363439427604,-0.69143137026583,1.27944645405368,0.69,0.01,0.01,"no"
0.3,0,0,0.3,0.3,0,0.6,0.294977135806026,0.728773166474737,-1.08898662587754,1.67501242303407,0.65,1,0.65,"no"
0.3,0,0,0.3,0.3,0,0.9,0.293065946515878,0.989469426722243,-1.59618469875702,2.16160445371644,0.6,1,0.6,"no"
0.3,0,0,0.3,0.3,0,1,0.292428883419162,1.08084423497893,-1.77185866881564,2.33174402088965,0.58,1,0.58,"no"
0.3,0,0,0.3,0.3,0.5,0.3,0.296888325096173,0.508943731250329,-0.681767275653776,1.28285219451211,0.69,0.02,0.02,"no"
0.3,0,0,0.3,0.3,0.5,0.6,0.294977135806026,0.726585002942832,-1.10132471746107,1.6800924015817,0.65,1,0.65,"no"
0.3,0,0,0.3,0.3,0.5,0.9,0.293065946515878,0.987973904298143,-1.59921359149143,2.15409427983618,0.6,1,0.6,"no"
0.3,0,0,0.3,0.3,0.5,1,0.292428883419162,1.0795064984875,-1.77378181066229,2.32523712047697,0.58,1,0.58,"no"
0.3,0.1,0,0.1,0.1,-0.5,0.3,0.297688648838626,0.343615982179202,-0.375149123244973,0.942186355168262,0.77,0,0,"no"
0.3,0.1,0,0.1,0.1,-0.5,0.6,0.295777459548478,0.621301418705387,-0.90721615685424,1.47069462749924,0.67,0.65,0.41,"no"
0.3,0.1,0,0.1,0.1,-0.5,0.9,0.293866270258331,0.912889484181106,-1.46538076430782,2.02168803364289,0.64,1,0.64,"no"
0.3,0.1,0,0.1,0.1,-0.5,1,0.293229207161615,1.01111573959392,-1.65405034921288,2.20864719199406,0.63,1,0.63,"no"
0.3,0.1,0,0.1,0.1,0,0.3,0.297688648838626,0.343299164215675,-0.367327369145033,0.951907916478523,0.77,0,0,"no"
0.3,0.1,0,0.1,0.1,0,0.6,0.295777459548478,0.620999904217036,-0.900426864199438,1.47476468054016,0.67,0.64,0.4,"no"
0.3,0.1,0,0.1,0.1,0,0.9,0.293866270258331,0.912597062856894,-1.46161581261024,2.02794629634361,0.64,1,0.64,"no"
0.3,0.1,0,0.1,0.1,0,1,0.293229207161615,1.01082538946706,-1.65038753736421,2.21534942466293,0.63,1,0.63,"no"
0.3,0.1,0,0.1,0.1,0.5,0.3,0.297688648838626,0.342806266683811,-0.352916393824662,0.964853599288389,0.77,0,0,"no"
0.3,0.1,0,0.1,0.1,0.5,0.6,0.295777459548478,0.620779242469822,-0.89257775217636,1.47836364528422,0.67,0.61,0.37,"no"
0.3,0.1,0,0.1,0.1,0.5,0.9,0.293866270258331,0.912478424191144,-1.45546024981391,2.03330393269303,0.64,1,0.64,"no"
0.3,0.1,0,0.1,0.1,0.5,1,0.293229207161615,1.01072760293777,-1.64384375974402,2.22095229411597,0.63,1,0.63,"no"
0.3,0.1,0,0.1,0.2,-0.5,0.3,0.297688648838626,0.383792386031181,-0.45848560684359,1.02026880220693,0.77,0,0,"no"
0.3,0.1,0,0.1,0.2,-0.5,0.6,0.295777459548478,0.643951207169453,-0.951923315553542,1.51816245689743,0.67,0.82,0.51,"no"
0.3,0.1,0,0.1,0.2,-0.5,0.9,0.293866270258331,0.928114953738249,-1.49746650273938,2.05074348122765,0.64,1,0.64,"no"
0.3,0.1,0,0.1,0.2,-0.5,1,0.293229207161615,1.02477916609952,-1.68433551281088,2.23175861131836,0.63,1,0.63,"no"
0.3,0.1,0,0.1,0.2,0,0.3,0.297688648838626,0.38294498114854,-0.445991900968961,1.03082030393671,0.77,0,0,"no"
0.3,0.1,0,0.1,0.2,0,0.6,0.295777459548478,0.643188173276542,-0.946258979136184,1.51618124965821,0.67,0.81,0.51,"no"
0.3,0.1,0,0.1,0.2,0,0.9,0.293866270258331,0.92741340445067,-1.48678534064442,2.0546189481329,0.64,1,0.64,"no"
0.3,0.1,0,0.1,0.2,0,1,0.293229207161615,1.02409194761891,-1.67426693988331,2.23914404894236,0.63,1,0.63,"no"
0.3,0.1,0,0.1,0.2,0.5,0.3,0.297688648838626,0.381000100581184,-0.430367663711446,1.03675340733405,0.77,0,0,"no"
0.3,0.1,0,0.1,0.2,0.5,0.6,0.295777459548478,0.642149209538832,-0.928488047475387,1.52394314032111,0.67,0.79,0.5,"no"
0.3,0.1,0,0.1,0.2,0.5,0.9,0.293866270258331,0.926759398908224,-1.47736740960173,2.06627935301197,0.64,1,0.64,"no"
0.3,0.1,0,0.1,0.2,0.5,1,0.293229207161615,1.02351882127328,-1.66702782056691,2.25019114110657,0.63,1,0.63,"no"
0.3,0.1,0,0.1,0.3,-0.5,0.3,0.297688648838626,0.442933641878245,-0.578350801587473,1.1329023729273,0.77,0,0,"no"
0.3,0.1,0,0.1,0.3,-0.5,0.6,0.295777459548478,0.680528458838879,-1.02549349550758,1.5851074788459,0.67,0.95,0.62,"no"
0.3,0.1,0,0.1,0.3,-0.5,0.9,0.293866270258331,0.95355407734521,-1.55096078614281,2.10348372887879,0.64,1,0.64,"no"
0.3,0.1,0,0.1,0.3,-0.5,1,0.293229207161615,1.04777677343111,-1.7278241889958,2.27853831758201,0.63,1,0.63,"no"
0.3,0.1,0,0.1,0.3,0,0.3,0.297688648838626,0.44151053944885,-0.565049052457072,1.14417404122651,0.77,0,0,"no"
0.3,0.1,0,0.1,0.3,0,0.6,0.295777459548478,0.679197399610263,-1.02028423633379,1.59296361096573,0.67,0.95,0.63,"no"
0.3,0.1,0,0.1,0.3,0,0.9,0.293866270258331,0.952346480221403,-1.54365380270367,2.1044339079312,0.64,1,0.64,"no"
0.3,0.1,0,0.1,0.3,0,1,0.293229207161615,1.04660112914273,-1.72360135535504,2.28221251442012,0.63,1,0.63,"no"
0.3,0.1,0,0.1,0.3,0.5,0.3,0.297688648838626,0.43756797098229,-0.541631008785351,1.15459875448076,0.77,0,0,"no"
0.3,0.1,0,0.1,0.3,0.5,0.6,0.295777459548478,0.676834852508856,-1.00776470033914,1.59716809406769,0.67,0.96,0.64,"no"
0.3,0.1,0,0.1,0.3,0.5,0.9,0.293866270258331,0.950769586617819,-1.51888924609519,2.1158020416944,0.64,1,0.64,"no"
0.3,0.1,0,0.1,0.3,0.5,1,0.293229207161615,1.0451962829357,-1.69982856349203,2.29663964046701,0.63,1,0.63,"no"
0.3,0.1,0,0.2,0.1,-0.5,0.3,0.2972884869674,0.38351835137463,-0.448757118904707,1.00570338715936,0.77,0,0,"no"
0.3,0.1,0,0.2,0.1,-0.5,0.6,0.295377297677252,0.644706193982911,-0.944011117430015,1.5099618464242,0.65,0.85,0.53,"no"
0.3,0.1,0,0.2,0.1,-0.5,0.9,0.293466108387104,0.929295445467254,-1.49589566587665,2.05348680849039,0.59,1,0.59,"no"
0.3,0.1,0,0.2,0.1,-0.5,1,0.292829045290389,1.02604735062453,-1.68183097442787,2.23539678486755,0.59,1,0.59,"no"
0.3,0.1,0,0.2,0.1,0,0.3,0.2972884869674,0.383237937788017,-0.431739393555206,1.02847022553813,0.77,0,0,"no"
0.3,0.1,0,0.2,0.1,0,0.6,0.295377297677252,0.64441992968142,-0.93521750196923,1.51134435933447,0.65,0.85,0.53,"no"
0.3,0.1,0,0.2,0.1,0,0.9,0.293466108387104,0.929011452334501,-1.49179716392757,2.05508600075558,0.59,1,0.59,"no"
0.3,0.1,0,0.2,0.1,0,1,0.292829045290389,1.02576421259068,-1.67827585586358,2.23733110533479,0.59,1,0.59,"no"
0.3,0.1,0,0.2,0.1,0.5,0.3,0.2972884869674,0.382780216720376,-0.417451375064756,1.04837800050916,0.77,0,0,"no"
0.3,0.1,0,0.2,0.1,0.5,0.6,0.295377297677252,0.644208719627509,-0.929781998519142,1.52044713837839,0.65,0.85,0.53,"no"
0.3,0.1,0,0.2,0.1,0.5,0.9,0.293466108387104,0.928898074071954,-1.48667979127678,2.05479638544776,0.59,1,0.59,"no"
0.3,0.1,0,0.2,0.1,0.5,1,0.292829045290389,1.02567103397302,-1.67357074003511,2.2391035419009,0.59,1,0.59,"no"
0.3,0.1,0,0.2,0.2,-0.5,0.3,0.2972884869674,0.419926440585596,-0.529866184724748,1.07602567543789,0.77,0,0,"no"
0.3,0.1,0,0.2,0.2,-0.5,0.6,0.295377297677252,0.666552619823494,-0.990701487360454,1.553131378742,0.65,0.92,0.58,"no"
0.3,0.1,0,0.2,0.2,-0.5,0.9,0.293466108387104,0.944247144184924,-1.52346819600105,2.08039808708124,0.59,1,0.59,"no"
0.3,0.1,0,0.2,0.2,-0.5,1,0.292829045290389,1.03950577783858,-1.70782800439036,2.260497108743,0.59,1,0.59,"no"
0.3,0.1,0,0.2,0.2,0,0.3,0.2972884869674,0.419171939393614,-0.511075919564364,1.09768663142524,0.77,0,0,"no"
0.3,0.1,0,0.2,0.2,0,0.6,0.295377297677252,0.665827415295939,-0.982264997987388,1.55908255397539,0.65,0.93,0.6,"no"
0.3,0.1,0,0.2,0.2,0,0.9,0.293466108387104,0.943565111716714,-1.51372038932,2.07678885898679,0.59,1,0.59,"no"
0.3,0.1,0,0.2,0.2,0,1,0.292829045290389,1.03883496687334,-1.69874086801177,2.25620345280652,0.59,1,0.59,"no"
0.3,0.1,0,0.2,0.2,0.5,0.3,0.2972884869674,0.417359525004815,-0.489826512873548,1.12156773721742,0.77,0,0,"no"
0.3,0.1,0,0.2,0.2,0.5,0.6,0.295377297677252,0.664823068174119,-0.96684994412022,1.57083023191529,0.65,0.94,0.61,"no"
0.3,0.1,0,0.2,0.2,0.5,0.9,0.293466108387104,0.942927108724212,-1.50587829602435,2.08315977731338,0.59,1,0.59,"no"
0.3,0.1,0,0.2,0.2,0.5,1,0.292829045290389,1.03827517058514,-1.69002810533826,2.26169566910307,0.59,1,0.59,"no"
0.3,0.1,0,0.2,0.3,-0.5,0.3,0.2972884869674,0.474636597429563,-0.645490516879996,1.18564155759957,0.77,0,0,"no"
0.3,0.1,0,0.2,0.3,-0.5,0.6,0.295377297677252,0.701948901843182,-1.05873297227375,1.61264710030143,0.65,0.99,0.64,"no"
0.3,0.1,0,0.2,0.3,-0.5,0.9,0.293466108387104,0.969254021258275,-1.5764707134592,2.12819429715459,0.59,1,0.59,"no"
0.3,0.1,0,0.2,0.3,-0.5,1,0.292829045290389,1.06217580568439,-1.75015694861432,2.30115659530173,0.59,1,0.59,"no"
0.3,0.1,0,0.2,0.3,0,0.3,0.2972884869674,0.473339448608762,-0.62295459440445,1.20471759213181,0.77,0,0,"no"
0.3,0.1,0,0.2,0.3,0,0.6,0.295377297677252,0.700678724118054,-1.05823609077837,1.63306757346152,0.65,0.98,0.63,"no"
0.3,0.1,0,0.2,0.3,0,0.9,0.293466108387104,0.968078262121893,-1.56989977079278,2.13085900568718,0.59,1,0.59,"no"
0.3,0.1,0,0.2,0.3,0,1,0.292829045290389,1.06102682326612,-1.7473901775329,2.30730836193286,0.59,1,0.59,"no"
0.3,0.1,0,0.2,0.3,0.5,0.3,0.2972884869674,0.469615787087111,-0.596451616464912,1.22488424931773,0.77,0,0,"no"
0.3,0.1,0,0.2,0.3,0.5,0.6,0.295377297677252,0.698384095407699,-1.04417887227696,1.64287203021398,0.65,0.98,0.63,"no"
0.3,0.1,0,0.2,0.3,0.5,0.9,0.293466108387104,0.966532185676185,-1.55081325586366,2.13978165420211,0.59,1,0.59,"no"
0.3,0.1,0,0.2,0.3,0.5,1,0.292829045290389,1.05964724532724,-1.72625887960411,2.31431330149242,0.59,1,0.59,"no"
0.3,0.1,0,0.3,0.1,-0.5,0.3,0.296888325096173,0.441525435983883,-0.55325892287942,1.11847776280473,0.69,0,0,"no"
0.3,0.1,0,0.3,0.1,-0.5,0.6,0.294977135806026,0.681322062326019,-1.00879375602797,1.56713406130437,0.65,0.98,0.63,"no"
0.3,0.1,0,0.3,0.1,-0.5,0.9,0.293065946515878,0.95539109087383,-1.5369621934812,2.09628799819109,0.6,1,0.6,"no"
0.3,0.1,0,0.3,0.1,-0.5,1,0.292428883419162,1.04983696384722,-1.72255743298544,2.27772273339115,0.58,1,0.58,"no"
0.3,0.1,0,0.3,0.1,0,0.3,0.296888325096173,0.44128151291356,-0.536224702058488,1.14258951264903,0.69,0,0,"no"
0.3,0.1,0,0.3,0.1,0,0.6,0.294977135806026,0.681054529509136,-0.99472346580799,1.57476463475568,0.65,0.99,0.64,"no"
0.3,0.1,0,0.3,0.1,0,0.9,0.293065946515878,0.955117963643205,-1.53019830523573,2.09649474214524,0.6,1,0.6,"no"
0.3,0.1,0,0.3,0.1,0,1,0.292428883419162,1.04956315786209,-1.71669044134954,2.2775654977745,0.58,1,0.58,"no"
0.3,0.1,0,0.3,0.1,0.5,0.3,0.296888325096173,0.440865024743954,-0.51876811997071,1.16347098748808,0.69,0,0,"no"
0.3,0.1,0,0.3,0.1,0.5,0.6,0.294977135806026,0.680852652510347,-0.989635994898976,1.58525030171308,0.65,0.99,0.64,"no"
0.3,0.1,0,0.3,0.1,0.5,0.9,0.293065946515878,0.955009404701111,-1.52889853791836,2.0996165856988,0.6,1,0.6,"no"
0.3,0.1,0,0.3,0.1,0.5,1,0.292428883419162,1.04947417582786,-1.713969219107,2.27956816361239,0.58,1,0.58,"no"
0.3,0.1,0,0.3,0.2,-0.5,0.3,0.296888325096173,0.473551879423558,-0.630485550958726,1.17687289237311,0.69,0,0,"no"
0.3,0.1,0,0.3,0.2,-0.5,0.6,0.294977135806026,0.702031285256336,-1.05710354034616,1.60415263741371,0.65,0.99,0.64,"no"
0.3,0.1,0,0.3,0.2,-0.5,0.9,0.293065946515878,0.969934954041034,-1.56567500287449,2.11846144136466,0.6,1,0.6,"no"
0.3,0.1,0,0.3,0.2,-0.5,1,0.292428883419162,1.06298821546703,-1.74643872463923,2.29990500890836,0.58,1,0.58,"no"
0.3,0.1,0,0.3,0.2,0,0.3,0.296888325096173,0.47289691449465,-0.602803958838263,1.20086611379943,0.69,0,0,"no"
0.3,0.1,0,0.3,0.2,0,0.6,0.294977135806026,0.701354889226111,-1.03406917379985,1.61790621784869,0.65,0.99,0.64,"no"
0.3,0.1,0,0.3,0.2,0,0.9,0.293065946515878,0.969279187712246,-1.55225509781598,2.12037830294584,0.6,1,0.6,"no"
0.3,0.1,0,0.3,0.2,0,1,0.292428883419162,1.06233952394386,-1.73722960402163,2.29512958766972,0.58,1,0.58,"no"
0.3,0.1,0,0.3,0.2,0.5,0.3,0.296888325096173,0.471248636635301,-0.578185311684418,1.23610254589736,0.69,0,0,"no"
0.3,0.1,0,0.3,0.2,0.5,0.6,0.294977135806026,0.700393195003032,-1.0232521389441,1.63388219357477,0.65,0.99,0.64,"no"
0.3,0.1,0,0.3,0.2,0.5,0.9,0.293065946515878,0.968659510936011,-1.54783150014498,2.12800401471882,0.6,1,0.6,"no"
0.3,0.1,0,0.3,0.2,0.5,1,0.292428883419162,1.06179466806587,-1.7305115467237,2.30007630543041,0.58,1,0.58,"no"
0.3,0.1,0,0.3,0.3,-0.5,0.3,0.296888325096173,0.522760574871744,-0.738405007392697,1.27032382561916,0.69,0.03,0.02,"no"
0.3,0.1,0,0.3,0.3,-0.5,0.6,0.294977135806026,0.735729864070374,-1.11977427344283,1.66937212821356,0.65,1,0.65,"no"
0.3,0.1,0,0.3,0.3,-0.5,0.9,0.293065946515878,0.994291253906174,-1.61931839648876,2.16746484677856,0.6,1,0.6,"no"
0.3,0.1,0,0.3,0.3,-0.5,1,0.292428883419162,1.08516216976579,-1.79130630614869,2.33729509078027,0.58,1,0.58,"no"
0.3,0.1,0,0.3,0.3,0,0.3,0.296888325096173,0.521611572999218,-0.710386500665986,1.29061698399801,0.69,0.01,0.01,"no"
0.3,0.1,0,0.3,0.3,0,0.6,0.294977135806026,0.734541366633564,-1.11013469606284,1.69380236723099,0.65,1,0.65,"no"
0.3,0.1,0,0.3,0.3,0,0.9,0.293065946515878,0.993159732771874,-1.60590560693534,2.1759587402556,0.6,1,0.6,"no"
0.3,0.1,0,0.3,0.3,0,1,0.292428883419162,1.08405026378394,-1.77978677334936,2.34431172066414,0.58,1,0.58,"no"
0.3,0.1,0,0.3,0.3,0.5,0.3,0.296888325096173,0.51817564867287,-0.678643715368051,1.32932788505585,0.69,0.02,0.02,"no"
0.3,0.1,0,0.3,0.3,0.5,0.6,0.294977135806026,0.732336819047775,-1.09165618335098,1.71288626799562,0.65,1,0.65,"no"
0.3,0.1,0,0.3,0.3,0.5,0.9,0.293065946515878,0.991652337375706,-1.59043242854529,2.18393715384547,0.6,1,0.6,"no"
0.3,0.1,0,0.3,0.3,0.5,1,0.292428883419162,1.08270175963115,-1.76777996333292,2.3534926099002,0.58,1,0.58,"no"
0.3,0.2,0,0.1,0.1,-0.5,0.3,0.297688648838626,0.383438187259192,-0.463070376160648,1.01598945149686,0.77,0,0,"no"
0.3,0.2,0,0.1,0.1,-0.5,0.6,0.295777459548478,0.643301409137421,-0.951823849810491,1.51773508991111,0.67,0.82,0.53,"no"
0.3,0.2,0,0.1,0.1,-0.5,0.9,0.293866270258331,0.927391927687726,-1.4983173521293,2.05498399435722,0.64,1,0.64,"no"
0.3,0.2,0,0.1,0.1,-0.5,1,0.293229207161615,1.02404389298645,-1.68377164838843,2.23800906005424,0.63,1,0.63,"no"
0.3,0.2,0,0.1,0.1,0,0.3,0.297688648838626,0.383213404613638,-0.450839969697534,1.03246181479247,0.77,0,0,"no"
0.3,0.2,0,0.1,0.1,0,0.6,0.295777459548478,0.643052194856843,-0.944207432064175,1.52358417210553,0.67,0.81,0.53,"no"
0.3,0.2,0,0.1,0.1,0,0.9,0.293866270258331,0.927134375934981,-1.49243814870227,2.05817477237733,0.64,1,0.64,"no"
0.3,0.2,0,0.1,0.1,0,1,0.293229207161615,1.02378479857397,-1.67714289277402,2.24077134267655,0.63,1,0.63,"no"
0.3,0.2,0,0.1,0.1,0.5,0.3,0.297688648838626,0.382765341441134,-0.433703338304173,1.049751645212,0.77,0,0,"no"
0.3,0.2,0,0.1,0.1,0.5,0.6,0.295777459548478,0.64283546224156,-0.932966696599549,1.52898489832943,0.67,0.81,0.54,"no"
0.3,0.2,0,0.1,0.1,0.5,0.9,0.293866270258331,0.927014941009768,-1.48480121509852,2.06159293211679,0.64,1,0.64,"no"
0.3,0.2,0,0.1,0.1,0.5,1,0.293229207161615,1.02368578736446,-1.67030470592204,2.24442499211198,0.63,1,0.63,"no"
0.3,0.2,0,0.1,0.2,-0.5,0.3,0.297688648838626,0.419930598533525,-0.549017451174217,1.0827354127182,0.77,0,0,"no"
0.3,0.2,0,0.1,0.2,-0.5,0.6,0.295777459548478,0.665313414741383,-1.00772480627639,1.55931873508114,0.67,0.89,0.57,"no"
0.3,0.2,0,0.1,0.2,-0.5,0.9,0.293866270258331,0.942471911817279,-1.535439521855,2.08450290385922,0.64,1,0.64,"no"
0.3,0.2,0,0.1,0.2,-0.5,1,0.293229207161615,1.03761935790952,-1.71796773374891,2.26254518674908,0.63,1,0.63,"no"
0.3,0.2,0,0.1,0.2,0,0.3,0.297688648838626,0.419255990783111,-0.525173648127655,1.09869801100387,0.77,0,0,"no"
0.3,0.2,0,0.1,0.2,0,0.6,0.295777459548478,0.664652832634893,-0.996752953766594,1.56408180516989,0.67,0.94,0.62,"no"
0.3,0.2,0,0.1,0.2,0,0.9,0.293866270258331,0.941839080527355,-1.52775763979317,2.08596281517127,0.64,1,0.64,"no"
0.3,0.2,0,0.1,0.2,0,1,0.293229207161615,1.03699379640191,-1.70945321193091,2.26809873222521,0.63,1,0.63,"no"
0.3,0.2,0,0.1,0.2,0.5,0.3,0.297688648838626,0.417472509925098,-0.490122634030355,1.12393061063852,0.77,0,0,"no"
0.3,0.2,0,0.1,0.2,0.5,0.6,0.295777459548478,0.663640418487469,-0.968753287940574,1.57550051861059,0.67,0.94,0.62,"no"
0.3,0.2,0,0.1,0.2,0.5,0.9,0.293866270258331,0.941189790730682,-1.51036753636286,2.09625934203754,0.64,1,0.64,"no"
0.3,0.2,0,0.1,0.2,0.5,1,0.293229207161615,1.03642288678469,-1.69599108091449,2.2767382195365,0.63,1,0.63,"no"
0.3,0.2,0,0.1,0.3,-0.5,0.3,0.297688648838626,0.474713078519583,-0.660241594129186,1.18611025860501,0.77,0,0,"no"
0.3,0.2,0,0.1,0.3,-0.5,0.6,0.295777459548478,0.700880241910079,-1.07976628105261,1.62959359104209,0.67,0.99,0.66,"no"
0.3,0.2,0,0.1,0.3,-0.5,0.9,0.293866270258331,0.967618782733875,-1.58450069398351,2.13521615045426,0.64,1,0.64,"no"
0.3,0.2,0,0.1,0.3,-0.5,1,0.293229207161615,1.06041805575069,-1.76289335344284,2.31083900186402,0.63,1,0.63,"no"
0.3,0.2,0,0.1,0.3,0,0.3,0.297688648838626,0.473523636494925,-0.635798562273082,1.20817794399776,0.77,0,0,"no"
0.3,0.2,0,0.1,0.3,0,0.6,0.295777459548478,0.699698708321719,-1.06443052846719,1.63139907165679,0.67,0.99,0.66,"no"
0.3,0.2,0,0.1,0.3,0,0.9,0.293866270258331,0.966512886036508,-1.57352327538633,2.13008381236138,0.64,1,0.64,"no"
0.3,0.2,0,0.1,0.3,0,1,0.293229207161615,1.05933380734621,-1.74943507996509,2.30813777618102,0.63,1,0.63,"no"
0.3,0.2,0,0.1,0.3,0.5,0.3,0.297688648838626,0.469841658391719,-0.595469755839051,1.23800701539401,0.77,0,0,"no"
0.3,0.2,0,0.1,0.3,0.5,0.6,0.295777459548478,0.697394665846961,-1.043151221649,1.63956503587262,0.67,0.98,0.65,"no"
0.3,0.2,0,0.1,0.3,0.5,0.9,0.293866270258331,0.964950782356081,-1.54905103125188,2.13900785765893,0.64,1,0.64,"no"
0.3,0.2,0,0.1,0.3,0.5,1,0.293229207161615,1.05793816658103,-1.72936810248175,2.31576143959838,0.63,1,0.63,"no"
0.3,0.2,0,0.2,0.1,-0.5,0.3,0.2972884869674,0.419629241734814,-0.536326074772782,1.07565299953782,0.77,0,0,"no"
0.3,0.2,0,0.2,0.1,-0.5,0.6,0.295377297677252,0.665951145030421,-0.997008192868654,1.55467240027335,0.65,0.95,0.61,"no"
0.3,0.2,0,0.2,0.1,-0.5,0.9,0.293466108387104,0.943555260490614,-1.52522519804594,2.08077308720053,0.59,1,0.59,"no"
0.3,0.2,0,0.2,0.1,-0.5,1,0.292829045290389,1.03879795111993,-1.71061385575529,2.26035445577853,0.59,1,0.59,"no"
0.3,0.2,0,0.2,0.1,0,0.3,0.2972884869674,0.41941695528238,-0.513906940594096,1.10370849844079,0.77,0,0,"no"
0.3,0.2,0,0.2,0.1,0,0.6,0.295377297677252,0.66571152558161,-0.98319973173471,1.56681762367419,0.65,0.95,0.61,"no"
0.3,0.2,0,0.2,0.1,0,0.9,0.293466108387104,0.943304234152831,-1.51908946635158,2.0869551455825,0.59,1,0.59,"no"
0.3,0.2,0,0.2,0.1,0,1,0.292829045290389,1.03854465714407,-1.70504593502932,2.26509932300358,0.59,1,0.59,"no"
0.3,0.2,0,0.2,0.1,0.5,0.3,0.2972884869674,0.418983976734082,-0.485510291550807,1.13253423692461,0.77,0,0,"no"
0.3,0.2,0,0.2,0.1,0.5,0.6,0.295377297677252,0.665500853102431,-0.968908840514305,1.57472005929731,0.65,0.96,0.62,"no"
0.3,0.2,0,0.2,0.1,0.5,0.9,0.293466108387104,0.943189010489513,-1.50977886444709,2.0922853595195,0.59,1,0.59,"no"
0.3,0.2,0,0.2,0.1,0.5,1,0.292829045290389,1.03844949032857,-1.69499617030952,2.27043732937276,0.59,1,0.59,"no"
0.3,0.2,0,0.2,0.2,-0.5,0.3,0.2972884869674,0.453255247527351,-0.621420217518845,1.12640951911234,0.77,0,0,"no"
0.3,0.2,0,0.2,0.2,-0.5,0.6,0.295377297677252,0.687231964358404,-1.05029824648995,1.58437271033652,0.65,0.99,0.64,"no"
0.3,0.2,0,0.2,0.2,-0.5,0.9,0.293466108387104,0.958372297141977,-1.5652255916134,2.10639430547721,0.59,1,0.59,"no"
0.3,0.2,0,0.2,0.2,-0.5,1,0.292829045290389,1.05217471983366,-1.74502550356249,2.284296961392,0.59,1,0.59,"no"
0.3,0.2,0,0.2,0.2,0,0.3,0.2972884869674,0.452631696815587,-0.583171930574991,1.16572393315648,0.77,0,0,"no"
0.3,0.2,0,0.2,0.2,0,0.6,0.295377297677252,0.68659832843135,-1.03465473829007,1.60381583295705,0.65,0.99,0.64,"no"
0.3,0.2,0,0.2,0.2,0,0.9,0.293466108387104,0.957755251909358,-1.55047166409884,2.11422465786737,0.59,1,0.59,"no"
0.3,0.2,0,0.2,0.2,0,1,0.292829045290389,1.05156279111786,-1.73117614073817,2.29198846650474,0.59,1,0.59,"no"
0.3,0.2,0,0.2,0.2,0.5,0.3,0.2972884869674,0.450931191463195,-0.537734141525923,1.20731786463017,0.77,0,0,"no"
0.3,0.2,0,0.2,0.2,0.5,0.6,0.295377297677252,0.685612533367622,-1.00583278764932,1.62970719857678,0.65,0.98,0.63,"no"
0.3,0.2,0,0.2,0.2,0.5,0.9,0.293466108387104,0.957119645072791,-1.53073445325338,2.1242025623045,0.59,1,0.59,"no"
0.3,0.2,0,0.2,0.2,0.5,1,0.292829045290389,1.05100354746839,-1.71377359170607,2.29956162338932,0.59,1,0.59,"no"
0.3,0.2,0,0.2,0.3,-0.5,0.3,0.2972884869674,0.504475326751325,-0.732561454370107,1.22554561813522,0.77,0.01,0.01,"no"
0.3,0.2,0,0.2,0.3,-0.5,0.6,0.295377297677252,0.721716420471634,-1.11810690784702,1.65176455460581,0.65,0.99,0.64,"no"
0.3,0.2,0,0.2,0.3,-0.5,0.9,0.293466108387104,0.983104040745728,-1.61729027113603,2.15566921588052,0.59,1,0.59,"no"
0.3,0.2,0,0.2,0.3,-0.5,1,0.292829045290389,1.07465618002514,-1.79186823224112,2.32878308631491,0.59,1,0.59,"no"
0.3,0.2,0,0.2,0.3,0,0.3,0.2972884869674,0.503365024108412,-0.686582003278789,1.27012782222119,0.77,0.01,0.01,"no"
0.3,0.2,0,0.2,0.3,0,0.6,0.295377297677252,0.720580882608898,-1.10266065774095,1.67319343377822,0.65,0.99,0.64,"no"
0.3,0.2,0,0.2,0.3,0,0.9,0.293466108387104,0.9820245911076,-1.60517223050689,2.15342707467032,0.59,1,0.59,"no"
0.3,0.2,0,0.2,0.3,0,1,0.292829045290389,1.07359455233017,-1.77829042874048,2.32916898843675,0.59,1,0.59,"no"
0.3,0.2,0,0.2,0.3,0.5,0.3,0.2972884869674,0.499838394533426,-0.633503492207918,1.31630068905637,0.77,0.01,0.01,"no"
0.3,0.2,0,0.2,0.3,0.5,0.6,0.295377297677252,0.718332295826811,-1.06547502286348,1.69763914601122,0.65,0.99,0.64,"no"
0.3,0.2,0,0.2,0.3,0.5,0.9,0.293466108387104,0.980489622797342,-1.57271530888818,2.18193193139241,0.59,1,0.59,"no"
0.3,0.2,0,0.2,0.3,0.5,1,0.292829045290389,1.07222154318981,-1.7490038731569,2.34778942180007,0.59,1,0.59,"no"
0.3,0.2,0,0.3,0.1,-0.5,0.3,0.296888325096173,0.473297408282352,-0.634323848640044,1.17643611678033,0.69,0,0,"no"
0.3,0.2,0,0.3,0.1,-0.5,0.6,0.294977135806026,0.7014783913263,-1.06268477594409,1.60876484570296,0.65,0.99,0.64,"no"
0.3,0.2,0,0.3,0.1,-0.5,0.9,0.293065946515878,0.969276396603829,-1.56832271856565,2.11987552738622,0.6,1,0.6,"no"
0.3,0.2,0,0.3,0.1,-0.5,1,0.292428883419162,1.06230998761723,-1.7505280696066,2.29890851915031,0.58,1,0.58,"no"
0.3,0.2,0,0.3,0.1,0,0.3,0.296888325096173,0.473099910364235,-0.605807375466843,1.21229876531039,0.69,0,0,"no"
0.3,0.2,0,0.3,0.1,0,0.6,0.294977135806026,0.701250362092677,-1.04581278419693,1.62485903554206,0.65,0.99,0.64,"no"
0.3,0.2,0,0.3,0.1,0,0.9,0.293065946515878,0.969033563053868,-1.55987666271005,2.12767592838138,0.6,1,0.6,"no"
0.3,0.2,0,0.3,0.1,0,1,0.292428883419162,1.06206400838086,-1.74420808686708,2.30436475902383,0.58,1,0.58,"no"
0.3,0.2,0,0.3,0.1,0.5,0.3,0.296888325096173,0.472689493398498,-0.574089148287611,1.24879324652636,0.69,0,0,"no"
0.3,0.2,0,0.3,0.1,0.5,0.6,0.294977135806026,0.701045027491429,-1.02733948475019,1.64697476311275,0.65,0.99,0.64,"no"
0.3,0.2,0,0.3,0.1,0.5,0.9,0.293065946515878,0.968921760017308,-1.55290903554129,2.13890708590611,0.6,1,0.6,"no"
0.3,0.2,0,0.3,0.1,0.5,1,0.292428883419162,1.06197199389152,-1.73521592093649,2.31257330678608,0.58,1,0.58,"no"
0.3,0.2,0,0.3,0.2,-0.5,0.3,0.296888325096173,0.503414539396307,-0.721114720141546,1.21068808545988,0.69,0.01,0.01,"no"
0.3,0.2,0,0.3,0.2,-0.5,0.6,0.294977135806026,0.72171652938584,-1.11210742622646,1.63110966176262,0.65,0.99,0.64,"no"
0.3,0.2,0,0.3,0.2,-0.5,0.9,0.293065946515878,0.983701342223803,-1.60753198578672,2.14451194152742,0.6,1,0.6,"no"
0.3,0.2,0,0.3,0.2,-0.5,1,0.292428883419162,1.07538894851594,-1.78285250554497,2.32155220061181,0.58,1,0.58,"no"
0.3,0.2,0,0.3,0.2,0,0.3,0.296888325096173,0.502850829922707,-0.664621520448713,1.26236241358801,0.69,0.01,0.01,"no"
0.3,0.2,0,0.3,0.2,0,0.6,0.294977135806026,0.721117856267973,-1.08512015631245,1.66756253307605,0.65,0.99,0.64,"no"
0.3,0.2,0,0.3,0.2,0,0.9,0.293065946515878,0.983105305547752,-1.58915429938887,2.15782583959528,0.6,1,0.6,"no"
0.3,0.2,0,0.3,0.2,0,1,0.292428883419162,1.07479516301297,-1.76821002191257,2.32787082322181,0.58,1,0.58,"no"
0.3,0.2,0,0.3,0.2,0.5,0.3,0.296888325096173,0.501264919144382,-0.617944179494557,1.31878533027533,0.69,0.01,0.01,"no"
0.3,0.2,0,0.3,0.2,0.5,0.6,0.294977135806026,0.720164980892234,-1.06254892452669,1.70442403085742,0.65,0.99,0.64,"no"
0.3,0.2,0,0.3,0.2,0.5,0.9,0.293065946515878,0.982484900060936,-1.57316072494059,2.17424406572794,0.6,1,0.6,"no"
0.3,0.2,0,0.3,0.2,0.5,1,0.292428883419162,1.07424856707853,-1.7512426268589,2.34717493786835,0.58,1,0.58,"no"
0.3,0.2,0,0.3,0.3,-0.5,0.3,0.296888325096173,0.550058580616495,-0.829904661228577,1.29632241166988,0.69,0.1,0.06,"no"
0.3,0.2,0,0.3,0.3,-0.5,0.6,0.294977135806026,0.75463553490242,-1.18180256856507,1.6904026059047,0.65,1,0.65,"no"
0.3,0.2,0,0.3,0.3,-0.5,0.9,0.293065946515878,1.00780768788273,-1.66183659755128,2.1874613926537,0.6,1,0.6,"no"
0.3,0.2,0,0.3,0.3,-0.5,1,0.292428883419162,1.09738983891616,-1.83347131775393,2.36035395036077,0.58,1,0.58,"no"
0.3,0.2,0,0.3,0.3,0,0.3,0.296888325096173,0.549047512995481,-0.766015902449944,1.3566229439279,0.69,0.05,0.03,"no"
0.3,0.2,0,0.3,0.3,0,0.6,0.294977135806026,0.753562452271388,-1.1544262860553,1.73336097671735,0.65,1,0.65,"no"
0.3,0.2,0,0.3,0.3,0,0.9,0.293065946515878,1.0067648605946,-1.64728176797379,2.20401887970067,0.6,1,0.6,"no"
0.3,0.2,0,0.3,0.3,0,1,0.292428883419162,1.09635948891936,-1.8159926825645,2.36930544344139,0.58,1,0.58,"no"
0.3,0.2,0,0.3,0.3,0.5,0.3,0.296888325096173,0.545739886114424,-0.706754324555941,1.41832935698272,0.69,0.06,0.04,"no"
0.3,0.2,0,0.3,0.3,0.5,0.6,0.294977135806026,0.751388450839541,-1.1216418858556,1.7733920086071,0.65,1,0.65,"no"
0.3,0.2,0,0.3,0.3,0.5,0.9,0.293065946515878,1.00526359728767,-1.61434363100635,2.22944340112629,0.6,1,0.6,"no"
0.3,0.2,0,0.3,0.3,0.5,1,0.292428883419162,1.09501391851817,-1.78768854167546,2.39435517313405,0.58,1,0.58,"no"
0.3,0.3,0,0.1,0.1,-0.5,0.3,0.297688648838626,0.44268078084891,-0.578592125863096,1.13026386480251,0.77,0,0,"no"
0.3,0.3,0,0.1,0.1,-0.5,0.6,0.295777459548478,0.679419230510336,-1.02609620843028,1.58744813306777,0.67,0.96,0.63,"no"
0.3,0.3,0,0.1,0.1,-0.5,0.9,0.293866270258331,0.952199727683234,-1.54179626841402,2.10732235550309,0.64,1,0.64,"no"
0.3,0.3,0,0.1,0.1,-0.5,1,0.293229207161615,1.04638162075251,-1.72301976715283,2.28514471086242,0.63,1,0.63,"no"
0.3,0.3,0,0.1,0.1,0,0.3,0.297688648838626,0.442537492509256,-0.562005736895697,1.14622669018403,0.77,0,0,"no"
0.3,0.3,0,0.1,0.1,0,0.6,0.295777459548478,0.679222419117385,-1.01850065107389,1.59180539895039,0.67,0.97,0.64,"no"
0.3,0.3,0,0.1,0.1,0,0.9,0.293866270258331,0.951978413072105,-1.53687884536913,2.11057498404613,0.64,1,0.64,"no"
0.3,0.3,0,0.1,0.1,0,1,0.293229207161615,1.04615515545371,-1.7189472552441,2.288539268081,0.63,1,0.63,"no"
0.3,0.3,0,0.1,0.1,0.5,0.3,0.297688648838626,0.442145250259072,-0.545728525025766,1.16891774344378,0.77,0,0,"no"
0.3,0.3,0,0.1,0.1,0.5,0.6,0.295777459548478,0.679014699036377,-1.00908698587014,1.60338871256812,0.67,0.97,0.64,"no"
0.3,0.3,0,0.1,0.1,0.5,0.9,0.293866270258331,0.95186017068815,-1.53177849878004,2.11525377629338,0.64,1,0.64,"no"
0.3,0.3,0,0.1,0.1,0.5,1,0.293229207161615,1.04605644126375,-1.71363082057316,2.29148083557912,0.63,1,0.63,"no"
0.3,0.3,0,0.1,0.2,-0.5,0.3,0.297688648838626,0.474697075506212,-0.669732048850202,1.18535605294817,0.77,0,0,"no"
0.3,0.3,0,0.1,0.2,-0.5,0.6,0.295777459548478,0.700381200011736,-1.08827595693646,1.62607257841923,0.67,0.99,0.66,"no"
0.3,0.3,0,0.1,0.2,-0.5,0.9,0.293866270258331,0.966970342817631,-1.58454654803412,2.13443731275663,0.64,1,0.64,"no"
0.3,0.3,0,0.1,0.2,-0.5,1,0.293229207161615,1.05974445760202,-1.7588569387574,2.30929629794798,0.63,1,0.63,"no"
0.3,0.3,0,0.1,0.2,0,0.3,0.297688648838626,0.474180794946141,-0.635576677228076,1.21073848246291,0.77,0,0,"no"
0.3,0.3,0,0.1,0.2,0,0.6,0.295777459548478,0.69982405088668,-1.07306913886991,1.63499845198227,0.67,0.99,0.66,"no"
0.3,0.3,0,0.1,0.2,0,0.9,0.293866270258331,0.966409080131745,-1.58274737231742,2.1371160606719,0.64,1,0.64,"no"
0.3,0.3,0,0.1,0.2,0,1,0.293229207161615,1.05918336438722,-1.75741481939429,2.31215772119102,0.63,1,0.63,"no"
0.3,0.3,0,0.1,0.2,0.5,0.3,0.297688648838626,0.472604160006586,-0.593663831206843,1.25097538862334,0.77,0,0,"no"
0.3,0.3,0,0.1,0.2,0.5,0.6,0.295777459548478,0.698858837214829,-1.0424020263919,1.6541964080617,0.67,0.99,0.66,"no"
0.3,0.3,0,0.1,0.2,0.5,0.9,0.293866270258331,0.96577276676511,-1.55445274087195,2.1429555869065,0.64,1,0.64,"no"
0.3,0.3,0,0.1,0.2,0.5,1,0.293229207161615,1.05862099565081,-1.73581252963271,2.32049324650665,0.63,1,0.63,"no"
0.3,0.3,0,0.1,0.3,-0.5,0.3,0.297688648838626,0.523831950035733,-0.780469534808422,1.28219872901834,0.77,0.02,0.02,"no"
0.3,0.3,0,0.1,0.3,-0.5,0.6,0.295777459548478,0.734321327556026,-1.15930436790226,1.69362600892967,0.67,0.99,0.66,"no"
0.3,0.3,0,0.1,0.3,-0.5,0.9,0.293866270258331,0.991565898640326,-1.64106825928926,2.17989660930451,0.64,1,0.64,"no"
0.3,0.3,0,0.1,0.3,-0.5,1,0.293229207161615,1.08214459597566,-1.81033903441251,2.35428120268315,0.63,1,0.63,"no"
0.3,0.3,0,0.1,0.3,0,0.3,0.297688648838626,0.522853259218096,-0.744931508563146,1.3127813889885,0.77,0.01,0.01,"no"
0.3,0.3,0,0.1,0.3,0,0.6,0.295777459548478,0.733290215497506,-1.13456879822636,1.69575331576767,0.67,0.99,0.66,"no"
0.3,0.3,0,0.1,0.3,0,0.9,0.293866270258331,0.990565755920608,-1.63044314723581,2.1832545537365,0.64,1,0.64,"no"
0.3,0.3,0,0.1,0.3,0,1,0.293229207161615,1.08115579606275,-1.80301326937746,2.35389125622987,0.63,1,0.63,"no"
0.3,0.3,0,0.1,0.3,0.5,0.3,0.297688648838626,0.519528005531139,-0.695591197491659,1.35327605590651,0.77,0.03,0.02,"no"
0.3,0.3,0,0.1,0.3,0.5,0.6,0.295777459548478,0.731087815130032,-1.11102513821675,1.70760143306186,0.67,0.99,0.66,"no"
0.3,0.3,0,0.1,0.3,0.5,0.9,0.293866270258331,0.989036505757906,-1.59558931494781,2.19448455925804,0.64,1,0.64,"no"
0.3,0.3,0,0.1,0.3,0.5,1,0.293229207161615,1.07978330145738,-1.77249205659505,2.36246259115553,0.63,1,0.63,"no"
0.3,0.3,0,0.2,0.1,-0.5,0.3,0.2972884869674,0.474421318190341,-0.647085445210359,1.17652915651253,0.77,0,0,"no"
0.3,0.3,0,0.2,0.1,-0.5,0.6,0.295377297677252,0.700922848173152,-1.07106419094945,1.61941608030223,0.65,0.99,0.64,"no"
0.3,0.3,0,0.2,0.1,-0.5,0.9,0.293466108387104,0.967959926761924,-1.57680070086444,2.13298328944275,0.59,1,0.59,"no"
0.3,0.3,0,0.2,0.1,-0.5,1,0.292829045290389,1.06083456543242,-1.7561044200438,2.30746894453201,0.59,1,0.59,"no"
0.3,0.3,0,0.2,0.1,0,0.3,0.2972884869674,0.474276218992092,-0.620108993322885,1.21106489082723,0.77,0,0,"no"
0.3,0.3,0,0.2,0.1,0,0.6,0.295377297677252,0.700730555500579,-1.05855313388648,1.6323599899052,0.65,0.99,0.64,"no"
0.3,0.3,0,0.2,0.1,0,0.9,0.293466108387104,0.967743182252375,-1.56403295220413,2.14049086525213,0.59,1,0.59,"no"
0.3,0.3,0,0.2,0.1,0,1,0.292829045290389,1.06061241783518,-1.74630624939304,2.31596249103593,0.59,1,0.59,"no"
0.3,0.3,0,0.2,0.1,0.5,0.3,0.2972884869674,0.473885922998932,-0.58675002324596,1.24628576966508,0.77,0,0,"no"
0.3,0.3,0,0.2,0.1,0.5,0.6,0.295377297677252,0.700525630341713,-1.04217082419704,1.65280145547181,0.65,0.99,0.64,"no"
0.3,0.3,0,0.2,0.1,0.5,0.9,0.293466108387104,0.967627986166211,-1.55444050504238,2.14616211418432,0.59,1,0.59,"no"
0.3,0.3,0,0.2,0.1,0.5,1,0.292829045290389,1.06051667789173,-1.73512046544076,2.32090034437699,0.59,1,0.59,"no"
0.3,0.3,0,0.2,0.2,-0.5,0.3,0.2972884869674,0.504469340414945,-0.742060962627404,1.21949564781216,0.77,0,0,"no"
0.3,0.3,0,0.2,0.2,-0.5,0.6,0.295377297677252,0.721257505682991,-1.12655998341946,1.64739488154451,0.65,0.99,0.64,"no"
0.3,0.3,0,0.2,0.2,-0.5,0.9,0.293466108387104,0.98248610851955,-1.6213678356356,2.15205372816022,0.59,1,0.59,"no"
0.3,0.3,0,0.2,0.2,-0.5,1,0.292829045290389,1.0740100329955,-1.79490478352471,2.32767145231363,0.59,1,0.59,"no"
0.3,0.3,0,0.2,0.2,0,0.3,0.2972884869674,0.50397491882771,-0.688305010893218,1.27377117195379,0.77,0,0,"no"
0.3,0.3,0,0.2,0.2,0,0.6,0.295377297677252,0.72071722994201,-1.10887415056803,1.67433605584675,0.65,0.99,0.64,"no"
0.3,0.3,0,0.2,0.2,0,0.9,0.293466108387104,0.981936766779759,-1.60960734519327,2.16754363531248,0.59,1,0.59,"no"
0.3,0.3,0,0.2,0.2,0,1,0.292829045290389,1.07345964159672,-1.78203519169162,2.33949301533765,0.59,1,0.59,"no"
0.3,0.3,0,0.2,0.2,0.5,0.3,0.2972884869674,0.502441111481791,-0.628010451205295,1.32995142649061,0.77,0,0,"no"
0.3,0.3,0,0.2,0.2,0.5,0.6,0.295377297677252,0.719770165333939,-1.07398158149508,1.70843144488508,0.65,0.99,0.64,"no"
0.3,0.3,0,0.2,0.2,0.5,0.9,0.293466108387104,0.981311426577048,-1.57767797972039,2.18173623997948,0.59,1,0.59,"no"
0.3,0.3,0,0.2,0.2,0.5,1,0.292829045290389,1.0729069588235,-1.75222432242432,2.35175219896102,0.59,1,0.59,"no"
0.3,0.3,0,0.2,0.3,-0.5,0.3,0.2972884869674,0.550997340454044,-0.851421730460743,1.30632712609334,0.77,0.09,0.06,"no"
0.3,0.3,0,0.2,0.3,-0.5,0.6,0.295377297677252,0.75425831480087,-1.205716964207,1.71301821474107,0.65,0.99,0.64,"no"
0.3,0.3,0,0.2,0.3,-0.5,0.9,0.293466108387104,1.00669517478512,-1.68330973073771,2.1965902577635,0.59,1,0.59,"no"
0.3,0.3,0,0.2,0.3,-0.5,1,0.292829045290389,1.0961109137196,-1.84820101154409,2.37403323139815,0.59,1,0.59,"no"
0.3,0.3,0,0.2,0.3,0,0.3,0.2972884869674,0.550063339676008,-0.787050972191842,1.36764868113615,0.77,0.08,0.04,"no"
0.3,0.3,0,0.2,0.3,0,0.6,0.295377297677252,0.753259235496109,-1.17499903157621,1.73541717947767,0.65,0.99,0.64,"no"
0.3,0.3,0,0.2,0.3,0,0.9,0.293466108387104,1.0057158856603,-1.66364065656668,2.21314694776988,0.59,1,0.59,"no"
0.3,0.3,0,0.2,0.3,0,1,0.292829045290389,1.09514046474628,-1.83550307652067,2.38175772903045,0.59,1,0.59,"no"
0.3,0.3,0,0.2,0.3,0.5,0.3,0.2972884869674,0.546834486164056,-0.713789661295968,1.43568557624823,0.77,0.09,0.04,"no"
0.3,0.3,0,0.2,0.3,0.5,0.6,0.295377297677252,0.751098335139493,-1.1318280297278,1.76447203499322,0.65,1,0.65,"no"
0.3,0.3,0,0.2,0.3,0.5,0.9,0.293466108387104,1.00420932643686,-1.61520359010328,2.23771782586181,0.59,1,0.59,"no"
0.3,0.3,0,0.2,0.3,0.5,1,0.292829045290389,1.0937873735613,-1.78804092053933,2.39788270466962,0.59,1,0.59,"no"
0.3,0.3,0,0.3,0.1,-0.5,0.3,0.296888325096173,0.522561654658752,-0.736496443878219,1.27046019514302,0.69,0.01,0.01,"no"
0.3,0.3,0,0.3,0.1,-0.5,0.6,0.294977135806026,0.734786720469416,-1.13514433990585,1.67250151127016,0.65,0.99,0.64,"no"
0.3,0.3,0,0.3,0.1,-0.5,0.9,0.293065946515878,0.993061603287159,-1.6227637290584,2.17291447828157,0.6,1,0.6,"no"
0.3,0.3,0,0.3,0.1,-0.5,1,0.292428883419162,1.08387908279709,-1.79570656556667,2.34317782206209,0.58,1,0.58,"no"
0.3,0.3,0,0.3,0.1,0,0.3,0.296888325096173,0.522415957715255,-0.703340600142746,1.30992613961775,0.69,0.02,0.02,"no"
0.3,0.3,0,0.3,0.1,0,0.6,0.294977135806026,0.734599628823243,-1.11439189122951,1.69631649493937,0.65,0.99,0.64,"no"
0.3,0.3,0,0.3,0.1,0,0.9,0.293065946515878,0.992850368380541,-1.61095185042766,2.18619546996706,0.6,1,0.6,"no"
0.3,0.3,0,0.3,0.1,0,1,0.292428883419162,1.08366218349795,-1.78602337222918,2.35567517248335,0.58,1,0.58,"no"
0.3,0.3,0,0.3,0.1,0.5,0.3,0.296888325096173,0.522032802896095,-0.664832789981368,1.35435343236969,0.69,0.02,0.02,"no"
0.3,0.3,0,0.3,0.1,0.5,0.6,0.294977135806026,0.734396269624878,-1.09145925411712,1.72346184784414,0.65,0.99,0.64,"no"
0.3,0.3,0,0.3,0.1,0.5,0.9,0.293065946515878,0.992737134821669,-1.59585132359025,2.19625828986665,0.6,1,0.6,"no"
0.3,0.3,0,0.3,0.1,0.5,1,0.292428883419162,1.08356848370851,-1.77409643073467,2.36453068928534,0.58,1,0.58,"no"
0.3,0.3,0,0.3,0.2,-0.5,0.3,0.296888325096173,0.550051657291303,-0.836273992556053,1.28905058713966,0.69,0.05,0.03,"no"
0.3,0.3,0,0.3,0.2,-0.5,0.6,0.294977135806026,0.75421648506504,-1.19262690048705,1.69325202374236,0.65,1,0.65,"no"
0.3,0.3,0,0.3,0.2,-0.5,0.9,0.293065946515878,1.00722241987952,-1.66973222558538,2.19119230451461,0.6,1,0.6,"no"
0.3,0.3,0,0.3,0.2,-0.5,1,0.292428883419162,1.0967733450345,-1.83797934132083,2.36280448484644,0.58,1,0.58,"no"
0.3,0.3,0,0.3,0.2,0,0.3,0.296888325096173,0.549586205844714,-0.765024516862289,1.3588222013927,0.69,0.05,0.03,"no"
0.3,0.3,0,0.3,0.2,0,0.6,0.294977135806026,0.753698366233274,-1.16011069718342,1.73462975023619,0.65,0.99,0.64,"no"
0.3,0.3,0,0.3,0.2,0,0.9,0.293065946515878,1.00668874624816,-1.64917622089743,2.21263314258905,0.6,1,0.6,"no"
0.3,0.3,0,0.3,0.2,0,1,0.292428883419162,1.09623698699822,-1.81706019620486,2.38279007623259,0.58,1,0.58,"no"
0.3,0.3,0,0.3,0.2,0.5,0.3,0.296888325096173,0.548119834867359,-0.697077498578204,1.435288437504,0.69,0.05,0.04,"no"
0.3,0.3,0,0.3,0.2,0.5,0.6,0.294977135806026,0.752773853974047,-1.1273913097882,1.77555360353453,0.65,1,0.65,"no"
0.3,0.3,0,0.3,0.2,0.5,0.9,0.293065946515878,1.00607511412751,-1.6232807469477,2.23417288161227,0.6,1,0.6,"no"
0.3,0.3,0,0.3,0.2,0.5,1,0.292428883419162,1.09569436158678,-1.79327593514054,2.40023112712331,0.58,1,0.58,"no"
0.3,0.3,0,0.3,0.3,-0.5,0.3,0.296888325096173,0.593085130592794,-0.94522039093993,1.36191958093031,0.69,0.29,0.18,"no"
0.3,0.3,0,0.3,0.3,-0.5,0.6,0.294977135806026,0.7858456415387,-1.27037868492566,1.7466072820255,0.65,1,0.65,"no"
0.3,0.3,0,0.3,0.3,-0.5,0.9,0.293065946515878,1.03084794653761,-1.72544736973492,2.22655906550479,0.6,1,0.6,"no"
0.3,0.3,0,0.3,0.3,-0.5,1,0.292428883419162,1.11842031819106,-1.89563848041803,2.39937052470783,0.58,1,0.58,"no"
0.3,0.3,0,0.3,0.3,0,0.3,0.296888325096173,0.592211681496713,-0.854876038426128,1.45222613632874,0.69,0.34,0.19,"no"
0.3,0.3,0,0.3,0.3,0,0.6,0.294977135806026,0.784890925045307,-1.23137581481438,1.7932765761275,0.65,1,0.65,"no"
0.3,0.3,0,0.3,0.3,0,0.9,0.293065946515878,1.02989749264703,-1.7019821074351,2.25572374943557,0.6,1,0.6,"no"
0.3,0.3,0,0.3,0.3,0,1,0.292428883419162,1.11747512390643,-1.87335921764823,2.42402911787501,0.58,1,0.58,"no"
0.3,0.3,0,0.3,0.3,0.5,0.3,0.296888325096173,0.589130130876811,-0.774515503431957,1.53581361764676,0.69,0.37,0.2,"no"
0.3,0.3,0,0.3,0.3,0.5,0.6,0.294977135806026,0.782786931717285,-1.17393032934716,1.84281439568308,0.65,1,0.65,"no"
0.3,0.3,0,0.3,0.3,0.5,0.9,0.293065946515878,1.02841880005143,-1.65874918147399,2.29456079786517,0.6,1,0.6,"no"
0.3,0.3,0,0.3,0.3,0.5,1,0.292428883419162,1.11614518478593,-1.82852286379378,2.45033097244159,0.58,1,0.58,"no"
0.3,0.4,0,0.1,0.1,-0.5,0.3,0.297688648838626,0.514708870917144,-0.714277582036015,1.2735031362143,0.77,0,0,"no"
0.3,0.4,0,0.1,0.1,-0.5,0.6,0.295777459548478,0.727574907295406,-1.12572222428755,1.67369069073836,0.67,1,0.67,"no"
0.3,0.4,0,0.1,0.1,-0.5,0.9,0.293866270258331,0.986544990039881,-1.60633354115253,2.17566935593458,0.64,1,0.64,"no"
0.3,0.4,0,0.1,0.1,-0.5,1,0.293229207161615,1.07755115319548,-1.77949876257669,2.35212474527031,0.63,1,0.63,"no"
0.3,0.4,0,0.1,0.1,0,0.3,0.297688648838626,0.514631696233726,-0.692249462771715,1.28544503229968,0.77,0,0,"no"
0.3,0.4,0,0.1,0.1,0,0.6,0.295777459548478,0.727427226596436,-1.11574950406526,1.68242488657537,0.67,1,0.67,"no"
0.3,0.4,0,0.1,0.1,0,0.9,0.293866270258331,0.98635975344158,-1.60247600877468,2.17333259809453,0.64,1,0.64,"no"
0.3,0.4,0,0.1,0.1,0,1,0.293229207161615,1.07735751127139,-1.77687180556198,2.34993789277107,0.63,1,0.63,"no"
0.3,0.4,0,0.1,0.1,0.5,0.3,0.297688648838626,0.514289944273724,-0.680663908200181,1.30295220305823,0.77,0,0,"no"
0.3,0.4,0,0.1,0.1,0.5,0.6,0.295777459548478,0.727231039887219,-1.10143719828522,1.69022737281023,0.67,1,0.67,"no"
0.3,0.4,0,0.1,0.1,0.5,0.9,0.293866270258331,0.986244123751681,-1.59618133819697,2.17962840029006,0.64,1,0.64,"no"
0.3,0.4,0,0.1,0.1,0.5,1,0.293229207161615,1.07726024114493,-1.76993241532414,2.35131328258364,0.63,1,0.63,"no"
0.3,0.4,0,0.1,0.2,-0.5,0.3,0.297688648838626,0.542544481356421,-0.803450308066489,1.32365575273213,0.77,0.01,0.01,"no"
0.3,0.4,0,0.1,0.2,-0.5,0.6,0.295777459548478,0.747254462419111,-1.18261964694084,1.71774243623729,0.67,1,0.67,"no"
0.3,0.4,0,0.1,0.2,-0.5,0.9,0.293866270258331,1.00087657459053,-1.65484042749782,2.20065291736753,0.64,1,0.64,"no"
0.3,0.4,0,0.1,0.2,-0.5,1,0.293229207161615,1.09059772718369,-1.82027504876874,2.37315941846463,0.63,1,0.63,"no"
0.3,0.4,0,0.1,0.2,0,0.3,0.297688648838626,0.542165698571505,-0.770375907045312,1.3513144261702,0.77,0.02,0.02,"no"
0.3,0.4,0,0.1,0.2,0,0.6,0.295777459548478,0.746796172995239,-1.16698193063019,1.72334948516317,0.67,1,0.67,"no"
0.3,0.4,0,0.1,0.2,0,0.9,0.293866270258331,1.00038700816654,-1.64888447822692,2.20077407727745,0.64,1,0.64,"no"
0.3,0.4,0,0.1,0.2,0,1,0.293229207161615,1.090101776395,-1.81707427657707,2.37007138601525,0.63,1,0.63,"no"
0.3,0.4,0,0.1,0.2,0.5,0.3,0.297688648838626,0.540785565595799,-0.72656601241761,1.38693170487836,0.77,0.01,0.01,"no"
0.3,0.4,0,0.1,0.2,0.5,0.6,0.295777459548478,0.745889214883848,-1.1390675299636,1.75004905923317,0.67,1,0.67,"no"
0.3,0.4,0,0.1,0.2,0.5,0.9,0.293866270258331,0.999769876123079,-1.62409762127585,2.2131483173495,0.64,1,0.64,"no"
0.3,0.4,0,0.1,0.2,0.5,1,0.293229207161615,1.0895529457549,-1.79538990746327,2.38004948258247,0.63,1,0.63,"no"
0.3,0.4,0,0.1,0.3,-0.5,0.3,0.297688648838626,0.586040767831377,-0.914730033523189,1.41146496810059,0.77,0.3,0.2,"no"
0.3,0.4,0,0.1,0.3,-0.5,0.6,0.295777459548478,0.779202718010714,-1.25678410110688,1.77032759157164,0.67,1,0.67,"no"
0.3,0.4,0,0.1,0.3,-0.5,0.9,0.293866270258331,1.02471539693032,-1.71651019201609,2.24693069672424,0.64,1,0.64,"no"
0.3,0.4,0,0.1,0.3,-0.5,1,0.293229207161615,1.11243358692191,-1.88051993206412,2.41061211411014,0.63,1,0.63,"no"
0.3,0.4,0,0.1,0.3,0,0.3,0.297688648838626,0.585250278914725,-0.878147050890984,1.4463744312189,0.77,0.37,0.23,"no"
0.3,0.4,0,0.1,0.3,0,0.6,0.295777459548478,0.778316584891839,-1.22200118270913,1.78083750268207,0.67,1,0.67,"no"
0.3,0.4,0,0.1,0.3,0,0.9,0.293866270258331,1.02382147943027,-1.70423644626632,2.24764782594383,0.64,1,0.64,"no"
0.3,0.4,0,0.1,0.3,0,1,0.293229207161615,1.11154141490768,-1.87163362753319,2.41419319301594,0.63,1,0.63,"no"
0.3,0.4,0,0.1,0.3,0.5,0.3,0.297688648838626,0.582288225762552,-0.818183238984083,1.49432067565508,0.77,0.32,0.2,"no"
0.3,0.4,0,0.1,0.3,0.5,0.6,0.295777459548478,0.776240811547979,-1.20052414971292,1.80206891754881,0.67,1,0.67,"no"
0.3,0.4,0,0.1,0.3,0.5,0.9,0.293866270258331,1.02233900771958,-1.66734286354146,2.26470520700203,0.64,1,0.64,"no"
0.3,0.4,0,0.1,0.3,0.5,1,0.293229207161615,1.11020331968111,-1.83401615152324,2.42670581821343,0.63,1,0.63,"no"
0.3,0.4,0,0.2,0.1,-0.5,0.3,0.2972884869674,0.54227806561193,-0.774718017466254,1.30753979775631,0.77,0,0,"no"
0.3,0.4,0,0.2,0.1,-0.5,0.6,0.295377297677252,0.747712635839504,-1.16541458409827,1.70532501505742,0.65,1,0.65,"no"
0.3,0.4,0,0.2,0.1,-0.5,0.9,0.293466108387104,1.00177610424962,-1.64629947195218,2.19701152384464,0.59,1,0.59,"no"
0.3,0.4,0,0.2,0.1,-0.5,1,0.292829045290389,1.09160121986445,-1.81615890840559,2.36819686996361,0.59,1,0.59,"no"
0.3,0.4,0,0.2,0.1,0,0.3,0.2972884869674,0.542192595740689,-0.748201462120676,1.3417747399422,0.77,0.01,0.01,"no"
0.3,0.4,0,0.2,0.1,0,0.6,0.295377297677252,0.747565587535355,-1.15179934529321,1.72549524500939,0.65,1,0.65,"no"
0.3,0.4,0,0.2,0.1,0,0.9,0.293466108387104,1.0015936179342,-1.63416885313239,2.20696018226189,0.59,1,0.59,"no"
0.3,0.4,0,0.2,0.1,0,1,0.292829045290389,1.09141046712446,-1.80382074900716,2.37629615731152,0.59,1,0.59,"no"
0.3,0.4,0,0.2,0.1,0.5,0.3,0.2972884869674,0.541846800046218,-0.714305521200324,1.38016394880386,0.77,0.01,0.01,"no"
0.3,0.4,0,0.2,0.1,0.5,0.6,0.295377297677252,0.747369635866432,-1.13304037106527,1.74445941591425,0.65,1,0.65,"no"
0.3,0.4,0,0.2,0.1,0.5,0.9,0.293466108387104,1.00147989976995,-1.62461769705017,2.21743096501184,0.59,1,0.59,"no"
0.3,0.4,0,0.2,0.1,0.5,1,0.292829045290389,1.09131528938372,-1.7964791109944,2.38552710210841,0.59,1,0.59,"no"
0.3,0.4,0,0.2,0.2,-0.5,0.3,0.2972884869674,0.568806391980066,-0.874953519720282,1.34466202332383,0.77,0.13,0.09,"no"
0.3,0.4,0,0.2,0.2,-0.5,0.6,0.295377297677252,0.766876374518383,-1.2261407523213,1.73197890299372,0.65,1,0.65,"no"
0.3,0.4,0,0.2,0.2,-0.5,0.9,0.293466108387104,1.01588674256275,-1.69633921764072,2.21768686315164,0.59,1,0.59,"no"
0.3,0.4,0,0.2,0.2,-0.5,1,0.292829045290389,1.10447533571876,-1.85874803579692,2.38794378281348,0.59,1,0.59,"no"
0.3,0.4,0,0.2,0.2,0,0.3,0.2972884869674,0.568432183088806,-0.816162102305583,1.40489788580687,0.77,0.14,0.06,"no"
0.3,0.4,0,0.2,0.2,0,0.6,0.295377297677252,0.766426809227277,-1.20167993939507,1.76492362958495,0.65,1,0.65,"no"
0.3,0.4,0,0.2,0.2,0,0.9,0.293466108387104,1.01540544610228,-1.68175758555678,2.23580275750905,0.59,1,0.59,"no"
0.3,0.4,0,0.2,0.2,0,1,0.292829045290389,1.10398723389521,-1.84771489224092,2.40051134625965,0.59,1,0.59,"no"
0.3,0.4,0,0.2,0.2,0.5,0.3,0.2972884869674,0.567070709291381,-0.751957462727196,1.46603764338682,0.77,0.14,0.06,"no"
0.3,0.4,0,0.2,0.2,0.5,0.6,0.295377297677252,0.765530682882269,-1.16740667660835,1.799503290424,0.65,1,0.65,"no"
0.3,0.4,0,0.2,0.2,0.5,0.9,0.293466108387104,1.01479653145669,-1.64881888161949,2.26221827328975,0.59,1,0.59,"no"
0.3,0.4,0,0.2,0.2,0.5,1,0.292829045290389,1.10344601097687,-1.81744824625657,2.42007329341233,0.59,1,0.59,"no"
0.3,0.4,0,0.2,0.3,-0.5,0.3,0.2972884869674,0.610474883471398,-0.985592241734813,1.4211256861998,0.77,0.5,0.34,"no"
0.3,0.4,0,0.2,0.3,-0.5,0.6,0.295377297677252,0.798041929925985,-1.30580705964138,1.78768240985713,0.65,1,0.65,"no"
0.3,0.4,0,0.2,0.3,-0.5,0.9,0.293466108387104,1.03937528497497,-1.75812699018558,2.25685949588333,0.59,1,0.59,"no"
0.3,0.4,0,0.2,0.3,-0.5,1,0.292829045290389,1.12603541031403,-1.92285885322086,2.42495828066014,0.59,1,0.59,"no"
0.3,0.4,0,0.2,0.3,0,0.3,0.2972884869674,0.609706081822312,-0.91646237650176,1.49348290701644,0.77,0.53,0.36,"no"
0.3,0.4,0,0.2,0.3,0,0.6,0.295377297677252,0.797176129284813,-1.26574829199943,1.81709573899751,0.65,1,0.65,"no"
0.3,0.4,0,0.2,0.3,0,0.9,0.293466108387104,1.03849688900026,-1.73275510284371,2.28040425156993,0.59,1,0.59,"no"
0.3,0.4,0,0.2,0.3,0,1,0.292829045290389,1.12515740904138,-1.89759888571683,2.4455899808503,0.59,1,0.59,"no"
0.3,0.4,0,0.2,0.3,0.5,0.3,0.2972884869674,0.606799194218442,-0.825988675284256,1.5693106118706,0.77,0.49,0.32,"no"
0.3,0.4,0,0.2,0.3,0.5,0.6,0.295377297677252,0.79512908490592,-1.210601814614,1.85979530323059,0.65,1,0.65,"no"
0.3,0.4,0,0.2,0.3,0.5,0.9,0.293466108387104,1.03703245993523,-1.6838377089293,2.31506577661402,0.59,1,0.59,"no"
0.3,0.4,0,0.2,0.3,0.5,1,0.292829045290389,1.12383524896677,-1.84956516555077,2.47232887576919,0.59,1,0.59,"no"
0.3,0.4,0,0.3,0.1,-0.5,0.3,0.296888325096173,0.584913783504294,-0.859680979594953,1.37907244808208,0.69,0.2,0.11,"no"
0.3,0.4,0,0.3,0.1,-0.5,0.6,0.294977135806026,0.779572116794145,-1.2239842290374,1.76046102440957,0.65,1,0.65,"no"
0.3,0.4,0,0.3,0.1,-0.5,0.9,0.293065946515878,1.02606452020232,-1.69531046036722,2.23903016898149,0.6,1,0.6,"no"
0.3,0.4,0,0.3,0.1,-0.5,1,0.292428883419162,1.11402106333944,-1.86095889927707,2.40984527009592,0.58,1,0.58,"no"
0.3,0.4,0,0.3,0.1,0,0.3,0.296888325096173,0.584819122014526,-0.820662075796466,1.43157270187146,0.69,0.23,0.13,"no"
0.3,0.4,0,0.3,0.1,0,0.6,0.294977135806026,0.779425300914313,-1.20542780282124,1.78796591046183,0.65,1,0.65,"no"
0.3,0.4,0,0.3,0.1,0,0.9,0.293065946515878,1.02588508166587,-1.67892908040499,2.25051425518279,0.6,1,0.6,"no"
0.3,0.4,0,0.3,0.1,0,1,0.292428883419162,1.11383360191975,-1.84888198013,2.41713066301158,0.58,1,0.58,"no"
0.3,0.4,0,0.3,0.1,0.5,0.3,0.296888325096173,0.584471358707363,-0.778976078198861,1.47851773742201,0.69,0.18,0.09,"no"
0.3,0.4,0,0.3,0.1,0.5,0.6,0.294977135806026,0.779227942629012,-1.18038681408983,1.81705196060146,0.65,1,0.65,"no"
0.3,0.4,0,0.3,0.1,0.5,0.9,0.293065946515878,1.02577196435892,-1.6624728976452,2.267396273832,0.6,1,0.6,"no"
0.3,0.4,0,0.3,0.1,0.5,1,0.292428883419162,1.11373938860389,-1.83221687463491,2.43125631968746,0.58,1,0.58,"no"
0.3,0.4,0,0.3,0.2,-0.5,0.3,0.296888325096173,0.609651133931037,-0.963821408802463,1.39824840327817,0.69,0.53,0.33,"no"
0.3,0.4,0,0.3,0.2,-0.5,0.6,0.294977135806026,0.797981731253513,-1.29309987311654,1.77494548957982,0.65,1,0.65,"no"
0.3,0.4,0,0.3,0.2,-0.5,0.9,0.293065946515878,1.03984374310057,-1.74206112045232,2.254809631331,0.6,1,0.6,"no"
0.3,0.4,0,0.3,0.2,-0.5,1,0.292428883419162,1.12663578606518,-1.90626729786374,2.42327698295565,0.58,1,0.58,"no"
0.3,0.4,0,0.3,0.2,0,0.3,0.296888325096173,0.609285100600785,-0.886164782620134,1.48445316799163,0.69,0.52,0.3,"no"
0.3,0.4,0,0.3,0.2,0,0.6,0.294977135806026,0.79754379210497,-1.25259702704079,1.82858933463675,0.65,1,0.65,"no"
0.3,0.4,0,0.3,0.2,0,0.9,0.293065946515878,1.03937312471965,-1.72422638229793,2.28088648369029,0.6,1,0.6,"no"
0.3,0.4,0,0.3,0.2,0,1,0.292428883419162,1.12615777336813,-1.88876019132512,2.4430948748962,0.58,1,0.58,"no"
0.3,0.4,0,0.3,0.2,0.5,0.3,0.296888325096173,0.607957926296409,-0.803763532711892,1.56516563581318,0.69,0.52,0.31,"no"
0.3,0.4,0,0.3,0.2,0.5,0.6,0.294977135806026,0.796661037516647,-1.21131448943339,1.8673966607821,0.65,1,0.65,"no"
0.3,0.4,0,0.3,0.2,0.5,0.9,0.293065946515878,1.03877244792651,-1.68908256259194,2.31296386671926,0.6,1,0.6,"no"
0.3,0.4,0,0.3,0.2,0.5,1,0.292428883419162,1.12562397119992,-1.85528165134346,2.47185127537748,0.58,1,0.58,"no"
0.3,0.4,0,0.3,0.3,-0.5,0.3,0.296888325096173,0.648767627524542,-1.07544128026426,1.46860007716701,0.69,0.84,0.55,"no"
0.3,0.4,0,0.3,0.3,-0.5,0.6,0.294977135806026,0.827991145554992,-1.37451795762286,1.82601798526226,0.65,1,0.65,"no"
0.3,0.4,0,0.3,0.3,-0.5,0.9,0.293065946515878,1.06280172664432,-1.79729671460416,2.28504669162299,0.6,1,0.6,"no"
0.3,0.4,0,0.3,0.3,-0.5,1,0.292428883419162,1.1477767005565,-1.96150927268252,2.45158154094537,0.58,1,0.58,"no"
0.3,0.4,0,0.3,0.3,0,0.3,0.296888325096173,0.648031173269169,-0.97062701704109,1.56856070524576,0.69,0.79,0.52,"no"
0.3,0.4,0,0.3,0.3,0,0.6,0.294977135806026,0.827154290943304,-1.31727485449061,1.87554927850148,0.65,1,0.65,"no"
0.3,0.4,0,0.3,0.3,0,0.9,0.293065946515878,1.06194479376803,-1.77160533919637,2.32448104107701,0.6,1,0.6,"no"
0.3,0.4,0,0.3,0.3,0,1,0.292428883419162,1.14691811814547,-1.93970932990896,2.48306047964122,0.58,1,0.58,"no"
0.3,0.4,0,0.3,0.3,0.5,0.3,0.296888325096173,0.645215291219666,-0.873625459630186,1.66414902325572,0.69,0.74,0.48,"no"
0.3,0.4,0,0.3,0.3,0.5,0.6,0.294977135806026,0.825147470663359,-1.24957023191342,1.93353452343634,0.65,1,0.65,"no"
0.3,0.4,0,0.3,0.3,0.5,0.9,0.293065946515878,1.06050219351166,-1.7243191355692,2.37061417275377,0.6,1,0.6,"no"
0.3,0.4,0,0.3,0.3,0.5,1,0.292428883419162,1.14561459214103,-1.89020172430358,2.52766939664504,0.58,1,0.58,"no"
0.3,0.5,0,0.1,0.1,-0.5,0.3,0.297688648838626,0.594899415835539,-0.86332364144045,1.43047179033794,0.77,0.36,0.24,"no"
0.3,0.5,0,0.1,0.1,-0.5,0.6,0.295777459548478,0.785571209535935,-1.24208909158251,1.78106183036537,0.67,1,0.67,"no"
0.3,0.5,0,0.1,0.1,-0.5,0.9,0.293866270258331,1.02948279032523,-1.69705342789655,2.24969302691295,0.64,1,0.64,"no"
0.3,0.5,0,0.1,0.1,-0.5,1,0.293229207161615,1.11682099293652,-1.86133353692793,2.42185352072912,0.63,1,0.63,"no"
0.3,0.5,0,0.1,0.1,0,0.3,0.297688648838626,0.594873940735991,-0.846548823978641,1.44176908304955,0.77,0.31,0.19,"no"
0.3,0.5,0,0.1,0.1,0,0.6,0.295777459548478,0.785467613993293,-1.23506713246681,1.78824404257556,0.67,1,0.67,"no"
0.3,0.5,0,0.1,0.1,0,0.9,0.293866270258331,1.02933226732604,-1.68874673691425,2.25364714382043,0.64,1,0.64,"no"
0.3,0.5,0,0.1,0.1,0,1,0.293229207161615,1.11665937519888,-1.85543959333096,2.41943848703629,0.63,1,0.63,"no"
0.3,0.5,0,0.1,0.1,0.5,0.3,0.297688648838626,0.594573419398937,-0.830937518950893,1.45258521097605,0.77,0.37,0.23,"no"
0.3,0.5,0,0.1,0.1,0.5,0.6,0.295777459548478,0.785283527204014,-1.21833117191167,1.79625988951195,0.67,1,0.67,"no"
0.3,0.5,0,0.1,0.1,0.5,0.9,0.293866270258331,1.02922009522403,-1.68348055096284,2.2600145955927,0.64,1,0.64,"no"
0.3,0.5,0,0.1,0.1,0.5,1,0.293229207161615,1.11656429687635,-1.85221535631033,2.42272106399294,0.63,1,0.63,"no"
0.3,0.5,0,0.1,0.2,-0.5,0.3,0.297688648838626,0.619204478582316,-0.947489398211325,1.47462943132449,0.77,0.63,0.44,"no"
0.3,0.5,0,0.1,0.2,-0.5,0.6,0.295777459548478,0.803891169712233,-1.28825029372486,1.82375769424672,0.67,1,0.67,"no"
0.3,0.5,0,0.1,0.2,-0.5,0.9,0.293866270258331,1.04328487997888,-1.74565596360809,2.28116661747526,0.64,1,0.64,"no"
0.3,0.5,0,0.1,0.2,-0.5,1,0.293229207161615,1.12947312050623,-1.90387871050066,2.44383089516461,0.63,1,0.63,"no"
0.3,0.5,0,0.1,0.2,0,0.3,0.297688648838626,0.618940885461464,-0.918559632450002,1.50754447182009,0.77,0.63,0.46,"no"
0.3,0.5,0,0.1,0.2,0,0.6,0.295777459548478,0.803523959077182,-1.27161086575722,1.83020520069859,0.67,1,0.67,"no"
0.3,0.5,0,0.1,0.2,0,0.9,0.293866270258331,1.04286498275777,-1.73200874706905,2.28257283981068,0.64,1,0.64,"no"
0.3,0.5,0,0.1,0.2,0,1,0.293229207161615,1.12904119159693,-1.89413562890591,2.44491633009729,0.63,1,0.63,"no"
0.3,0.5,0,0.1,0.2,0.5,0.3,0.297688648838626,0.617727853629119,-0.876848137135306,1.53603887887537,0.77,0.56,0.39,"no"
0.3,0.5,0,0.1,0.2,0.5,0.6,0.295777459548478,0.802678385107295,-1.24857340526156,1.85802126056927,0.67,1,0.67,"no"
0.3,0.5,0,0.1,0.2,0.5,0.9,0.293866270258331,1.04227102181829,-1.70748846268927,2.297359682853,0.64,1,0.64,"no"
0.3,0.5,0,0.1,0.2,0.5,1,0.293229207161615,1.12850939603129,-1.87325525874646,2.45657036521832,0.63,1,0.63,"no"
0.3,0.5,0,0.1,0.3,-0.5,0.3,0.297688648838626,0.657675651506067,-1.05958526700982,1.55532963190771,0.77,0.83,0.61,"no"
0.3,0.5,0,0.1,0.3,-0.5,0.6,0.295777459548478,0.833707554135919,-1.35840818378979,1.86999944810471,0.67,1,0.67,"no"
0.3,0.5,0,0.1,0.3,-0.5,0.9,0.293866270258331,1.06622289976246,-1.80833734066519,2.32497482715663,0.64,1,0.64,"no"
0.3,0.5,0,0.1,0.3,-0.5,1,0.293229207161615,1.15061970618648,-1.9607751654278,2.48818431649258,0.63,1,0.63,"no"
0.3,0.5,0,0.1,0.3,0,0.3,0.297688648838626,0.657050676920581,-1.02210040639095,1.59526898873651,0.77,0.82,0.6,"no"
0.3,0.5,0,0.1,0.3,0,0.6,0.295777459548478,0.832957239651144,-1.32404896370654,1.89139145383555,0.67,1,0.67,"no"
0.3,0.5,0,0.1,0.3,0,0.9,0.293866270258331,1.06543287590747,-1.79029483469143,2.32837288522656,0.64,1,0.64,"no"
0.3,0.5,0,0.1,0.3,0,1,0.293229207161615,1.14982295885189,-1.9503691071343,2.48758377575207,0.63,1,0.63,"no"
0.3,0.5,0,0.1,0.3,0.5,0.3,0.297688648838626,0.65441545056862,-0.965448677717047,1.64038727307434,0.77,0.8,0.59,"no"
0.3,0.5,0,0.1,0.3,0.5,0.6,0.295777459548478,0.831017123120157,-1.30033403102391,1.91812389392624,0.67,1,0.67,"no"
0.3,0.5,0,0.1,0.3,0.5,0.9,0.293866270258331,1.06400650337445,-1.75534550057553,2.35565258275755,0.64,1,0.64,"no"
0.3,0.5,0,0.1,0.3,0.5,1,0.293229207161615,1.14852738888084,-1.91611462856669,2.50896364450431,0.63,1,0.63,"no"
0.3,0.5,0,0.2,0.1,-0.5,0.3,0.2972884869674,0.618922209628105,-0.922425901709746,1.4563988138814,0.77,0.64,0.45,"no"
0.3,0.5,0,0.2,0.1,-0.5,0.6,0.295377297677252,0.804271703110995,-1.27818089253754,1.81008205192227,0.65,1,0.65,"no"
0.3,0.5,0,0.2,0.1,-0.5,0.9,0.293466108387104,1.04409779340145,-1.73336406993629,2.28047516663824,0.59,1,0.59,"no"
0.3,0.5,0,0.2,0.1,-0.5,1,0.292829045290389,1.13039216614666,-1.89570825240515,2.44444517897637,0.59,1,0.59,"no"
0.3,0.5,0,0.2,0.1,0,0.3,0.2972884869674,0.618886342114067,-0.893712330700454,1.48573045371544,0.77,0.61,0.44,"no"
0.3,0.5,0,0.2,0.1,0,0.6,0.295377297677252,0.804166122256644,-1.26283186152597,1.8297808325771,0.65,1,0.65,"no"
0.3,0.5,0,0.2,0.1,0,0.9,0.293466108387104,1.04394846103329,-1.72263786633095,2.29264268589679,0.59,1,0.59,"no"
0.3,0.5,0,0.2,0.1,0,1,0.292829045290389,1.1302321577459,-1.88673714465019,2.45609282691871,0.59,1,0.59,"no"
0.3,0.5,0,0.2,0.1,0.5,0.3,0.2972884869674,0.618579791120557,-0.860065770118547,1.52449342933618,0.77,0.61,0.44,"no"
0.3,0.5,0,0.2,0.1,0.5,0.6,0.295377297677252,0.803980566786337,-1.2464584766825,1.84796154253803,0.65,1,0.65,"no"
0.3,0.5,0,0.2,0.1,0.5,0.9,0.293466108387104,1.04383720388808,-1.70722217460066,2.30557957344451,0.59,1,0.59,"no"
0.3,0.5,0,0.2,0.1,0.5,1,0.292829045290389,1.13013835700032,-1.87542957007596,2.46686561327652,0.59,1,0.59,"no"
0.3,0.5,0,0.2,0.2,-0.5,0.3,0.2972884869674,0.642353636058984,-1.0129785705258,1.49157999912536,0.77,0.84,0.63,"no"
0.3,0.5,0,0.2,0.2,-0.5,0.6,0.295377297677252,0.822178429798713,-1.33952900326141,1.83846450842302,0.65,1,0.65,"no"
0.3,0.5,0,0.2,0.2,-0.5,0.9,0.293466108387104,1.05770459359434,-1.78408143670292,2.29543956537375,0.59,1,0.59,"no"
0.3,0.5,0,0.2,0.2,-0.5,1,0.292829045290389,1.14288873539553,-1.94151543915791,2.45914585030127,0.59,1,0.59,"no"
0.3,0.5,0,0.2,0.2,0,0.3,0.2972884869674,0.642085562146046,-0.958413994598017,1.55268278306189,0.77,0.81,0.6,"no"
0.3,0.5,0,0.2,0.2,0,0.6,0.295377297677252,0.821813980857291,-1.30760657133071,1.87103468912086,0.65,1,0.65,"no"
0.3,0.5,0,0.2,0.2,0,0.9,0.293466108387104,1.05728976617097,-1.76328989599858,2.31341847235614,0.59,1,0.59,"no"
0.3,0.5,0,0.2,0.2,0,1,0.292829045290389,1.14246205943854,-1.92533241221095,2.47507469965136,0.59,1,0.59,"no"
0.3,0.5,0,0.2,0.2,0.5,0.3,0.2972884869674,0.64087854436558,-0.890320389022531,1.6106274342458,0.77,0.79,0.58,"no"
0.3,0.5,0,0.2,0.2,0.5,0.6,0.295377297677252,0.820973747057788,-1.273070739314,1.91083750023014,0.65,1,0.65,"no"
0.3,0.5,0,0.2,0.2,0.5,0.9,0.293466108387104,1.05670149435244,-1.73364578526661,2.34712588063672,0.59,1,0.59,"no"
0.3,0.5,0,0.2,0.2,0.5,1,0.292829045290389,1.14193588513588,-1.89980845087438,2.50444838016005,0.59,1,0.59,"no"
0.3,0.5,0,0.2,0.3,-0.5,0.3,0.2972884869674,0.679552711351821,-1.12331444836955,1.55629236997699,0.77,0.92,0.69,"no"
0.3,0.5,0,0.2,0.3,-0.5,0.6,0.295377297677252,0.851359596074059,-1.41743376493504,1.88932394893156,0.65,1,0.65,"no"
0.3,0.5,0,0.2,0.3,-0.5,0.9,0.293466108387104,1.0803320020891,-1.84152343354098,2.3351536931123,0.59,1,0.59,"no"
0.3,0.5,0,0.2,0.3,-0.5,1,0.292829045290389,1.16378611446968,-2.00362589768401,2.49431256991143,0.59,0.99,0.58,"no"
0.3,0.5,0,0.2,0.3,0,0.3,0.2972884869674,0.67893517398297,-1.06100263461198,1.63683971364282,0.77,0.91,0.68,"no"
0.3,0.5,0,0.2,0.3,0,0.6,0.295377297677252,0.850620576177714,-1.3690022739726,1.92240828161104,0.65,1,0.65,"no"
0.3,0.5,0,0.2,0.3,0,0.9,0.293466108387104,1.07955274740805,-1.81953853156469,2.3659880738749,0.59,1,0.59,"no"
0.3,0.5,0,0.2,0.3,0,1,0.292829045290389,1.16299969027055,-1.97768051252896,2.51981510364864,0.59,1,0.59,"no"
0.3,0.5,0,0.2,0.3,0.5,0.3,0.2972884869674,0.676329899883861,-0.959604799879738,1.71462929152063,0.77,0.91,0.69,"no"
0.3,0.5,0,0.2,0.3,0.5,0.6,0.295377297677252,0.848698960517244,-1.31275902733948,1.97642906633091,0.65,1,0.65,"no"
0.3,0.5,0,0.2,0.3,0.5,0.9,0.293466108387104,1.0781400298082,-1.7703007183712,2.40298718866946,0.59,1,0.59,"no"
0.3,0.5,0,0.2,0.3,0.5,1,0.292829045290389,1.16171666412667,-1.92751755518517,2.55609385685405,0.59,1,0.59,"no"
0.3,0.5,0,0.3,0.1,-0.5,0.3,0.296888325096173,0.656637030224409,-0.999946348448163,1.51871374907315,0.69,0.95,0.65,"no"
0.3,0.5,0,0.3,0.1,-0.5,0.6,0.294977135806026,0.833995170762605,-1.33496360071574,1.86151567504383,0.65,1,0.65,"no"
0.3,0.5,0,0.3,0.1,-0.5,0.9,0.293065946515878,1.06743699964108,-1.77808233336961,2.3155052883085,0.6,1,0.6,"no"
0.3,0.5,0,0.3,0.1,-0.5,1,0.292428883419162,1.15206893109435,-1.93992240801453,2.48073025651696,0.58,1,0.58,"no"
0.3,0.5,0,0.3,0.1,0,0.3,0.296888325096173,0.656588230639777,-0.961869178764651,1.57040417840638,0.69,0.95,0.64,"no"
0.3,0.5,0,0.3,0.1,0,0.6,0.294977135806026,0.833886384156298,-1.31154662068811,1.88893677918037,0.65,1,0.65,"no"
0.3,0.5,0,0.3,0.1,0,0.9,0.293065946515878,1.06728862229088,-1.76400265719467,2.33216041174791,0.6,1,0.6,"no"
0.3,0.5,0,0.3,0.1,0,1,0.292428883419162,1.15191048132722,-1.92602110477827,2.49308580397417,0.58,1,0.58,"no"
0.3,0.5,0,0.3,0.1,0.5,0.3,0.296888325096173,0.656275467828319,-0.918262279994981,1.61291273459668,0.69,0.95,0.64,"no"
0.3,0.5,0,0.3,0.1,0.5,0.6,0.294977135806026,0.833697420882067,-1.28474867587179,1.91813193027706,0.65,1,0.65,"no"
0.3,0.5,0,0.3,0.1,0.5,0.9,0.293065946515878,1.06717680984161,-1.74641432167877,2.35456474382467,0.6,1,0.6,"no"
0.3,0.5,0,0.3,0.1,0.5,1,0.292428883419162,1.15181668744475,-1.91166492433585,2.51098955759577,0.58,1,0.58,"no"
0.3,0.5,0,0.3,0.2,-0.5,0.3,0.296888325096173,0.678821302183074,-1.10101847055943,1.53097290070589,0.69,0.96,0.66,"no"
0.3,0.5,0,0.3,0.2,-0.5,0.6,0.294977135806026,0.851289532812446,-1.40431386505207,1.87241717433684,0.65,1,0.65,"no"
0.3,0.5,0,0.3,0.2,-0.5,0.9,0.293065946515878,1.08074964779504,-1.8259154896079,2.32613583629337,0.6,1,0.6,"no"
0.3,0.5,0,0.3,0.2,-0.5,1,0.292428883419162,1.16433087658215,-1.98645624503978,2.49139806195604,0.58,1,0.58,"no"
0.3,0.5,0,0.3,0.2,0,0.3,0.296888325096173,0.678549021469817,-1.02434094977208,1.62205849071483,0.69,0.95,0.65,"no"
0.3,0.5,0,0.3,0.2,0,0.6,0.294977135806026,0.850928797214683,-1.36088045752899,1.93330537703708,0.65,1,0.65,"no"
0.3,0.5,0,0.3,0.2,0,0.9,0.293065946515878,1.08034114414388,-1.80421497574224,2.36022385895494,0.6,1,0.6,"no"
0.3,0.5,0,0.3,0.2,0,1,0.292428883419162,1.16391073129295,-1.96794056849749,2.51757618553775,0.58,1,0.58,"no"
0.3,0.5,0,0.3,0.2,0.5,0.3,0.296888325096173,0.677356469778136,-0.93614350361615,1.70438567396916,0.69,0.95,0.64,"no"
0.3,0.5,0,0.3,0.2,0.5,0.6,0.294977135806026,0.850094822569822,-1.30921891706588,1.97677398501436,0.65,1,0.65,"no"
0.3,0.5,0,0.3,0.2,0.5,0.9,0.293065946515878,1.07975796963633,-1.76721543671742,2.39962188878252,0.6,1,0.6,"no"
0.3,0.5,0,0.3,0.2,0.5,1,0.292428883419162,1.16338950855187,-1.93251105518982,2.55249314473956,0.58,1,0.58,"no"
0.3,0.5,0,0.3,0.3,-0.5,0.3,0.296888325096173,0.714182868856388,-1.20963722459311,1.59543966352221,0.69,0.98,0.68,"no"
0.3,0.5,0,0.3,0.3,-0.5,0.6,0.294977135806026,0.879521218026408,-1.48639562463876,1.91831751064117,0.65,1,0.65,"no"
0.3,0.5,0,0.3,0.3,-0.5,0.9,0.293065946515878,1.10290477312007,-1.88323898520177,2.35937929384417,0.6,1,0.6,"no"
0.3,0.5,0,0.3,0.3,-0.5,1,0.292428883419162,1.18484850400787,-2.03981356388963,2.52062034737334,0.58,0.98,0.56,"no"
0.3,0.5,0,0.3,0.3,0,0.3,0.296888325096173,0.713578575178566,-1.11148654239165,1.70421340514035,0.69,0.98,0.68,"no"
0.3,0.5,0,0.3,0.3,0,0.6,0.294977135806026,0.878798933599955,-1.42273605209668,1.98142532145094,0.65,1,0.65,"no"
0.3,0.5,0,0.3,0.3,0,0.9,0.293065946515878,1.10214041835957,-1.85880057052815,2.40399034319705,0.6,1,0.6,"no"
0.3,0.5,0,0.3,0.3,0,1,0.292428883419162,1.18407615555428,-2.01666011835125,2.55724065376564,0.58,0.98,0.57,"no"
0.3,0.5,0,0.3,0.3,0.5,0.3,0.296888325096173,0.711026341442264,-0.99615933898244,1.80517847422611,0.69,0.96,0.65,"no"
0.3,0.5,0,0.3,0.3,0.5,0.6,0.294977135806026,0.876903707283316,-1.34645790728614,2.05162314207185,0.65,1,0.65,"no"
0.3,0.5,0,0.3,0.3,0.5,0.9,0.293065946515878,1.10074384755757,-1.80212418490497,2.45394463172469,0.6,1,0.6,"no"
0.3,0.5,0,0.3,0.3,0.5,1,0.292428883419162,1.18280739054652,-1.96116047254094,2.61051972964067,0.58,0.99,0.57,"no"
0.6,-0.5,0,0.1,0.1,-0.5,0.3,0.597688648838626,0.602851323801435,-0.561959791569468,1.77050658090509,0,0.45,0,"no"
0.6,-0.5,0,0.1,0.1,-0.5,0.6,0.595777459548478,0.798703234939726,-0.933315230993804,2.13104116884042,0,1,0,"no"
0.6,-0.5,0,0.1,0.1,-0.5,0.9,0.593866270258331,1.04495846139745,-1.40331215436658,2.58275918514672,0,1,0,"no"
0.6,-0.5,0,0.1,0.1,-0.5,1,0.593229207161615,1.13276780574254,-1.57283002332319,2.74849966270844,0,0.99,0,"no"
0.6,-0.5,0,0.1,0.1,0,0.3,0.597688648838626,0.60239606690358,-0.584002798332524,1.75780365682174,0,0.43,0,"no"
0.6,-0.5,0,0.1,0.1,0,0.6,0.595777459548478,0.79826794197952,-0.944010370147491,2.12049508552165,0,1,0,"no"
0.6,-0.5,0,0.1,0.1,0,0.9,0.593866270258331,1.04454987735453,-1.41250978344599,2.58355743066062,0,1,0,"no"
0.6,-0.5,0,0.1,0.1,0,1,0.593229207161615,1.13236715826463,-1.57795828774594,2.74896497823578,0,0.99,0,"no"
0.6,-0.5,0,0.1,0.1,0.5,0.3,0.597688648838626,0.602181544301761,-0.601295072698052,1.73256474253998,0,0.42,0,"no"
0.6,-0.5,0,0.1,0.1,0.5,0.6,0.595777459548478,0.798141213170922,-0.953109041974796,2.11035768379225,0,1,0,"no"
0.6,-0.5,0,0.1,0.1,0.5,0.9,0.593866270258331,1.04447801054474,-1.42010361990969,2.57813399573856,0,1,0,"no"
0.6,-0.5,0,0.1,0.1,0.5,1,0.593229207161615,1.13230852716299,-1.58721138057607,2.74746745372451,0,0.99,0,"no"
0.6,-0.5,0,0.1,0.2,-0.5,0.3,0.597688648838626,0.625312875077699,-0.610676966031189,1.84950368513482,0,0.6,0,"no"
0.6,-0.5,0,0.1,0.2,-0.5,0.6,0.595777459548478,0.815549707917469,-0.955970646181522,2.17889482537229,0,1,0,"no"
0.6,-0.5,0,0.1,0.2,-0.5,0.9,0.593866270258331,1.0576548155107,-1.42204404811718,2.62618944348402,0,1,0,"no"
0.6,-0.5,0,0.1,0.2,-0.5,1,0.593229207161615,1.14441014360259,-1.59260950289276,2.78917453057795,0,0.99,0,"no"
0.6,-0.5,0,0.1,0.2,0,0.3,0.597688648838626,0.6241802949633,-0.645019702719654,1.8280329049376,0,0.59,0,"no"
0.6,-0.5,0,0.1,0.2,0,0.6,0.595777459548478,0.814524236663418,-0.977634065632933,2.1629958023329,0,1,0,"no"
0.6,-0.5,0,0.1,0.2,0,0.9,0.593866270258331,1.05672470310345,-1.43815369532638,2.62723123976785,0,1,0,"no"
0.6,-0.5,0,0.1,0.2,0,1,0.593229207161615,1.14350569521337,-1.60196133504124,2.79047519431382,0,0.99,0,"no"
0.6,-0.5,0,0.1,0.2,0.5,0.3,0.597688648838626,0.623150559474022,-0.671456191565675,1.79231760394813,0,0.61,0,"no"
0.6,-0.5,0,0.1,0.2,0.5,0.6,0.595777459548478,0.813802450012142,-1.00265814530648,2.1445551687474,0,1,0,"no"
0.6,-0.5,0,0.1,0.2,0.5,0.9,0.593866270258331,1.05621709296672,-1.45354534774349,2.61599137949267,0,1,0,"no"
0.6,-0.5,0,0.1,0.2,0.5,1,0.593229207161615,1.14305169924703,-1.62118704649063,2.77984407827244,0,0.99,0,"no"
0.6,-0.5,0,0.1,0.3,-0.5,0.3,0.597688648838626,0.661877078554859,-0.684611870689751,1.97062732443395,0,0.83,0,"no"
0.6,-0.5,0,0.1,0.3,-0.5,0.6,0.595777459548478,0.843750030973552,-1.01049373051039,2.25007160111549,0,1,0,"no"
0.6,-0.5,0,0.1,0.3,-0.5,0.9,0.593866270258331,1.07936285530689,-1.46138949206706,2.6799538042957,0,1,0,"no"
0.6,-0.5,0,0.1,0.3,-0.5,1,0.593229207161615,1.16443307477575,-1.62533816445479,2.83496843422117,0,0.98,0,"no"
0.6,-0.5,0,0.1,0.3,0,0.3,0.597688648838626,0.659915326152979,-0.731264154916838,1.93018526960279,0,0.8,0,"no"
0.6,-0.5,0,0.1,0.3,0,0.6,0.595777459548478,0.842007985633576,-1.04195272888006,2.23347828287879,0,1,0,"no"
0.6,-0.5,0,0.1,0.3,0,0.9,0.593866270258331,1.07781048525616,-1.47571538416168,2.67498037031316,0,1,0,"no"
0.6,-0.5,0,0.1,0.3,0,1,0.593229207161615,1.16293117369572,-1.63968953587689,2.83575503097079,0,0.98,0,"no"
0.6,-0.5,0,0.1,0.3,0.5,0.3,0.597688648838626,0.657564897091393,-0.761028391912121,1.87931944601705,0,0.81,0,"no"
0.6,-0.5,0,0.1,0.3,0.5,0.6,0.595777459548478,0.840268816855802,-1.07178516775556,2.20627452691109,0,1,0,"no"
0.6,-0.5,0,0.1,0.3,0.5,0.9,0.593866270258331,1.07652434153954,-1.49687157078707,2.65691646254341,0,1,0,"no"
0.6,-0.5,0,0.1,0.3,0.5,1,0.593229207161615,1.16176153853135,-1.65373164012493,2.82033393039898,0,0.97,0,"no"
0.6,-0.5,0,0.2,0.1,-0.5,0.3,0.5972884869674,0.626560736789068,-0.589168246365634,1.82680068138242,0,0.7,0,"no"
0.6,-0.5,0,0.2,0.1,-0.5,0.6,0.595377297677252,0.817079682626555,-0.954461471258972,2.17603675219015,0,1,0,"no"
0.6,-0.5,0,0.2,0.1,-0.5,0.9,0.593466108387104,1.05932657043054,-1.42161123545942,2.61692041228635,0,1,0,"no"
0.6,-0.5,0,0.2,0.1,-0.5,1,0.592829045290388,1.1461154926723,-1.58808205908316,2.77365828393696,0,0.99,0,"no"
0.6,-0.5,0,0.2,0.1,0,0.3,0.5972884869674,0.626142575549892,-0.622593443908769,1.79662300917499,0,0.69,0,"no"
0.6,-0.5,0,0.2,0.1,0,0.6,0.595377297677252,0.816664120678125,-0.973895478263922,2.15726733168972,0,1,0,"no"
0.6,-0.5,0,0.2,0.1,0,0.9,0.593466108387104,1.0589291798412,-1.43403418086935,2.60603152434799,0,1,0,"no"
0.6,-0.5,0,0.2,0.1,0,1,0.592829045290388,1.1457243617903,-1.60222675424854,2.7679009928644,0,0.99,0,"no"
0.6,-0.5,0,0.2,0.1,0.5,0.3,0.5972884869674,0.62594619250081,-0.653493199261072,1.76606711720391,0,0.72,0,"no"
0.6,-0.5,0,0.2,0.1,0.5,0.6,0.595377297677252,0.816546254242492,-0.994600172741406,2.13994484422716,0,1,0,"no"
0.6,-0.5,0,0.2,0.1,0.5,0.9,0.593466108387104,1.05886261882809,-1.44956290750744,2.59612411367155,0,1,0,"no"
0.6,-0.5,0,0.2,0.1,0.5,1,0.592829045290388,1.14567038587873,-1.61309264518312,2.76006212850239,0,0.99,0,"no"
0.6,-0.5,0,0.2,0.2,-0.5,0.3,0.5972884869674,0.648225333777216,-0.623574553758457,1.91535776685827,0,0.83,0,"no"
0.6,-0.5,0,0.2,0.2,-0.5,0.6,0.595377297677252,0.833557564801417,-0.969457466600501,2.2296915822935,0,1,0,"no"
0.6,-0.5,0,0.2,0.2,-0.5,0.9,0.593466108387104,1.07184965790756,-1.43466357275354,2.66204809200506,0,1,0,"no"
0.6,-0.5,0,0.2,0.2,-0.5,1,0.592829045290388,1.15761988286312,-1.60415667522128,2.82226320543007,0,0.99,0,"no"
0.6,-0.5,0,0.2,0.2,0,0.3,0.5972884869674,0.647178513657271,-0.681557404853525,1.86302087513916,0,0.82,0,"no"
0.6,-0.5,0,0.2,0.2,0,0.6,0.595377297677252,0.832576747951226,-1.010369300575,2.19597694825777,0,1,0,"no"
0.6,-0.5,0,0.2,0.2,0,0.9,0.593466108387104,1.07094416225608,-1.4577628180352,2.64602085224207,0,1,0,"no"
0.6,-0.5,0,0.2,0.2,0,1,0.592829045290388,1.15673618153046,-1.6205781679557,2.80763925041282,0,0.99,0,"no"
0.6,-0.5,0,0.2,0.2,0.5,0.3,0.5972884869674,0.646198339079888,-0.736774147923513,1.79848661838373,0,0.8,0,"no"
0.6,-0.5,0,0.2,0.2,0.5,0.6,0.595377297677252,0.831879786267949,-1.05085553251438,2.1610100270688,0,1,0,"no"
0.6,-0.5,0,0.2,0.2,0.5,0.9,0.593466108387104,1.0704506904826,-1.48606290472375,2.62936088023669,0,1,0,"no"
0.6,-0.5,0,0.2,0.2,0.5,1,0.592829045290388,1.1562943264474,-1.64784063380575,2.78987081914253,0,0.99,0,"no"
0.6,-0.5,0,0.2,0.3,-0.5,0.3,0.5972884869674,0.683598825279641,-0.684409920531752,2.03799257798432,0,0.94,0,"no"
0.6,-0.5,0,0.2,0.3,-0.5,0.6,0.595377297677252,0.861175148546771,-1.02167484968213,2.30780009256319,0,1,0,"no"
0.6,-0.5,0,0.2,0.3,-0.5,0.9,0.593466108387104,1.09327399392417,-1.4671111760043,2.7185688109948,0,1,0,"no"
0.6,-0.5,0,0.2,0.3,-0.5,1,0.592829045290388,1.17741523983325,-1.63195302307173,2.86838354830972,0,0.97,0,"no"
0.6,-0.5,0,0.2,0.3,0,0.3,0.5972884869674,0.681770810000674,-0.762751627014535,1.96836702014975,0,0.93,0,"no"
0.6,-0.5,0,0.2,0.3,0,0.6,0.595377297677252,0.859504586383191,-1.07094700217278,2.25961669080471,0,1,0,"no"
0.6,-0.5,0,0.2,0.3,0,0.9,0.593466108387104,1.09176102167074,-1.49428250641142,2.69088546731209,0,1,0,"no"
0.6,-0.5,0,0.2,0.3,0,1,0.592829045290388,1.17594644710195,-1.65470284298642,2.84965722540318,0,0.97,0,"no"
0.6,-0.5,0,0.2,0.3,0.5,0.3,0.5972884869674,0.679507500727372,-0.834235601453791,1.87124767838449,0,0.92,0,"no"
0.6,-0.5,0,0.2,0.3,0.5,0.6,0.595377297677252,0.85781097880585,-1.12674143675482,2.21288599829613,0,1,0,"no"
0.6,-0.5,0,0.2,0.3,0.5,0.9,0.593466108387104,1.09050068036825,-1.53014711536138,2.66175530744138,0,1,0,"no"
0.6,-0.5,0,0.2,0.3,0.5,1,0.592829045290388,1.17479879154932,-1.68973500528758,2.82228947014299,0,0.96,0,"no"
0.6,-0.5,0,0.3,0.1,-0.5,0.3,0.596888325096173,0.663843864506444,-0.643541481311291,1.90886759202536,0,0.99,0,"no"
0.6,-0.5,0,0.3,0.1,-0.5,0.6,0.594977135806026,0.84635065193039,-1.00087783378492,2.23320899321692,0,1,0,"no"
0.6,-0.5,0,0.3,0.1,-0.5,0.9,0.593065946515878,1.08232119964852,-1.46024623993119,2.65835272696535,0,1,0,"no"
0.6,-0.5,0,0.3,0.1,-0.5,1,0.592428883419162,1.16748113600634,-1.63106686487205,2.81438225462932,0,0.99,0,"no"
0.6,-0.5,0,0.3,0.1,0,0.3,0.596888325096173,0.663474614673994,-0.685287122429274,1.86805639956427,0,0.98,0,"no"
0.6,-0.5,0,0.3,0.1,0,0.6,0.594977135806026,0.845962910747578,-1.02876762105934,2.20876517396791,0,1,0,"no"
0.6,-0.5,0,0.3,0.1,0,0.9,0.593065946515878,1.08193982715317,-1.48076532373141,2.64313362019122,0,1,0,"no"
0.6,-0.5,0,0.3,0.1,0,1,0.592428883419162,1.16710359582955,-1.64587300814597,2.80031750151301,0,0.99,0,"no"
0.6,-0.5,0,0.3,0.1,0.5,0.3,0.596888325096173,0.663302836612743,-0.723067774193134,1.82204331043488,0,0.97,0,"no"
0.6,-0.5,0,0.3,0.1,0.5,0.6,0.594977135806026,0.845856986915603,-1.05703070043062,2.18024946003944,0,1,0,"no"
0.6,-0.5,0,0.3,0.1,0.5,0.9,0.593065946515878,1.08187990571855,-1.49962871032104,2.62659037433922,0,1,0,"no"
0.6,-0.5,0,0.3,0.1,0.5,1,0.592428883419162,1.16705529642082,-1.66018578882344,2.78921792774234,0,0.99,0,"no"
0.6,-0.5,0,0.3,0.2,-0.5,0.3,0.596888325096173,0.684363678822895,-0.661980236490847,2.0061993145024,0,0.99,0,"no"
0.6,-0.5,0,0.3,0.2,-0.5,0.6,0.594977135806026,0.862275940076874,-1.01275553323042,2.30131569125376,0,1,0,"no"
0.6,-0.5,0,0.3,0.2,-0.5,0.9,0.593065946515878,1.09457963527971,-1.47121865516895,2.71086658016814,0,1,0,"no"
0.6,-0.5,0,0.3,0.2,-0.5,1,0.592428883419162,1.17877443716477,-1.63905438430119,2.86230580726628,0,0.98,0,"no"
0.6,-0.5,0,0.3,0.2,0,0.3,0.596888325096173,0.683431201952555,-0.739376268955086,1.92469159823152,0,0.98,0,"no"
0.6,-0.5,0,0.3,0.2,0,0.6,0.594977135806026,0.861358607164741,-1.06364518135549,2.25302335119987,0,1,0,"no"
0.6,-0.5,0,0.3,0.2,0,0.9,0.593065946515878,1.09370981094279,-1.50105690952857,2.68332537018611,0,1,0,"no"
0.6,-0.5,0,0.3,0.2,0,1,0.592428883419162,1.17792077653676,-1.66458588183119,2.83856434364356,0,0.99,0,"no"
0.6,-0.5,0,0.3,0.2,0.5,0.3,0.596888325096173,0.682521067689224,-0.817430492423958,1.84172244421049,0,0.98,0,"no"
0.6,-0.5,0,0.3,0.2,0.5,0.6,0.594977135806026,0.860696656424682,-1.11533972291566,2.19300940249672,0,1,0,"no"
0.6,-0.5,0,0.3,0.2,0.5,0.9,0.593065946515878,1.09323522821264,-1.54043631325897,2.65038457132146,0,1,0,"no"
0.6,-0.5,0,0.3,0.2,0.5,1,0.592428883419162,1.17749479226568,-1.69478443939066,2.81230401661542,0,0.97,0,"no"
0.6,-0.5,0,0.3,0.3,-0.5,0.3,0.596888325096173,0.718010207896426,-0.71853270305297,2.12400881593352,0,0.99,0,"no"
0.6,-0.5,0,0.3,0.3,-0.5,0.6,0.594977135806026,0.889015327789709,-1.0525622753909,2.38818247963539,0,1,0,"no"
0.6,-0.5,0,0.3,0.3,-0.5,0.9,0.593065946515878,1.11556814277297,-1.4967605841527,2.7727092839665,0,1,0,"no"
0.6,-0.5,0,0.3,0.3,-0.5,1,0.592428883419162,1.19821926252805,-1.66317627419185,2.91918097014831,0,0.92,0,"no"
0.6,-0.5,0,0.3,0.3,0,0.3,0.596888325096173,0.716363499310636,-0.814685283773256,2.02500430642896,0,0.99,0,"no"
0.6,-0.5,0,0.3,0.3,0,0.6,0.594977135806026,0.88744718086547,-1.1281133552489,2.31474115537882,0,1,0,"no"
0.6,-0.5,0,0.3,0.3,0,0.9,0.593065946515878,1.1141127865355,-1.53700568698601,2.72663239263556,0,1,0,"no"
0.6,-0.5,0,0.3,0.3,0,1,0.592428883419162,1.19679890084723,-1.69721675557677,2.88217414626237,0,0.92,0,"no"
0.6,-0.5,0,0.3,0.3,0.5,0.3,0.596888325096173,0.71422588352552,-0.919327328004693,1.89519373178764,0,0.98,0,"no"
0.6,-0.5,0,0.3,0.3,0.5,0.6,0.594977135806026,0.88581913117477,-1.19310543320681,2.23715489659987,0,1,0,"no"
0.6,-0.5,0,0.3,0.3,0.5,0.9,0.593065946515878,1.11288807195143,-1.5889361185599,2.6870536164527,0,1,0,"no"
0.6,-0.5,0,0.3,0.3,0.5,1,0.592428883419162,1.19568105746596,-1.7413022794636,2.84233745751951,0,0.91,0,"no"
0.6,-0.4,0,0.1,0.1,-0.5,0.3,0.597688648838626,0.522035096612563,-0.399344013666549,1.61683320085693,0,0,0,"no"
0.6,-0.4,0,0.1,0.1,-0.5,0.6,0.595777459548478,0.738905493113066,-0.813326037635887,2.01596566774925,0,1,0,"no"
0.6,-0.4,0,0.1,0.1,-0.5,0.9,0.593866270258331,0.99946547841562,-1.31841838534887,2.50077798346963,0,1,0,"no"
0.6,-0.4,0,0.1,0.1,-0.5,1,0.593229207161615,1.09077716997434,-1.49949999797798,2.67369278117919,0,1,0,"no"
0.6,-0.4,0,0.1,0.1,0,0.3,0.597688648838626,0.521562354818936,-0.425054978092667,1.60029652245192,0,0,0,"no"
0.6,-0.4,0,0.1,0.1,0,0.6,0.595777459548478,0.738470204693145,-0.825345303783077,2.01128749942289,0,1,0,"no"
0.6,-0.4,0,0.1,0.1,0,0.9,0.593866270258331,0.99906378300558,-1.31703156704911,2.49820634574489,0,1,0,"no"
0.6,-0.4,0,0.1,0.1,0,1,0.593229207161615,1.0903844368831,-1.49593980816568,2.66873354788877,0,1,0,"no"
0.6,-0.4,0,0.1,0.1,0.5,0.3,0.597688648838626,0.521303542459591,-0.441652374736419,1.57940589972852,0,0,0,"no"
0.6,-0.4,0,0.1,0.1,0.5,0.6,0.595777459548478,0.738323632024497,-0.834168036852323,2.00129599935354,0,1,0,"no"
0.6,-0.4,0,0.1,0.1,0.5,0.9,0.593866270258331,0.998981509301867,-1.32640050446564,2.49506877602501,0,1,0,"no"
0.6,-0.4,0,0.1,0.1,0.5,1,0.593229207161615,1.09031710616815,-1.49866695957492,2.66817778095757,0,1,0,"no"
0.6,-0.4,0,0.1,0.2,-0.5,0.3,0.597688648838626,0.548061265342524,-0.449430980043465,1.70239553669684,0,0.07,0,"no"
0.6,-0.4,0,0.1,0.2,-0.5,0.6,0.595777459548478,0.757260277645171,-0.840781223964144,2.06538976118071,0,1,0,"no"
0.6,-0.4,0,0.1,0.2,-0.5,0.9,0.593866270258331,1.01285346102665,-1.34306186459566,2.53762836315703,0,1,0,"no"
0.6,-0.4,0,0.1,0.2,-0.5,1,0.593229207161615,1.10297114115316,-1.52462623963198,2.7047935568506,0,1,0,"no"
0.6,-0.4,0,0.1,0.2,0,0.3,0.597688648838626,0.546879498621007,-0.490084032862668,1.67305417403476,0,0.07,0,"no"
0.6,-0.4,0,0.1,0.2,0,0.6,0.595777459548478,0.756231431032951,-0.857735263517792,2.05404662958596,0,1,0,"no"
0.6,-0.4,0,0.1,0.2,0,0.9,0.593866270258331,1.01193605337354,-1.3424233984552,2.53413375758339,0,1,0,"no"
0.6,-0.4,0,0.1,0.2,0,1,0.593229207161615,1.10208171090734,-1.51890560921092,2.69984751682677,0,1,0,"no"
0.6,-0.4,0,0.1,0.2,0.5,0.3,0.597688648838626,0.545678529542441,-0.51850662464649,1.63891972738299,0,0.08,0,"no"
0.6,-0.4,0,0.1,0.2,0.5,0.6,0.595777459548478,0.755433659839105,-0.878516635771068,2.03518823077715,0,1,0,"no"
0.6,-0.4,0,0.1,0.2,0.5,0.9,0.593866270258331,1.01139123703048,-1.36217534259805,2.52674530341431,0,1,0,"no"
0.6,-0.4,0,0.1,0.2,0.5,1,0.593229207161615,1.10159741811267,-1.53164939342995,2.69300769621109,0,1,0,"no"
0.6,-0.4,0,0.1,0.3,-0.5,0.3,0.597688648838626,0.589704350962005,-0.530697885980491,1.82817044890961,0,0.37,0,"no"
0.6,-0.4,0,0.1,0.3,-0.5,0.6,0.595777459548478,0.787748949462121,-0.897205107802442,2.13807322020144,0,1,0,"no"
0.6,-0.4,0,0.1,0.3,-0.5,0.9,0.593866270258331,1.03563712446681,-1.37649215068189,2.58378879561861,0,1,0,"no"
0.6,-0.4,0,0.1,0.3,-0.5,1,0.593229207161615,1.12385366517708,-1.55106044913791,2.74433311197729,0,0.99,0,"no"
0.6,-0.4,0,0.1,0.3,0,0.3,0.597688648838626,0.587674822504379,-0.580576690078836,1.78252007493748,0,0.36,0,"no"
0.6,-0.4,0,0.1,0.3,0,0.6,0.595777459548478,0.786002899279197,-0.919426698174693,2.11554517823148,0,1,0,"no"
0.6,-0.4,0,0.1,0.3,0,0.9,0.593866270258331,1.03410393403159,-1.38742139231178,2.58620953276343,0,1,0,"no"
0.6,-0.4,0,0.1,0.3,0,1,0.593229207161615,1.12237429361929,-1.55936259988757,2.74834665350652,0,1,0,"no"
0.6,-0.4,0,0.1,0.3,0.5,0.3,0.597688648838626,0.584986763199335,-0.612674599354921,1.73336069670923,0,0.36,0,"no"
0.6,-0.4,0,0.1,0.3,0.5,0.6,0.595777459548478,0.784106366089501,-0.948186228304133,2.0934796980997,0,1,0,"no"
0.6,-0.4,0,0.1,0.3,0.5,0.9,0.593866270258331,1.03274006724082,-1.40337065241405,2.57633082296599,0,1,0,"no"
0.6,-0.4,0,0.1,0.3,0.5,1,0.593229207161615,1.12114156958117,-1.57415089472816,2.73956534866911,0,1,0,"no"
0.6,-0.4,0,0.2,0.1,-0.5,0.3,0.5972884869674,0.549228733473899,-0.432861156622753,1.67945795634985,0,0.03,0,"no"
0.6,-0.4,0,0.2,0.1,-0.5,0.6,0.595377297677252,0.75872008362915,-0.837068478120398,2.05813762091461,0,1,0,"no"
0.6,-0.4,0,0.2,0.1,-0.5,0.9,0.593466108387104,1.01447254571989,-1.34305627218239,2.5259372569104,0,1,0,"no"
0.6,-0.4,0,0.2,0.1,-0.5,1,0.592829045290388,1.10462829033656,-1.52267870010704,2.69481816138601,0,1,0,"no"
0.6,-0.4,0,0.2,0.1,0,0.3,0.5972884869674,0.548804171605703,-0.472425502717313,1.6485900178842,0,0.03,0,"no"
0.6,-0.4,0,0.2,0.1,0,0.6,0.595377297677252,0.75830698480409,-0.858879925764913,2.04209779805507,0,1,0,"no"
0.6,-0.4,0,0.2,0.1,0,0.9,0.593466108387104,1.01408262558887,-1.35144252438837,2.51994986413983,0,1,0,"no"
0.6,-0.4,0,0.2,0.1,0,1,0.592829045290388,1.10424544328529,-1.52533741415411,2.69052661966469,0,1,0,"no"
0.6,-0.4,0,0.2,0.1,0.5,0.3,0.5972884869674,0.548569612513581,-0.499384697798736,1.61403562802215,0,0.02,0,"no"
0.6,-0.4,0,0.2,0.1,0.5,0.6,0.595377297677252,0.758170812302219,-0.879254830346403,2.0255854683764,0,1,0,"no"
0.6,-0.4,0,0.2,0.1,0.5,0.9,0.593466108387104,1.01400620363638,-1.36169279535838,2.50931943448568,0,1,0,"no"
0.6,-0.4,0,0.2,0.1,0.5,1,0.592829045290388,1.10418317957168,-1.53318485791197,2.68038853308335,0,1,0,"no"
0.6,-0.4,0,0.2,0.2,-0.5,0.3,0.5972884869674,0.574053916777416,-0.468375065036072,1.77537203020543,0,0.21,0,"no"
0.6,-0.4,0,0.2,0.2,-0.5,0.6,0.595377297677252,0.776607632807799,-0.859167692705643,2.12036991732773,0,1,0,"no"
0.6,-0.4,0,0.2,0.2,-0.5,0.9,0.593466108387104,1.02766051569594,-1.35970123948646,2.57417113084469,0,1,0,"no"
0.6,-0.4,0,0.2,0.2,-0.5,1,0.592829045290388,1.11666608449436,-1.54003153078367,2.73976711997468,0,1,0,"no"
0.6,-0.4,0,0.2,0.2,0,0.3,0.5972884869674,0.572982556021233,-0.528532676206259,1.71711575339639,0,0.2,0,"no"
0.6,-0.4,0,0.2,0.2,0,0.6,0.595377297677252,0.775628933650008,-0.892138201580257,2.08635700866776,0,1,0,"no"
0.6,-0.4,0,0.2,0.2,0,0.9,0.593466108387104,1.02676900300325,-1.37161381850961,2.55416742619654,0,1,0,"no"
0.6,-0.4,0,0.2,0.2,0,1,0.592829045290388,1.11579820901562,-1.54564683541113,2.72137168200827,0,1,0,"no"
0.6,-0.4,0,0.2,0.2,0.5,0.3,0.5972884869674,0.571849623523604,-0.589490132067699,1.6478108703756,0,0.14,0,"no"
0.6,-0.4,0,0.2,0.2,0.5,0.6,0.595377297677252,0.774860923933536,-0.926286325919035,2.054442524343,0,1,0,"no"
0.6,-0.4,0,0.2,0.2,0.5,0.9,0.593466108387104,1.02623994539182,-1.39619718184754,2.53826653505554,0,1,0,"no"
0.6,-0.4,0,0.2,0.2,0.5,1,0.592829045290388,1.11532724081322,-1.56647050229165,2.70752884854067,0,1,0,"no"
0.6,-0.4,0,0.2,0.3,-0.5,0.3,0.5972884869674,0.613977005252304,-0.542106655437513,1.89607141935137,0,0.5,0,"no"
0.6,-0.4,0,0.2,0.3,-0.5,0.6,0.595377297677252,0.806370340207082,-0.912265599099465,2.19869041301354,0,1,0,"no"
0.6,-0.4,0,0.2,0.3,-0.5,0.9,0.593466108387104,1.05011955626126,-1.38418212915857,2.62293839369378,0,1,0,"no"
0.6,-0.4,0,0.2,0.3,-0.5,1,0.592829045290388,1.13729290315362,-1.55994052236159,2.78123849966768,0,0.99,0,"no"
0.6,-0.4,0,0.2,0.3,0,0.3,0.5972884869674,0.612114169668621,-0.615035635835381,1.82553369927296,0,0.52,0,"no"
0.6,-0.4,0,0.2,0.3,0,0.6,0.595377297677252,0.804703804669671,-0.956081688829114,2.14701783013051,0,1,0,"no"
0.6,-0.4,0,0.2,0.3,0,0.9,0.593466108387104,1.04862768330092,-1.41284622427426,2.60085069241086,0,1,0,"no"
0.6,-0.4,0,0.2,0.3,0,1,0.592829045290388,1.13584785431275,-1.5836560915384,2.76074331450973,0,0.99,0,"no"
0.6,-0.4,0,0.2,0.3,0.5,0.3,0.5972884869674,0.609544538132711,-0.688227866989624,1.73311337110726,0,0.49,0,"no"
0.6,-0.4,0,0.2,0.3,0.5,0.6,0.595377297677252,0.802861987534866,-1.00095977348841,2.11081258361175,0,1,0,"no"
0.6,-0.4,0,0.2,0.3,0.5,0.9,0.593466108387104,1.04729265773498,-1.44339027566738,2.57322837078777,0,1,0,"no"
0.6,-0.4,0,0.2,0.3,0.5,1,0.592829045290388,1.13463931503452,-1.61212775338544,2.74164510459573,0,1,0,"no"
0.6,-0.4,0,0.3,0.1,-0.5,0.3,0.596888325096173,0.59136919013887,-0.49650693396058,1.77193087351801,0,0.27,0,"no"
0.6,-0.4,0,0.3,0.1,-0.5,0.6,0.594977135806026,0.790135039050579,-0.891907594247658,2.11756649837212,0,1,0,"no"
0.6,-0.4,0,0.3,0.1,-0.5,0.9,0.593065946515878,1.03845005830944,-1.38917069631223,2.57103794050393,0,1,0,"no"
0.6,-0.4,0,0.3,0.1,-0.5,1,0.592428883419162,1.12677237022246,-1.56196051546844,2.73530667863539,0,0.99,0,"no"
0.6,-0.4,0,0.3,0.1,0,0.3,0.596888325096173,0.591004388796794,-0.539920366728333,1.72810537604732,0,0.23,0,"no"
0.6,-0.4,0,0.3,0.1,0,0.6,0.594977135806026,0.789752523405329,-0.917469396102144,2.091055422929,0,1,0,"no"
0.6,-0.4,0,0.3,0.1,0,0.9,0.593065946515878,1.03807675610774,-1.40080866527453,2.55598641772705,0,1,0,"no"
0.6,-0.4,0,0.3,0.1,0,1,0.592428883419162,1.12640346150576,-1.57413455297844,2.72278493228119,0,0.99,0,"no"
0.6,-0.4,0,0.3,0.1,0.5,0.3,0.596888325096173,0.590800979136599,-0.582539312292066,1.68337460649539,0,0.24,0,"no"
0.6,-0.4,0,0.3,0.1,0.5,0.6,0.594977135806026,0.789629781439459,-0.944455078683249,2.06608232151076,0,1,0,"no"
0.6,-0.4,0,0.3,0.1,0.5,0.9,0.593065946515878,1.03800738413026,-1.41452127453862,2.54451933701828,0,1,0,"no"
0.6,-0.4,0,0.3,0.1,0.5,1,0.592428883419162,1.12634715943977,-1.58500442580557,2.71251984924325,0,0.99,0,"no"
0.6,-0.4,0,0.3,0.2,-0.5,0.3,0.596888325096173,0.614538189814343,-0.520522772223078,1.86953215706525,0,0.53,0,"no"
0.6,-0.4,0,0.3,0.2,-0.5,0.6,0.594977135806026,0.807332455789823,-0.910858003807214,2.18581562787881,0,1,0,"no"
0.6,-0.4,0,0.3,0.2,-0.5,0.9,0.593065946515878,1.0513345263657,-1.39733005226267,2.61892395677203,0,1,0,"no"
0.6,-0.4,0,0.3,0.2,-0.5,1,0.592428883419162,1.1385724658957,-1.56952891186661,2.78042640368449,0,0.99,0,"no"
0.6,-0.4,0,0.3,0.2,0,0.3,0.596888325096173,0.613606267399268,-0.596343386413847,1.79311425690236,0,0.52,0,"no"
0.6,-0.4,0,0.3,0.2,0,0.6,0.594977135806026,0.806423618319548,-0.951044084272346,2.13708730049963,0,1,0,"no"
0.6,-0.4,0,0.3,0.2,0,0.9,0.593065946515878,1.05048010377539,-1.42493386532353,2.5918705593006,0,1,0,"no"
0.6,-0.4,0,0.3,0.2,0,1,0.592428883419162,1.13773547046074,-1.59473634179717,2.75664682102175,0,0.99,0,"no"
0.6,-0.4,0,0.3,0.2,0.5,0.3,0.596888325096173,0.612565619441294,-0.676818834089257,1.70473124850153,0,0.5,0,"no"
0.6,-0.4,0,0.3,0.2,0.5,0.6,0.594977135806026,0.805696371038215,-0.997830192275819,2.09086243963792,0,1,0,"no"
0.6,-0.4,0,0.3,0.2,0.5,0.9,0.593065946515878,1.04997157320165,-1.44823887784474,2.56609385160699,0,1,0,"no"
0.6,-0.4,0,0.3,0.2,0.5,1,0.592428883419162,1.13728150352941,-1.61328337636712,2.73404597403865,0,0.99,0,"no"
0.6,-0.4,0,0.3,0.3,-0.5,0.3,0.596888325096173,0.652049249497495,-0.584420283451126,1.98517699739815,0,0.77,0,"no"
0.6,-0.4,0,0.3,0.3,-0.5,0.6,0.594977135806026,0.836014893314791,-0.954754983887145,2.27446360079627,0,1,0,"no"
0.6,-0.4,0,0.3,0.3,-0.5,0.9,0.593065946515878,1.0732975953842,-1.42177876231044,2.67468528218998,0,1,0,"no"
0.6,-0.4,0,0.3,0.3,-0.5,1,0.592428883419162,1.15880715532518,-1.59538879294988,2.82600042857359,0,0.99,0,"no"
0.6,-0.4,0,0.3,0.3,0,0.3,0.596888325096173,0.650402630427484,-0.674415168747888,1.89013562214605,0,0.77,0,"no"
0.6,-0.4,0,0.3,0.3,0,0.6,0.594977135806026,0.834460307533239,-1.01440795932735,2.20536961926492,0,1,0,"no"
0.6,-0.4,0,0.3,0.3,0,0.9,0.593065946515878,1.07186556788121,-1.46431994168094,2.63638541667275,0,1,0,"no"
0.6,-0.4,0,0.3,0.3,0,1,0.592428883419162,1.15741187796049,-1.63346299535892,2.79378819046334,0,0.99,0,"no"
0.6,-0.4,0,0.3,0.3,0.5,0.3,0.596888325096173,0.647998171670061,-0.776231288679127,1.76943292238945,0,0.78,0,"no"
0.6,-0.4,0,0.3,0.3,0.5,0.6,0.594977135806026,0.832695428690399,-1.06827709945474,2.14649524257298,0,1,0,"no"
0.6,-0.4,0,0.3,0.3,0.5,0.9,0.593065946515878,1.07056961280762,-1.49659876915639,2.60287043091022,0,1,0,"no"
0.6,-0.4,0,0.3,0.3,0.5,1,0.592428883419162,1.15623554887825,-1.65662350192891,2.7681853135277,0,0.98,0,"no"
0.6,-0.3,0,0.1,0.1,-0.5,0.3,0.597688648838626,0.449038914047737,-0.249859111829243,1.47577903818327,0,0,0,"no"
0.6,-0.3,0,0.1,0.1,-0.5,0.6,0.595777459548478,0.688512938866079,-0.712654501850811,1.91593357224212,0,0.97,0,"no"
0.6,-0.3,0,0.1,0.1,-0.5,0.9,0.593866270258331,0.962244099578678,-1.25504030115968,2.42898222782271,0,1,0,"no"
0.6,-0.3,0,0.1,0.1,-0.5,1,0.593229207161615,1.05660264272121,-1.43800298428035,2.6067638222767,0,1,0,"no"
0.6,-0.3,0,0.1,0.1,0,0.3,0.597688648838626,0.448551976839142,-0.271210955355865,1.45758768491238,0,0,0,"no"
0.6,-0.3,0,0.1,0.1,0,0.6,0.595777459548478,0.688083839632406,-0.722698961983454,1.91326428790217,0,0.97,0,"no"
0.6,-0.3,0,0.1,0.1,0,0.9,0.593866270258331,0.961853730850048,-1.2473830720704,2.42614913866206,0,1,0,"no"
0.6,-0.3,0,0.1,0.1,0,1,0.593229207161615,1.05622169837864,-1.42773669529538,2.60487316778713,0,1,0,"no"
0.6,-0.3,0,0.1,0.1,0.5,0.3,0.597688648838626,0.448236589533092,-0.291301920995865,1.43989017526339,0,0,0,"no"
0.6,-0.3,0,0.1,0.1,0.5,0.6,0.595777459548478,0.6879160374334,-0.735484895104053,1.90484491804018,0,0.97,0,"no"
0.6,-0.3,0,0.1,0.1,0.5,0.9,0.593866270258331,0.961761197899048,-1.24893593974728,2.42260302431444,0,1,0,"no"
0.6,-0.3,0,0.1,0.1,0.5,1,0.593229207161615,1.05614591274023,-1.42928894629972,2.60199884537604,0,1,0,"no"
0.6,-0.3,0,0.1,0.2,-0.5,0.3,0.597688648838626,0.479354090052674,-0.305776561999705,1.5656325992014,0,0,0,"no"
0.6,-0.3,0,0.1,0.2,-0.5,0.6,0.595777459548478,0.708367033312968,-0.745295446184474,1.96502686614385,0,0.98,0,"no"
0.6,-0.3,0,0.1,0.2,-0.5,0.9,0.593866270258331,0.976266618866007,-1.2781782148876,2.45736425929206,0,1,0,"no"
0.6,-0.3,0,0.1,0.2,-0.5,1,0.593229207161615,1.06929617903852,-1.46310995533459,2.6320121195933,0,1,0,"no"
0.6,-0.3,0,0.1,0.2,0,0.3,0.597688648838626,0.47813676858243,-0.344004536546463,1.53306724183114,0,0,0,"no"
0.6,-0.3,0,0.1,0.2,0,0.6,0.595777459548478,0.707349142581686,-0.757999164669182,1.9572454801547,0,0.98,0,"no"
0.6,-0.3,0,0.1,0.2,0,0.9,0.593866270258331,0.975371257900582,-1.28102223553438,2.45508729309398,0,1,0,"no"
0.6,-0.3,0,0.1,0.2,0,1,0.593229207161615,1.06842980978601,-1.46391543575004,2.63177895579743,0,1,0,"no"
0.6,-0.3,0,0.1,0.2,0.5,0.3,0.597688648838626,0.476728399172336,-0.375418982312616,1.50315344065223,0,0,0,"no"
0.6,-0.3,0,0.1,0.2,0.5,0.6,0.595777459548478,0.70647370252012,-0.776300396072786,1.94329842200069,0,0.98,0,"no"
0.6,-0.3,0,0.1,0.2,0.5,0.9,0.593866270258331,0.974791329603261,-1.28261180273046,2.44546328911404,0,1,0,"no"
0.6,-0.3,0,0.1,0.2,0.5,1,0.593229207161615,1.06791732546097,-1.45637049088675,2.62366155661498,0,1,0,"no"
0.6,-0.3,0,0.1,0.3,-0.5,0.3,0.597688648838626,0.526786762256657,-0.399874739836761,1.69333670090282,0,0.06,0,"no"
0.6,-0.3,0,0.1,0.3,-0.5,0.6,0.595777459548478,0.741083458768126,-0.805211263068512,2.03816573251656,0,1,0,"no"
0.6,-0.3,0,0.1,0.3,-0.5,0.9,0.593866270258331,1.00002203727553,-1.31683589658649,2.49920007979769,0,1,0,"no"
0.6,-0.3,0,0.1,0.3,-0.5,1,0.593229207161615,1.09094496072551,-1.4974585135735,2.66872991872135,0,1,0,"no"
0.6,-0.3,0,0.1,0.3,0,0.3,0.597688648838626,0.524725993352314,-0.438881107744545,1.64825099565894,0,0.05,0,"no"
0.6,-0.3,0,0.1,0.3,0,0.6,0.595777459548478,0.739357914237709,-0.823482223713505,2.02045517389256,0,1,0,"no"
0.6,-0.3,0,0.1,0.3,0,0.9,0.593866270258331,0.998522679183817,-1.32098275099267,2.50233284799357,0,1,0,"no"
0.6,-0.3,0,0.1,0.3,0,1,0.593229207161615,1.08950057788418,-1.49944668264376,2.67341732872898,0,1,0,"no"
0.6,-0.3,0,0.1,0.3,0.5,0.3,0.597688648838626,0.521650881256325,-0.471405902814806,1.60087040218183,0,0.06,0,"no"
0.6,-0.3,0,0.1,0.3,0.5,0.6,0.595777459548478,0.737304486777971,-0.846554409485552,2.00043030951835,0,1,0,"no"
0.6,-0.3,0,0.1,0.3,0.5,0.9,0.593866270258331,0.997086761837523,-1.32983886471476,2.50042634744449,0,1,0,"no"
0.6,-0.3,0,0.1,0.3,0.5,1,0.593229207161615,1.08821017189283,-1.49983081205379,2.66754582143144,0,1,0,"no"
0.6,-0.3,0,0.2,0.1,-0.5,0.3,0.5972884869674,0.480354523021391,-0.293367151442384,1.55100228906666,0,0,0,"no"
0.6,-0.3,0,0.2,0.1,-0.5,0.6,0.595377297677252,0.70972155539789,-0.750223156484616,1.95632877649553,0,1,0,"no"
0.6,-0.3,0,0.2,0.1,-0.5,0.9,0.593466108387104,0.977817510183644,-1.27577658670812,2.4504513006118,0,1,0,"no"
0.6,-0.3,0,0.2,0.1,-0.5,1,0.592829045290388,1.07089255271488,-1.45291462927288,2.62563078731555,0,1,0,"no"
0.6,-0.3,0,0.2,0.1,0,0.3,0.5972884869674,0.479929301089864,-0.326960138714555,1.52148823699873,0,0,0,"no"
0.6,-0.3,0,0.2,0.1,0,0.6,0.595377297677252,0.709316606711273,-0.764374613007268,1.94422068320441,0,0.99,0,"no"
0.6,-0.3,0,0.2,0.1,0,0.9,0.593466108387104,0.977439201724208,-1.28292167032548,2.44457118358206,0,1,0,"no"
0.6,-0.3,0,0.2,0.1,0,1,0.592829045290388,1.07052163227891,-1.45870039046051,2.6220274491597,0,1,0,"no"
0.6,-0.3,0,0.2,0.1,0.5,0.3,0.5972884869674,0.47964679934918,-0.358809651109087,1.48133927855148,0,0,0,"no"
0.6,-0.3,0,0.2,0.1,0.5,0.6,0.595377297677252,0.709160758640952,-0.781203078706351,1.92889326475496,0,0.99,0,"no"
0.6,-0.3,0,0.2,0.1,0.5,0.9,0.593466108387104,0.977352968469379,-1.29577455250277,2.44295118932708,0,1,0,"no"
0.6,-0.3,0,0.2,0.1,0.5,1,0.592829045290388,1.07045123641342,-1.47196317319724,2.62095217668576,0,1,0,"no"
0.6,-0.3,0,0.2,0.2,-0.5,0.3,0.5972884869674,0.50884331336154,-0.335450930465368,1.64836559422362,0,0,0,"no"
0.6,-0.3,0,0.2,0.2,-0.5,0.6,0.595377297677252,0.728996532591901,-0.771685954569028,2.01478475924097,0,1,0,"no"
0.6,-0.3,0,0.2,0.2,-0.5,0.9,0.593466108387104,0.991613772092385,-1.29859546766212,2.49381774323432,0,1,0,"no"
0.6,-0.3,0,0.2,0.2,-0.5,1,0.592829045290388,1.0834125037284,-1.47751360366008,2.66501383170293,0,1,0,"no"
0.6,-0.3,0,0.2,0.2,0,0.3,0.5972884869674,0.507764745652117,-0.394375150848548,1.59055417052984,0,0.01,0,"no"
0.6,-0.3,0,0.2,0.2,0,0.6,0.595377297677252,0.728033112988837,-0.799395782287615,1.98601253845426,0,1,0,"no"
0.6,-0.3,0,0.2,0.2,0,0.9,0.593466108387104,0.990744956061239,-1.31193391987803,2.4759720826423,0,1,0,"no"
0.6,-0.3,0,0.2,0.2,0,1,0.592829045290388,1.08256801340301,-1.49093542038598,2.64600294542519,0,1,0,"no"
0.6,-0.3,0,0.2,0.2,0.5,0.3,0.5972884869674,0.506450880266856,-0.449268081137249,1.52273117570006,0,0.01,0,"no"
0.6,-0.3,0,0.2,0.2,0.5,0.6,0.595377297677252,0.727192643271577,-0.827745196841012,1.96106867088745,0,1,0,"no"
0.6,-0.3,0,0.2,0.2,0.5,0.9,0.593466108387104,0.990182196508641,-1.32480693859931,2.46423391058207,0,1,0,"no"
0.6,-0.3,0,0.2,0.2,0.5,1,0.592829045290388,1.08206983923689,-1.50184196978052,2.64165474154112,0,1,0,"no"
0.6,-0.3,0,0.2,0.3,-0.5,0.3,0.5972884869674,0.553802134925252,-0.422576560127382,1.76571394738077,0,0.13,0,"no"
0.6,-0.3,0,0.2,0.3,-0.5,0.6,0.595377297677252,0.76082931316363,-0.821133557748622,2.09621767400853,0,1,0,"no"
0.6,-0.3,0,0.2,0.3,-0.5,0.9,0.593466108387104,1.015005016303,-1.32701412773954,2.5396890827544,0,1,0,"no"
0.6,-0.3,0,0.2,0.3,-0.5,1,0.592829045290388,1.10477907528343,-1.50964210554053,2.70143743824362,0,1,0,"no"
0.6,-0.3,0,0.2,0.3,0,0.3,0.5972884869674,0.551941591231544,-0.479067604357034,1.69688293979898,0,0.13,0,"no"
0.6,-0.3,0,0.2,0.3,0,0.6,0.595377297677252,0.759189213854218,-0.858632684241563,2.05196903312915,0,1,0,"no"
0.6,-0.3,0,0.2,0.3,0,0.9,0.593466108387104,1.01354790625027,-1.35280422378847,2.5218636098948,0,1,0,"no"
0.6,-0.3,0,0.2,0.3,0,1,0.592829045290388,1.10336947765988,-1.52560952466531,2.69028337623501,0,1,0,"no"
0.6,-0.3,0,0.2,0.3,0.5,0.3,0.5972884869674,0.549027235629105,-0.548018079464262,1.61586322103132,0,0.1,0,"no"
0.6,-0.3,0,0.2,0.3,0.5,0.6,0.595377297677252,0.757200095622871,-0.895439902727535,2.01853350194279,0,1,0,"no"
0.6,-0.3,0,0.2,0.3,0.5,0.9,0.593466108387104,1.01214351860391,-1.37407982380571,2.5059546502032,0,1,0,"no"
0.6,-0.3,0,0.2,0.3,0.5,1,0.592829045290388,1.10210513047643,-1.54756711535184,2.67802489850666,0,1,0,"no"
0.6,-0.3,0,0.3,0.1,-0.5,0.3,0.596888325096173,0.527964968096284,-0.371642777352414,1.64905080039262,0,0.01,0,"no"
0.6,-0.3,0,0.3,0.1,-0.5,0.6,0.594977135806026,0.743185733736154,-0.810355287869397,2.01726190439971,0,1,0,"no"
0.6,-0.3,0,0.3,0.1,-0.5,0.9,0.593065946515878,1.00266133232124,-1.31839359324426,2.49629405485963,0,1,0,"no"
0.6,-0.3,0,0.3,0.1,-0.5,1,0.592428883419162,1.09371195098884,-1.49377561260573,2.66650775057739,0,1,0,"no"
0.6,-0.3,0,0.3,0.1,0,0.3,0.596888325096173,0.527610438608934,-0.415232343026194,1.61135738748975,0,0.01,0,"no"
0.6,-0.3,0,0.3,0.1,0,0.6,0.594977135806026,0.74281322336284,-0.830244956709041,2.00000911017939,0,1,0,"no"
0.6,-0.3,0,0.3,0.1,0,0.9,0.593065946515878,1.00229978199222,-1.33591091864353,2.48533938828956,0,1,0,"no"
0.6,-0.3,0,0.3,0.1,0,1,0.592428883419162,1.09335496298114,-1.51276057235722,2.65846256987876,0,1,0,"no"
0.6,-0.3,0,0.3,0.1,0.5,0.3,0.596888325096173,0.527367300144622,-0.45268994253469,1.56542254986976,0,0.01,0,"no"
0.6,-0.3,0,0.3,0.1,0.5,0.6,0.594977135806026,0.742672073634401,-0.851294410925664,1.97782448831245,0,1,0,"no"
0.6,-0.3,0,0.3,0.1,0.5,0.9,0.593065946515878,1.00222083150968,-1.34995309372609,2.47638576935079,0,1,0,"no"
0.6,-0.3,0,0.3,0.1,0.5,1,0.592428883419162,1.09329066860546,-1.5267834208057,2.65173983627716,0,1,0,"no"
0.6,-0.3,0,0.3,0.2,-0.5,0.3,0.596888325096173,0.554063341129432,-0.401393361882588,1.74266528526899,0,0.1,0,"no"
0.6,-0.3,0,0.3,0.2,-0.5,0.6,0.594977135806026,0.761618189731626,-0.824498688254973,2.08351813491731,0,1,0,"no"
0.6,-0.3,0,0.3,0.2,-0.5,0.9,0.593065946515878,1.01611635696006,-1.3336001976173,2.53645266998231,0,1,0,"no"
0.6,-0.3,0,0.3,0.2,-0.5,1,0.592428883419162,1.10596901192305,-1.5115026097632,2.7002777863064,0,1,0,"no"
0.6,-0.3,0,0.3,0.2,0,0.3,0.596888325096173,0.553148630246288,-0.470828371118401,1.66920261003765,0,0.08,0,"no"
0.6,-0.3,0,0.3,0.2,0,0.6,0.594977135806026,0.760729003169677,-0.866020131233757,2.03803907617036,0,1,0,"no"
0.6,-0.3,0,0.3,0.2,0,0.9,0.593065946515878,1.01528508782578,-1.35817084950338,2.5152999400464,0,1,0,"no"
0.6,-0.3,0,0.3,0.2,0,1,0.592428883419162,1.10515550689496,-1.53461214456152,2.68435279548846,0,1,0,"no"
0.6,-0.3,0,0.3,0.2,0.5,0.3,0.596888325096173,0.551956470079137,-0.541587542871397,1.59062206188159,0,0.07,0,"no"
0.6,-0.3,0,0.3,0.2,0.5,0.6,0.594977135806026,0.759934942613027,-0.899192230359211,2.00680464013553,0,1,0,"no"
0.6,-0.3,0,0.3,0.2,0.5,0.9,0.593065946515878,1.01474411799573,-1.38345433263951,2.49741121698393,0,1,0,"no"
0.6,-0.3,0,0.3,0.2,0.5,1,0.592428883419162,1.10467514413564,-1.55945271962288,2.67076867411172,0,1,0,"no"
0.6,-0.3,0,0.3,0.3,-0.5,0.3,0.596888325096173,0.595690961363621,-0.478753582453964,1.85966129140338,0,0.37,0,"no"
0.6,-0.3,0,0.3,0.3,-0.5,0.6,0.594977135806026,0.792152561203677,-0.874311651878028,2.16825143238071,0,1,0,"no"
0.6,-0.3,0,0.3,0.3,-0.5,0.9,0.593065946515878,1.03895399968527,-1.36266570249892,2.5869398204276,0,1,0,"no"
0.6,-0.3,0,0.3,0.3,-0.5,1,0.592428883419162,1.12690455083384,-1.541435787658,2.74665068699208,0,0.99,0,"no"
0.6,-0.3,0,0.3,0.3,0,0.3,0.596888325096173,0.59407716343303,-0.551652762626597,1.7642981751468,0,0.34,0,"no"
0.6,-0.3,0,0.3,0.3,0,0.6,0.594977135806026,0.790630617500849,-0.921824159957935,2.10364225604069,0,1,0,"no"
0.6,-0.3,0,0.3,0.3,0,0.9,0.593065946515878,1.03755747700569,-1.40210252938131,2.55883252158452,0,1,0,"no"
0.6,-0.3,0,0.3,0.3,0,1,0.592428883419162,1.12554493739539,-1.57025439011309,2.72609754512325,0,1,0,"no"
0.6,-0.3,0,0.3,0.3,0.5,0.3,0.596888325096173,0.591378197328572,-0.641056823745629,1.67106057340224,0,0.36,0,"no"
0.6,-0.3,0,0.3,0.3,0.5,0.6,0.594977135806026,0.788729832773638,-0.966545476472122,2.05503910575855,0,1,0,"no"
0.6,-0.3,0,0.3,0.3,0.5,0.9,0.593065946515878,1.03619501178602,-1.42522944868998,2.5382676268155,0,1,0,"no"
0.6,-0.3,0,0.3,0.3,0.5,1,0.592428883419162,1.12431468015931,-1.59898249061479,2.7096265445809,0,1,0,"no"
0.6,-0.2,0,0.1,0.1,-0.5,0.3,0.597688648838626,0.3883038164039,-0.129583846352822,1.36018495866387,0,0,0,"no"
0.6,-0.2,0,0.1,0.1,-0.5,0.6,0.595777459548478,0.649704155794478,-0.648238761722457,1.835149983924,0,0.87,0,"no"
0.6,-0.2,0,0.1,0.1,-0.5,0.9,0.593866270258331,0.934273319426267,-1.20293695573568,2.37658246750635,0,1,0,"no"
0.6,-0.2,0,0.1,0.1,-0.5,1,0.593229207161615,1.03101311068303,-1.39035066824699,2.56359330655407,0,1,0,"no"
0.6,-0.2,0,0.1,0.1,0,0.3,0.597688648838626,0.387814466825004,-0.146069100790128,1.34317850433388,0,0,0,"no"
0.6,-0.2,0,0.1,0.1,0,0.6,0.595777459548478,0.649290256946666,-0.650785355625339,1.82953646810129,0,0.87,0,"no"
0.6,-0.2,0,0.1,0.1,0,0.9,0.593866270258331,0.933899481938027,-1.197449670836,2.37606400430404,0,1,0,"no"
0.6,-0.2,0,0.1,0.1,0,1,0.593229207161615,1.03064832736883,-1.38514255314604,2.56113960547645,0,1,0,"no"
0.6,-0.2,0,0.1,0.1,0.5,0.3,0.597688648838626,0.387430461966768,-0.163143162959517,1.3272212621715,0,0,0,"no"
0.6,-0.2,0,0.1,0.1,0.5,0.6,0.595777459548478,0.649101682455314,-0.654369316680952,1.82712960011972,0,0.87,0,"no"
0.6,-0.2,0,0.1,0.1,0.5,0.9,0.593866270258331,0.933797530341987,-1.19335966654431,2.37065444203758,0,1,0,"no"
0.6,-0.2,0,0.1,0.1,0.5,1,0.593229207161615,1.03056483211752,-1.37973420653464,2.55713185716319,0,1,0,"no"
0.6,-0.2,0,0.1,0.2,-0.5,0.3,0.597688648838626,0.423372061567521,-0.192637206582958,1.44316063864354,0,0,0,"no"
0.6,-0.2,0,0.1,0.2,-0.5,0.6,0.595777459548478,0.670907374547331,-0.677860130609452,1.8786498421946,0,0.94,0,"no"
0.6,-0.2,0,0.1,0.2,-0.5,0.9,0.593866270258331,0.948832675723048,-1.23550045588481,2.39899729169153,0,1,0,"no"
0.6,-0.2,0,0.1,0.2,-0.5,1,0.593229207161615,1.04412655792416,-1.42263614667899,2.5809400806704,0,1,0,"no"
0.6,-0.2,0,0.1,0.2,0,0.3,0.597688648838626,0.422155322610138,-0.222690397576996,1.4143987918128,0,0,0,"no"
0.6,-0.2,0,0.1,0.2,0,0.6,0.595777459548478,0.669920138220448,-0.688899996441124,1.87158683720181,0,0.92,0,"no"
0.6,-0.2,0,0.1,0.2,0,0.9,0.593866270258331,0.947970036751841,-1.23058624072822,2.39552696819839,0,1,0,"no"
0.6,-0.2,0,0.1,0.2,0,1,0.593229207161615,1.04329214275125,-1.41167412760761,2.57868894886329,0,1,0,"no"
0.6,-0.2,0,0.1,0.2,0.5,0.3,0.597688648838626,0.420513545624161,-0.244541416293339,1.39083321580607,0,0,0,"no"
0.6,-0.2,0,0.1,0.2,0.5,0.6,0.595777459548478,0.668972393117564,-0.700464636570594,1.86807644214379,0,0.93,0,"no"
0.6,-0.2,0,0.1,0.2,0.5,0.9,0.593866270258331,0.947359471453735,-1.22372291300542,2.39644202618794,0,1,0,"no"
0.6,-0.2,0,0.1,0.2,0.5,1,0.593229207161615,1.0427552516528,-1.40396682178128,2.57661404113513,0,1,0,"no"
0.6,-0.2,0,0.1,0.3,-0.5,0.3,0.597688648838626,0.476784950202135,-0.300473171176329,1.56323899425204,0,0,0,"no"
0.6,-0.2,0,0.1,0.3,-0.5,0.6,0.595777459548478,0.705580322075231,-0.742377612169542,1.94770237584645,0,0.98,0,"no"
0.6,-0.2,0,0.1,0.3,-0.5,0.9,0.593866270258331,0.973393018130432,-1.27097849840367,2.43943731293519,0,1,0,"no"
0.6,-0.2,0,0.1,0.3,-0.5,1,0.593229207161615,1.06640506198994,-1.45730034275259,2.61611935813318,0,1,0,"no"
0.6,-0.2,0,0.1,0.3,0,0.3,0.597688648838626,0.474762892430043,-0.334345917220909,1.53479959774434,0,0.01,0,"no"
0.6,-0.2,0,0.1,0.3,0,0.6,0.595777459548478,0.703906633632935,-0.755329840764777,1.94294773780245,0,0.97,0,"no"
0.6,-0.2,0,0.1,0.3,0,0.9,0.593866270258331,0.971943732611863,-1.27148388638599,2.43894338643825,0,1,0,"no"
0.6,-0.2,0,0.1,0.3,0,1,0.593229207161615,1.06500911748575,-1.45217635213598,2.61519032155204,0,1,0,"no"
0.6,-0.2,0,0.1,0.3,0.5,0.3,0.597688648838626,0.471283535151319,-0.351734108314336,1.49788279356783,0,0.01,0,"no"
0.6,-0.2,0,0.1,0.3,0.5,0.6,0.595777459548478,0.701710902730803,-0.765308106910413,1.93410726071588,0,0.96,0,"no"
0.6,-0.2,0,0.1,0.3,0.5,0.9,0.593866270258331,0.970446217546962,-1.2752347952925,2.43547881825173,0,1,0,"no"
0.6,-0.2,0,0.1,0.3,0.5,1,0.593229207161615,1.06366981442199,-1.44987874685085,2.61174116423001,0,1,0,"no"
0.6,-0.2,0,0.2,0.1,-0.5,0.3,0.5972884869674,0.424080410873028,-0.187610044814231,1.43730208803469,0,0,0,"no"
0.6,-0.2,0,0.2,0.1,-0.5,0.6,0.595377297677252,0.672123629450563,-0.680859506078686,1.87634918826417,0,0.95,0,"no"
0.6,-0.2,0,0.2,0.1,-0.5,0.9,0.593466108387104,0.950301709872699,-1.22456189136116,2.4003345445706,0,1,0,"no"
0.6,-0.2,0,0.2,0.1,-0.5,1,0.592829045290388,1.04565099334868,-1.41154762119687,2.58164089891415,0,1,0,"no"
0.6,-0.2,0,0.2,0.1,0,0.3,0.5972884869674,0.42366560856227,-0.213550100330331,1.40564134447479,0,0,0,"no"
0.6,-0.2,0,0.2,0.1,0,0.6,0.595377297677252,0.671734649160898,-0.696813102372584,1.86615772121208,0,0.94,0,"no"
0.6,-0.2,0,0.2,0.1,0,0.9,0.593466108387104,0.949939792098792,-1.22793420284242,2.39769207381764,0,1,0,"no"
0.6,-0.2,0,0.2,0.1,0,1,0.592829045290388,1.04529606250098,-1.41138735939621,2.58051721944698,0,1,0,"no"
0.6,-0.2,0,0.2,0.1,0.5,0.3,0.5972884869674,0.423325497907423,-0.241759924095373,1.37412937246007,0,0,0,"no"
0.6,-0.2,0,0.2,0.1,0.5,0.6,0.595377297677252,0.671559206778649,-0.709479389485455,1.85703543399028,0,0.94,0,"no"
0.6,-0.2,0,0.2,0.1,0.5,0.9,0.593466108387104,0.949844384885311,-1.23894402745147,2.39084214569284,0,1,0,"no"
0.6,-0.2,0,0.2,0.1,0.5,1,0.592829045290388,1.0452181210682,-1.41832238134723,2.57437700524118,0,1,0,"no"
0.6,-0.2,0,0.2,0.2,-0.5,0.3,0.5972884869674,0.456445377891139,-0.241629894825276,1.52573780918756,0,0,0,"no"
0.6,-0.2,0,0.2,0.2,-0.5,0.6,0.595377297677252,0.692635999790177,-0.708443801665943,1.92462654695173,0,0.97,0,"no"
0.6,-0.2,0,0.2,0.2,-0.5,0.9,0.593466108387104,0.964611674168094,-1.24906892001107,2.43004163136027,0,1,0,"no"
0.6,-0.2,0,0.2,0.2,-0.5,1,0.592829045290388,1.05857581694837,-1.43102411341571,2.60542272976908,0,1,0,"no"
0.6,-0.2,0,0.2,0.2,0,0.3,0.5972884869674,0.455391355858919,-0.281474585713555,1.47749959585748,0,0,0,"no"
0.6,-0.2,0,0.2,0.2,0,0.6,0.595377297677252,0.691704984670458,-0.734735019587541,1.90588834772302,0,0.96,0,"no"
0.6,-0.2,0,0.2,0.2,0,0.9,0.593466108387104,0.963775353626666,-1.25790371741085,2.42024085210871,0,1,0,"no"
0.6,-0.2,0,0.2,0.2,0,1,0.592829045290388,1.05776297260115,-1.43502667136938,2.60080795952916,0,1,0,"no"
0.6,-0.2,0,0.2,0.2,0.5,0.3,0.5972884869674,0.453878017801814,-0.319643804437592,1.43029780075444,0,0,0,"no"
0.6,-0.2,0,0.2,0.2,0.5,0.6,0.595377297677252,0.690796674524011,-0.750152965793317,1.892178417877,0,0.96,0,"no"
0.6,-0.2,0,0.2,0.2,0.5,0.9,0.593466108387104,0.9631828960082,-1.27623802811468,2.41205514519145,0,1,0,"no"
0.6,-0.2,0,0.2,0.2,0.5,1,0.592829045290388,1.05724100965439,-1.45278085813071,2.59191236045308,0,1,0,"no"
0.6,-0.2,0,0.2,0.3,-0.5,0.3,0.5972884869674,0.506432783770932,-0.336204938901468,1.64602489480858,0,0.02,0,"no"
0.6,-0.2,0,0.2,0.3,-0.5,0.6,0.595377297677252,0.726272585185556,-0.765878614717277,2.00442562293848,0,1,0,"no"
0.6,-0.2,0,0.2,0.3,-0.5,0.9,0.593466108387104,0.98877354318247,-1.29092600091221,2.47298769673896,0,1,0,"no"
0.6,-0.2,0,0.2,0.3,-0.5,1,0.592829045290388,1.08054956247516,-1.47586248616563,2.64456715957798,0,1,0,"no"
0.6,-0.2,0,0.2,0.3,0,0.3,0.5972884869674,0.504633050410811,-0.379015849297731,1.57837488440067,0,0.02,0,"no"
0.6,-0.2,0,0.2,0.3,0,0.6,0.595377297677252,0.724686262446232,-0.795596515274336,1.97346357253377,0,1,0,"no"
0.6,-0.2,0,0.2,0.3,0,0.9,0.593466108387104,0.987366109645933,-1.3032698011976,2.46274340288408,0,1,0,"no"
0.6,-0.2,0,0.2,0.3,0,1,0.592829045290388,1.07918791175828,-1.48376037505304,2.6360893800439,0,1,0,"no"
0.6,-0.2,0,0.2,0.3,0.5,0.3,0.5972884869674,0.501363886979781,-0.422166615271493,1.53553456299498,0,0.02,0,"no"
0.6,-0.2,0,0.2,0.3,0.5,0.6,0.595377297677252,0.722563159025643,-0.8168057019542,1.95015073430875,0,0.98,0,"no"
0.6,-0.2,0,0.2,0.3,0.5,0.9,0.593466108387104,0.985902023094,-1.32170846766078,2.45601892536285,0,1,0,"no"
0.6,-0.2,0,0.2,0.3,0.5,1,0.592829045290388,1.0778759256174,-1.494631385078,2.63145977311584,0,1,0,"no"
0.6,-0.2,0,0.3,0.1,-0.5,0.3,0.596888325096173,0.477263750519669,-0.285078615585025,1.54144661601547,0,0,0,"no"
0.6,-0.2,0,0.3,0.1,-0.5,0.6,0.594977135806026,0.707343115559681,-0.741158955467773,1.94279514502133,0,0.99,0,"no"
0.6,-0.2,0,0.3,0.1,-0.5,0.9,0.593065946515878,0.975837347271372,-1.26774286303662,2.44067545286436,0,1,0,"no"
0.6,-0.2,0,0.3,0.1,-0.5,1,0.592428883419162,1.0690031030817,-1.45120371793844,2.61900592620865,0,1,0,"no"
0.6,-0.2,0,0.3,0.1,0,0.3,0.596888325096173,0.47692671484849,-0.317124147834239,1.50797812297686,0,0,0,"no"
0.6,-0.2,0,0.3,0.1,0,0.6,0.594977135806026,0.706986708911331,-0.762435668675049,1.92366713899688,0,1,0,"no"
0.6,-0.2,0,0.3,0.1,0,0.9,0.593065946515878,0.975491715848276,-1.27590677117911,2.43342143677819,0,1,0,"no"
0.6,-0.2,0,0.3,0.1,0,1,0.592428883419162,1.06866165461213,-1.45536091257419,2.61335431490413,0,1,0,"no"
0.6,-0.2,0,0.3,0.1,0.5,0.3,0.596888325096173,0.476635071481675,-0.347873481181277,1.47006292511072,0,0,0,"no"
0.6,-0.2,0,0.3,0.1,0.5,0.6,0.594977135806026,0.706826583274018,-0.779653339309219,1.90787282830783,0,1,0,"no"
0.6,-0.2,0,0.3,0.1,0.5,0.9,0.593065946515878,0.975403542060476,-1.28949359704166,2.42813960014095,0,1,0,"no"
0.6,-0.2,0,0.3,0.1,0.5,1,0.592428883419162,1.06858974163543,-1.46761441091474,2.60666398548534,0,1,0,"no"
0.6,-0.2,0,0.3,0.2,-0.5,0.3,0.596888325096173,0.506296960660171,-0.322574430920534,1.62655303655667,0,0.01,0,"no"
0.6,-0.2,0,0.3,0.2,-0.5,0.6,0.594977135806026,0.726864157019075,-0.759979747115927,1.99535136075121,0,1,0,"no"
0.6,-0.2,0,0.3,0.2,-0.5,0.9,0.593065946515878,0.989773146076706,-1.28746878926495,2.47427929621674,0,1,0,"no"
0.6,-0.2,0,0.3,0.2,-0.5,1,0.592428883419162,1.08164347067033,-1.46933255240283,2.64638588996986,0,1,0,"no"
0.6,-0.2,0,0.3,0.2,0,0.3,0.596888325096173,0.505421478847368,-0.368659821752004,1.56590315531959,0,0.01,0,"no"
0.6,-0.2,0,0.3,0.2,0,0.6,0.594977135806026,0.726008111379987,-0.791778745987453,1.96457266538805,0,1,0,"no"
0.6,-0.2,0,0.3,0.2,0,0.9,0.593065946515878,0.988973570711837,-1.30318738617786,2.46174656494521,0,1,0,"no"
0.6,-0.2,0,0.3,0.2,0,1,0.592428883419162,1.08086080736171,-1.4786445207728,2.63451406587207,0,1,0,"no"
0.6,-0.2,0,0.3,0.2,0.5,0.3,0.596888325096173,0.50406434764061,-0.426028626982219,1.51438068026169,0,0.01,0,"no"
0.6,-0.2,0,0.3,0.2,0.5,0.6,0.594977135806026,0.725150567280023,-0.82884948898538,1.93627910764576,0,1,0,"no"
0.6,-0.2,0,0.3,0.2,0.5,0.9,0.593065946515878,0.98840350606401,-1.32991223241892,2.44614284656405,0,1,0,"no"
0.6,-0.2,0,0.3,0.2,0.5,1,0.592428883419162,1.08035696495568,-1.50564650185799,2.6216285710302,0,1,0,"no"
0.6,-0.2,0,0.3,0.3,-0.5,0.3,0.596888325096173,0.551867062399063,-0.40719179054753,1.73654842500598,0,0.13,0,"no"
0.6,-0.2,0,0.3,0.3,-0.5,0.6,0.594977135806026,0.758994935242933,-0.815319848631952,2.07770787859985,0,1,0,"no"
0.6,-0.2,0,0.3,0.3,-0.5,0.9,0.593065946515878,1.01333186976338,-1.32049312437936,2.52292038839783,0,1,0,"no"
0.6,-0.2,0,0.3,0.3,-0.5,1,0.592428883419162,1.10315334641652,-1.50177483918539,2.68973955900589,0,1,0,"no"
0.6,-0.2,0,0.3,0.3,0,0.3,0.596888325096173,0.550327677819784,-0.457998361260062,1.65972514297918,0,0.09,0,"no"
0.6,-0.2,0,0.3,0.3,0,0.6,0.594977135806026,0.757527451221174,-0.849803883377393,2.03233832720458,0,1,0,"no"
0.6,-0.2,0,0.3,0.3,0,0.9,0.593065946515878,1.01198387329196,-1.34503801324717,2.50413044813222,0,1,0,"no"
0.6,-0.2,0,0.3,0.3,0,1,0.592428883419162,1.10184052475368,-1.51878655429249,2.67780247376291,0,1,0,"no"
0.6,-0.2,0,0.3,0.3,0.5,0.3,0.596888325096173,0.547329234983787,-0.519330470717005,1.60545572997335,0,0.07,0,"no"
0.6,-0.2,0,0.3,0.3,0.5,0.6,0.594977135806026,0.755502056474523,-0.890199529783528,1.99915971507367,0,1,0,"no"
0.6,-0.2,0,0.3,0.3,0.5,0.9,0.593065946515878,1.0105634658756,-1.37664194707647,2.48830310000851,0,1,0,"no"
0.6,-0.2,0,0.3,0.3,0.5,1,0.592428883419162,1.10056366886173,-1.55229567861459,2.66140535705592,0,1,0,"no"
0.6,-0.1,0,0.1,0.1,-0.5,0.3,0.597688648838626,0.346317999895089,-0.0542219008329718,1.26231327347587,0,0,0,"no"
0.6,-0.1,0,0.1,0.1,-0.5,0.6,0.595777459548478,0.624619514971486,-0.60092844519922,1.78428972359431,0,0.66,0,"no"
0.6,-0.1,0,0.1,0.1,-0.5,0.9,0.593866270258331,0.916389499084263,-1.16548471571889,2.34107933508391,0,1,0,"no"
0.6,-0.1,0,0.1,0.1,-0.5,1,0.593229207161615,1.0146495001347,-1.35482755634789,2.52621991189242,0,1,0,"no"
0.6,-0.1,0,0.1,0.1,0,0.3,0.597688648838626,0.345852492335229,-0.0673675097937707,1.25294417386151,0,0,0,"no"
0.6,-0.1,0,0.1,0.1,0,0.6,0.595777459548478,0.624232168052204,-0.598697793158855,1.78274876115451,0,0.65,0,"no"
0.6,-0.1,0,0.1,0.1,0,0.9,0.593866270258331,0.916037767944394,-1.16117260180567,2.33697710362983,0,1,0,"no"
0.6,-0.1,0,0.1,0.1,0,1,0.593229207161615,1.0143054381565,-1.35089555510218,2.524007371331,0,1,0,"no"
0.6,-0.1,0,0.1,0.1,0.5,0.3,0.597688648838626,0.345398337262005,-0.0750764828966586,1.2460892089385,0,0,0,"no"
0.6,-0.1,0,0.1,0.1,0.5,0.6,0.595777459548478,0.624026112909317,-0.604818413967618,1.77998606689354,0,0.66,0,"no"
0.6,-0.1,0,0.1,0.1,0.5,0.9,0.593866270258331,0.915927976270658,-1.15723565935261,2.3405163303898,0,1,0,"no"
0.6,-0.1,0,0.1,0.1,0.5,1,0.593229207161615,1.01421547913531,-1.34509678178426,2.52956712136875,0,1,0,"no"
0.6,-0.1,0,0.1,0.2,-0.5,0.3,0.597688648838626,0.385639995909602,-0.12698801581363,1.34998767889487,0,0,0,"no"
0.6,-0.1,0,0.1,0.2,-0.5,0.6,0.595777459548478,0.646839450607837,-0.640096073339137,1.82061782346417,0,0.86,0,"no"
0.6,-0.1,0,0.1,0.2,-0.5,0.9,0.593866270258331,0.931347455537582,-1.1977441254578,2.35972865672104,0,1,0,"no"
0.6,-0.1,0,0.1,0.2,-0.5,1,0.593229207161615,1.02807680398549,-1.38431110794748,2.54582064065113,0,1,0,"no"
0.6,-0.1,0,0.1,0.2,0,0.3,0.597688648838626,0.384487519905856,-0.146590541014098,1.33406078099985,0,0,0,"no"
0.6,-0.1,0,0.1,0.2,0,0.6,0.595777459548478,0.645906155639698,-0.641585224223784,1.817248766464,0,0.87,0,"no"
0.6,-0.1,0,0.1,0.2,0,0.9,0.593866270258331,0.930528693257438,-1.18654555510457,2.35710835160314,0,1,0,"no"
0.6,-0.1,0,0.1,0.2,0,1,0.593229207161615,1.02728344315776,-1.37193838299767,2.5432577425057,0,1,0,"no"
0.6,-0.1,0,0.1,0.2,0.5,0.3,0.597688648838626,0.382628761344716,-0.151676002230975,1.3207831484254,0,0,0,"no"
0.6,-0.1,0,0.1,0.2,0.5,0.6,0.595777459548478,0.644901271305911,-0.648174760450367,1.81438006067688,0,0.82,0,"no"
0.6,-0.1,0,0.1,0.2,0.5,0.9,0.593866270258331,0.929894415691877,-1.18600661377587,2.36562323839128,0,1,0,"no"
0.6,-0.1,0,0.1,0.2,0.5,1,0.593229207161615,1.02672756721662,-1.37022871087467,2.55423626580777,0,1,0,"no"
0.6,-0.1,0,0.1,0.3,-0.5,0.3,0.597688648838626,0.443995939717006,-0.256583159287598,1.47170569416864,0,0,0,"no"
0.6,-0.1,0,0.1,0.3,-0.5,0.6,0.595777459548478,0.682941842185686,-0.706651088564821,1.89102420885682,0,0.95,0,"no"
0.6,-0.1,0,0.1,0.3,-0.5,0.9,0.593866270258331,0.956484627191042,-1.24485158739946,2.40303356904963,0,1,0,"no"
0.6,-0.1,0,0.1,0.3,-0.5,1,0.593229207161615,1.05080807437047,-1.43143356528295,2.5819720871279,0,1,0,"no"
0.6,-0.1,0,0.1,0.3,0,0.3,0.597688648838626,0.442108809119104,-0.274761214473918,1.45992239644179,0,0,0,"no"
0.6,-0.1,0,0.1,0.3,0,0.6,0.595777459548478,0.681354398608191,-0.716111733122271,1.89463013926018,0,0.92,0,"no"
0.6,-0.1,0,0.1,0.3,0,0.9,0.593866270258331,0.955101883908002,-1.23448993768181,2.40364012027427,0,1,0,"no"
0.6,-0.1,0,0.1,0.3,0,1,0.593229207161615,1.04947401765996,-1.41626429878558,2.58219850472503,0,1,0,"no"
0.6,-0.1,0,0.1,0.3,0.5,0.3,0.597688648838626,0.438284821998669,-0.273016497803947,1.44206390986155,0,0,0,"no"
0.6,-0.1,0,0.1,0.3,0.5,0.6,0.595777459548478,0.679049293177401,-0.71867771235252,1.8894220710547,0,0.94,0,"no"
0.6,-0.1,0,0.1,0.3,0.5,0.9,0.593866270258331,0.953558061039264,-1.23597386497209,2.4008517152991,0,1,0,"no"
0.6,-0.1,0,0.1,0.3,0.5,1,0.593229207161615,1.04809785916704,-1.41247699444883,2.58093889030602,0,1,0,"no"
0.6,-0.1,0,0.2,0.1,-0.5,0.3,0.5972884869674,0.385945380739518,-0.118518841602779,1.3459537954743,0,0,0,"no"
0.6,-0.1,0,0.2,0.1,-0.5,0.6,0.595377297677252,0.647896665695322,-0.637827790140138,1.82090854499728,0,0.87,0,"no"
0.6,-0.1,0,0.2,0.1,-0.5,0.9,0.593466108387104,0.932724507962537,-1.19427625937683,2.36438825372957,0,1,0,"no"
0.6,-0.1,0,0.2,0.1,-0.5,1,0.592829045290388,1.0295205679471,-1.38085714105209,2.54831643431319,0,1,0,"no"
0.6,-0.1,0,0.2,0.1,0,0.3,0.5972884869674,0.385557953062646,-0.140853213697356,1.32341860316093,0,0,0,"no"
0.6,-0.1,0,0.2,0.1,0,0.6,0.595377297677252,0.647533074724878,-0.642577313071885,1.81549139848941,0,0.83,0,"no"
0.6,-0.1,0,0.2,0.1,0,0.9,0.593466108387104,0.932384036342357,-1.18992247443387,2.3587093971019,0,1,0,"no"
0.6,-0.1,0,0.2,0.1,0,1,0.592829045290388,1.02918582536972,-1.37566034444435,2.54223937936392,0,1,0,"no"
0.6,-0.1,0,0.2,0.1,0.5,0.3,0.5972884869674,0.3851571789278,-0.16080964129331,1.3075808070758,0,0,0,"no"
0.6,-0.1,0,0.2,0.1,0.5,0.6,0.595377297677252,0.64734036386391,-0.655500223056727,1.80941404605156,0,0.84,0,"no"
0.6,-0.1,0,0.2,0.1,0.5,0.9,0.593466108387104,0.93228072623952,-1.1951945640854,2.35745992966659,0,1,0,"no"
0.6,-0.1,0,0.2,0.1,0.5,1,0.592829045290388,1.02910136130964,-1.37926577324129,2.54168744659753,0,1,0,"no"
0.6,-0.1,0,0.2,0.2,-0.5,0.3,0.5972884869674,0.421621835704253,-0.185195108566275,1.42850953770703,0,0,0,"no"
0.6,-0.1,0,0.2,0.2,-0.5,0.6,0.595377297677252,0.669336669417099,-0.674202600032034,1.86457885636451,0,0.93,0,"no"
0.6,-0.1,0,0.2,0.2,-0.5,0.9,0.593466108387104,0.947415967378434,-1.21793665028605,2.38241530263772,0,1,0,"no"
0.6,-0.1,0,0.2,0.2,-0.5,1,0.592829045290388,1.04274820596718,-1.40158910836334,2.56450391439223,0,1,0,"no"
0.6,-0.1,0,0.2,0.2,0,0.3,0.5972884869674,0.420635556211472,-0.204161036272358,1.39626103552163,0,0,0,"no"
0.6,-0.1,0,0.2,0.2,0,0.6,0.595377297677252,0.668457429598827,-0.683005592092137,1.85500020272902,0,0.91,0,"no"
0.6,-0.1,0,0.2,0.2,0,0.9,0.593466108387104,0.94662225088832,-1.21513434863331,2.3838321808182,0,1,0,"no"
0.6,-0.1,0,0.2,0.2,0,1,0.592829045290388,1.04197538162238,-1.39922168175385,2.56590872964221,0,1,0,"no"
0.6,-0.1,0,0.2,0.2,0.5,0.3,0.5972884869674,0.418936313568252,-0.225703607861959,1.38058853051802,0,0,0,"no"
0.6,-0.1,0,0.2,0.2,0.5,0.6,0.595377297677252,0.667494145722586,-0.700462669579634,1.84756893082448,0,0.94,0,"no"
0.6,-0.1,0,0.2,0.2,0.5,0.9,0.593466108387104,0.94600628546376,-1.22795374456519,2.38305835877107,0,1,0,"no"
0.6,-0.1,0,0.2,0.2,0.5,1,0.592829045290388,1.04143452508822,-1.409056032167,2.56866659595864,0,1,0,"no"
0.6,-0.1,0,0.2,0.3,-0.5,0.3,0.5972884869674,0.475638901263545,-0.302376438141856,1.5407664527573,0,0,0,"no"
0.6,-0.1,0,0.2,0.3,-0.5,0.6,0.595377297677252,0.70428454064809,-0.742978661694915,1.93670934444378,0,0.99,0,"no"
0.6,-0.1,0,0.2,0.3,-0.5,0.9,0.593466108387104,0.972129830159286,-1.2673424522739,2.42547353691708,0,1,0,"no"
0.6,-0.1,0,0.2,0.3,-0.5,1,0.592829045290388,1.06515851069517,-1.44646702386588,2.60042909312802,0,1,0,"no"
0.6,-0.1,0,0.2,0.3,0,0.3,0.5972884869674,0.473968338042901,-0.324147617492819,1.51007514280842,0,0,0,"no"
0.6,-0.1,0,0.2,0.3,0,0.6,0.595377297677252,0.702780816828486,-0.756873123685864,1.92721647706351,0,0.97,0,"no"
0.6,-0.1,0,0.2,0.3,0,0.9,0.593466108387104,0.970787010802596,-1.26454836767704,2.43105467654739,0,1,0,"no"
0.6,-0.1,0,0.2,0.3,0,1,0.592829045290388,1.06385718833878,-1.44150230042841,2.60881130617092,0,1,0,"no"
0.6,-0.1,0,0.2,0.3,0.5,0.3,0.5972884869674,0.470394990290111,-0.335683362971901,1.48882896970287,0,0,0,"no"
0.6,-0.1,0,0.2,0.3,0.5,0.6,0.595377297677252,0.70055290201625,-0.766441385682438,1.92211635581434,0,0.98,0,"no"
0.6,-0.1,0,0.2,0.3,0.5,0.9,0.593466108387104,0.96927728324855,-1.27503790127296,2.42641345423422,0,1,0,"no"
0.6,-0.1,0,0.2,0.3,0.5,1,0.592829045290388,1.06250872113411,-1.45112900091641,2.60287948831722,0,1,0,"no"
0.6,-0.1,0,0.3,0.1,-0.5,0.3,0.596888325096173,0.443648317780925,-0.223679033542079,1.45928380604741,0,0,0,"no"
0.6,-0.1,0,0.3,0.1,-0.5,0.6,0.594977135806026,0.684343592816422,-0.690597646407559,1.88796289567518,0,0.97,0,"no"
0.6,-0.1,0,0.3,0.1,-0.5,0.9,0.593065946515878,0.958722887839996,-1.236086107642,2.40372323247905,0,1,0,"no"
0.6,-0.1,0,0.3,0.1,-0.5,1,0.592428883419162,1.05322700182426,-1.42300511295549,2.58760764404626,0,1,0,"no"
0.6,-0.1,0,0.3,0.1,0,0.3,0.596888325096173,0.443335870134698,-0.252687653473461,1.44344665415889,0,0,0,"no"
0.6,-0.1,0,0.3,0.1,0,0.6,0.594977135806026,0.684010272215556,-0.705628134890459,1.87686427170144,0,0.97,0,"no"
0.6,-0.1,0,0.3,0.1,0,0.9,0.593065946515878,0.958397527778088,-1.23899136935355,2.40125812594976,0,1,0,"no"
0.6,-0.1,0,0.3,0.1,0,1,0.592428883419162,1.05290479924115,-1.42239633925745,2.58038780764283,0,1,0,"no"
0.6,-0.1,0,0.3,0.1,0.5,0.3,0.596888325096173,0.44299045921617,-0.276722451291134,1.42220616876716,0,0,0,"no"
0.6,-0.1,0,0.3,0.1,0.5,0.6,0.594977135806026,0.683832324352783,-0.718981202089901,1.86874124380366,0,0.97,0,"no"
0.6,-0.1,0,0.3,0.1,0.5,0.9,0.593065946515878,0.958301031775882,-1.24521697897244,2.39124024712239,0,1,0,"no"
0.6,-0.1,0,0.3,0.1,0.5,1,0.592428883419162,1.05282602491191,-1.42807075525194,2.56986006921362,0,1,0,"no"
0.6,-0.1,0,0.3,0.2,-0.5,0.3,0.596888325096173,0.475066890633839,-0.271402909296338,1.53357533812713,0,0,0,"no"
0.6,-0.1,0,0.3,0.2,-0.5,0.6,0.594977135806026,0.704675870343462,-0.72433315294612,1.9350173443167,0,0.99,0,"no"
0.6,-0.1,0,0.3,0.2,-0.5,0.9,0.593065946515878,0.973016105572481,-1.25600787815048,2.43175531400335,0,1,0,"no"
0.6,-0.1,0,0.3,0.2,-0.5,1,0.592428883419162,1.06615452275617,-1.43997043081437,2.60656758424398,0,1,0,"no"
0.6,-0.1,0,0.3,0.2,0,0.3,0.596888325096173,0.474252559378369,-0.300814535825477,1.50275610191754,0,0,0,"no"
0.6,-0.1,0,0.3,0.2,0,0.6,0.594977135806026,0.703867398820247,-0.740533136404631,1.91620858569694,0,1,0,"no"
0.6,-0.1,0,0.3,0.2,0,0.9,0.593065946515878,0.972256908986531,-1.26081405764215,2.42066609342408,0,1,0,"no"
0.6,-0.1,0,0.3,0.2,0,1,0.592428883419162,1.06541007883009,-1.44027387587265,2.59961261506504,0,1,0,"no"
0.6,-0.1,0,0.3,0.2,0.5,0.3,0.596888325096173,0.47273912425937,-0.337093505959398,1.47853635544301,0,0,0,"no"
0.6,-0.1,0,0.3,0.2,0.5,0.6,0.594977135806026,0.702956364328969,-0.770483746802573,1.90124424837322,0,0.99,0,"no"
0.6,-0.1,0,0.3,0.2,0.5,0.9,0.593065946515878,0.971663020644551,-1.28209534725942,2.41543351601658,0,1,0,"no"
0.6,-0.1,0,0.3,0.2,0.5,1,0.592428883419162,1.06488699771227,-1.45764221403262,2.59615619665971,0,1,0,"no"
0.6,-0.1,0,0.3,0.3,-0.5,0.3,0.596888325096173,0.523684940583776,-0.371166094377242,1.63910292455614,0,0.03,0,"no"
0.6,-0.1,0,0.3,0.3,-0.5,0.6,0.594977135806026,0.737959971291526,-0.790780165230245,2.00493604909808,0,1,0,"no"
0.6,-0.1,0,0.3,0.3,-0.5,0.9,0.593065946515878,0.997091301164497,-1.30452097992435,2.47487491280687,0,1,0,"no"
0.6,-0.1,0,0.3,0.3,-0.5,1,0.592428883419162,1.08807758905447,-1.48043754945803,2.64471851908867,0,1,0,"no"
0.6,-0.1,0,0.3,0.3,0,0.3,0.596888325096173,0.522259276716504,-0.401412568933105,1.59926121283253,0,0.03,0,"no"
0.6,-0.1,0,0.3,0.3,0,0.6,0.594977135806026,0.736568751683244,-0.806441166485057,1.979478574058,0,1,0,"no"
0.6,-0.1,0,0.3,0.3,0,0.9,0.593065946515878,0.995804678147983,-1.30730110672573,2.47028172067192,0,1,0,"no"
0.6,-0.1,0,0.3,0.3,0,1,0.592428883419162,1.08682246879361,-1.48465671081,2.64275397122758,0,1,0,"no"
0.6,-0.1,0,0.3,0.3,0.5,0.3,0.596888325096173,0.519000780759886,-0.423071557968296,1.57435292886015,0,0.02,0,"no"
0.6,-0.1,0,0.3,0.3,0.5,0.6,0.594977135806026,0.734443199224405,-0.832272794619105,1.97179681195419,0,1,0,"no"
0.6,-0.1,0,0.3,0.3,0.5,0.9,0.593065946515878,0.994338815537554,-1.32961314413828,2.45921556877758,0,1,0,"no"
0.6,-0.1,0,0.3,0.3,0.5,1,0.592428883419162,1.0855090500545,-1.50095295833246,2.63172505080735,0,1,0,"no"
0.6,0,0,0.1,0.1,-0.5,0.3,0.597688648838626,0.330227712932657,-0.0340867894265545,1.21854063908994,0,0,0,"no"
0.6,0,0,0.1,0.1,-0.5,0.6,0.595777459548478,0.614916170294206,-0.582881770036414,1.7582096385105,0,0.58,0,"no"
0.6,0,0,0.1,0.1,-0.5,0.9,0.593866270258331,0.909178783149714,-1.15462787630908,2.31255299471957,0,1,0,"no"
0.6,0,0,0.1,0.1,-0.5,1,0.593229207161615,1.00795417505795,-1.34505929891391,2.5012084177886,0,1,0,"no"
0.6,0,0,0.1,0.1,0,0.3,0.597688648838626,0.329823142240748,-0.0320615662523408,1.22053481790548,0,0,0,"no"
0.6,0,0,0.1,0.1,0,0.6,0.595777459548478,0.614567108094264,-0.581237474253203,1.7594320354278,0,0.56,0,"no"
0.6,0,0,0.1,0.1,0,0.9,0.593866270258331,0.908854493863011,-1.14651937626877,2.31919015470935,0,1,0,"no"
0.6,0,0,0.1,0.1,0,1,0.593229207161615,1.00763515447771,-1.33634513858551,2.50800719462463,0,1,0,"no"
0.6,0,0,0.1,0.1,0.5,0.3,0.597688648838626,0.329324634766048,-0.0330711971638095,1.21803142661206,0,0,0,"no"
0.6,0,0,0.1,0.1,0.5,0.6,0.595777459548478,0.614349817077154,-0.576611598125954,1.76273877629925,0,0.54,0,"no"
0.6,0,0,0.1,0.1,0.5,0.9,0.593866270258331,0.908739041707212,-1.1399736050825,2.32669336421907,0,1,0,"no"
0.6,0,0,0.1,0.1,0.5,1,0.593229207161615,1.00754036873734,-1.32985979533502,2.51382704195213,0,1,0,"no"
0.6,0,0,0.1,0.2,-0.5,0.3,0.597688648838626,0.371616581686334,-0.118391923946402,1.30423263973502,0,0,0,"no"
0.6,0,0,0.1,0.2,-0.5,0.6,0.595777459548478,0.637648058715122,-0.631416929835436,1.79879322820093,0,0.79,0,"no"
0.6,0,0,0.1,0.2,-0.5,0.9,0.593866270258331,0.924364474708045,-1.17789066610497,2.34040153647498,0,1,0,"no"
0.6,0,0,0.1,0.2,-0.5,1,0.593229207161615,1.02156850194713,-1.36460791734066,2.52578979754589,0,1,0,"no"
0.6,0,0,0.1,0.2,0,0.3,0.597688648838626,0.370597983324334,-0.122712612352754,1.30706070105159,0,0,0,"no"
0.6,0,0,0.1,0.2,0,0.6,0.595777459548478,0.636791354958782,-0.624342497303726,1.81103615789178,0,0.8,0,"no"
0.6,0,0,0.1,0.2,0,0.9,0.593866270258331,0.923600040633006,-1.17069359428905,2.34437382770354,0,1,0,"no"
0.6,0,0,0.1,0.2,0,1,0.593229207161615,1.02082468108697,-1.35747126930259,2.52686511850875,0,1,0,"no"
0.6,0,0,0.1,0.2,0.5,0.3,0.597688648838626,0.368618135210722,-0.117891929386578,1.30875708720306,0,0,0,"no"
0.6,0,0,0.1,0.2,0.5,0.6,0.595777459548478,0.635754277561713,-0.621467561191146,1.80869729396503,0,0.74,0,"no"
0.6,0,0,0.1,0.2,0.5,0.9,0.593866270258331,0.922950953518141,-1.17253068934488,2.35501140908202,0,1,0,"no"
0.6,0,0,0.1,0.2,0.5,1,0.593229207161615,1.02025651681864,-1.35841708983789,2.54098099967556,0,1,0,"no"
0.6,0,0,0.1,0.3,-0.5,0.3,0.597688648838626,0.432193301564858,-0.237798589760188,1.42875165290248,0,0,0,"no"
0.6,0,0,0.1,0.3,-0.5,0.6,0.595777459548478,0.674422747742992,-0.708626077368982,1.86965816951505,0,0.91,0,"no"
0.6,0,0,0.1,0.3,-0.5,0.9,0.593866270258331,0.949802466231118,-1.24070595466609,2.38830334476432,0,1,0,"no"
0.6,0,0,0.1,0.3,-0.5,1,0.593229207161615,1.04454464508692,-1.42416381753343,2.56881305524302,0,1,0,"no"
0.6,0,0,0.1,0.3,0,0.3,0.597688648838626,0.430523617690314,-0.249144147451795,1.42812323703571,0,0,0,"no"
0.6,0,0,0.1,0.3,0,0.6,0.595777459548478,0.672952597421336,-0.706743653465877,1.88130819501956,0,0.92,0,"no"
0.6,0,0,0.1,0.3,0,0.9,0.593866270258331,0.948501281735048,-1.22688152784899,2.40284806491473,0,1,0,"no"
0.6,0,0,0.1,0.3,0,1,0.593229207161615,1.04328476209957,-1.40637608677912,2.57759162423113,0,1,0,"no"
0.6,0,0,0.1,0.3,0.5,0.3,0.597688648838626,0.426522074922465,-0.234240781958104,1.42228756523578,0,0,0,"no"
0.6,0,0,0.1,0.3,0.5,0.6,0.595777459548478,0.67058867046727,-0.691483761067751,1.88389304352213,0,0.91,0,"no"
0.6,0,0,0.1,0.3,0.5,0.9,0.593866270258331,0.946930336778494,-1.2182964839936,2.40456672270186,0,1,0,"no"
0.6,0,0,0.1,0.3,0.5,1,0.593229207161615,1.04188632812072,-1.40164473746395,2.58397201204217,0,1,0,"no"
0.6,0,0,0.2,0.1,-0.5,0.3,0.5972884869674,0.371541450118645,-0.104835411275858,1.29794887899843,0,0,0,"no"
0.6,0,0,0.2,0.1,-0.5,0.6,0.595377297677252,0.638545394605872,-0.622615718205491,1.7995913377082,0,0.78,0,"no"
0.6,0,0,0.2,0.1,-0.5,0.9,0.593466108387104,0.925643910694917,-1.18422506483126,2.34523601876394,0,1,0,"no"
0.6,0,0,0.2,0.1,-0.5,1,0.592829045290388,1.02292586406678,-1.37187743081551,2.5272373284461,0,1,0,"no"
0.6,0,0,0.2,0.1,0,0.3,0.5972884869674,0.371200262494989,-0.102136848706017,1.29259320184293,0,0,0,"no"
0.6,0,0,0.2,0.1,0,0.6,0.595377297677252,0.638216689964993,-0.623011383004055,1.79879784749732,0,0.79,0,"no"
0.6,0,0,0.2,0.1,0,0.9,0.593466108387104,0.92532968696118,-1.18043979062385,2.34494928022671,0,1,0,"no"
0.6,0,0,0.2,0.1,0,1,0.592829045290388,1.02261526419534,-1.36793546270362,2.52737762139392,0,1,0,"no"
0.6,0,0,0.2,0.1,0.5,0.3,0.5972884869674,0.370753544978671,-0.108205560083647,1.29676334959067,0,0,0,"no"
0.6,0,0,0.2,0.1,0.5,0.6,0.595377297677252,0.638011501201463,-0.621085133026519,1.79510628190611,0,0.8,0,"no"
0.6,0,0,0.2,0.1,0.5,0.9,0.593466108387104,0.925220283681688,-1.17610863796616,2.34505990184148,0,1,0,"no"
0.6,0,0,0.2,0.1,0.5,1,0.592829045290388,1.02252565522196,-1.36322254349978,2.53103074393169,0,1,0,"no"
0.6,0,0,0.2,0.2,-0.5,0.3,0.5972884869674,0.408799765012117,-0.180899868770187,1.37754349253777,0,0,0,"no"
0.6,0,0,0.2,0.2,-0.5,0.6,0.595377297677252,0.660455425865313,-0.668173578853109,1.83708127817987,0,0.92,0,"no"
0.6,0,0,0.2,0.2,-0.5,0.9,0.593466108387104,0.940554539399532,-1.20772007875202,2.36613307750545,0,1,0,"no"
0.6,0,0,0.2,0.2,-0.5,1,0.592829045290388,1.03633482791374,-1.39248988401954,2.54926170634285,0,1,0,"no"
0.6,0,0,0.2,0.2,0,0.3,0.5972884869674,0.407919667048364,-0.180182957568424,1.37580104610987,0,0,0,"no"
0.6,0,0,0.2,0.2,0,0.6,0.595377297677252,0.659646284481495,-0.664123132504681,1.84106963581096,0,0.89,0,"no"
0.6,0,0,0.2,0.2,0,0.9,0.593466108387104,0.939812822156238,-1.20554890754832,2.36958532701007,0,1,0,"no"
0.6,0,0,0.2,0.2,0,1,0.592829045290388,1.03560978448567,-1.39069995753538,2.55226287098761,0,1,0,"no"
0.6,0,0,0.2,0.2,0.5,0.3,0.5972884869674,0.406104746682511,-0.182985850427744,1.38256261253888,0,0,0,"no"
0.6,0,0,0.2,0.2,0.5,0.6,0.595377297677252,0.658649269532096,-0.666142394327619,1.83606285322412,0,0.89,0,"no"
0.6,0,0,0.2,0.2,0.5,0.9,0.593466108387104,0.939181344986783,-1.2016598293989,2.3662703486701,0,1,0,"no"
0.6,0,0,0.2,0.2,0.5,1,0.592829045290388,1.03505610582721,-1.38460168777587,2.5511770764341,0,1,0,"no"
0.6,0,0,0.2,0.3,-0.5,0.3,0.5972884869674,0.464610090940428,-0.297031864881906,1.49427899099258,0,0,0,"no"
0.6,0,0,0.2,0.3,-0.5,0.6,0.595377297677252,0.69602222490399,-0.740724994747873,1.90950174520602,0,0.98,0,"no"
0.6,0,0,0.2,0.3,-0.5,0.9,0.593466108387104,0.965557372034763,-1.25983644486018,2.41239237388788,0,1,0,"no"
0.6,0,0,0.2,0.3,-0.5,1,0.592829045290388,1.0589820703853,-1.44111144820701,2.58720335092841,0,1,0,"no"
0.6,0,0,0.2,0.3,0,0.3,0.5972884869674,0.463118908614384,-0.305460852056823,1.48676911799631,0,0,0,"no"
0.6,0,0,0.2,0.3,0,0.6,0.595377297677252,0.694626416430777,-0.74118659013042,1.91511735824126,0,0.96,0,"no"
0.6,0,0,0.2,0.3,0,0.9,0.593466108387104,0.964292677604656,-1.25303782024802,2.43138402068086,0,1,0,"no"
0.6,0,0,0.2,0.3,0,1,0.592829045290388,1.0577523187598,-1.42957256572722,2.6027368746262,0,1,0,"no"
0.6,0,0,0.2,0.3,0.5,0.3,0.5972884869674,0.459374617501966,-0.29217745970346,1.48682277071164,0,0,0,"no"
0.6,0,0,0.2,0.3,0.5,0.6,0.595377297677252,0.692338268880102,-0.743807224603551,1.92050416370511,0,0.98,0,"no"
0.6,0,0,0.2,0.3,0.5,0.9,0.593466108387104,0.962754965058457,-1.25091615782044,2.42196588432813,0,1,0,"no"
0.6,0,0,0.2,0.3,0.5,1,0.592829045290388,1.05638089600857,-1.43124237733873,2.59704031219968,0,1,0,"no"
0.6,0,0,0.3,0.1,-0.5,0.3,0.596888325096173,0.431137683272847,-0.212867965218395,1.4183781995048,0,0,0,"no"
0.6,0,0,0.3,0.1,-0.5,0.6,0.594977135806026,0.675488487782358,-0.686026851535221,1.86654051560018,0,0.96,0,"no"
0.6,0,0,0.3,0.1,-0.5,0.9,0.593065946515878,0.951835007779825,-1.22558329797694,2.39503619074799,0,1,0,"no"
0.6,0,0,0.3,0.1,-0.5,1,0.592428883419162,1.04678202458678,-1.41222129958812,2.5749783459246,0,1,0,"no"
0.6,0,0,0.3,0.1,0,0.3,0.596888325096173,0.430855928228265,-0.214866324054737,1.41272216011154,0,0,0,"no"
0.6,0,0,0.3,0.1,0,0.6,0.594977135806026,0.675185185562906,-0.682058174783434,1.8575341450595,0,0.96,0,"no"
0.6,0,0,0.3,0.1,0,0.9,0.593065946515878,0.951534038617515,-1.22623296968088,2.38833219777408,0,1,0,"no"
0.6,0,0,0.3,0.1,0,1,0.592428883419162,1.04648254958495,-1.41174615083859,2.56856063813106,0,1,0,"no"
0.6,0,0,0.3,0.1,0.5,0.3,0.596888325096173,0.430463339355793,-0.221383253337884,1.4172185279213,0,0,0,"no"
0.6,0,0,0.3,0.1,0.5,0.6,0.594977135806026,0.674992704630635,-0.686831369884125,1.85820612147915,0,0.97,0,"no"
0.6,0,0,0.3,0.1,0.5,0.9,0.593065946515878,0.951430628050633,-1.22782699885054,2.38553030468327,0,1,0,"no"
0.6,0,0,0.3,0.1,0.5,1,0.592428883419162,1.04639800900472,-1.41300634590583,2.56467817777657,0,1,0,"no"
0.6,0,0,0.3,0.2,-0.5,0.3,0.596888325096173,0.463686080195707,-0.277453069116475,1.48598019707089,0,0,0,"no"
0.6,0,0,0.3,0.2,-0.5,0.6,0.594977135806026,0.696236890881591,-0.728491429461838,1.89875879176102,0,0.98,0,"no"
0.6,0,0,0.3,0.2,-0.5,0.9,0.593065946515878,0.966335586807513,-1.25011691388972,2.4104843114196,0,1,0,"no"
0.6,0,0,0.3,0.2,-0.5,1,0.592428883419162,1.05988297652606,-1.43460686991137,2.58913761628722,0,1,0,"no"
0.6,0,0,0.3,0.2,0,0.3,0.596888325096173,0.46294751123493,-0.282434586892419,1.48062664423657,0,0,0,"no"
0.6,0,0,0.3,0.2,0,0.6,0.594977135806026,0.695489295070168,-0.722370023688665,1.89577932674246,0,0.98,0,"no"
0.6,0,0,0.3,0.2,0,0.9,0.593065946515878,0.965624796687006,-1.24705097138225,2.41156921923313,0,1,0,"no"
0.6,0,0,0.3,0.2,0,1,0.592428883419162,1.05918356321733,-1.43256513043523,2.5899503932153,0,1,0,"no"
0.6,0,0,0.3,0.2,0.5,0.3,0.596888325096173,0.461324820822496,-0.284662146293924,1.48633719868576,0,0,0,"no"
0.6,0,0,0.3,0.2,0.5,0.6,0.594977135806026,0.694541850949498,-0.730588444713058,1.90166216190707,0,0.98,0,"no"
0.6,0,0,0.3,0.2,0.5,0.9,0.593065946515878,0.965014022500106,-1.24734850266583,2.40549669186611,0,1,0,"no"
0.6,0,0,0.3,0.2,0.5,1,0.592428883419162,1.05864658631895,-1.42886912863082,2.58412973114006,0,1,0,"no"
0.6,0,0,0.3,0.3,-0.5,0.3,0.596888325096173,0.513652751580955,-0.383895056721715,1.58651859796731,0,0.03,0,"no"
0.6,0,0,0.3,0.3,-0.5,0.6,0.594977135806026,0.730069582044035,-0.794285098584829,1.97367538176393,0,1,0,"no"
0.6,0,0,0.3,0.3,-0.5,0.9,0.593065946515878,0.99068313879797,-1.30226036827966,2.45562191726981,0,1,0,"no"
0.6,0,0,0.3,0.3,-0.5,1,0.592428883419162,1.08203179595134,-1.47803898929686,2.62571535639545,0,1,0,"no"
0.6,0,0,0.3,0.3,0,0.3,0.596888325096173,0.512363439427604,-0.39143137026583,1.57944645405368,0,0.01,0,"no"
0.6,0,0,0.3,0.3,0,0.6,0.594977135806026,0.728773166474737,-0.788986625877535,1.97501242303407,0,1,0,"no"
0.6,0,0,0.3,0.3,0,0.9,0.593065946515878,0.989469426722243,-1.29618469875702,2.46160445371644,0,1,0,"no"
0.6,0,0,0.3,0.3,0,1,0.592428883419162,1.08084423497893,-1.47185866881564,2.63174402088965,0,1,0,"no"
0.6,0,0,0.3,0.3,0.5,0.3,0.596888325096173,0.508943731250329,-0.381767275653776,1.58285219451211,0,0.02,0,"no"
0.6,0,0,0.3,0.3,0.5,0.6,0.594977135806026,0.726585002942832,-0.801324717461067,1.9800924015817,0,1,0,"no"
0.6,0,0,0.3,0.3,0.5,0.9,0.593065946515878,0.987973904298143,-1.29921359149143,2.45409427983618,0,1,0,"no"
0.6,0,0,0.3,0.3,0.5,1,0.592428883419162,1.0795064984875,-1.47378181066229,2.62523712047697,0,1,0,"no"
0.6,0.1,0,0.1,0.1,-0.5,0.3,0.597688648838626,0.343615982179202,-0.0751491232449727,1.24218635516826,0,0,0,"no"
0.6,0.1,0,0.1,0.1,-0.5,0.6,0.595777459548478,0.621301418705387,-0.60721615685424,1.77069462749924,0,0.65,0,"no"
0.6,0.1,0,0.1,0.1,-0.5,0.9,0.593866270258331,0.912889484181106,-1.16538076430782,2.32168803364289,0,1,0,"no"
0.6,0.1,0,0.1,0.1,-0.5,1,0.593229207161615,1.01111573959392,-1.35405034921288,2.50864719199406,0,1,0,"no"
0.6,0.1,0,0.1,0.1,0,0.3,0.597688648838626,0.343299164215675,-0.0673273691450333,1.25190791647852,0,0,0,"no"
0.6,0.1,0,0.1,0.1,0,0.6,0.595777459548478,0.620999904217036,-0.600426864199438,1.77476468054016,0,0.64,0,"no"
0.6,0.1,0,0.1,0.1,0,0.9,0.593866270258331,0.912597062856894,-1.16161581261024,2.32794629634361,0,1,0,"no"
0.6,0.1,0,0.1,0.1,0,1,0.593229207161615,1.01082538946706,-1.35038753736421,2.51534942466293,0,1,0,"no"
0.6,0.1,0,0.1,0.1,0.5,0.3,0.597688648838626,0.342806266683811,-0.052916393824662,1.26485359928839,0,0,0,"no"
0.6,0.1,0,0.1,0.1,0.5,0.6,0.595777459548478,0.620779242469822,-0.59257775217636,1.77836364528422,0,0.61,0,"no"
0.6,0.1,0,0.1,0.1,0.5,0.9,0.593866270258331,0.912478424191144,-1.15546024981391,2.33330393269303,0,1,0,"no"
0.6,0.1,0,0.1,0.1,0.5,1,0.593229207161615,1.01072760293777,-1.34384375974402,2.52095229411597,0,1,0,"no"
0.6,0.1,0,0.1,0.2,-0.5,0.3,0.597688648838626,0.383792386031181,-0.15848560684359,1.32026880220693,0,0,0,"no"
0.6,0.1,0,0.1,0.2,-0.5,0.6,0.595777459548478,0.643951207169453,-0.651923315553542,1.81816245689743,0,0.82,0,"no"
0.6,0.1,0,0.1,0.2,-0.5,0.9,0.593866270258331,0.928114953738249,-1.19746650273938,2.35074348122765,0,1,0,"no"
0.6,0.1,0,0.1,0.2,-0.5,1,0.593229207161615,1.02477916609952,-1.38433551281088,2.53175861131836,0,1,0,"no"
0.6,0.1,0,0.1,0.2,0,0.3,0.597688648838626,0.38294498114854,-0.145991900968961,1.33082030393671,0,0,0,"no"
0.6,0.1,0,0.1,0.2,0,0.6,0.595777459548478,0.643188173276542,-0.646258979136184,1.81618124965821,0,0.81,0,"no"
0.6,0.1,0,0.1,0.2,0,0.9,0.593866270258331,0.92741340445067,-1.18678534064442,2.3546189481329,0,1,0,"no"
0.6,0.1,0,0.1,0.2,0,1,0.593229207161615,1.02409194761891,-1.37426693988331,2.53914404894236,0,1,0,"no"
0.6,0.1,0,0.1,0.2,0.5,0.3,0.597688648838626,0.381000100581184,-0.130367663711446,1.33675340733405,0,0,0,"no"
0.6,0.1,0,0.1,0.2,0.5,0.6,0.595777459548478,0.642149209538832,-0.628488047475387,1.82394314032111,0,0.79,0,"no"
0.6,0.1,0,0.1,0.2,0.5,0.9,0.593866270258331,0.926759398908224,-1.17736740960173,2.36627935301197,0,1,0,"no"
0.6,0.1,0,0.1,0.2,0.5,1,0.593229207161615,1.02351882127328,-1.36702782056691,2.55019114110657,0,1,0,"no"
0.6,0.1,0,0.1,0.3,-0.5,0.3,0.597688648838626,0.442933641878245,-0.278350801587473,1.4329023729273,0,0,0,"no"
0.6,0.1,0,0.1,0.3,-0.5,0.6,0.595777459548478,0.680528458838879,-0.725493495507581,1.8851074788459,0,0.95,0,"no"
0.6,0.1,0,0.1,0.3,-0.5,0.9,0.593866270258331,0.95355407734521,-1.25096078614281,2.40348372887879,0,1,0,"no"
0.6,0.1,0,0.1,0.3,-0.5,1,0.593229207161615,1.04777677343111,-1.4278241889958,2.57853831758201,0,1,0,"no"
0.6,0.1,0,0.1,0.3,0,0.3,0.597688648838626,0.44151053944885,-0.265049052457072,1.44417404122651,0,0,0,"no"
0.6,0.1,0,0.1,0.3,0,0.6,0.595777459548478,0.679197399610263,-0.720284236333792,1.89296361096573,0,0.95,0,"no"
0.6,0.1,0,0.1,0.3,0,0.9,0.593866270258331,0.952346480221403,-1.24365380270367,2.4044339079312,0,1,0,"no"
0.6,0.1,0,0.1,0.3,0,1,0.593229207161615,1.04660112914273,-1.42360135535504,2.58221251442012,0,1,0,"no"
0.6,0.1,0,0.1,0.3,0.5,0.3,0.597688648838626,0.43756797098229,-0.241631008785351,1.45459875448076,0,0,0,"no"
0.6,0.1,0,0.1,0.3,0.5,0.6,0.595777459548478,0.676834852508856,-0.707764700339138,1.89716809406769,0,0.96,0,"no"
0.6,0.1,0,0.1,0.3,0.5,0.9,0.593866270258331,0.950769586617819,-1.21888924609519,2.4158020416944,0,1,0,"no"
0.6,0.1,0,0.1,0.3,0.5,1,0.593229207161615,1.0451962829357,-1.39982856349203,2.59663964046701,0,1,0,"no"
0.6,0.1,0,0.2,0.1,-0.5,0.3,0.5972884869674,0.38351835137463,-0.148757118904707,1.30570338715936,0,0,0,"no"
0.6,0.1,0,0.2,0.1,-0.5,0.6,0.595377297677252,0.644706193982911,-0.644011117430015,1.8099618464242,0,0.85,0,"no"
0.6,0.1,0,0.2,0.1,-0.5,0.9,0.593466108387104,0.929295445467254,-1.19589566587665,2.35348680849039,0,1,0,"no"
0.6,0.1,0,0.2,0.1,-0.5,1,0.592829045290388,1.02604735062453,-1.38183097442787,2.53539678486755,0,1,0,"no"
0.6,0.1,0,0.2,0.1,0,0.3,0.5972884869674,0.383237937788017,-0.131739393555206,1.32847022553813,0,0,0,"no"
0.6,0.1,0,0.2,0.1,0,0.6,0.595377297677252,0.64441992968142,-0.63521750196923,1.81134435933447,0,0.85,0,"no"
0.6,0.1,0,0.2,0.1,0,0.9,0.593466108387104,0.929011452334501,-1.19179716392757,2.35508600075558,0,1,0,"no"
0.6,0.1,0,0.2,0.1,0,1,0.592829045290388,1.02576421259068,-1.37827585586358,2.53733110533479,0,1,0,"no"
0.6,0.1,0,0.2,0.1,0.5,0.3,0.5972884869674,0.382780216720376,-0.117451375064756,1.34837800050916,0,0,0,"no"
0.6,0.1,0,0.2,0.1,0.5,0.6,0.595377297677252,0.644208719627509,-0.629781998519142,1.82044713837839,0,0.85,0,"no"
0.6,0.1,0,0.2,0.1,0.5,0.9,0.593466108387104,0.928898074071954,-1.18667979127678,2.35479638544776,0,1,0,"no"
0.6,0.1,0,0.2,0.1,0.5,1,0.592829045290388,1.02567103397302,-1.37357074003511,2.5391035419009,0,1,0,"no"
0.6,0.1,0,0.2,0.2,-0.5,0.3,0.5972884869674,0.419926440585596,-0.229866184724748,1.37602567543789,0,0,0,"no"
0.6,0.1,0,0.2,0.2,-0.5,0.6,0.595377297677252,0.666552619823494,-0.690701487360455,1.853131378742,0,0.92,0,"no"
0.6,0.1,0,0.2,0.2,-0.5,0.9,0.593466108387104,0.944247144184924,-1.22346819600105,2.38039808708124,0,1,0,"no"
0.6,0.1,0,0.2,0.2,-0.5,1,0.592829045290388,1.03950577783858,-1.40782800439036,2.560497108743,0,1,0,"no"
0.6,0.1,0,0.2,0.2,0,0.3,0.5972884869674,0.419171939393614,-0.211075919564364,1.39768663142524,0,0,0,"no"
0.6,0.1,0,0.2,0.2,0,0.6,0.595377297677252,0.665827415295939,-0.682264997987388,1.85908255397539,0,0.93,0,"no"
0.6,0.1,0,0.2,0.2,0,0.9,0.593466108387104,0.943565111716714,-1.21372038932,2.37678885898679,0,1,0,"no"
0.6,0.1,0,0.2,0.2,0,1,0.592829045290388,1.03883496687334,-1.39874086801177,2.55620345280652,0,1,0,"no"
0.6,0.1,0,0.2,0.2,0.5,0.3,0.5972884869674,0.417359525004815,-0.189826512873548,1.42156773721742,0,0,0,"no"
0.6,0.1,0,0.2,0.2,0.5,0.6,0.595377297677252,0.664823068174119,-0.66684994412022,1.87083023191529,0,0.94,0,"no"
0.6,0.1,0,0.2,0.2,0.5,0.9,0.593466108387104,0.942927108724212,-1.20587829602435,2.38315977731338,0,1,0,"no"
0.6,0.1,0,0.2,0.2,0.5,1,0.592829045290388,1.03827517058514,-1.39002810533826,2.56169566910307,0,1,0,"no"
0.6,0.1,0,0.2,0.3,-0.5,0.3,0.5972884869674,0.474636597429563,-0.345490516879996,1.48564155759957,0,0,0,"no"
0.6,0.1,0,0.2,0.3,-0.5,0.6,0.595377297677252,0.701948901843182,-0.758732972273752,1.91264710030143,0,0.99,0,"no"
0.6,0.1,0,0.2,0.3,-0.5,0.9,0.593466108387104,0.969254021258275,-1.2764707134592,2.42819429715459,0,1,0,"no"
0.6,0.1,0,0.2,0.3,-0.5,1,0.592829045290388,1.06217580568439,-1.45015694861432,2.60115659530173,0,1,0,"no"
0.6,0.1,0,0.2,0.3,0,0.3,0.5972884869674,0.473339448608762,-0.32295459440445,1.50471759213181,0,0,0,"no"
0.6,0.1,0,0.2,0.3,0,0.6,0.595377297677252,0.700678724118054,-0.758236090778365,1.93306757346152,0,0.98,0,"no"
0.6,0.1,0,0.2,0.3,0,0.9,0.593466108387104,0.968078262121893,-1.26989977079278,2.43085900568718,0,1,0,"no"
0.6,0.1,0,0.2,0.3,0,1,0.592829045290388,1.06102682326612,-1.4473901775329,2.60730836193286,0,1,0,"no"
0.6,0.1,0,0.2,0.3,0.5,0.3,0.5972884869674,0.469615787087111,-0.296451616464912,1.52488424931773,0,0,0,"no"
0.6,0.1,0,0.2,0.3,0.5,0.6,0.595377297677252,0.698384095407699,-0.744178872276958,1.94287203021398,0,0.98,0,"no"
0.6,0.1,0,0.2,0.3,0.5,0.9,0.593466108387104,0.966532185676185,-1.25081325586366,2.43978165420211,0,1,0,"no"
0.6,0.1,0,0.2,0.3,0.5,1,0.592829045290388,1.05964724532724,-1.42625887960411,2.61431330149242,0,1,0,"no"
0.6,0.1,0,0.3,0.1,-0.5,0.3,0.596888325096173,0.441525435983883,-0.25325892287942,1.41847776280473,0,0,0,"no"
0.6,0.1,0,0.3,0.1,-0.5,0.6,0.594977135806026,0.681322062326019,-0.708793756027969,1.86713406130437,0,0.98,0,"no"
0.6,0.1,0,0.3,0.1,-0.5,0.9,0.593065946515878,0.95539109087383,-1.2369621934812,2.39628799819109,0,1,0,"no"
0.6,0.1,0,0.3,0.1,-0.5,1,0.592428883419162,1.04983696384722,-1.42255743298544,2.57772273339115,0,1,0,"no"
0.6,0.1,0,0.3,0.1,0,0.3,0.596888325096173,0.44128151291356,-0.236224702058488,1.44258951264903,0,0,0,"no"
0.6,0.1,0,0.3,0.1,0,0.6,0.594977135806026,0.681054529509136,-0.69472346580799,1.87476463475568,0,0.99,0,"no"
0.6,0.1,0,0.3,0.1,0,0.9,0.593065946515878,0.955117963643205,-1.23019830523573,2.39649474214524,0,1,0,"no"
0.6,0.1,0,0.3,0.1,0,1,0.592428883419162,1.04956315786209,-1.41669044134954,2.5775654977745,0,1,0,"no"
0.6,0.1,0,0.3,0.1,0.5,0.3,0.596888325096173,0.440865024743954,-0.21876811997071,1.46347098748808,0,0,0,"no"
0.6,0.1,0,0.3,0.1,0.5,0.6,0.594977135806026,0.680852652510347,-0.689635994898976,1.88525030171308,0,0.99,0,"no"
0.6,0.1,0,0.3,0.1,0.5,0.9,0.593065946515878,0.955009404701111,-1.22889853791836,2.3996165856988,0,1,0,"no"
0.6,0.1,0,0.3,0.1,0.5,1,0.592428883419162,1.04947417582786,-1.413969219107,2.57956816361239,0,1,0,"no"
0.6,0.1,0,0.3,0.2,-0.5,0.3,0.596888325096173,0.473551879423558,-0.330485550958726,1.47687289237311,0,0,0,"no"
0.6,0.1,0,0.3,0.2,-0.5,0.6,0.594977135806026,0.702031285256336,-0.757103540346158,1.90415263741371,0,0.99,0,"no"
0.6,0.1,0,0.3,0.2,-0.5,0.9,0.593065946515878,0.969934954041034,-1.26567500287449,2.41846144136466,0,1,0,"no"
0.6,0.1,0,0.3,0.2,-0.5,1,0.592428883419162,1.06298821546703,-1.44643872463923,2.59990500890836,0,1,0,"no"
0.6,0.1,0,0.3,0.2,0,0.3,0.596888325096173,0.47289691449465,-0.302803958838263,1.50086611379943,0,0,0,"no"
0.6,0.1,0,0.3,0.2,0,0.6,0.594977135806026,0.701354889226111,-0.734069173799851,1.91790621784869,0,0.99,0,"no"
0.6,0.1,0,0.3,0.2,0,0.9,0.593065946515878,0.969279187712246,-1.25225509781598,2.42037830294584,0,1,0,"no"
0.6,0.1,0,0.3,0.2,0,1,0.592428883419162,1.06233952394386,-1.43722960402163,2.59512958766972,0,1,0,"no"
0.6,0.1,0,0.3,0.2,0.5,0.3,0.596888325096173,0.471248636635301,-0.278185311684418,1.53610254589736,0,0,0,"no"
0.6,0.1,0,0.3,0.2,0.5,0.6,0.594977135806026,0.700393195003032,-0.723252138944096,1.93388219357477,0,0.99,0,"no"
0.6,0.1,0,0.3,0.2,0.5,0.9,0.593065946515878,0.968659510936011,-1.24783150014498,2.42800401471882,0,1,0,"no"
0.6,0.1,0,0.3,0.2,0.5,1,0.592428883419162,1.06179466806587,-1.4305115467237,2.60007630543041,0,1,0,"no"
0.6,0.1,0,0.3,0.3,-0.5,0.3,0.596888325096173,0.522760574871744,-0.438405007392697,1.57032382561916,0,0.03,0,"no"
0.6,0.1,0,0.3,0.3,-0.5,0.6,0.594977135806026,0.735729864070374,-0.819774273442825,1.96937212821356,0,1,0,"no"
0.6,0.1,0,0.3,0.3,-0.5,0.9,0.593065946515878,0.994291253906174,-1.31931839648876,2.46746484677856,0,1,0,"no"
0.6,0.1,0,0.3,0.3,-0.5,1,0.592428883419162,1.08516216976579,-1.49130630614869,2.63729509078027,0,1,0,"no"
0.6,0.1,0,0.3,0.3,0,0.3,0.596888325096173,0.521611572999218,-0.410386500665986,1.59061698399801,0,0.01,0,"no"
0.6,0.1,0,0.3,0.3,0,0.6,0.594977135806026,0.734541366633564,-0.810134696062836,1.99380236723099,0,1,0,"no"
0.6,0.1,0,0.3,0.3,0,0.9,0.593065946515878,0.993159732771874,-1.30590560693534,2.4759587402556,0,1,0,"no"
0.6,0.1,0,0.3,0.3,0,1,0.592428883419162,1.08405026378394,-1.47978677334936,2.64431172066414,0,1,0,"no"
0.6,0.1,0,0.3,0.3,0.5,0.3,0.596888325096173,0.51817564867287,-0.378643715368051,1.62932788505585,0,0.02,0,"no"
0.6,0.1,0,0.3,0.3,0.5,0.6,0.594977135806026,0.732336819047775,-0.791656183350982,2.01288626799562,0,1,0,"no"
0.6,0.1,0,0.3,0.3,0.5,0.9,0.593065946515878,0.991652337375706,-1.29043242854529,2.48393715384547,0,1,0,"no"
0.6,0.1,0,0.3,0.3,0.5,1,0.592428883419162,1.08270175963115,-1.46777996333292,2.6534926099002,0,1,0,"no"
0.6,0.2,0,0.1,0.1,-0.5,0.3,0.597688648838626,0.383438187259192,-0.163070376160648,1.31598945149686,0,0,0,"no"
0.6,0.2,0,0.1,0.1,-0.5,0.6,0.595777459548478,0.643301409137421,-0.651823849810491,1.81773508991111,0,0.82,0,"no"
0.6,0.2,0,0.1,0.1,-0.5,0.9,0.593866270258331,0.927391927687726,-1.1983173521293,2.35498399435722,0,1,0,"no"
0.6,0.2,0,0.1,0.1,-0.5,1,0.593229207161615,1.02404389298645,-1.38377164838843,2.53800906005424,0,1,0,"no"
0.6,0.2,0,0.1,0.1,0,0.3,0.597688648838626,0.383213404613638,-0.150839969697534,1.33246181479247,0,0,0,"no"
0.6,0.2,0,0.1,0.1,0,0.6,0.595777459548478,0.643052194856843,-0.644207432064175,1.82358417210553,0,0.81,0,"no"
0.6,0.2,0,0.1,0.1,0,0.9,0.593866270258331,0.927134375934981,-1.19243814870227,2.35817477237733,0,1,0,"no"
0.6,0.2,0,0.1,0.1,0,1,0.593229207161615,1.02378479857397,-1.37714289277402,2.54077134267655,0,1,0,"no"
0.6,0.2,0,0.1,0.1,0.5,0.3,0.597688648838626,0.382765341441134,-0.133703338304173,1.349751645212,0,0,0,"no"
0.6,0.2,0,0.1,0.1,0.5,0.6,0.595777459548478,0.64283546224156,-0.632966696599549,1.82898489832943,0,0.81,0,"no"
0.6,0.2,0,0.1,0.1,0.5,0.9,0.593866270258331,0.927014941009768,-1.18480121509852,2.36159293211679,0,1,0,"no"
0.6,0.2,0,0.1,0.1,0.5,1,0.593229207161615,1.02368578736446,-1.37030470592204,2.54442499211198,0,1,0,"no"
0.6,0.2,0,0.1,0.2,-0.5,0.3,0.597688648838626,0.419930598533525,-0.249017451174217,1.3827354127182,0,0,0,"no"
0.6,0.2,0,0.1,0.2,-0.5,0.6,0.595777459548478,0.665313414741383,-0.707724806276391,1.85931873508114,0,0.89,0,"no"
0.6,0.2,0,0.1,0.2,-0.5,0.9,0.593866270258331,0.942471911817279,-1.235439521855,2.38450290385922,0,1,0,"no"
0.6,0.2,0,0.1,0.2,-0.5,1,0.593229207161615,1.03761935790952,-1.41796773374891,2.56254518674908,0,1,0,"no"
0.6,0.2,0,0.1,0.2,0,0.3,0.597688648838626,0.419255990783111,-0.225173648127655,1.39869801100387,0,0,0,"no"
0.6,0.2,0,0.1,0.2,0,0.6,0.595777459548478,0.664652832634893,-0.696752953766594,1.86408180516989,0,0.94,0,"no"
0.6,0.2,0,0.1,0.2,0,0.9,0.593866270258331,0.941839080527355,-1.22775763979317,2.38596281517127,0,1,0,"no"
0.6,0.2,0,0.1,0.2,0,1,0.593229207161615,1.03699379640191,-1.40945321193091,2.56809873222521,0,1,0,"no"
0.6,0.2,0,0.1,0.2,0.5,0.3,0.597688648838626,0.417472509925098,-0.190122634030355,1.42393061063852,0,0,0,"no"
0.6,0.2,0,0.1,0.2,0.5,0.6,0.595777459548478,0.663640418487469,-0.668753287940574,1.87550051861059,0,0.94,0,"no"
0.6,0.2,0,0.1,0.2,0.5,0.9,0.593866270258331,0.941189790730682,-1.21036753636286,2.39625934203754,0,1,0,"no"
0.6,0.2,0,0.1,0.2,0.5,1,0.593229207161615,1.03642288678469,-1.39599108091449,2.5767382195365,0,1,0,"no"
0.6,0.2,0,0.1,0.3,-0.5,0.3,0.597688648838626,0.474713078519583,-0.360241594129186,1.48611025860501,0,0,0,"no"
0.6,0.2,0,0.1,0.3,-0.5,0.6,0.595777459548478,0.700880241910079,-0.779766281052615,1.92959359104209,0,0.99,0,"no"
0.6,0.2,0,0.1,0.3,-0.5,0.9,0.593866270258331,0.967618782733875,-1.28450069398351,2.43521615045426,0,1,0,"no"
0.6,0.2,0,0.1,0.3,-0.5,1,0.593229207161615,1.06041805575069,-1.46289335344284,2.61083900186402,0,1,0,"no"
0.6,0.2,0,0.1,0.3,0,0.3,0.597688648838626,0.473523636494925,-0.335798562273082,1.50817794399776,0,0,0,"no"
0.6,0.2,0,0.1,0.3,0,0.6,0.595777459548478,0.699698708321719,-0.764430528467192,1.93139907165679,0,0.99,0,"no"
0.6,0.2,0,0.1,0.3,0,0.9,0.593866270258331,0.966512886036508,-1.27352327538633,2.43008381236138,0,1,0,"no"
0.6,0.2,0,0.1,0.3,0,1,0.593229207161615,1.05933380734621,-1.44943507996509,2.60813777618102,0,1,0,"no"
0.6,0.2,0,0.1,0.3,0.5,0.3,0.597688648838626,0.469841658391719,-0.295469755839051,1.53800701539401,0,0,0,"no"
0.6,0.2,0,0.1,0.3,0.5,0.6,0.595777459548478,0.697394665846961,-0.743151221648998,1.93956503587262,0,0.98,0,"no"
0.6,0.2,0,0.1,0.3,0.5,0.9,0.593866270258331,0.964950782356081,-1.24905103125188,2.43900785765893,0,1,0,"no"
0.6,0.2,0,0.1,0.3,0.5,1,0.593229207161615,1.05793816658103,-1.42936810248175,2.61576143959838,0,1,0,"no"
0.6,0.2,0,0.2,0.1,-0.5,0.3,0.5972884869674,0.419629241734814,-0.236326074772782,1.37565299953782,0,0,0,"no"
0.6,0.2,0,0.2,0.1,-0.5,0.6,0.595377297677252,0.665951145030421,-0.697008192868655,1.85467240027335,0,0.95,0,"no"
0.6,0.2,0,0.2,0.1,-0.5,0.9,0.593466108387104,0.943555260490614,-1.22522519804594,2.38077308720054,0,1,0,"no"
0.6,0.2,0,0.2,0.1,-0.5,1,0.592829045290388,1.03879795111993,-1.41061385575529,2.56035445577853,0,1,0,"no"
0.6,0.2,0,0.2,0.1,0,0.3,0.5972884869674,0.41941695528238,-0.213906940594096,1.40370849844079,0,0,0,"no"
0.6,0.2,0,0.2,0.1,0,0.6,0.595377297677252,0.66571152558161,-0.68319973173471,1.86681762367419,0,0.95,0,"no"
0.6,0.2,0,0.2,0.1,0,0.9,0.593466108387104,0.943304234152831,-1.21908946635158,2.3869551455825,0,1,0,"no"
0.6,0.2,0,0.2,0.1,0,1,0.592829045290388,1.03854465714407,-1.40504593502932,2.56509932300358,0,1,0,"no"
0.6,0.2,0,0.2,0.1,0.5,0.3,0.5972884869674,0.418983976734082,-0.185510291550808,1.43253423692461,0,0,0,"no"
0.6,0.2,0,0.2,0.1,0.5,0.6,0.595377297677252,0.665500853102431,-0.668908840514305,1.87472005929731,0,0.96,0,"no"
0.6,0.2,0,0.2,0.1,0.5,0.9,0.593466108387104,0.943189010489513,-1.20977886444709,2.3922853595195,0,1,0,"no"
0.6,0.2,0,0.2,0.1,0.5,1,0.592829045290388,1.03844949032857,-1.39499617030952,2.57043732937276,0,1,0,"no"
0.6,0.2,0,0.2,0.2,-0.5,0.3,0.5972884869674,0.453255247527351,-0.321420217518845,1.42640951911234,0,0,0,"no"
0.6,0.2,0,0.2,0.2,-0.5,0.6,0.595377297677252,0.687231964358404,-0.750298246489945,1.88437271033652,0,0.99,0,"no"
0.6,0.2,0,0.2,0.2,-0.5,0.9,0.593466108387104,0.958372297141977,-1.2652255916134,2.40639430547721,0,1,0,"no"
0.6,0.2,0,0.2,0.2,-0.5,1,0.592829045290388,1.05217471983366,-1.44502550356249,2.584296961392,0,1,0,"no"
0.6,0.2,0,0.2,0.2,0,0.3,0.5972884869674,0.452631696815587,-0.283171930574991,1.46572393315648,0,0,0,"no"
0.6,0.2,0,0.2,0.2,0,0.6,0.595377297677252,0.68659832843135,-0.734654738290066,1.90381583295705,0,0.99,0,"no"
0.6,0.2,0,0.2,0.2,0,0.9,0.593466108387104,0.957755251909358,-1.25047166409884,2.41422465786737,0,1,0,"no"
0.6,0.2,0,0.2,0.2,0,1,0.592829045290388,1.05156279111786,-1.43117614073817,2.59198846650474,0,1,0,"no"
0.6,0.2,0,0.2,0.2,0.5,0.3,0.5972884869674,0.450931191463195,-0.237734141525923,1.50731786463017,0,0,0,"no"
0.6,0.2,0,0.2,0.2,0.5,0.6,0.595377297677252,0.685612533367622,-0.705832787649324,1.92970719857678,0,0.98,0,"no"
0.6,0.2,0,0.2,0.2,0.5,0.9,0.593466108387104,0.957119645072791,-1.23073445325338,2.4242025623045,0,1,0,"no"
0.6,0.2,0,0.2,0.2,0.5,1,0.592829045290388,1.05100354746839,-1.41377359170607,2.59956162338932,0,1,0,"no"
0.6,0.2,0,0.2,0.3,-0.5,0.3,0.5972884869674,0.504475326751325,-0.432561454370107,1.52554561813522,0,0.01,0,"no"
0.6,0.2,0,0.2,0.3,-0.5,0.6,0.595377297677252,0.721716420471634,-0.818106907847016,1.95176455460581,0,0.99,0,"no"
0.6,0.2,0,0.2,0.3,-0.5,0.9,0.593466108387104,0.983104040745728,-1.31729027113603,2.45566921588052,0,1,0,"no"
0.6,0.2,0,0.2,0.3,-0.5,1,0.592829045290388,1.07465618002514,-1.49186823224112,2.62878308631491,0,1,0,"no"
0.6,0.2,0,0.2,0.3,0,0.3,0.5972884869674,0.503365024108412,-0.386582003278789,1.57012782222119,0,0.01,0,"no"
0.6,0.2,0,0.2,0.3,0,0.6,0.595377297677252,0.720580882608898,-0.802660657740946,1.97319343377822,0,0.99,0,"no"
0.6,0.2,0,0.2,0.3,0,0.9,0.593466108387104,0.9820245911076,-1.30517223050689,2.45342707467032,0,1,0,"no"
0.6,0.2,0,0.2,0.3,0,1,0.592829045290388,1.07359455233017,-1.47829042874048,2.62916898843675,0,1,0,"no"
0.6,0.2,0,0.2,0.3,0.5,0.3,0.5972884869674,0.499838394533426,-0.333503492207918,1.61630068905637,0,0.01,0,"no"
0.6,0.2,0,0.2,0.3,0.5,0.6,0.595377297677252,0.718332295826811,-0.765475022863477,1.99763914601122,0,0.99,0,"no"
0.6,0.2,0,0.2,0.3,0.5,0.9,0.593466108387104,0.980489622797342,-1.27271530888818,2.48193193139241,0,1,0,"no"
0.6,0.2,0,0.2,0.3,0.5,1,0.592829045290388,1.07222154318981,-1.4490038731569,2.64778942180007,0,1,0,"no"
0.6,0.2,0,0.3,0.1,-0.5,0.3,0.596888325096173,0.473297408282352,-0.334323848640044,1.47643611678033,0,0,0,"no"
0.6,0.2,0,0.3,0.1,-0.5,0.6,0.594977135806026,0.7014783913263,-0.762684775944091,1.90876484570296,0,0.99,0,"no"
0.6,0.2,0,0.3,0.1,-0.5,0.9,0.593065946515878,0.969276396603829,-1.26832271856565,2.41987552738622,0,1,0,"no"
0.6,0.2,0,0.3,0.1,-0.5,1,0.592428883419162,1.06230998761723,-1.4505280696066,2.59890851915031,0,1,0,"no"
0.6,0.2,0,0.3,0.1,0,0.3,0.596888325096173,0.473099910364235,-0.305807375466843,1.51229876531039,0,0,0,"no"
0.6,0.2,0,0.3,0.1,0,0.6,0.594977135806026,0.701250362092677,-0.745812784196934,1.92485903554206,0,0.99,0,"no"
0.6,0.2,0,0.3,0.1,0,0.9,0.593065946515878,0.969033563053868,-1.25987666271005,2.42767592838138,0,1,0,"no"
0.6,0.2,0,0.3,0.1,0,1,0.592428883419162,1.06206400838086,-1.44420808686708,2.60436475902383,0,1,0,"no"
0.6,0.2,0,0.3,0.1,0.5,0.3,0.596888325096173,0.472689493398498,-0.274089148287612,1.54879324652636,0,0,0,"no"
0.6,0.2,0,0.3,0.1,0.5,0.6,0.594977135806026,0.701045027491429,-0.727339484750189,1.94697476311275,0,0.99,0,"no"
0.6,0.2,0,0.3,0.1,0.5,0.9,0.593065946515878,0.968921760017308,-1.25290903554129,2.43890708590611,0,1,0,"no"
0.6,0.2,0,0.3,0.1,0.5,1,0.592428883419162,1.06197199389152,-1.43521592093649,2.61257330678608,0,1,0,"no"
0.6,0.2,0,0.3,0.2,-0.5,0.3,0.596888325096173,0.503414539396307,-0.421114720141546,1.51068808545988,0,0.01,0,"no"
0.6,0.2,0,0.3,0.2,-0.5,0.6,0.594977135806026,0.72171652938584,-0.812107426226459,1.93110966176262,0,0.99,0,"no"
0.6,0.2,0,0.3,0.2,-0.5,0.9,0.593065946515878,0.983701342223803,-1.30753198578672,2.44451194152742,0,1,0,"no"
0.6,0.2,0,0.3,0.2,-0.5,1,0.592428883419162,1.07538894851594,-1.48285250554497,2.62155220061181,0,1,0,"no"
0.6,0.2,0,0.3,0.2,0,0.3,0.596888325096173,0.502850829922707,-0.364621520448713,1.56236241358801,0,0.01,0,"no"
0.6,0.2,0,0.3,0.2,0,0.6,0.594977135806026,0.721117856267973,-0.785120156312447,1.96756253307605,0,0.99,0,"no"
0.6,0.2,0,0.3,0.2,0,0.9,0.593065946515878,0.983105305547752,-1.28915429938887,2.45782583959528,0,1,0,"no"
0.6,0.2,0,0.3,0.2,0,1,0.592428883419162,1.07479516301297,-1.46821002191257,2.62787082322181,0,1,0,"no"
0.6,0.2,0,0.3,0.2,0.5,0.3,0.596888325096173,0.501264919144382,-0.317944179494557,1.61878533027533,0,0.01,0,"no"
0.6,0.2,0,0.3,0.2,0.5,0.6,0.594977135806026,0.720164980892234,-0.76254892452669,2.00442403085742,0,0.99,0,"no"
0.6,0.2,0,0.3,0.2,0.5,0.9,0.593065946515878,0.982484900060936,-1.27316072494059,2.47424406572794,0,1,0,"no"
0.6,0.2,0,0.3,0.2,0.5,1,0.592428883419162,1.07424856707853,-1.4512426268589,2.64717493786835,0,1,0,"no"
0.6,0.2,0,0.3,0.3,-0.5,0.3,0.596888325096173,0.550058580616495,-0.529904661228577,1.59632241166988,0,0.1,0,"no"
0.6,0.2,0,0.3,0.3,-0.5,0.6,0.594977135806026,0.75463553490242,-0.88180256856507,1.9904026059047,0,1,0,"no"
0.6,0.2,0,0.3,0.3,-0.5,0.9,0.593065946515878,1.00780768788273,-1.36183659755128,2.4874613926537,0,1,0,"no"
0.6,0.2,0,0.3,0.3,-0.5,1,0.592428883419162,1.09738983891616,-1.53347131775393,2.66035395036077,0,1,0,"no"
0.6,0.2,0,0.3,0.3,0,0.3,0.596888325096173,0.549047512995481,-0.466015902449944,1.6566229439279,0,0.05,0,"no"
0.6,0.2,0,0.3,0.3,0,0.6,0.594977135806026,0.753562452271388,-0.854426286055302,2.03336097671735,0,1,0,"no"
0.6,0.2,0,0.3,0.3,0,0.9,0.593065946515878,1.0067648605946,-1.34728176797379,2.50401887970067,0,1,0,"no"
0.6,0.2,0,0.3,0.3,0,1,0.592428883419162,1.09635948891936,-1.5159926825645,2.66930544344139,0,1,0,"no"
0.6,0.2,0,0.3,0.3,0.5,0.3,0.596888325096173,0.545739886114424,-0.406754324555941,1.71832935698272,0,0.06,0,"no"
0.6,0.2,0,0.3,0.3,0.5,0.6,0.594977135806026,0.751388450839541,-0.821641885855605,2.0733920086071,0,1,0,"no"
0.6,0.2,0,0.3,0.3,0.5,0.9,0.593065946515878,1.00526359728767,-1.31434363100635,2.52944340112629,0,1,0,"no"
0.6,0.2,0,0.3,0.3,0.5,1,0.592428883419162,1.09501391851817,-1.48768854167546,2.69435517313405,0,1,0,"no"
0.6,0.3,0,0.1,0.1,-0.5,0.3,0.597688648838626,0.44268078084891,-0.278592125863096,1.43026386480251,0,0,0,"no"
0.6,0.3,0,0.1,0.1,-0.5,0.6,0.595777459548478,0.679419230510336,-0.726096208430283,1.88744813306777,0,0.96,0,"no"
0.6,0.3,0,0.1,0.1,-0.5,0.9,0.593866270258331,0.952199727683234,-1.24179626841402,2.40732235550309,0,1,0,"no"
0.6,0.3,0,0.1,0.1,-0.5,1,0.593229207161615,1.04638162075251,-1.42301976715283,2.58514471086242,0,1,0,"no"
0.6,0.3,0,0.1,0.1,0,0.3,0.597688648838626,0.442537492509256,-0.262005736895697,1.44622669018403,0,0,0,"no"
0.6,0.3,0,0.1,0.1,0,0.6,0.595777459548478,0.679222419117385,-0.718500651073889,1.89180539895039,0,0.97,0,"no"
0.6,0.3,0,0.1,0.1,0,0.9,0.593866270258331,0.951978413072105,-1.23687884536913,2.41057498404613,0,1,0,"no"
0.6,0.3,0,0.1,0.1,0,1,0.593229207161615,1.04615515545371,-1.4189472552441,2.588539268081,0,1,0,"no"
0.6,0.3,0,0.1,0.1,0.5,0.3,0.597688648838626,0.442145250259072,-0.245728525025766,1.46891774344378,0,0,0,"no"
0.6,0.3,0,0.1,0.1,0.5,0.6,0.595777459548478,0.679014699036377,-0.709086985870142,1.90338871256812,0,0.97,0,"no"
0.6,0.3,0,0.1,0.1,0.5,0.9,0.593866270258331,0.95186017068815,-1.23177849878004,2.41525377629338,0,1,0,"no"
0.6,0.3,0,0.1,0.1,0.5,1,0.593229207161615,1.04605644126375,-1.41363082057316,2.59148083557912,0,1,0,"no"
0.6,0.3,0,0.1,0.2,-0.5,0.3,0.597688648838626,0.474697075506212,-0.369732048850202,1.48535605294817,0,0,0,"no"
0.6,0.3,0,0.1,0.2,-0.5,0.6,0.595777459548478,0.700381200011736,-0.788275956936465,1.92607257841923,0,0.99,0,"no"
0.6,0.3,0,0.1,0.2,-0.5,0.9,0.593866270258331,0.966970342817631,-1.28454654803412,2.43443731275663,0,1,0,"no"
0.6,0.3,0,0.1,0.2,-0.5,1,0.593229207161615,1.05974445760202,-1.4588569387574,2.60929629794798,0,1,0,"no"
0.6,0.3,0,0.1,0.2,0,0.3,0.597688648838626,0.474180794946141,-0.335576677228076,1.51073848246291,0,0,0,"no"
0.6,0.3,0,0.1,0.2,0,0.6,0.595777459548478,0.69982405088668,-0.773069138869905,1.93499845198227,0,0.99,0,"no"
0.6,0.3,0,0.1,0.2,0,0.9,0.593866270258331,0.966409080131745,-1.28274737231742,2.4371160606719,0,1,0,"no"
0.6,0.3,0,0.1,0.2,0,1,0.593229207161615,1.05918336438722,-1.45741481939429,2.61215772119102,0,1,0,"no"
0.6,0.3,0,0.1,0.2,0.5,0.3,0.597688648838626,0.472604160006586,-0.293663831206843,1.55097538862334,0,0,0,"no"
0.6,0.3,0,0.1,0.2,0.5,0.6,0.595777459548478,0.698858837214829,-0.742402026391901,1.9541964080617,0,0.99,0,"no"
0.6,0.3,0,0.1,0.2,0.5,0.9,0.593866270258331,0.96577276676511,-1.25445274087195,2.4429555869065,0,1,0,"no"
0.6,0.3,0,0.1,0.2,0.5,1,0.593229207161615,1.05862099565081,-1.43581252963271,2.62049324650665,0,1,0,"no"
0.6,0.3,0,0.1,0.3,-0.5,0.3,0.597688648838626,0.523831950035733,-0.480469534808422,1.58219872901834,0,0.02,0,"no"
0.6,0.3,0,0.1,0.3,-0.5,0.6,0.595777459548478,0.734321327556026,-0.859304367902257,1.99362600892967,0,0.99,0,"no"
0.6,0.3,0,0.1,0.3,-0.5,0.9,0.593866270258331,0.991565898640326,-1.34106825928926,2.47989660930451,0,1,0,"no"
0.6,0.3,0,0.1,0.3,-0.5,1,0.593229207161615,1.08214459597566,-1.51033903441251,2.65428120268315,0,1,0,"no"
0.6,0.3,0,0.1,0.3,0,0.3,0.597688648838626,0.522853259218096,-0.444931508563146,1.6127813889885,0,0.01,0,"no"
0.6,0.3,0,0.1,0.3,0,0.6,0.595777459548478,0.733290215497506,-0.834568798226361,1.99575331576767,0,0.99,0,"no"
0.6,0.3,0,0.1,0.3,0,0.9,0.593866270258331,0.990565755920608,-1.33044314723581,2.4832545537365,0,1,0,"no"
0.6,0.3,0,0.1,0.3,0,1,0.593229207161615,1.08115579606275,-1.50301326937746,2.65389125622987,0,1,0,"no"
0.6,0.3,0,0.1,0.3,0.5,0.3,0.597688648838626,0.519528005531139,-0.395591197491659,1.65327605590651,0,0.03,0,"no"
0.6,0.3,0,0.1,0.3,0.5,0.6,0.595777459548478,0.731087815130032,-0.811025138216753,2.00760143306186,0,0.99,0,"no"
0.6,0.3,0,0.1,0.3,0.5,0.9,0.593866270258331,0.989036505757906,-1.29558931494781,2.49448455925804,0,1,0,"no"
0.6,0.3,0,0.1,0.3,0.5,1,0.593229207161615,1.07978330145738,-1.47249205659505,2.66246259115553,0,1,0,"no"
0.6,0.3,0,0.2,0.1,-0.5,0.3,0.5972884869674,0.474421318190341,-0.347085445210359,1.47652915651253,0,0,0,"no"
0.6,0.3,0,0.2,0.1,-0.5,0.6,0.595377297677252,0.700922848173152,-0.771064190949454,1.91941608030223,0,0.99,0,"no"
0.6,0.3,0,0.2,0.1,-0.5,0.9,0.593466108387104,0.967959926761924,-1.27680070086444,2.43298328944275,0,1,0,"no"
0.6,0.3,0,0.2,0.1,-0.5,1,0.592829045290388,1.06083456543242,-1.4561044200438,2.60746894453201,0,1,0,"no"
0.6,0.3,0,0.2,0.1,0,0.3,0.5972884869674,0.474276218992092,-0.320108993322885,1.51106489082723,0,0,0,"no"
0.6,0.3,0,0.2,0.1,0,0.6,0.595377297677252,0.700730555500579,-0.758553133886478,1.9323599899052,0,0.99,0,"no"
0.6,0.3,0,0.2,0.1,0,0.9,0.593466108387104,0.967743182252375,-1.26403295220413,2.44049086525213,0,1,0,"no"
0.6,0.3,0,0.2,0.1,0,1,0.592829045290388,1.06061241783518,-1.44630624939304,2.61596249103593,0,1,0,"no"
0.6,0.3,0,0.2,0.1,0.5,0.3,0.5972884869674,0.473885922998932,-0.28675002324596,1.54628576966508,0,0,0,"no"
0.6,0.3,0,0.2,0.1,0.5,0.6,0.595377297677252,0.700525630341713,-0.742170824197041,1.95280145547181,0,0.99,0,"no"
0.6,0.3,0,0.2,0.1,0.5,0.9,0.593466108387104,0.967627986166211,-1.25444050504238,2.44616211418432,0,1,0,"no"
0.6,0.3,0,0.2,0.1,0.5,1,0.592829045290388,1.06051667789173,-1.43512046544076,2.62090034437699,0,1,0,"no"
0.6,0.3,0,0.2,0.2,-0.5,0.3,0.5972884869674,0.504469340414945,-0.442060962627404,1.51949564781216,0,0,0,"no"
0.6,0.3,0,0.2,0.2,-0.5,0.6,0.595377297677252,0.721257505682991,-0.826559983419462,1.94739488154451,0,0.99,0,"no"
0.6,0.3,0,0.2,0.2,-0.5,0.9,0.593466108387104,0.98248610851955,-1.3213678356356,2.45205372816022,0,1,0,"no"
0.6,0.3,0,0.2,0.2,-0.5,1,0.592829045290388,1.0740100329955,-1.49490478352471,2.62767145231363,0,1,0,"no"
0.6,0.3,0,0.2,0.2,0,0.3,0.5972884869674,0.50397491882771,-0.388305010893218,1.57377117195379,0,0,0,"no"
0.6,0.3,0,0.2,0.2,0,0.6,0.595377297677252,0.72071722994201,-0.808874150568034,1.97433605584675,0,0.99,0,"no"
0.6,0.3,0,0.2,0.2,0,0.9,0.593466108387104,0.981936766779759,-1.30960734519327,2.46754363531248,0,1,0,"no"
0.6,0.3,0,0.2,0.2,0,1,0.592829045290388,1.07345964159672,-1.48203519169162,2.63949301533765,0,1,0,"no"
0.6,0.3,0,0.2,0.2,0.5,0.3,0.5972884869674,0.502441111481791,-0.328010451205295,1.62995142649061,0,0,0,"no"
0.6,0.3,0,0.2,0.2,0.5,0.6,0.595377297677252,0.719770165333939,-0.773981581495083,2.00843144488508,0,0.99,0,"no"
0.6,0.3,0,0.2,0.2,0.5,0.9,0.593466108387104,0.981311426577048,-1.27767797972039,2.48173623997948,0,1,0,"no"
0.6,0.3,0,0.2,0.2,0.5,1,0.592829045290388,1.0729069588235,-1.45222432242432,2.65175219896102,0,1,0,"no"
0.6,0.3,0,0.2,0.3,-0.5,0.3,0.5972884869674,0.550997340454044,-0.551421730460743,1.60632712609334,0,0.09,0,"no"
0.6,0.3,0,0.2,0.3,-0.5,0.6,0.595377297677252,0.75425831480087,-0.905716964206998,2.01301821474107,0,0.99,0,"no"
0.6,0.3,0,0.2,0.3,-0.5,0.9,0.593466108387104,1.00669517478512,-1.38330973073771,2.4965902577635,0,1,0,"no"
0.6,0.3,0,0.2,0.3,-0.5,1,0.592829045290388,1.0961109137196,-1.54820101154409,2.67403323139815,0,1,0,"no"
0.6,0.3,0,0.2,0.3,0,0.3,0.5972884869674,0.550063339676008,-0.487050972191842,1.66764868113615,0,0.08,0,"no"
0.6,0.3,0,0.2,0.3,0,0.6,0.595377297677252,0.753259235496109,-0.874999031576207,2.03541717947767,0,0.99,0,"no"
0.6,0.3,0,0.2,0.3,0,0.9,0.593466108387104,1.0057158856603,-1.36364065656668,2.51314694776988,0,1,0,"no"
0.6,0.3,0,0.2,0.3,0,1,0.592829045290388,1.09514046474628,-1.53550307652067,2.68175772903045,0,1,0,"no"
0.6,0.3,0,0.2,0.3,0.5,0.3,0.5972884869674,0.546834486164056,-0.413789661295968,1.73568557624823,0,0.09,0,"no"
0.6,0.3,0,0.2,0.3,0.5,0.6,0.595377297677252,0.751098335139493,-0.831828029727801,2.06447203499322,0,1,0,"no"
0.6,0.3,0,0.2,0.3,0.5,0.9,0.593466108387104,1.00420932643686,-1.31520359010328,2.53771782586181,0,1,0,"no"
0.6,0.3,0,0.2,0.3,0.5,1,0.592829045290388,1.0937873735613,-1.48804092053933,2.69788270466962,0,1,0,"no"
0.6,0.3,0,0.3,0.1,-0.5,0.3,0.596888325096173,0.522561654658752,-0.436496443878219,1.57046019514302,0,0.01,0,"no"
0.6,0.3,0,0.3,0.1,-0.5,0.6,0.594977135806026,0.734786720469416,-0.835144339905848,1.97250151127016,0,0.99,0,"no"
0.6,0.3,0,0.3,0.1,-0.5,0.9,0.593065946515878,0.993061603287159,-1.3227637290584,2.47291447828157,0,1,0,"no"
0.6,0.3,0,0.3,0.1,-0.5,1,0.592428883419162,1.08387908279709,-1.49570656556667,2.64317782206209,0,1,0,"no"
0.6,0.3,0,0.3,0.1,0,0.3,0.596888325096173,0.522415957715255,-0.403340600142746,1.60992613961775,0,0.02,0,"no"
0.6,0.3,0,0.3,0.1,0,0.6,0.594977135806026,0.734599628823243,-0.814391891229513,1.99631649493937,0,0.99,0,"no"
0.6,0.3,0,0.3,0.1,0,0.9,0.593065946515878,0.992850368380541,-1.31095185042766,2.48619546996707,0,1,0,"no"
0.6,0.3,0,0.3,0.1,0,1,0.592428883419162,1.08366218349795,-1.48602337222918,2.65567517248335,0,1,0,"no"
0.6,0.3,0,0.3,0.1,0.5,0.3,0.596888325096173,0.522032802896095,-0.364832789981368,1.65435343236969,0,0.02,0,"no"
0.6,0.3,0,0.3,0.1,0.5,0.6,0.594977135806026,0.734396269624878,-0.791459254117116,2.02346184784414,0,0.99,0,"no"
0.6,0.3,0,0.3,0.1,0.5,0.9,0.593065946515878,0.992737134821669,-1.29585132359025,2.49625828986665,0,1,0,"no"
0.6,0.3,0,0.3,0.1,0.5,1,0.592428883419162,1.08356848370851,-1.47409643073467,2.66453068928534,0,1,0,"no"
0.6,0.3,0,0.3,0.2,-0.5,0.3,0.596888325096173,0.550051657291303,-0.536273992556053,1.58905058713966,0,0.05,0,"no"
0.6,0.3,0,0.3,0.2,-0.5,0.6,0.594977135806026,0.75421648506504,-0.892626900487053,1.99325202374236,0,1,0,"no"
0.6,0.3,0,0.3,0.2,-0.5,0.9,0.593065946515878,1.00722241987952,-1.36973222558538,2.49119230451461,0,1,0,"no"
0.6,0.3,0,0.3,0.2,-0.5,1,0.592428883419162,1.0967733450345,-1.53797934132083,2.66280448484644,0,1,0,"no"
0.6,0.3,0,0.3,0.2,0,0.3,0.596888325096173,0.549586205844714,-0.465024516862289,1.6588222013927,0,0.05,0,"no"
0.6,0.3,0,0.3,0.2,0,0.6,0.594977135806026,0.753698366233274,-0.860110697183415,2.03462975023619,0,0.99,0,"no"
0.6,0.3,0,0.3,0.2,0,0.9,0.593065946515878,1.00668874624816,-1.34917622089743,2.51263314258905,0,1,0,"no"
0.6,0.3,0,0.3,0.2,0,1,0.592428883419162,1.09623698699822,-1.51706019620486,2.68279007623259,0,1,0,"no"
0.6,0.3,0,0.3,0.2,0.5,0.3,0.596888325096173,0.548119834867359,-0.397077498578204,1.735288437504,0,0.05,0,"no"
0.6,0.3,0,0.3,0.2,0.5,0.6,0.594977135806026,0.752773853974047,-0.827391309788205,2.07555360353453,0,1,0,"no"
0.6,0.3,0,0.3,0.2,0.5,0.9,0.593065946515878,1.00607511412751,-1.3232807469477,2.53417288161227,0,1,0,"no"
0.6,0.3,0,0.3,0.2,0.5,1,0.592428883419162,1.09569436158678,-1.49327593514054,2.70023112712331,0,1,0,"no"
0.6,0.3,0,0.3,0.3,-0.5,0.3,0.596888325096173,0.593085130592794,-0.64522039093993,1.66191958093031,0,0.29,0,"no"
0.6,0.3,0,0.3,0.3,-0.5,0.6,0.594977135806026,0.7858456415387,-0.970378684925664,2.0466072820255,0,1,0,"no"
0.6,0.3,0,0.3,0.3,-0.5,0.9,0.593065946515878,1.03084794653761,-1.42544736973492,2.52655906550479,0,1,0,"no"
0.6,0.3,0,0.3,0.3,-0.5,1,0.592428883419162,1.11842031819106,-1.59563848041803,2.69937052470783,0,1,0,"no"
0.6,0.3,0,0.3,0.3,0,0.3,0.596888325096173,0.592211681496713,-0.554876038426128,1.75222613632874,0,0.34,0,"no"
0.6,0.3,0,0.3,0.3,0,0.6,0.594977135806026,0.784890925045307,-0.931375814814381,2.0932765761275,0,1,0,"no"
0.6,0.3,0,0.3,0.3,0,0.9,0.593065946515878,1.02989749264703,-1.4019821074351,2.55572374943557,0,1,0,"no"
0.6,0.3,0,0.3,0.3,0,1,0.592428883419162,1.11747512390643,-1.57335921764823,2.72402911787501,0,1,0,"no"
0.6,0.3,0,0.3,0.3,0.5,0.3,0.596888325096173,0.589130130876811,-0.474515503431957,1.83581361764676,0,0.37,0,"no"
0.6,0.3,0,0.3,0.3,0.5,0.6,0.594977135806026,0.782786931717285,-0.873930329347157,2.14281439568308,0,1,0,"no"
0.6,0.3,0,0.3,0.3,0.5,0.9,0.593065946515878,1.02841880005143,-1.35874918147399,2.59456079786517,0,1,0,"no"
0.6,0.3,0,0.3,0.3,0.5,1,0.592428883419162,1.11614518478593,-1.52852286379378,2.75033097244159,0,1,0,"no"
0.6,0.4,0,0.1,0.1,-0.5,0.3,0.597688648838626,0.514708870917144,-0.414277582036015,1.5735031362143,0,0,0,"no"
0.6,0.4,0,0.1,0.1,-0.5,0.6,0.595777459548478,0.727574907295406,-0.825722224287548,1.97369069073836,0,1,0,"no"
0.6,0.4,0,0.1,0.1,-0.5,0.9,0.593866270258331,0.986544990039881,-1.30633354115253,2.47566935593458,0,1,0,"no"
0.6,0.4,0,0.1,0.1,-0.5,1,0.593229207161615,1.07755115319548,-1.47949876257669,2.65212474527031,0,1,0,"no"
0.6,0.4,0,0.1,0.1,0,0.3,0.597688648838626,0.514631696233726,-0.392249462771715,1.58544503229968,0,0,0,"no"
0.6,0.4,0,0.1,0.1,0,0.6,0.595777459548478,0.727427226596436,-0.815749504065264,1.98242488657537,0,1,0,"no"
0.6,0.4,0,0.1,0.1,0,0.9,0.593866270258331,0.98635975344158,-1.30247600877468,2.47333259809453,0,1,0,"no"
0.6,0.4,0,0.1,0.1,0,1,0.593229207161615,1.07735751127139,-1.47687180556198,2.64993789277107,0,1,0,"no"
0.6,0.4,0,0.1,0.1,0.5,0.3,0.597688648838626,0.514289944273724,-0.380663908200181,1.60295220305823,0,0,0,"no"
0.6,0.4,0,0.1,0.1,0.5,0.6,0.595777459548478,0.727231039887219,-0.801437198285221,1.99022737281023,0,1,0,"no"
0.6,0.4,0,0.1,0.1,0.5,0.9,0.593866270258331,0.986244123751682,-1.29618133819697,2.47962840029006,0,1,0,"no"
0.6,0.4,0,0.1,0.1,0.5,1,0.593229207161615,1.07726024114493,-1.46993241532414,2.65131328258364,0,1,0,"no"
0.6,0.4,0,0.1,0.2,-0.5,0.3,0.597688648838626,0.542544481356421,-0.503450308066489,1.62365575273213,0,0.01,0,"no"
0.6,0.4,0,0.1,0.2,-0.5,0.6,0.595777459548478,0.747254462419111,-0.882619646940841,2.01774243623729,0,1,0,"no"
0.6,0.4,0,0.1,0.2,-0.5,0.9,0.593866270258331,1.00087657459053,-1.35484042749782,2.50065291736753,0,1,0,"no"
0.6,0.4,0,0.1,0.2,-0.5,1,0.593229207161615,1.09059772718369,-1.52027504876874,2.67315941846463,0,1,0,"no"
0.6,0.4,0,0.1,0.2,0,0.3,0.597688648838626,0.542165698571505,-0.470375907045312,1.6513144261702,0,0.02,0,"no"
0.6,0.4,0,0.1,0.2,0,0.6,0.595777459548478,0.746796172995239,-0.866981930630187,2.02334948516317,0,1,0,"no"
0.6,0.4,0,0.1,0.2,0,0.9,0.593866270258331,1.00038700816654,-1.34888447822692,2.50077407727745,0,1,0,"no"
0.6,0.4,0,0.1,0.2,0,1,0.593229207161615,1.09010177639499,-1.51707427657707,2.67007138601525,0,1,0,"no"
0.6,0.4,0,0.1,0.2,0.5,0.3,0.597688648838626,0.540785565595799,-0.42656601241761,1.68693170487836,0,0.01,0,"no"
0.6,0.4,0,0.1,0.2,0.5,0.6,0.595777459548478,0.745889214883848,-0.839067529963605,2.05004905923317,0,1,0,"no"
0.6,0.4,0,0.1,0.2,0.5,0.9,0.593866270258331,0.999769876123079,-1.32409762127585,2.5131483173495,0,1,0,"no"
0.6,0.4,0,0.1,0.2,0.5,1,0.593229207161615,1.0895529457549,-1.49538990746327,2.68004948258247,0,1,0,"no"
0.6,0.4,0,0.1,0.3,-0.5,0.3,0.597688648838626,0.586040767831377,-0.614730033523189,1.71146496810059,0,0.3,0,"no"
0.6,0.4,0,0.1,0.3,-0.5,0.6,0.595777459548478,0.779202718010714,-0.956784101106879,2.07032759157164,0,1,0,"no"
0.6,0.4,0,0.1,0.3,-0.5,0.9,0.593866270258331,1.02471539693032,-1.41651019201609,2.54693069672424,0,1,0,"no"
0.6,0.4,0,0.1,0.3,-0.5,1,0.593229207161615,1.11243358692191,-1.58051993206412,2.71061211411014,0,1,0,"no"
0.6,0.4,0,0.1,0.3,0,0.3,0.597688648838626,0.585250278914725,-0.578147050890984,1.7463744312189,0,0.37,0,"no"
0.6,0.4,0,0.1,0.3,0,0.6,0.595777459548478,0.778316584891839,-0.922001182709132,2.08083750268207,0,1,0,"no"
0.6,0.4,0,0.1,0.3,0,0.9,0.593866270258331,1.02382147943027,-1.40423644626632,2.54764782594383,0,1,0,"no"
0.6,0.4,0,0.1,0.3,0,1,0.593229207161615,1.11154141490768,-1.57163362753319,2.71419319301594,0,1,0,"no"
0.6,0.4,0,0.1,0.3,0.5,0.3,0.597688648838626,0.582288225762552,-0.518183238984083,1.79432067565508,0,0.32,0,"no"
0.6,0.4,0,0.1,0.3,0.5,0.6,0.595777459548478,0.776240811547979,-0.900524149712924,2.10206891754881,0,1,0,"no"
0.6,0.4,0,0.1,0.3,0.5,0.9,0.593866270258331,1.02233900771958,-1.36734286354146,2.56470520700203,0,1,0,"no"
0.6,0.4,0,0.1,0.3,0.5,1,0.593229207161615,1.11020331968111,-1.53401615152324,2.72670581821343,0,1,0,"no"
0.6,0.4,0,0.2,0.1,-0.5,0.3,0.5972884869674,0.54227806561193,-0.474718017466254,1.60753979775631,0,0,0,"no"
0.6,0.4,0,0.2,0.1,-0.5,0.6,0.595377297677252,0.747712635839504,-0.86541458409827,2.00532501505742,0,1,0,"no"
0.6,0.4,0,0.2,0.1,-0.5,0.9,0.593466108387104,1.00177610424962,-1.34629947195218,2.49701152384464,0,1,0,"no"
0.6,0.4,0,0.2,0.1,-0.5,1,0.592829045290388,1.09160121986445,-1.51615890840559,2.66819686996361,0,1,0,"no"
0.6,0.4,0,0.2,0.1,0,0.3,0.5972884869674,0.542192595740689,-0.448201462120676,1.6417747399422,0,0.01,0,"no"
0.6,0.4,0,0.2,0.1,0,0.6,0.595377297677252,0.747565587535355,-0.851799345293205,2.02549524500939,0,1,0,"no"
0.6,0.4,0,0.2,0.1,0,0.9,0.593466108387104,1.0015936179342,-1.33416885313239,2.50696018226189,0,1,0,"no"
0.6,0.4,0,0.2,0.1,0,1,0.592829045290388,1.09141046712446,-1.50382074900716,2.67629615731152,0,1,0,"no"
0.6,0.4,0,0.2,0.1,0.5,0.3,0.5972884869674,0.541846800046218,-0.414305521200324,1.68016394880386,0,0.01,0,"no"
0.6,0.4,0,0.2,0.1,0.5,0.6,0.595377297677252,0.747369635866432,-0.833040371065268,2.04445941591425,0,1,0,"no"
0.6,0.4,0,0.2,0.1,0.5,0.9,0.593466108387104,1.00147989976995,-1.32461769705017,2.51743096501184,0,1,0,"no"
0.6,0.4,0,0.2,0.1,0.5,1,0.592829045290388,1.09131528938372,-1.4964791109944,2.6855271021084,0,1,0,"no"
0.6,0.4,0,0.2,0.2,-0.5,0.3,0.5972884869674,0.568806391980066,-0.574953519720282,1.64466202332383,0,0.13,0,"no"
0.6,0.4,0,0.2,0.2,-0.5,0.6,0.595377297677252,0.766876374518383,-0.926140752321296,2.03197890299372,0,1,0,"no"
0.6,0.4,0,0.2,0.2,-0.5,0.9,0.593466108387104,1.01588674256275,-1.39633921764072,2.51768686315164,0,1,0,"no"
0.6,0.4,0,0.2,0.2,-0.5,1,0.592829045290388,1.10447533571876,-1.55874803579692,2.68794378281348,0,1,0,"no"
0.6,0.4,0,0.2,0.2,0,0.3,0.5972884869674,0.568432183088806,-0.516162102305583,1.70489788580687,0,0.14,0,"no"
0.6,0.4,0,0.2,0.2,0,0.6,0.595377297677252,0.766426809227277,-0.901679939395068,2.06492362958495,0,1,0,"no"
0.6,0.4,0,0.2,0.2,0,0.9,0.593466108387104,1.01540544610228,-1.38175758555678,2.53580275750905,0,1,0,"no"
0.6,0.4,0,0.2,0.2,0,1,0.592829045290388,1.10398723389521,-1.54771489224092,2.70051134625965,0,1,0,"no"
0.6,0.4,0,0.2,0.2,0.5,0.3,0.5972884869674,0.567070709291381,-0.451957462727196,1.76603764338682,0,0.14,0,"no"
0.6,0.4,0,0.2,0.2,0.5,0.6,0.595377297677252,0.765530682882269,-0.867406676608345,2.099503290424,0,1,0,"no"
0.6,0.4,0,0.2,0.2,0.5,0.9,0.593466108387104,1.01479653145669,-1.34881888161949,2.56221827328975,0,1,0,"no"
0.6,0.4,0,0.2,0.2,0.5,1,0.592829045290388,1.10344601097687,-1.51744824625657,2.72007329341233,0,1,0,"no"
0.6,0.4,0,0.2,0.3,-0.5,0.3,0.5972884869674,0.610474883471398,-0.685592241734813,1.7211256861998,0,0.5,0,"no"
0.6,0.4,0,0.2,0.3,-0.5,0.6,0.595377297677252,0.798041929925985,-1.00580705964138,2.08768240985713,0,1,0,"no"
0.6,0.4,0,0.2,0.3,-0.5,0.9,0.593466108387104,1.03937528497497,-1.45812699018558,2.55685949588333,0,1,0,"no"
0.6,0.4,0,0.2,0.3,-0.5,1,0.592829045290388,1.12603541031403,-1.62285885322086,2.72495828066014,0,1,0,"no"
0.6,0.4,0,0.2,0.3,0,0.3,0.5972884869674,0.609706081822312,-0.61646237650176,1.79348290701644,0,0.53,0,"no"
0.6,0.4,0,0.2,0.3,0,0.6,0.595377297677252,0.797176129284813,-0.965748291999432,2.11709573899751,0,1,0,"no"
0.6,0.4,0,0.2,0.3,0,0.9,0.593466108387104,1.03849688900026,-1.43275510284371,2.58040425156993,0,1,0,"no"
0.6,0.4,0,0.2,0.3,0,1,0.592829045290388,1.12515740904138,-1.59759888571683,2.7455899808503,0,1,0,"no"
0.6,0.4,0,0.2,0.3,0.5,0.3,0.5972884869674,0.606799194218442,-0.525988675284256,1.8693106118706,0,0.49,0,"no"
0.6,0.4,0,0.2,0.3,0.5,0.6,0.595377297677252,0.79512908490592,-0.910601814614002,2.15979530323059,0,1,0,"no"
0.6,0.4,0,0.2,0.3,0.5,0.9,0.593466108387104,1.03703245993523,-1.3838377089293,2.61506577661402,0,1,0,"no"
0.6,0.4,0,0.2,0.3,0.5,1,0.592829045290388,1.12383524896677,-1.54956516555077,2.77232887576919,0,1,0,"no"
0.6,0.4,0,0.3,0.1,-0.5,0.3,0.596888325096173,0.584913783504294,-0.559680979594953,1.67907244808208,0,0.2,0,"no"
0.6,0.4,0,0.3,0.1,-0.5,0.6,0.594977135806026,0.779572116794145,-0.923984229037403,2.06046102440957,0,1,0,"no"
0.6,0.4,0,0.3,0.1,-0.5,0.9,0.593065946515878,1.02606452020232,-1.39531046036722,2.53903016898149,0,1,0,"no"
0.6,0.4,0,0.3,0.1,-0.5,1,0.592428883419162,1.11402106333944,-1.56095889927707,2.70984527009592,0,1,0,"no"
0.6,0.4,0,0.3,0.1,0,0.3,0.596888325096173,0.584819122014526,-0.520662075796466,1.73157270187146,0,0.23,0,"no"
0.6,0.4,0,0.3,0.1,0,0.6,0.594977135806026,0.779425300914313,-0.905427802821239,2.08796591046183,0,1,0,"no"
0.6,0.4,0,0.3,0.1,0,0.9,0.593065946515878,1.02588508166587,-1.37892908040499,2.55051425518279,0,1,0,"no"
0.6,0.4,0,0.3,0.1,0,1,0.592428883419162,1.11383360191975,-1.54888198013,2.71713066301158,0,1,0,"no"
0.6,0.4,0,0.3,0.1,0.5,0.3,0.596888325096173,0.584471358707363,-0.478976078198861,1.77851773742201,0,0.18,0,"no"
0.6,0.4,0,0.3,0.1,0.5,0.6,0.594977135806026,0.779227942629012,-0.88038681408983,2.11705196060146,0,1,0,"no"
0.6,0.4,0,0.3,0.1,0.5,0.9,0.593065946515878,1.02577196435892,-1.3624728976452,2.567396273832,0,1,0,"no"
0.6,0.4,0,0.3,0.1,0.5,1,0.592428883419162,1.11373938860389,-1.53221687463491,2.73125631968746,0,1,0,"no"
0.6,0.4,0,0.3,0.2,-0.5,0.3,0.596888325096173,0.609651133931037,-0.663821408802463,1.69824840327817,0,0.53,0,"no"
0.6,0.4,0,0.3,0.2,-0.5,0.6,0.594977135806026,0.797981731253513,-0.993099873116542,2.07494548957982,0,1,0,"no"
0.6,0.4,0,0.3,0.2,-0.5,0.9,0.593065946515878,1.03984374310057,-1.44206112045232,2.554809631331,0,1,0,"no"
0.6,0.4,0,0.3,0.2,-0.5,1,0.592428883419162,1.12663578606518,-1.60626729786374,2.72327698295565,0,1,0,"no"
0.6,0.4,0,0.3,0.2,0,0.3,0.596888325096173,0.609285100600785,-0.586164782620134,1.78445316799163,0,0.52,0,"no"
0.6,0.4,0,0.3,0.2,0,0.6,0.594977135806026,0.79754379210497,-0.952597027040786,2.12858933463675,0,1,0,"no"
0.6,0.4,0,0.3,0.2,0,0.9,0.593065946515878,1.03937312471965,-1.42422638229793,2.58088648369029,0,1,0,"no"
0.6,0.4,0,0.3,0.2,0,1,0.592428883419162,1.12615777336813,-1.58876019132512,2.7430948748962,0,1,0,"no"
0.6,0.4,0,0.3,0.2,0.5,0.3,0.596888325096173,0.607957926296409,-0.503763532711892,1.86516563581318,0,0.52,0,"no"
0.6,0.4,0,0.3,0.2,0.5,0.6,0.594977135806026,0.796661037516647,-0.911314489433394,2.16739666078209,0,1,0,"no"
0.6,0.4,0,0.3,0.2,0.5,0.9,0.593065946515878,1.03877244792651,-1.38908256259194,2.61296386671926,0,1,0,"no"
0.6,0.4,0,0.3,0.2,0.5,1,0.592428883419162,1.12562397119992,-1.55528165134346,2.77185127537748,0,1,0,"no"
0.6,0.4,0,0.3,0.3,-0.5,0.3,0.596888325096173,0.648767627524542,-0.775441280264259,1.76860007716701,0,0.84,0,"no"
0.6,0.4,0,0.3,0.3,-0.5,0.6,0.594977135806026,0.827991145554992,-1.07451795762286,2.12601798526226,0,1,0,"no"
0.6,0.4,0,0.3,0.3,-0.5,0.9,0.593065946515878,1.06280172664432,-1.49729671460416,2.58504669162299,0,1,0,"no"
0.6,0.4,0,0.3,0.3,-0.5,1,0.592428883419162,1.1477767005565,-1.66150927268252,2.75158154094537,0,1,0,"no"
0.6,0.4,0,0.3,0.3,0,0.3,0.596888325096173,0.648031173269169,-0.67062701704109,1.86856070524576,0,0.79,0,"no"
0.6,0.4,0,0.3,0.3,0,0.6,0.594977135806026,0.827154290943304,-1.01727485449061,2.17554927850148,0,1,0,"no"
0.6,0.4,0,0.3,0.3,0,0.9,0.593065946515878,1.06194479376803,-1.47160533919637,2.62448104107701,0,1,0,"no"
0.6,0.4,0,0.3,0.3,0,1,0.592428883419162,1.14691811814547,-1.63970932990896,2.78306047964122,0,1,0,"no"
0.6,0.4,0,0.3,0.3,0.5,0.3,0.596888325096173,0.645215291219666,-0.573625459630187,1.96414902325572,0,0.74,0,"no"
0.6,0.4,0,0.3,0.3,0.5,0.6,0.594977135806026,0.825147470663359,-0.949570231913417,2.23353452343634,0,1,0,"no"
0.6,0.4,0,0.3,0.3,0.5,0.9,0.593065946515878,1.06050219351166,-1.4243191355692,2.67061417275377,0,1,0,"no"
0.6,0.4,0,0.3,0.3,0.5,1,0.592428883419162,1.14561459214103,-1.59020172430358,2.82766939664504,0,1,0,"no"
0.6,0.5,0,0.1,0.1,-0.5,0.3,0.597688648838626,0.594899415835539,-0.56332364144045,1.73047179033794,0,0.36,0,"no"
0.6,0.5,0,0.1,0.1,-0.5,0.6,0.595777459548478,0.785571209535935,-0.942089091582505,2.08106183036537,0,1,0,"no"
0.6,0.5,0,0.1,0.1,-0.5,0.9,0.593866270258331,1.02948279032523,-1.39705342789655,2.54969302691295,0,1,0,"no"
0.6,0.5,0,0.1,0.1,-0.5,1,0.593229207161615,1.11682099293652,-1.56133353692793,2.72185352072912,0,1,0,"no"
0.6,0.5,0,0.1,0.1,0,0.3,0.597688648838626,0.594873940735991,-0.546548823978641,1.74176908304955,0,0.31,0,"no"
0.6,0.5,0,0.1,0.1,0,0.6,0.595777459548478,0.785467613993293,-0.935067132466807,2.08824404257556,0,1,0,"no"
0.6,0.5,0,0.1,0.1,0,0.9,0.593866270258331,1.02933226732604,-1.38874673691425,2.55364714382043,0,1,0,"no"
0.6,0.5,0,0.1,0.1,0,1,0.593229207161615,1.11665937519888,-1.55543959333096,2.71943848703629,0,1,0,"no"
0.6,0.5,0,0.1,0.1,0.5,0.3,0.597688648838626,0.594573419398937,-0.530937518950893,1.75258521097605,0,0.37,0,"no"
0.6,0.5,0,0.1,0.1,0.5,0.6,0.595777459548478,0.785283527204014,-0.91833117191167,2.09625988951195,0,1,0,"no"
0.6,0.5,0,0.1,0.1,0.5,0.9,0.593866270258331,1.02922009522403,-1.38348055096284,2.5600145955927,0,1,0,"no"
0.6,0.5,0,0.1,0.1,0.5,1,0.593229207161615,1.11656429687635,-1.55221535631033,2.72272106399294,0,1,0,"no"
0.6,0.5,0,0.1,0.2,-0.5,0.3,0.597688648838626,0.619204478582316,-0.647489398211325,1.77462943132449,0,0.63,0,"no"
0.6,0.5,0,0.1,0.2,-0.5,0.6,0.595777459548478,0.803891169712233,-0.988250293724863,2.12375769424672,0,1,0,"no"
0.6,0.5,0,0.1,0.2,-0.5,0.9,0.593866270258331,1.04328487997888,-1.44565596360809,2.58116661747526,0,1,0,"no"
0.6,0.5,0,0.1,0.2,-0.5,1,0.593229207161615,1.12947312050623,-1.60387871050066,2.74383089516461,0,1,0,"no"
0.6,0.5,0,0.1,0.2,0,0.3,0.597688648838626,0.618940885461464,-0.618559632450002,1.80754447182009,0,0.63,0,"no"
0.6,0.5,0,0.1,0.2,0,0.6,0.595777459548478,0.803523959077182,-0.971610865757223,2.13020520069859,0,1,0,"no"
0.6,0.5,0,0.1,0.2,0,0.9,0.593866270258331,1.04286498275777,-1.43200874706905,2.58257283981068,0,1,0,"no"
0.6,0.5,0,0.1,0.2,0,1,0.593229207161615,1.12904119159693,-1.59413562890591,2.74491633009729,0,1,0,"no"
0.6,0.5,0,0.1,0.2,0.5,0.3,0.597688648838626,0.617727853629119,-0.576848137135306,1.83603887887537,0,0.56,0,"no"
0.6,0.5,0,0.1,0.2,0.5,0.6,0.595777459548478,0.802678385107295,-0.948573405261556,2.15802126056927,0,1,0,"no"
0.6,0.5,0,0.1,0.2,0.5,0.9,0.593866270258331,1.04227102181829,-1.40748846268927,2.597359682853,0,1,0,"no"
0.6,0.5,0,0.1,0.2,0.5,1,0.593229207161615,1.12850939603129,-1.57325525874646,2.75657036521832,0,1,0,"no"
0.6,0.5,0,0.1,0.3,-0.5,0.3,0.597688648838626,0.657675651506067,-0.759585267009822,1.85532963190771,0,0.83,0,"no"
0.6,0.5,0,0.1,0.3,-0.5,0.6,0.595777459548478,0.833707554135919,-1.05840818378979,2.16999944810471,0,1,0,"no"
0.6,0.5,0,0.1,0.3,-0.5,0.9,0.593866270258331,1.06622289976246,-1.50833734066519,2.62497482715663,0,1,0,"no"
0.6,0.5,0,0.1,0.3,-0.5,1,0.593229207161615,1.15061970618648,-1.6607751654278,2.78818431649258,0,1,0,"no"
0.6,0.5,0,0.1,0.3,0,0.3,0.597688648838626,0.657050676920581,-0.722100406390948,1.89526898873651,0,0.82,0,"no"
0.6,0.5,0,0.1,0.3,0,0.6,0.595777459548478,0.832957239651144,-1.02404896370654,2.19139145383555,0,1,0,"no"
0.6,0.5,0,0.1,0.3,0,0.9,0.593866270258331,1.06543287590747,-1.49029483469143,2.62837288522656,0,1,0,"no"
0.6,0.5,0,0.1,0.3,0,1,0.593229207161615,1.14982295885189,-1.6503691071343,2.78758377575207,0,1,0,"no"
0.6,0.5,0,0.1,0.3,0.5,0.3,0.597688648838626,0.65441545056862,-0.665448677717047,1.94038727307434,0,0.8,0,"no"
0.6,0.5,0,0.1,0.3,0.5,0.6,0.595777459548478,0.831017123120157,-1.00033403102391,2.21812389392624,0,1,0,"no"
0.6,0.5,0,0.1,0.3,0.5,0.9,0.593866270258331,1.06400650337445,-1.45534550057553,2.65565258275755,0,1,0,"no"
0.6,0.5,0,0.1,0.3,0.5,1,0.593229207161615,1.14852738888084,-1.61611462856669,2.80896364450431,0,1,0,"no"
0.6,0.5,0,0.2,0.1,-0.5,0.3,0.5972884869674,0.618922209628105,-0.622425901709746,1.7563988138814,0,0.64,0,"no"
0.6,0.5,0,0.2,0.1,-0.5,0.6,0.595377297677252,0.804271703110995,-0.978180892537536,2.11008205192227,0,1,0,"no"
0.6,0.5,0,0.2,0.1,-0.5,0.9,0.593466108387104,1.04409779340145,-1.43336406993629,2.58047516663824,0,1,0,"no"
0.6,0.5,0,0.2,0.1,-0.5,1,0.592829045290388,1.13039216614666,-1.59570825240515,2.74444517897637,0,1,0,"no"
0.6,0.5,0,0.2,0.1,0,0.3,0.5972884869674,0.618886342114067,-0.593712330700454,1.78573045371544,0,0.61,0,"no"
0.6,0.5,0,0.2,0.1,0,0.6,0.595377297677252,0.804166122256644,-0.962831861525972,2.1297808325771,0,1,0,"no"
0.6,0.5,0,0.2,0.1,0,0.9,0.593466108387104,1.04394846103329,-1.42263786633095,2.59264268589679,0,1,0,"no"
0.6,0.5,0,0.2,0.1,0,1,0.592829045290388,1.1302321577459,-1.58673714465019,2.7560928269187,0,1,0,"no"
0.6,0.5,0,0.2,0.1,0.5,0.3,0.5972884869674,0.618579791120557,-0.560065770118547,1.82449342933618,0,0.61,0,"no"
0.6,0.5,0,0.2,0.1,0.5,0.6,0.595377297677252,0.803980566786337,-0.946458476682498,2.14796154253803,0,1,0,"no"
0.6,0.5,0,0.2,0.1,0.5,0.9,0.593466108387104,1.04383720388808,-1.40722217460066,2.60557957344451,0,1,0,"no"
0.6,0.5,0,0.2,0.1,0.5,1,0.592829045290388,1.13013835700032,-1.57542957007596,2.76686561327652,0,1,0,"no"
0.6,0.5,0,0.2,0.2,-0.5,0.3,0.5972884869674,0.642353636058984,-0.7129785705258,1.79157999912536,0,0.84,0,"no"
0.6,0.5,0,0.2,0.2,-0.5,0.6,0.595377297677252,0.822178429798713,-1.03952900326141,2.13846450842302,0,1,0,"no"
0.6,0.5,0,0.2,0.2,-0.5,0.9,0.593466108387104,1.05770459359434,-1.48408143670292,2.59543956537375,0,1,0,"no"
0.6,0.5,0,0.2,0.2,-0.5,1,0.592829045290388,1.14288873539553,-1.64151543915791,2.75914585030127,0,1,0,"no"
0.6,0.5,0,0.2,0.2,0,0.3,0.5972884869674,0.642085562146046,-0.658413994598017,1.85268278306189,0,0.81,0,"no"
0.6,0.5,0,0.2,0.2,0,0.6,0.595377297677252,0.821813980857291,-1.00760657133071,2.17103468912086,0,1,0,"no"
0.6,0.5,0,0.2,0.2,0,0.9,0.593466108387104,1.05728976617097,-1.46328989599858,2.61341847235614,0,1,0,"no"
0.6,0.5,0,0.2,0.2,0,1,0.592829045290388,1.14246205943854,-1.62533241221095,2.77507469965136,0,1,0,"no"
0.6,0.5,0,0.2,0.2,0.5,0.3,0.5972884869674,0.64087854436558,-0.590320389022531,1.9106274342458,0,0.79,0,"no"
0.6,0.5,0,0.2,0.2,0.5,0.6,0.595377297677252,0.820973747057788,-0.973070739314001,2.21083750023014,0,1,0,"no"
0.6,0.5,0,0.2,0.2,0.5,0.9,0.593466108387104,1.05670149435244,-1.43364578526661,2.64712588063672,0,1,0,"no"
0.6,0.5,0,0.2,0.2,0.5,1,0.592829045290388,1.14193588513588,-1.59980845087438,2.80444838016005,0,1,0,"no"
0.6,0.5,0,0.2,0.3,-0.5,0.3,0.5972884869674,0.679552711351821,-0.823314448369546,1.85629236997699,0,0.92,0,"no"
0.6,0.5,0,0.2,0.3,-0.5,0.6,0.595377297677252,0.851359596074059,-1.11743376493504,2.18932394893156,0,1,0,"no"
0.6,0.5,0,0.2,0.3,-0.5,0.9,0.593466108387104,1.0803320020891,-1.54152343354098,2.6351536931123,0,1,0,"no"
0.6,0.5,0,0.2,0.3,-0.5,1,0.592829045290388,1.16378611446968,-1.70362589768401,2.79431256991143,0,0.99,0,"no"
0.6,0.5,0,0.2,0.3,0,0.3,0.5972884869674,0.67893517398297,-0.761002634611982,1.93683971364282,0,0.91,0,"no"
0.6,0.5,0,0.2,0.3,0,0.6,0.595377297677252,0.850620576177714,-1.0690022739726,2.22240828161104,0,1,0,"no"
0.6,0.5,0,0.2,0.3,0,0.9,0.593466108387104,1.07955274740805,-1.51953853156469,2.6659880738749,0,1,0,"no"
0.6,0.5,0,0.2,0.3,0,1,0.592829045290388,1.16299969027055,-1.67768051252896,2.81981510364864,0,1,0,"no"
0.6,0.5,0,0.2,0.3,0.5,0.3,0.5972884869674,0.676329899883861,-0.659604799879738,2.01462929152063,0,0.91,0,"no"
0.6,0.5,0,0.2,0.3,0.5,0.6,0.595377297677252,0.848698960517244,-1.01275902733948,2.27642906633091,0,1,0,"no"
0.6,0.5,0,0.2,0.3,0.5,0.9,0.593466108387104,1.0781400298082,-1.4703007183712,2.70298718866946,0,1,0,"no"
0.6,0.5,0,0.2,0.3,0.5,1,0.592829045290388,1.16171666412667,-1.62751755518517,2.85609385685405,0,1,0,"no"
0.6,0.5,0,0.3,0.1,-0.5,0.3,0.596888325096173,0.656637030224409,-0.699946348448163,1.81871374907315,0,0.95,0,"no"
0.6,0.5,0,0.3,0.1,-0.5,0.6,0.594977135806026,0.833995170762606,-1.03496360071574,2.16151567504383,0,1,0,"no"
0.6,0.5,0,0.3,0.1,-0.5,0.9,0.593065946515878,1.06743699964108,-1.47808233336961,2.6155052883085,0,1,0,"no"
0.6,0.5,0,0.3,0.1,-0.5,1,0.592428883419162,1.15206893109435,-1.63992240801453,2.78073025651696,0,1,0,"no"
0.6,0.5,0,0.3,0.1,0,0.3,0.596888325096173,0.656588230639777,-0.661869178764651,1.87040417840638,0,0.95,0,"no"
0.6,0.5,0,0.3,0.1,0,0.6,0.594977135806026,0.833886384156298,-1.01154662068811,2.18893677918037,0,1,0,"no"
0.6,0.5,0,0.3,0.1,0,0.9,0.593065946515878,1.06728862229088,-1.46400265719467,2.63216041174791,0,1,0,"no"
0.6,0.5,0,0.3,0.1,0,1,0.592428883419162,1.15191048132722,-1.62602110477827,2.79308580397417,0,1,0,"no"
0.6,0.5,0,0.3,0.1,0.5,0.3,0.596888325096173,0.656275467828319,-0.618262279994981,1.91291273459668,0,0.95,0,"no"
0.6,0.5,0,0.3,0.1,0.5,0.6,0.594977135806026,0.833697420882067,-0.984748675871787,2.21813193027706,0,1,0,"no"
0.6,0.5,0,0.3,0.1,0.5,0.9,0.593065946515878,1.06717680984161,-1.44641432167877,2.65456474382467,0,1,0,"no"
0.6,0.5,0,0.3,0.1,0.5,1,0.592428883419162,1.15181668744475,-1.61166492433585,2.81098955759577,0,1,0,"no"
0.6,0.5,0,0.3,0.2,-0.5,0.3,0.596888325096173,0.678821302183074,-0.801018470559432,1.83097290070589,0,0.96,0,"no"
0.6,0.5,0,0.3,0.2,-0.5,0.6,0.594977135806026,0.851289532812446,-1.10431386505207,2.17241717433684,0,1,0,"no"
0.6,0.5,0,0.3,0.2,-0.5,0.9,0.593065946515878,1.08074964779504,-1.5259154896079,2.62613583629337,0,1,0,"no"
0.6,0.5,0,0.3,0.2,-0.5,1,0.592428883419162,1.16433087658215,-1.68645624503978,2.79139806195604,0,1,0,"no"
0.6,0.5,0,0.3,0.2,0,0.3,0.596888325096173,0.678549021469817,-0.724340949772082,1.92205849071483,0,0.95,0,"no"
0.6,0.5,0,0.3,0.2,0,0.6,0.594977135806026,0.850928797214683,-1.06088045752899,2.23330537703708,0,1,0,"no"
0.6,0.5,0,0.3,0.2,0,0.9,0.593065946515878,1.08034114414388,-1.50421497574224,2.66022385895494,0,1,0,"no"
0.6,0.5,0,0.3,0.2,0,1,0.592428883419162,1.16391073129295,-1.66794056849749,2.81757618553775,0,1,0,"no"
0.6,0.5,0,0.3,0.2,0.5,0.3,0.596888325096173,0.677356469778136,-0.63614350361615,2.00438567396916,0,0.95,0,"no"
0.6,0.5,0,0.3,0.2,0.5,0.6,0.594977135806026,0.850094822569822,-1.00921891706588,2.27677398501436,0,1,0,"no"
0.6,0.5,0,0.3,0.2,0.5,0.9,0.593065946515878,1.07975796963633,-1.46721543671742,2.69962188878252,0,1,0,"no"
0.6,0.5,0,0.3,0.2,0.5,1,0.592428883419162,1.16338950855187,-1.63251105518982,2.85249314473956,0,1,0,"no"
0.6,0.5,0,0.3,0.3,-0.5,0.3,0.596888325096173,0.714182868856388,-0.909637224593107,1.89543966352221,0,0.98,0,"no"
0.6,0.5,0,0.3,0.3,-0.5,0.6,0.594977135806026,0.879521218026408,-1.18639562463876,2.21831751064117,0,1,0,"no"
0.6,0.5,0,0.3,0.3,-0.5,0.9,0.593065946515878,1.10290477312007,-1.58323898520177,2.65937929384417,0,1,0,"no"
0.6,0.5,0,0.3,0.3,-0.5,1,0.592428883419162,1.18484850400787,-1.73981356388963,2.82062034737334,0,0.98,0,"no"
0.6,0.5,0,0.3,0.3,0,0.3,0.596888325096173,0.713578575178566,-0.811486542391651,2.00421340514035,0,0.98,0,"no"
0.6,0.5,0,0.3,0.3,0,0.6,0.594977135806026,0.878798933599955,-1.12273605209668,2.28142532145094,0,1,0,"no"
0.6,0.5,0,0.3,0.3,0,0.9,0.593065946515878,1.10214041835957,-1.55880057052815,2.70399034319705,0,1,0,"no"
0.6,0.5,0,0.3,0.3,0,1,0.592428883419162,1.18407615555428,-1.71666011835125,2.85724065376564,0,0.98,0,"no"
0.6,0.5,0,0.3,0.3,0.5,0.3,0.596888325096173,0.711026341442264,-0.69615933898244,2.10517847422611,0,0.96,0,"no"
0.6,0.5,0,0.3,0.3,0.5,0.6,0.594977135806026,0.876903707283316,-1.04645790728614,2.35162314207185,0,1,0,"no"
0.6,0.5,0,0.3,0.3,0.5,0.9,0.593065946515878,1.10074384755757,-1.50212418490497,2.75394463172469,0,1,0,"no"
0.6,0.5,0,0.3,0.3,0.5,1,0.592428883419162,1.18280739054652,-1.66116047254094,2.91051972964067,0,0.99,0,"no"
0.9,-0.5,0,0.1,0.1,-0.5,0.3,0.897688648838626,0.602851323801435,-0.261959791569468,2.07050658090509,0,0.45,0,"no"
0.9,-0.5,0,0.1,0.1,-0.5,0.6,0.895777459548478,0.798703234939726,-0.633315230993804,2.43104116884042,0,1,0,"no"
0.9,-0.5,0,0.1,0.1,-0.5,0.9,0.893866270258331,1.04495846139745,-1.10331215436658,2.88275918514672,0,1,0,"no"
0.9,-0.5,0,0.1,0.1,-0.5,1,0.893229207161615,1.13276780574254,-1.27283002332319,3.04849966270844,0,0.99,0,"no"
0.9,-0.5,0,0.1,0.1,0,0.3,0.897688648838626,0.60239606690358,-0.284002798332524,2.05780365682174,0,0.43,0,"no"
0.9,-0.5,0,0.1,0.1,0,0.6,0.895777459548478,0.79826794197952,-0.644010370147491,2.42049508552165,0,1,0,"no"
0.9,-0.5,0,0.1,0.1,0,0.9,0.893866270258331,1.04454987735453,-1.11250978344599,2.88355743066062,0,1,0,"no"
0.9,-0.5,0,0.1,0.1,0,1,0.893229207161615,1.13236715826463,-1.27795828774594,3.04896497823578,0,0.99,0,"no"
0.9,-0.5,0,0.1,0.1,0.5,0.3,0.897688648838626,0.602181544301761,-0.301295072698052,2.03256474253998,0,0.42,0,"no"
0.9,-0.5,0,0.1,0.1,0.5,0.6,0.895777459548478,0.798141213170922,-0.653109041974796,2.41035768379225,0,1,0,"no"
0.9,-0.5,0,0.1,0.1,0.5,0.9,0.893866270258331,1.04447801054474,-1.12010361990969,2.87813399573856,0,1,0,"no"
0.9,-0.5,0,0.1,0.1,0.5,1,0.893229207161615,1.13230852716299,-1.28721138057607,3.04746745372451,0,0.99,0,"no"
0.9,-0.5,0,0.1,0.2,-0.5,0.3,0.897688648838626,0.625312875077699,-0.310676966031189,2.14950368513483,0,0.6,0,"no"
0.9,-0.5,0,0.1,0.2,-0.5,0.6,0.895777459548478,0.815549707917469,-0.655970646181522,2.47889482537229,0,1,0,"no"
0.9,-0.5,0,0.1,0.2,-0.5,0.9,0.893866270258331,1.0576548155107,-1.12204404811718,2.92618944348402,0,1,0,"no"
0.9,-0.5,0,0.1,0.2,-0.5,1,0.893229207161615,1.14441014360259,-1.29260950289276,3.08917453057795,0,0.99,0,"no"
0.9,-0.5,0,0.1,0.2,0,0.3,0.897688648838626,0.6241802949633,-0.345019702719654,2.1280329049376,0,0.59,0,"no"
0.9,-0.5,0,0.1,0.2,0,0.6,0.895777459548478,0.814524236663418,-0.677634065632933,2.4629958023329,0,1,0,"no"
0.9,-0.5,0,0.1,0.2,0,0.9,0.893866270258331,1.05672470310345,-1.13815369532638,2.92723123976785,0,1,0,"no"
0.9,-0.5,0,0.1,0.2,0,1,0.893229207161615,1.14350569521337,-1.30196133504124,3.09047519431382,0,0.99,0,"no"
0.9,-0.5,0,0.1,0.2,0.5,0.3,0.897688648838626,0.623150559474022,-0.371456191565675,2.09231760394813,0,0.61,0,"no"
0.9,-0.5,0,0.1,0.2,0.5,0.6,0.895777459548478,0.813802450012142,-0.702658145306481,2.4445551687474,0,1,0,"no"
0.9,-0.5,0,0.1,0.2,0.5,0.9,0.893866270258331,1.05621709296672,-1.15354534774349,2.91599137949267,0,1,0,"no"
0.9,-0.5,0,0.1,0.2,0.5,1,0.893229207161615,1.14305169924703,-1.32118704649063,3.07984407827244,0,0.99,0,"no"
0.9,-0.5,0,0.1,0.3,-0.5,0.3,0.897688648838626,0.661877078554859,-0.384611870689751,2.27062732443395,0,0.83,0,"no"
0.9,-0.5,0,0.1,0.3,-0.5,0.6,0.895777459548478,0.843750030973552,-0.710493730510389,2.55007160111549,0,1,0,"no"
0.9,-0.5,0,0.1,0.3,-0.5,0.9,0.893866270258331,1.07936285530689,-1.16138949206706,2.9799538042957,0,1,0,"no"
0.9,-0.5,0,0.1,0.3,-0.5,1,0.893229207161615,1.16443307477575,-1.32533816445479,3.13496843422117,0,0.98,0,"no"
0.9,-0.5,0,0.1,0.3,0,0.3,0.897688648838626,0.659915326152979,-0.431264154916838,2.23018526960279,0,0.8,0,"no"
0.9,-0.5,0,0.1,0.3,0,0.6,0.895777459548478,0.842007985633576,-0.741952728880061,2.53347828287879,0,1,0,"no"
0.9,-0.5,0,0.1,0.3,0,0.9,0.893866270258331,1.07781048525616,-1.17571538416168,2.97498037031316,0,1,0,"no"
0.9,-0.5,0,0.1,0.3,0,1,0.893229207161615,1.16293117369572,-1.33968953587689,3.13575503097079,0,0.98,0,"no"
0.9,-0.5,0,0.1,0.3,0.5,0.3,0.897688648838626,0.657564897091393,-0.461028391912121,2.17931944601705,0,0.81,0,"no"
0.9,-0.5,0,0.1,0.3,0.5,0.6,0.895777459548478,0.840268816855802,-0.771785167755559,2.50627452691109,0,1,0,"no"
0.9,-0.5,0,0.1,0.3,0.5,0.9,0.893866270258331,1.07652434153954,-1.19687157078707,2.95691646254341,0,1,0,"no"
0.9,-0.5,0,0.1,0.3,0.5,1,0.893229207161615,1.16176153853135,-1.35373164012493,3.12033393039898,0,0.97,0,"no"
0.9,-0.5,0,0.2,0.1,-0.5,0.3,0.8972884869674,0.626560736789068,-0.289168246365634,2.12680068138242,0,0.7,0,"no"
0.9,-0.5,0,0.2,0.1,-0.5,0.6,0.895377297677252,0.817079682626555,-0.654461471258971,2.47603675219015,0,1,0,"no"
0.9,-0.5,0,0.2,0.1,-0.5,0.9,0.893466108387104,1.05932657043054,-1.12161123545942,2.91692041228635,0,1,0,"no"
0.9,-0.5,0,0.2,0.1,-0.5,1,0.892829045290389,1.1461154926723,-1.28808205908316,3.07365828393696,0,0.99,0,"no"
0.9,-0.5,0,0.2,0.1,0,0.3,0.8972884869674,0.626142575549892,-0.322593443908769,2.096623009175,0,0.69,0,"no"
0.9,-0.5,0,0.2,0.1,0,0.6,0.895377297677252,0.816664120678126,-0.673895478263922,2.45726733168972,0,1,0,"no"
0.9,-0.5,0,0.2,0.1,0,0.9,0.893466108387104,1.0589291798412,-1.13403418086935,2.90603152434799,0,1,0,"no"
0.9,-0.5,0,0.2,0.1,0,1,0.892829045290389,1.1457243617903,-1.30222675424854,3.0679009928644,0,0.99,0,"no"
0.9,-0.5,0,0.2,0.1,0.5,0.3,0.8972884869674,0.62594619250081,-0.353493199261072,2.06606711720391,0,0.72,0,"no"
0.9,-0.5,0,0.2,0.1,0.5,0.6,0.895377297677252,0.816546254242492,-0.694600172741406,2.43994484422716,0,1,0,"no"
0.9,-0.5,0,0.2,0.1,0.5,0.9,0.893466108387104,1.05886261882809,-1.14956290750744,2.89612411367155,0,1,0,"no"
0.9,-0.5,0,0.2,0.1,0.5,1,0.892829045290389,1.14567038587873,-1.31309264518312,3.06006212850239,0,0.99,0,"no"
0.9,-0.5,0,0.2,0.2,-0.5,0.3,0.8972884869674,0.648225333777216,-0.323574553758457,2.21535776685827,0,0.83,0,"no"
0.9,-0.5,0,0.2,0.2,-0.5,0.6,0.895377297677252,0.833557564801417,-0.669457466600501,2.5296915822935,0,1,0,"no"
0.9,-0.5,0,0.2,0.2,-0.5,0.9,0.893466108387104,1.07184965790756,-1.13466357275354,2.96204809200506,0,1,0,"no"
0.9,-0.5,0,0.2,0.2,-0.5,1,0.892829045290389,1.15761988286312,-1.30415667522128,3.12226320543007,0,0.99,0,"no"
0.9,-0.5,0,0.2,0.2,0,0.3,0.8972884869674,0.647178513657271,-0.381557404853525,2.16302087513916,0,0.82,0,"no"
0.9,-0.5,0,0.2,0.2,0,0.6,0.895377297677252,0.832576747951226,-0.710369300575001,2.49597694825777,0,1,0,"no"
0.9,-0.5,0,0.2,0.2,0,0.9,0.893466108387104,1.07094416225608,-1.1577628180352,2.94602085224207,0,1,0,"no"
0.9,-0.5,0,0.2,0.2,0,1,0.892829045290389,1.15673618153046,-1.3205781679557,3.10763925041282,0,0.99,0,"no"
0.9,-0.5,0,0.2,0.2,0.5,0.3,0.8972884869674,0.646198339079888,-0.436774147923513,2.09848661838373,0,0.8,0,"no"
0.9,-0.5,0,0.2,0.2,0.5,0.6,0.895377297677252,0.831879786267949,-0.750855532514382,2.4610100270688,0,1,0,"no"
0.9,-0.5,0,0.2,0.2,0.5,0.9,0.893466108387104,1.0704506904826,-1.18606290472375,2.92936088023669,0,1,0,"no"
0.9,-0.5,0,0.2,0.2,0.5,1,0.892829045290389,1.1562943264474,-1.34784063380575,3.08987081914253,0,0.99,0,"no"
0.9,-0.5,0,0.2,0.3,-0.5,0.3,0.8972884869674,0.68359882527964,-0.384409920531752,2.33799257798432,0,0.94,0,"no"
0.9,-0.5,0,0.2,0.3,-0.5,0.6,0.895377297677252,0.861175148546771,-0.721674849682134,2.60780009256319,0,1,0,"no"
0.9,-0.5,0,0.2,0.3,-0.5,0.9,0.893466108387104,1.09327399392417,-1.1671111760043,3.0185688109948,0,1,0,"no"
0.9,-0.5,0,0.2,0.3,-0.5,1,0.892829045290389,1.17741523983325,-1.33195302307173,3.16838354830972,0,0.97,0,"no"
0.9,-0.5,0,0.2,0.3,0,0.3,0.8972884869674,0.681770810000674,-0.462751627014535,2.26836702014975,0,0.93,0,"no"
0.9,-0.5,0,0.2,0.3,0,0.6,0.895377297677252,0.859504586383191,-0.77094700217278,2.55961669080471,0,1,0,"no"
0.9,-0.5,0,0.2,0.3,0,0.9,0.893466108387104,1.09176102167074,-1.19428250641142,2.99088546731209,0,1,0,"no"
0.9,-0.5,0,0.2,0.3,0,1,0.892829045290389,1.17594644710195,-1.35470284298642,3.14965722540318,0,0.97,0,"no"
0.9,-0.5,0,0.2,0.3,0.5,0.3,0.8972884869674,0.679507500727372,-0.534235601453791,2.17124767838449,0,0.92,0,"no"
0.9,-0.5,0,0.2,0.3,0.5,0.6,0.895377297677252,0.85781097880585,-0.826741436754816,2.51288599829613,0,1,0,"no"
0.9,-0.5,0,0.2,0.3,0.5,0.9,0.893466108387104,1.09050068036825,-1.23014711536138,2.96175530744138,0,1,0,"no"
0.9,-0.5,0,0.2,0.3,0.5,1,0.892829045290389,1.17479879154932,-1.38973500528758,3.12228947014299,0,0.96,0,"no"
0.9,-0.5,0,0.3,0.1,-0.5,0.3,0.896888325096173,0.663843864506444,-0.343541481311291,2.20886759202536,0,0.99,0,"no"
0.9,-0.5,0,0.3,0.1,-0.5,0.6,0.894977135806026,0.84635065193039,-0.700877833784915,2.53320899321692,0,1,0,"no"
0.9,-0.5,0,0.3,0.1,-0.5,0.9,0.893065946515878,1.08232119964852,-1.16024623993119,2.95835272696535,0,1,0,"no"
0.9,-0.5,0,0.3,0.1,-0.5,1,0.892428883419162,1.16748113600634,-1.33106686487205,3.11438225462932,0,0.99,0,"no"
0.9,-0.5,0,0.3,0.1,0,0.3,0.896888325096173,0.663474614673994,-0.385287122429274,2.16805639956427,0,0.98,0,"no"
0.9,-0.5,0,0.3,0.1,0,0.6,0.894977135806026,0.845962910747578,-0.728767621059343,2.50876517396791,0,1,0,"no"
0.9,-0.5,0,0.3,0.1,0,0.9,0.893065946515878,1.08193982715317,-1.18076532373141,2.94313362019122,0,1,0,"no"
0.9,-0.5,0,0.3,0.1,0,1,0.892428883419162,1.16710359582955,-1.34587300814597,3.10031750151301,0,0.99,0,"no"
0.9,-0.5,0,0.3,0.1,0.5,0.3,0.896888325096173,0.663302836612743,-0.423067774193134,2.12204331043488,0,0.97,0,"no"
0.9,-0.5,0,0.3,0.1,0.5,0.6,0.894977135806026,0.845856986915603,-0.757030700430616,2.48024946003944,0,1,0,"no"
0.9,-0.5,0,0.3,0.1,0.5,0.9,0.893065946515878,1.08187990571855,-1.19962871032104,2.92659037433922,0,1,0,"no"
0.9,-0.5,0,0.3,0.1,0.5,1,0.892428883419162,1.16705529642082,-1.36018578882343,3.08921792774234,0,0.99,0,"no"
0.9,-0.5,0,0.3,0.2,-0.5,0.3,0.896888325096173,0.684363678822895,-0.361980236490847,2.3061993145024,0,0.99,0,"no"
0.9,-0.5,0,0.3,0.2,-0.5,0.6,0.894977135806026,0.862275940076874,-0.712755533230422,2.60131569125376,0,1,0,"no"
0.9,-0.5,0,0.3,0.2,-0.5,0.9,0.893065946515878,1.09457963527971,-1.17121865516895,3.01086658016814,0,1,0,"no"
0.9,-0.5,0,0.3,0.2,-0.5,1,0.892428883419162,1.17877443716477,-1.33905438430119,3.16230580726628,0,0.98,0,"no"
0.9,-0.5,0,0.3,0.2,0,0.3,0.896888325096173,0.683431201952555,-0.439376268955086,2.22469159823152,0,0.98,0,"no"
0.9,-0.5,0,0.3,0.2,0,0.6,0.894977135806026,0.861358607164741,-0.76364518135549,2.55302335119987,0,1,0,"no"
0.9,-0.5,0,0.3,0.2,0,0.9,0.893065946515878,1.09370981094279,-1.20105690952857,2.98332537018611,0,1,0,"no"
0.9,-0.5,0,0.3,0.2,0,1,0.892428883419162,1.17792077653676,-1.36458588183119,3.13856434364356,0,0.99,0,"no"
0.9,-0.5,0,0.3,0.2,0.5,0.3,0.896888325096173,0.682521067689224,-0.517430492423958,2.14172244421049,0,0.98,0,"no"
0.9,-0.5,0,0.3,0.2,0.5,0.6,0.894977135806026,0.860696656424682,-0.815339722915657,2.49300940249672,0,1,0,"no"
0.9,-0.5,0,0.3,0.2,0.5,0.9,0.893065946515878,1.09323522821264,-1.24043631325897,2.95038457132146,0,1,0,"no"
0.9,-0.5,0,0.3,0.2,0.5,1,0.892428883419162,1.17749479226568,-1.39478443939066,3.11230401661542,0,0.97,0,"no"
0.9,-0.5,0,0.3,0.3,-0.5,0.3,0.896888325096173,0.718010207896426,-0.41853270305297,2.42400881593352,0,0.99,0,"no"
0.9,-0.5,0,0.3,0.3,-0.5,0.6,0.894977135806026,0.889015327789709,-0.752562275390904,2.68818247963539,0,1,0,"no"
0.9,-0.5,0,0.3,0.3,-0.5,0.9,0.893065946515878,1.11556814277297,-1.1967605841527,3.0727092839665,0,1,0,"no"
0.9,-0.5,0,0.3,0.3,-0.5,1,0.892428883419162,1.19821926252805,-1.36317627419185,3.21918097014831,0,0.92,0,"no"
0.9,-0.5,0,0.3,0.3,0,0.3,0.896888325096173,0.716363499310636,-0.514685283773256,2.32500430642896,0,0.99,0,"no"
0.9,-0.5,0,0.3,0.3,0,0.6,0.894977135806026,0.88744718086547,-0.828113355248904,2.61474115537882,0,1,0,"no"
0.9,-0.5,0,0.3,0.3,0,0.9,0.893065946515878,1.1141127865355,-1.23700568698601,3.02663239263556,0,1,0,"no"
0.9,-0.5,0,0.3,0.3,0,1,0.892428883419162,1.19679890084723,-1.39721675557677,3.18217414626237,0,0.92,0,"no"
0.9,-0.5,0,0.3,0.3,0.5,0.3,0.896888325096173,0.71422588352552,-0.619327328004693,2.19519373178764,0,0.98,0,"no"
0.9,-0.5,0,0.3,0.3,0.5,0.6,0.894977135806026,0.88581913117477,-0.893105433206805,2.53715489659987,0,1,0,"no"
0.9,-0.5,0,0.3,0.3,0.5,0.9,0.893065946515878,1.11288807195143,-1.2889361185599,2.9870536164527,0,1,0,"no"
0.9,-0.5,0,0.3,0.3,0.5,1,0.892428883419162,1.19568105746596,-1.4413022794636,3.14233745751951,0,0.91,0,"no"
0.9,-0.4,0,0.1,0.1,-0.5,0.3,0.897688648838626,0.522035096612563,-0.0993440136665485,1.91683320085693,0,0,0,"no"
0.9,-0.4,0,0.1,0.1,-0.5,0.6,0.895777459548478,0.738905493113066,-0.513326037635887,2.31596566774925,0,1,0,"no"
0.9,-0.4,0,0.1,0.1,-0.5,0.9,0.893866270258331,0.99946547841562,-1.01841838534887,2.80077798346963,0,1,0,"no"
0.9,-0.4,0,0.1,0.1,-0.5,1,0.893229207161615,1.09077716997434,-1.19949999797798,2.97369278117919,0,1,0,"no"
0.9,-0.4,0,0.1,0.1,0,0.3,0.897688648838626,0.521562354818936,-0.125054978092667,1.90029652245192,0,0,0,"no"
0.9,-0.4,0,0.1,0.1,0,0.6,0.895777459548478,0.738470204693145,-0.525345303783077,2.31128749942289,0,1,0,"no"
0.9,-0.4,0,0.1,0.1,0,0.9,0.893866270258331,0.99906378300558,-1.01703156704911,2.79820634574489,0,1,0,"no"
0.9,-0.4,0,0.1,0.1,0,1,0.893229207161615,1.0903844368831,-1.19593980816568,2.96873354788877,0,1,0,"no"
0.9,-0.4,0,0.1,0.1,0.5,0.3,0.897688648838626,0.521303542459591,-0.141652374736418,1.87940589972852,0,0,0,"no"
0.9,-0.4,0,0.1,0.1,0.5,0.6,0.895777459548478,0.738323632024497,-0.534168036852323,2.30129599935354,0,1,0,"no"
0.9,-0.4,0,0.1,0.1,0.5,0.9,0.893866270258331,0.998981509301867,-1.02640050446564,2.79506877602501,0,1,0,"no"
0.9,-0.4,0,0.1,0.1,0.5,1,0.893229207161615,1.09031710616815,-1.19866695957492,2.96817778095757,0,1,0,"no"
0.9,-0.4,0,0.1,0.2,-0.5,0.3,0.897688648838626,0.548061265342524,-0.149430980043465,2.00239553669684,0,0.07,0,"no"
0.9,-0.4,0,0.1,0.2,-0.5,0.6,0.895777459548478,0.757260277645171,-0.540781223964144,2.36538976118071,0,1,0,"no"
0.9,-0.4,0,0.1,0.2,-0.5,0.9,0.893866270258331,1.01285346102665,-1.04306186459566,2.83762836315703,0,1,0,"no"
0.9,-0.4,0,0.1,0.2,-0.5,1,0.893229207161615,1.10297114115316,-1.22462623963198,3.0047935568506,0,1,0,"no"
0.9,-0.4,0,0.1,0.2,0,0.3,0.897688648838626,0.546879498621007,-0.190084032862668,1.97305417403476,0,0.07,0,"no"
0.9,-0.4,0,0.1,0.2,0,0.6,0.895777459548478,0.756231431032951,-0.557735263517792,2.35404662958596,0,1,0,"no"
0.9,-0.4,0,0.1,0.2,0,0.9,0.893866270258331,1.01193605337354,-1.0424233984552,2.83413375758339,0,1,0,"no"
0.9,-0.4,0,0.1,0.2,0,1,0.893229207161615,1.10208171090734,-1.21890560921092,2.99984751682677,0,1,0,"no"
0.9,-0.4,0,0.1,0.2,0.5,0.3,0.897688648838626,0.545678529542441,-0.21850662464649,1.93891972738299,0,0.08,0,"no"
0.9,-0.4,0,0.1,0.2,0.5,0.6,0.895777459548478,0.755433659839105,-0.578516635771068,2.33518823077715,0,1,0,"no"
0.9,-0.4,0,0.1,0.2,0.5,0.9,0.893866270258331,1.01139123703048,-1.06217534259805,2.82674530341431,0,1,0,"no"
0.9,-0.4,0,0.1,0.2,0.5,1,0.893229207161615,1.10159741811267,-1.23164939342995,2.99300769621109,0,1,0,"no"
0.9,-0.4,0,0.1,0.3,-0.5,0.3,0.897688648838626,0.589704350962005,-0.23069788598049,2.12817044890961,0,0.37,0,"no"
0.9,-0.4,0,0.1,0.3,-0.5,0.6,0.895777459548478,0.787748949462121,-0.597205107802442,2.43807322020144,0,1,0,"no"
0.9,-0.4,0,0.1,0.3,-0.5,0.9,0.893866270258331,1.03563712446681,-1.07649215068189,2.88378879561861,0,1,0,"no"
0.9,-0.4,0,0.1,0.3,-0.5,1,0.893229207161615,1.12385366517708,-1.25106044913791,3.04433311197729,0,0.99,0,"no"
0.9,-0.4,0,0.1,0.3,0,0.3,0.897688648838626,0.587674822504379,-0.280576690078836,2.08252007493748,0,0.36,0,"no"
0.9,-0.4,0,0.1,0.3,0,0.6,0.895777459548478,0.786002899279197,-0.619426698174693,2.41554517823148,0,1,0,"no"
0.9,-0.4,0,0.1,0.3,0,0.9,0.893866270258331,1.03410393403159,-1.08742139231178,2.88620953276343,0,1,0,"no"
0.9,-0.4,0,0.1,0.3,0,1,0.893229207161615,1.12237429361929,-1.25936259988757,3.04834665350652,0,1,0,"no"
0.9,-0.4,0,0.1,0.3,0.5,0.3,0.897688648838626,0.584986763199335,-0.312674599354921,2.03336069670923,0,0.36,0,"no"
0.9,-0.4,0,0.1,0.3,0.5,0.6,0.895777459548478,0.784106366089501,-0.648186228304133,2.3934796980997,0,1,0,"no"
0.9,-0.4,0,0.1,0.3,0.5,0.9,0.893866270258331,1.03274006724082,-1.10337065241405,2.87633082296599,0,1,0,"no"
0.9,-0.4,0,0.1,0.3,0.5,1,0.893229207161615,1.12114156958117,-1.27415089472816,3.03956534866911,0,1,0,"no"
0.9,-0.4,0,0.2,0.1,-0.5,0.3,0.8972884869674,0.549228733473899,-0.132861156622753,1.97945795634985,0,0.03,0,"no"
0.9,-0.4,0,0.2,0.1,-0.5,0.6,0.895377297677252,0.75872008362915,-0.537068478120398,2.35813762091461,0,1,0,"no"
0.9,-0.4,0,0.2,0.1,-0.5,0.9,0.893466108387104,1.01447254571989,-1.04305627218239,2.8259372569104,0,1,0,"no"
0.9,-0.4,0,0.2,0.1,-0.5,1,0.892829045290389,1.10462829033656,-1.22267870010704,2.99481816138601,0,1,0,"no"
0.9,-0.4,0,0.2,0.1,0,0.3,0.8972884869674,0.548804171605703,-0.172425502717313,1.9485900178842,0,0.03,0,"no"
0.9,-0.4,0,0.2,0.1,0,0.6,0.895377297677252,0.75830698480409,-0.558879925764913,2.34209779805507,0,1,0,"no"
0.9,-0.4,0,0.2,0.1,0,0.9,0.893466108387104,1.01408262558887,-1.05144252438837,2.81994986413983,0,1,0,"no"
0.9,-0.4,0,0.2,0.1,0,1,0.892829045290389,1.10424544328529,-1.22533741415411,2.99052661966469,0,1,0,"no"
0.9,-0.4,0,0.2,0.1,0.5,0.3,0.8972884869674,0.548569612513581,-0.199384697798736,1.91403562802215,0,0.02,0,"no"
0.9,-0.4,0,0.2,0.1,0.5,0.6,0.895377297677252,0.758170812302219,-0.579254830346403,2.3255854683764,0,1,0,"no"
0.9,-0.4,0,0.2,0.1,0.5,0.9,0.893466108387104,1.01400620363638,-1.06169279535838,2.80931943448568,0,1,0,"no"
0.9,-0.4,0,0.2,0.1,0.5,1,0.892829045290389,1.10418317957168,-1.23318485791197,2.98038853308335,0,1,0,"no"
0.9,-0.4,0,0.2,0.2,-0.5,0.3,0.8972884869674,0.574053916777416,-0.168375065036072,2.07537203020543,0,0.21,0,"no"
0.9,-0.4,0,0.2,0.2,-0.5,0.6,0.895377297677252,0.776607632807799,-0.559167692705643,2.42036991732773,0,1,0,"no"
0.9,-0.4,0,0.2,0.2,-0.5,0.9,0.893466108387104,1.02766051569594,-1.05970123948646,2.87417113084469,0,1,0,"no"
0.9,-0.4,0,0.2,0.2,-0.5,1,0.892829045290389,1.11666608449436,-1.24003153078367,3.03976711997468,0,1,0,"no"
0.9,-0.4,0,0.2,0.2,0,0.3,0.8972884869674,0.572982556021233,-0.228532676206259,2.01711575339639,0,0.2,0,"no"
0.9,-0.4,0,0.2,0.2,0,0.6,0.895377297677252,0.775628933650008,-0.592138201580257,2.38635700866776,0,1,0,"no"
0.9,-0.4,0,0.2,0.2,0,0.9,0.893466108387104,1.02676900300325,-1.07161381850961,2.85416742619654,0,1,0,"no"
0.9,-0.4,0,0.2,0.2,0,1,0.892829045290389,1.11579820901562,-1.24564683541113,3.02137168200827,0,1,0,"no"
0.9,-0.4,0,0.2,0.2,0.5,0.3,0.8972884869674,0.571849623523604,-0.289490132067698,1.9478108703756,0,0.14,0,"no"
0.9,-0.4,0,0.2,0.2,0.5,0.6,0.895377297677252,0.774860923933536,-0.626286325919035,2.354442524343,0,1,0,"no"
0.9,-0.4,0,0.2,0.2,0.5,0.9,0.893466108387104,1.02623994539182,-1.09619718184754,2.83826653505554,0,1,0,"no"
0.9,-0.4,0,0.2,0.2,0.5,1,0.892829045290389,1.11532724081322,-1.26647050229165,3.00752884854067,0,1,0,"no"
0.9,-0.4,0,0.2,0.3,-0.5,0.3,0.8972884869674,0.613977005252304,-0.242106655437513,2.19607141935137,0,0.5,0,"no"
0.9,-0.4,0,0.2,0.3,-0.5,0.6,0.895377297677252,0.806370340207082,-0.612265599099465,2.49869041301354,0,1,0,"no"
0.9,-0.4,0,0.2,0.3,-0.5,0.9,0.893466108387104,1.05011955626126,-1.08418212915857,2.92293839369378,0,1,0,"no"
0.9,-0.4,0,0.2,0.3,-0.5,1,0.892829045290389,1.13729290315362,-1.25994052236159,3.08123849966768,0,0.99,0,"no"
0.9,-0.4,0,0.2,0.3,0,0.3,0.8972884869674,0.612114169668621,-0.315035635835381,2.12553369927296,0,0.52,0,"no"
0.9,-0.4,0,0.2,0.3,0,0.6,0.895377297677252,0.804703804669671,-0.656081688829114,2.44701783013051,0,1,0,"no"
0.9,-0.4,0,0.2,0.3,0,0.9,0.893466108387104,1.04862768330092,-1.11284622427426,2.90085069241086,0,1,0,"no"
0.9,-0.4,0,0.2,0.3,0,1,0.892829045290389,1.13584785431275,-1.2836560915384,3.06074331450974,0,0.99,0,"no"
0.9,-0.4,0,0.2,0.3,0.5,0.3,0.8972884869674,0.609544538132711,-0.388227866989624,2.03311337110726,0,0.49,0,"no"
0.9,-0.4,0,0.2,0.3,0.5,0.6,0.895377297677252,0.802861987534866,-0.70095977348841,2.41081258361175,0,1,0,"no"
0.9,-0.4,0,0.2,0.3,0.5,0.9,0.893466108387104,1.04729265773498,-1.14339027566738,2.87322837078777,0,1,0,"no"
0.9,-0.4,0,0.2,0.3,0.5,1,0.892829045290389,1.13463931503452,-1.31212775338544,3.04164510459573,0,1,0,"no"
0.9,-0.4,0,0.3,0.1,-0.5,0.3,0.896888325096173,0.59136919013887,-0.19650693396058,2.07193087351801,0,0.27,0,"no"
0.9,-0.4,0,0.3,0.1,-0.5,0.6,0.894977135806026,0.790135039050579,-0.591907594247658,2.41756649837212,0,1,0,"no"
0.9,-0.4,0,0.3,0.1,-0.5,0.9,0.893065946515878,1.03845005830944,-1.08917069631223,2.87103794050393,0,1,0,"no"
0.9,-0.4,0,0.3,0.1,-0.5,1,0.892428883419162,1.12677237022246,-1.26196051546844,3.03530667863539,0,0.99,0,"no"
0.9,-0.4,0,0.3,0.1,0,0.3,0.896888325096173,0.591004388796794,-0.239920366728333,2.02810537604732,0,0.23,0,"no"
0.9,-0.4,0,0.3,0.1,0,0.6,0.894977135806026,0.789752523405329,-0.617469396102144,2.391055422929,0,1,0,"no"
0.9,-0.4,0,0.3,0.1,0,0.9,0.893065946515878,1.03807675610774,-1.10080866527453,2.85598641772705,0,1,0,"no"
0.9,-0.4,0,0.3,0.1,0,1,0.892428883419162,1.12640346150576,-1.27413455297844,3.02278493228119,0,0.99,0,"no"
0.9,-0.4,0,0.3,0.1,0.5,0.3,0.896888325096173,0.590800979136599,-0.282539312292066,1.98337460649539,0,0.24,0,"no"
0.9,-0.4,0,0.3,0.1,0.5,0.6,0.894977135806026,0.789629781439459,-0.644455078683249,2.36608232151076,0,1,0,"no"
0.9,-0.4,0,0.3,0.1,0.5,0.9,0.893065946515878,1.03800738413026,-1.11452127453862,2.84451933701828,0,1,0,"no"
0.9,-0.4,0,0.3,0.1,0.5,1,0.892428883419162,1.12634715943977,-1.28500442580557,3.01251984924325,0,0.99,0,"no"
0.9,-0.4,0,0.3,0.2,-0.5,0.3,0.896888325096173,0.614538189814343,-0.220522772223078,2.16953215706525,0,0.53,0,"no"
0.9,-0.4,0,0.3,0.2,-0.5,0.6,0.894977135806026,0.807332455789823,-0.610858003807214,2.48581562787881,0,1,0,"no"
0.9,-0.4,0,0.3,0.2,-0.5,0.9,0.893065946515878,1.0513345263657,-1.09733005226267,2.91892395677203,0,1,0,"no"
0.9,-0.4,0,0.3,0.2,-0.5,1,0.892428883419162,1.1385724658957,-1.26952891186661,3.08042640368449,0,0.99,0,"no"
0.9,-0.4,0,0.3,0.2,0,0.3,0.896888325096173,0.613606267399268,-0.296343386413847,2.09311425690236,0,0.52,0,"no"
0.9,-0.4,0,0.3,0.2,0,0.6,0.894977135806026,0.806423618319548,-0.651044084272346,2.43708730049963,0,1,0,"no"
0.9,-0.4,0,0.3,0.2,0,0.9,0.893065946515878,1.05048010377539,-1.12493386532353,2.8918705593006,0,1,0,"no"
0.9,-0.4,0,0.3,0.2,0,1,0.892428883419162,1.13773547046074,-1.29473634179717,3.05664682102175,0,0.99,0,"no"
0.9,-0.4,0,0.3,0.2,0.5,0.3,0.896888325096173,0.612565619441294,-0.376818834089257,2.00473124850153,0,0.5,0,"no"
0.9,-0.4,0,0.3,0.2,0.5,0.6,0.894977135806026,0.805696371038215,-0.697830192275819,2.39086243963792,0,1,0,"no"
0.9,-0.4,0,0.3,0.2,0.5,0.9,0.893065946515878,1.04997157320165,-1.14823887784474,2.86609385160699,0,1,0,"no"
0.9,-0.4,0,0.3,0.2,0.5,1,0.892428883419162,1.13728150352941,-1.31328337636712,3.03404597403865,0,0.99,0,"no"
0.9,-0.4,0,0.3,0.3,-0.5,0.3,0.896888325096173,0.652049249497495,-0.284420283451126,2.28517699739815,0,0.77,0,"no"
0.9,-0.4,0,0.3,0.3,-0.5,0.6,0.894977135806026,0.836014893314791,-0.654754983887145,2.57446360079627,0,1,0,"no"
0.9,-0.4,0,0.3,0.3,-0.5,0.9,0.893065946515878,1.0732975953842,-1.12177876231044,2.97468528218998,0,1,0,"no"
0.9,-0.4,0,0.3,0.3,-0.5,1,0.892428883419162,1.15880715532518,-1.29538879294988,3.12600042857359,0,0.99,0,"no"
0.9,-0.4,0,0.3,0.3,0,0.3,0.896888325096173,0.650402630427484,-0.374415168747888,2.19013562214605,0,0.77,0,"no"
0.9,-0.4,0,0.3,0.3,0,0.6,0.894977135806026,0.834460307533239,-0.714407959327346,2.50536961926492,0,1,0,"no"
0.9,-0.4,0,0.3,0.3,0,0.9,0.893065946515878,1.07186556788121,-1.16431994168094,2.93638541667275,0,1,0,"no"
0.9,-0.4,0,0.3,0.3,0,1,0.892428883419162,1.15741187796049,-1.33346299535892,3.09378819046334,0,0.99,0,"no"
0.9,-0.4,0,0.3,0.3,0.5,0.3,0.896888325096173,0.647998171670061,-0.476231288679127,2.06943292238945,0,0.78,0,"no"
0.9,-0.4,0,0.3,0.3,0.5,0.6,0.894977135806026,0.832695428690399,-0.768277099454743,2.44649524257298,0,1,0,"no"
0.9,-0.4,0,0.3,0.3,0.5,0.9,0.893065946515878,1.07056961280762,-1.19659876915639,2.90287043091022,0,1,0,"no"
0.9,-0.4,0,0.3,0.3,0.5,1,0.892428883419162,1.15623554887825,-1.35662350192891,3.0681853135277,0,0.98,0,"no"
0.9,-0.3,0,0.1,0.1,-0.5,0.3,0.897688648838626,0.449038914047737,0.0501408881707575,1.77577903818327,0,0,0,"no"
0.9,-0.3,0,0.1,0.1,-0.5,0.6,0.895777459548478,0.688512938866079,-0.412654501850811,2.21593357224212,0,0.97,0,"no"
0.9,-0.3,0,0.1,0.1,-0.5,0.9,0.893866270258331,0.962244099578678,-0.955040301159679,2.72898222782271,0,1,0,"no"
0.9,-0.3,0,0.1,0.1,-0.5,1,0.893229207161615,1.05660264272121,-1.13800298428035,2.9067638222767,0,1,0,"no"
0.9,-0.3,0,0.1,0.1,0,0.3,0.897688648838626,0.448551976839142,0.0287890446441354,1.75758768491238,0,0,0,"no"
0.9,-0.3,0,0.1,0.1,0,0.6,0.895777459548478,0.688083839632406,-0.422698961983454,2.21326428790217,0,0.97,0,"no"
0.9,-0.3,0,0.1,0.1,0,0.9,0.893866270258331,0.961853730850048,-0.947383072070395,2.72614913866206,0,1,0,"no"
0.9,-0.3,0,0.1,0.1,0,1,0.893229207161615,1.05622169837864,-1.12773669529538,2.90487316778714,0,1,0,"no"
0.9,-0.3,0,0.1,0.1,0.5,0.3,0.897688648838626,0.448236589533092,0.00869807900413551,1.73989017526339,0,0,0,"no"
0.9,-0.3,0,0.1,0.1,0.5,0.6,0.895777459548478,0.6879160374334,-0.435484895104053,2.20484491804018,0,0.97,0,"no"
0.9,-0.3,0,0.1,0.1,0.5,0.9,0.893866270258331,0.961761197899048,-0.948935939747276,2.72260302431444,0,1,0,"no"
0.9,-0.3,0,0.1,0.1,0.5,1,0.893229207161615,1.05614591274023,-1.12928894629972,2.90199884537604,0,1,0,"no"
0.9,-0.3,0,0.1,0.2,-0.5,0.3,0.897688648838626,0.479354090052674,-0.00577656199970498,1.8656325992014,0,0,0,"no"
0.9,-0.3,0,0.1,0.2,-0.5,0.6,0.895777459548478,0.708367033312968,-0.445295446184474,2.26502686614385,0,0.98,0,"no"
0.9,-0.3,0,0.1,0.2,-0.5,0.9,0.893866270258331,0.976266618866007,-0.978178214887604,2.75736425929206,0,1,0,"no"
0.9,-0.3,0,0.1,0.2,-0.5,1,0.893229207161615,1.06929617903852,-1.16310995533459,2.9320121195933,0,1,0,"no"
0.9,-0.3,0,0.1,0.2,0,0.3,0.897688648838626,0.47813676858243,-0.0440045365464632,1.83306724183114,0,0,0,"no"
0.9,-0.3,0,0.1,0.2,0,0.6,0.895777459548478,0.707349142581686,-0.457999164669182,2.2572454801547,0,0.98,0,"no"
0.9,-0.3,0,0.1,0.2,0,0.9,0.893866270258331,0.975371257900582,-0.981022235534382,2.75508729309398,0,1,0,"no"
0.9,-0.3,0,0.1,0.2,0,1,0.893229207161615,1.06842980978601,-1.16391543575004,2.93177895579743,0,1,0,"no"
0.9,-0.3,0,0.1,0.2,0.5,0.3,0.897688648838626,0.476728399172336,-0.0754189823126155,1.80315344065223,0,0,0,"no"
0.9,-0.3,0,0.1,0.2,0.5,0.6,0.895777459548478,0.70647370252012,-0.476300396072786,2.24329842200069,0,0.98,0,"no"
0.9,-0.3,0,0.1,0.2,0.5,0.9,0.893866270258331,0.974791329603261,-0.982611802730464,2.74546328911404,0,1,0,"no"
0.9,-0.3,0,0.1,0.2,0.5,1,0.893229207161615,1.06791732546097,-1.15637049088675,2.92366155661498,0,1,0,"no"
0.9,-0.3,0,0.1,0.3,-0.5,0.3,0.897688648838626,0.526786762256657,-0.0998747398367607,1.99333670090282,0,0.06,0,"no"
0.9,-0.3,0,0.1,0.3,-0.5,0.6,0.895777459548478,0.741083458768126,-0.505211263068512,2.33816573251656,0,1,0,"no"
0.9,-0.3,0,0.1,0.3,-0.5,0.9,0.893866270258331,1.00002203727553,-1.01683589658649,2.79920007979769,0,1,0,"no"
0.9,-0.3,0,0.1,0.3,-0.5,1,0.893229207161615,1.09094496072551,-1.1974585135735,2.96872991872135,0,1,0,"no"
0.9,-0.3,0,0.1,0.3,0,0.3,0.897688648838626,0.524725993352314,-0.138881107744545,1.94825099565894,0,0.05,0,"no"
0.9,-0.3,0,0.1,0.3,0,0.6,0.895777459548478,0.739357914237709,-0.523482223713505,2.32045517389256,0,1,0,"no"
0.9,-0.3,0,0.1,0.3,0,0.9,0.893866270258331,0.998522679183817,-1.02098275099267,2.80233284799357,0,1,0,"no"
0.9,-0.3,0,0.1,0.3,0,1,0.893229207161615,1.08950057788418,-1.19944668264376,2.97341732872898,0,1,0,"no"
0.9,-0.3,0,0.1,0.3,0.5,0.3,0.897688648838626,0.521650881256325,-0.171405902814805,1.90087040218184,0,0.06,0,"no"
0.9,-0.3,0,0.1,0.3,0.5,0.6,0.895777459548478,0.737304486777971,-0.546554409485552,2.30043030951835,0,1,0,"no"
0.9,-0.3,0,0.1,0.3,0.5,0.9,0.893866270258331,0.997086761837523,-1.02983886471476,2.80042634744449,0,1,0,"no"
0.9,-0.3,0,0.1,0.3,0.5,1,0.893229207161615,1.08821017189283,-1.19983081205379,2.96754582143144,0,1,0,"no"
0.9,-0.3,0,0.2,0.1,-0.5,0.3,0.8972884869674,0.480354523021391,0.00663284855761615,1.85100228906666,0,0,0,"no"
0.9,-0.3,0,0.2,0.1,-0.5,0.6,0.895377297677252,0.70972155539789,-0.450223156484615,2.25632877649553,0,1,0,"no"
0.9,-0.3,0,0.2,0.1,-0.5,0.9,0.893466108387104,0.977817510183644,-0.97577658670812,2.7504513006118,0,1,0,"no"
0.9,-0.3,0,0.2,0.1,-0.5,1,0.892829045290389,1.07089255271488,-1.15291462927288,2.92563078731555,0,1,0,"no"
0.9,-0.3,0,0.2,0.1,0,0.3,0.8972884869674,0.479929301089864,-0.0269601387145549,1.82148823699873,0,0,0,"no"
0.9,-0.3,0,0.2,0.1,0,0.6,0.895377297677252,0.709316606711273,-0.464374613007268,2.24422068320441,0,0.99,0,"no"
0.9,-0.3,0,0.2,0.1,0,0.9,0.893466108387104,0.977439201724208,-0.982921670325479,2.74457118358206,0,1,0,"no"
0.9,-0.3,0,0.2,0.1,0,1,0.892829045290389,1.07052163227891,-1.15870039046051,2.9220274491597,0,1,0,"no"
0.9,-0.3,0,0.2,0.1,0.5,0.3,0.8972884869674,0.47964679934918,-0.0588096511090865,1.78133927855148,0,0,0,"no"
0.9,-0.3,0,0.2,0.1,0.5,0.6,0.895377297677252,0.709160758640952,-0.481203078706351,2.22889326475496,0,0.99,0,"no"
0.9,-0.3,0,0.2,0.1,0.5,0.9,0.893466108387104,0.977352968469379,-0.995774552502774,2.74295118932708,0,1,0,"no"
0.9,-0.3,0,0.2,0.1,0.5,1,0.892829045290389,1.07045123641342,-1.17196317319724,2.92095217668576,0,1,0,"no"
0.9,-0.3,0,0.2,0.2,-0.5,0.3,0.8972884869674,0.50884331336154,-0.0354509304653675,1.94836559422361,0,0,0,"no"
0.9,-0.3,0,0.2,0.2,-0.5,0.6,0.895377297677252,0.728996532591901,-0.471685954569028,2.31478475924097,0,1,0,"no"
0.9,-0.3,0,0.2,0.2,-0.5,0.9,0.893466108387104,0.991613772092385,-0.998595467662117,2.79381774323432,0,1,0,"no"
0.9,-0.3,0,0.2,0.2,-0.5,1,0.892829045290389,1.0834125037284,-1.17751360366008,2.96501383170293,0,1,0,"no"
0.9,-0.3,0,0.2,0.2,0,0.3,0.8972884869674,0.507764745652117,-0.0943751508485484,1.89055417052984,0,0.01,0,"no"
0.9,-0.3,0,0.2,0.2,0,0.6,0.895377297677252,0.728033112988837,-0.499395782287615,2.28601253845426,0,1,0,"no"
0.9,-0.3,0,0.2,0.2,0,0.9,0.893466108387104,0.990744956061239,-1.01193391987803,2.7759720826423,0,1,0,"no"
0.9,-0.3,0,0.2,0.2,0,1,0.892829045290389,1.08256801340301,-1.19093542038598,2.94600294542519,0,1,0,"no"
0.9,-0.3,0,0.2,0.2,0.5,0.3,0.8972884869674,0.506450880266856,-0.149268081137249,1.82273117570006,0,0.01,0,"no"
0.9,-0.3,0,0.2,0.2,0.5,0.6,0.895377297677252,0.727192643271577,-0.527745196841012,2.26106867088745,0,1,0,"no"
0.9,-0.3,0,0.2,0.2,0.5,0.9,0.893466108387104,0.990182196508641,-1.02480693859931,2.76423391058207,0,1,0,"no"
0.9,-0.3,0,0.2,0.2,0.5,1,0.892829045290389,1.08206983923689,-1.20184196978052,2.94165474154112,0,1,0,"no"
0.9,-0.3,0,0.2,0.3,-0.5,0.3,0.8972884869674,0.553802134925252,-0.122576560127382,2.06571394738077,0,0.13,0,"no"
0.9,-0.3,0,0.2,0.3,-0.5,0.6,0.895377297677252,0.76082931316363,-0.521133557748622,2.39621767400853,0,1,0,"no"
0.9,-0.3,0,0.2,0.3,-0.5,0.9,0.893466108387104,1.015005016303,-1.02701412773954,2.8396890827544,0,1,0,"no"
0.9,-0.3,0,0.2,0.3,-0.5,1,0.892829045290389,1.10477907528343,-1.20964210554053,3.00143743824362,0,1,0,"no"
0.9,-0.3,0,0.2,0.3,0,0.3,0.8972884869674,0.551941591231544,-0.179067604357034,1.99688293979898,0,0.13,0,"no"
0.9,-0.3,0,0.2,0.3,0,0.6,0.895377297677252,0.759189213854218,-0.558632684241563,2.35196903312915,0,1,0,"no"
0.9,-0.3,0,0.2,0.3,0,0.9,0.893466108387104,1.01354790625027,-1.05280422378847,2.8218636098948,0,1,0,"no"
0.9,-0.3,0,0.2,0.3,0,1,0.892829045290389,1.10336947765988,-1.22560952466531,2.99028337623501,0,1,0,"no"
0.9,-0.3,0,0.2,0.3,0.5,0.3,0.8972884869674,0.549027235629105,-0.248018079464262,1.91586322103132,0,0.1,0,"no"
0.9,-0.3,0,0.2,0.3,0.5,0.6,0.895377297677252,0.757200095622871,-0.595439902727535,2.31853350194279,0,1,0,"no"
0.9,-0.3,0,0.2,0.3,0.5,0.9,0.893466108387104,1.01214351860391,-1.07407982380571,2.8059546502032,0,1,0,"no"
0.9,-0.3,0,0.2,0.3,0.5,1,0.892829045290389,1.10210513047643,-1.24756711535184,2.97802489850666,0,1,0,"no"
0.9,-0.3,0,0.3,0.1,-0.5,0.3,0.896888325096173,0.527964968096284,-0.0716427773524142,1.94905080039262,0,0.01,0,"no"
0.9,-0.3,0,0.3,0.1,-0.5,0.6,0.894977135806026,0.743185733736154,-0.510355287869397,2.31726190439971,0,1,0,"no"
0.9,-0.3,0,0.3,0.1,-0.5,0.9,0.893065946515878,1.00266133232124,-1.01839359324426,2.79629405485963,0,1,0,"no"
0.9,-0.3,0,0.3,0.1,-0.5,1,0.892428883419162,1.09371195098884,-1.19377561260573,2.96650775057739,0,1,0,"no"
0.9,-0.3,0,0.3,0.1,0,0.3,0.896888325096173,0.527610438608934,-0.115232343026194,1.91135738748975,0,0.01,0,"no"
0.9,-0.3,0,0.3,0.1,0,0.6,0.894977135806026,0.74281322336284,-0.530244956709041,2.30000911017939,0,1,0,"no"
0.9,-0.3,0,0.3,0.1,0,0.9,0.893065946515878,1.00229978199222,-1.03591091864353,2.78533938828956,0,1,0,"no"
0.9,-0.3,0,0.3,0.1,0,1,0.892428883419162,1.09335496298114,-1.21276057235722,2.95846256987876,0,1,0,"no"
0.9,-0.3,0,0.3,0.1,0.5,0.3,0.896888325096173,0.527367300144622,-0.15268994253469,1.86542254986976,0,0.01,0,"no"
0.9,-0.3,0,0.3,0.1,0.5,0.6,0.894977135806026,0.742672073634401,-0.551294410925664,2.27782448831245,0,1,0,"no"
0.9,-0.3,0,0.3,0.1,0.5,0.9,0.893065946515878,1.00222083150968,-1.04995309372609,2.77638576935079,0,1,0,"no"
0.9,-0.3,0,0.3,0.1,0.5,1,0.892428883419162,1.09329066860546,-1.2267834208057,2.95173983627716,0,1,0,"no"
0.9,-0.3,0,0.3,0.2,-0.5,0.3,0.896888325096173,0.554063341129432,-0.101393361882588,2.04266528526899,0,0.1,0,"no"
0.9,-0.3,0,0.3,0.2,-0.5,0.6,0.894977135806026,0.761618189731626,-0.524498688254973,2.38351813491731,0,1,0,"no"
0.9,-0.3,0,0.3,0.2,-0.5,0.9,0.893065946515878,1.01611635696006,-1.0336001976173,2.83645266998231,0,1,0,"no"
0.9,-0.3,0,0.3,0.2,-0.5,1,0.892428883419162,1.10596901192305,-1.2115026097632,3.0002777863064,0,1,0,"no"
0.9,-0.3,0,0.3,0.2,0,0.3,0.896888325096173,0.553148630246288,-0.170828371118401,1.96920261003765,0,0.08,0,"no"
0.9,-0.3,0,0.3,0.2,0,0.6,0.894977135806026,0.760729003169677,-0.566020131233757,2.33803907617036,0,1,0,"no"
0.9,-0.3,0,0.3,0.2,0,0.9,0.893065946515878,1.01528508782578,-1.05817084950338,2.8152999400464,0,1,0,"no"
0.9,-0.3,0,0.3,0.2,0,1,0.892428883419162,1.10515550689496,-1.23461214456152,2.98435279548846,0,1,0,"no"
0.9,-0.3,0,0.3,0.2,0.5,0.3,0.896888325096173,0.551956470079137,-0.241587542871397,1.89062206188159,0,0.07,0,"no"
0.9,-0.3,0,0.3,0.2,0.5,0.6,0.894977135806026,0.759934942613027,-0.599192230359211,2.30680464013553,0,1,0,"no"
0.9,-0.3,0,0.3,0.2,0.5,0.9,0.893065946515878,1.01474411799573,-1.08345433263951,2.79741121698393,0,1,0,"no"
0.9,-0.3,0,0.3,0.2,0.5,1,0.892428883419162,1.10467514413564,-1.25945271962288,2.97076867411172,0,1,0,"no"
0.9,-0.3,0,0.3,0.3,-0.5,0.3,0.896888325096173,0.595690961363621,-0.178753582453964,2.15966129140338,0,0.37,0,"no"
0.9,-0.3,0,0.3,0.3,-0.5,0.6,0.894977135806026,0.792152561203677,-0.574311651878028,2.46825143238071,0,1,0,"no"
0.9,-0.3,0,0.3,0.3,-0.5,0.9,0.893065946515878,1.03895399968527,-1.06266570249892,2.8869398204276,0,1,0,"no"
0.9,-0.3,0,0.3,0.3,-0.5,1,0.892428883419162,1.12690455083384,-1.241435787658,3.04665068699208,0,0.99,0,"no"
0.9,-0.3,0,0.3,0.3,0,0.3,0.896888325096173,0.59407716343303,-0.251652762626597,2.0642981751468,0,0.34,0,"no"
0.9,-0.3,0,0.3,0.3,0,0.6,0.894977135806026,0.790630617500849,-0.621824159957935,2.40364225604069,0,1,0,"no"
0.9,-0.3,0,0.3,0.3,0,0.9,0.893065946515878,1.03755747700569,-1.10210252938131,2.85883252158452,0,1,0,"no"
0.9,-0.3,0,0.3,0.3,0,1,0.892428883419162,1.12554493739539,-1.27025439011309,3.02609754512325,0,1,0,"no"
0.9,-0.3,0,0.3,0.3,0.5,0.3,0.896888325096173,0.591378197328572,-0.341056823745629,1.97106057340224,0,0.36,0,"no"
0.9,-0.3,0,0.3,0.3,0.5,0.6,0.894977135806026,0.788729832773638,-0.666545476472121,2.35503910575855,0,1,0,"no"
0.9,-0.3,0,0.3,0.3,0.5,0.9,0.893065946515878,1.03619501178602,-1.12522944868998,2.8382676268155,0,1,0,"no"
0.9,-0.3,0,0.3,0.3,0.5,1,0.892428883419162,1.12431468015931,-1.29898249061479,3.0096265445809,0,1,0,"no"
0.9,-0.2,0,0.1,0.1,-0.5,0.3,0.897688648838626,0.3883038164039,0.170416153647178,1.66018495866387,0,0,0,"no"
0.9,-0.2,0,0.1,0.1,-0.5,0.6,0.895777459548478,0.649704155794478,-0.348238761722457,2.135149983924,0,0.87,0,"no"
0.9,-0.2,0,0.1,0.1,-0.5,0.9,0.893866270258331,0.934273319426267,-0.902936955735681,2.67658246750635,0,1,0,"no"
0.9,-0.2,0,0.1,0.1,-0.5,1,0.893229207161615,1.03101311068303,-1.09035066824699,2.86359330655407,0,1,0,"no"
0.9,-0.2,0,0.1,0.1,0,0.3,0.897688648838626,0.387814466825004,0.153930899209872,1.64317850433388,0,0,0,"no"
0.9,-0.2,0,0.1,0.1,0,0.6,0.895777459548478,0.649290256946666,-0.350785355625339,2.12953646810129,0,0.87,0,"no"
0.9,-0.2,0,0.1,0.1,0,0.9,0.893866270258331,0.933899481938027,-0.897449670836,2.67606400430404,0,1,0,"no"
0.9,-0.2,0,0.1,0.1,0,1,0.893229207161615,1.03064832736883,-1.08514255314604,2.86113960547645,0,1,0,"no"
0.9,-0.2,0,0.1,0.1,0.5,0.3,0.897688648838626,0.387430461966768,0.136856837040483,1.6272212621715,0,0,0,"no"
0.9,-0.2,0,0.1,0.1,0.5,0.6,0.895777459548478,0.649101682455314,-0.354369316680952,2.12712960011972,0,0.87,0,"no"
0.9,-0.2,0,0.1,0.1,0.5,0.9,0.893866270258331,0.933797530341987,-0.893359666544306,2.67065444203758,0,1,0,"no"
0.9,-0.2,0,0.1,0.1,0.5,1,0.893229207161615,1.03056483211752,-1.07973420653464,2.85713185716319,0,1,0,"no"
0.9,-0.2,0,0.1,0.2,-0.5,0.3,0.897688648838626,0.423372061567521,0.107362793417042,1.74316063864354,0,0,0,"no"
0.9,-0.2,0,0.1,0.2,-0.5,0.6,0.895777459548478,0.670907374547331,-0.377860130609452,2.1786498421946,0,0.94,0,"no"
0.9,-0.2,0,0.1,0.2,-0.5,0.9,0.893866270258331,0.948832675723048,-0.935500455884807,2.69899729169153,0,1,0,"no"
0.9,-0.2,0,0.1,0.2,-0.5,1,0.893229207161615,1.04412655792416,-1.12263614667899,2.8809400806704,0,1,0,"no"
0.9,-0.2,0,0.1,0.2,0,0.3,0.897688648838626,0.422155322610138,0.0773096024230036,1.7143987918128,0,0,0,"no"
0.9,-0.2,0,0.1,0.2,0,0.6,0.895777459548478,0.669920138220448,-0.388899996441124,2.17158683720181,0,0.92,0,"no"
0.9,-0.2,0,0.1,0.2,0,0.9,0.893866270258331,0.947970036751841,-0.93058624072822,2.69552696819839,0,1,0,"no"
0.9,-0.2,0,0.1,0.2,0,1,0.893229207161615,1.04329214275125,-1.11167412760761,2.87868894886329,0,1,0,"no"
0.9,-0.2,0,0.1,0.2,0.5,0.3,0.897688648838626,0.420513545624161,0.0554585837066615,1.69083321580607,0,0,0,"no"
0.9,-0.2,0,0.1,0.2,0.5,0.6,0.895777459548478,0.668972393117564,-0.400464636570594,2.16807644214379,0,0.93,0,"no"
0.9,-0.2,0,0.1,0.2,0.5,0.9,0.893866270258331,0.947359471453735,-0.923722913005415,2.69644202618794,0,1,0,"no"
0.9,-0.2,0,0.1,0.2,0.5,1,0.893229207161615,1.0427552516528,-1.10396682178128,2.87661404113513,0,1,0,"no"
0.9,-0.2,0,0.1,0.3,-0.5,0.3,0.897688648838626,0.476784950202135,-0.000473171176329188,1.86323899425204,0,0,0,"no"
0.9,-0.2,0,0.1,0.3,-0.5,0.6,0.895777459548478,0.705580322075231,-0.442377612169542,2.24770237584645,0,0.98,0,"no"
0.9,-0.2,0,0.1,0.3,-0.5,0.9,0.893866270258331,0.973393018130432,-0.970978498403673,2.73943731293519,0,1,0,"no"
0.9,-0.2,0,0.1,0.3,-0.5,1,0.893229207161615,1.06640506198994,-1.15730034275259,2.91611935813318,0,1,0,"no"
0.9,-0.2,0,0.1,0.3,0,0.3,0.897688648838626,0.474762892430043,-0.0343459172209093,1.83479959774434,0,0.01,0,"no"
0.9,-0.2,0,0.1,0.3,0,0.6,0.895777459548478,0.703906633632935,-0.455329840764777,2.24294773780245,0,0.97,0,"no"
0.9,-0.2,0,0.1,0.3,0,0.9,0.893866270258331,0.971943732611863,-0.971483886385985,2.73894338643825,0,1,0,"no"
0.9,-0.2,0,0.1,0.3,0,1,0.893229207161615,1.06500911748575,-1.15217635213598,2.91519032155204,0,1,0,"no"
0.9,-0.2,0,0.1,0.3,0.5,0.3,0.897688648838626,0.471283535151319,-0.051734108314336,1.79788279356783,0,0.01,0,"no"
0.9,-0.2,0,0.1,0.3,0.5,0.6,0.895777459548478,0.701710902730803,-0.465308106910413,2.23410726071588,0,0.96,0,"no"
0.9,-0.2,0,0.1,0.3,0.5,0.9,0.893866270258331,0.970446217546962,-0.9752347952925,2.73547881825173,0,1,0,"no"
0.9,-0.2,0,0.1,0.3,0.5,1,0.893229207161615,1.06366981442199,-1.14987874685085,2.91174116423001,0,1,0,"no"
0.9,-0.2,0,0.2,0.1,-0.5,0.3,0.8972884869674,0.424080410873028,0.112389955185769,1.73730208803469,0,0,0,"no"
0.9,-0.2,0,0.2,0.1,-0.5,0.6,0.895377297677252,0.672123629450563,-0.380859506078686,2.17634918826417,0,0.95,0,"no"
0.9,-0.2,0,0.2,0.1,-0.5,0.9,0.893466108387104,0.950301709872699,-0.924561891361164,2.7003345445706,0,1,0,"no"
0.9,-0.2,0,0.2,0.1,-0.5,1,0.892829045290389,1.04565099334868,-1.11154762119687,2.88164089891415,0,1,0,"no"
0.9,-0.2,0,0.2,0.1,0,0.3,0.8972884869674,0.42366560856227,0.0864498996696691,1.70564134447479,0,0,0,"no"
0.9,-0.2,0,0.2,0.1,0,0.6,0.895377297677252,0.671734649160898,-0.396813102372584,2.16615772121208,0,0.94,0,"no"
0.9,-0.2,0,0.2,0.1,0,0.9,0.893466108387104,0.949939792098792,-0.927934202842421,2.69769207381764,0,1,0,"no"
0.9,-0.2,0,0.2,0.1,0,1,0.892829045290389,1.04529606250098,-1.11138735939621,2.88051721944698,0,1,0,"no"
0.9,-0.2,0,0.2,0.1,0.5,0.3,0.8972884869674,0.423325497907423,0.0582400759046272,1.67412937246007,0,0,0,"no"
0.9,-0.2,0,0.2,0.1,0.5,0.6,0.895377297677252,0.671559206778649,-0.409479389485455,2.15703543399028,0,0.94,0,"no"
0.9,-0.2,0,0.2,0.1,0.5,0.9,0.893466108387104,0.949844384885311,-0.938944027451467,2.69084214569284,0,1,0,"no"
0.9,-0.2,0,0.2,0.1,0.5,1,0.892829045290389,1.0452181210682,-1.11832238134723,2.87437700524118,0,1,0,"no"
0.9,-0.2,0,0.2,0.2,-0.5,0.3,0.8972884869674,0.456445377891139,0.0583701051747237,1.82573780918756,0,0,0,"no"
0.9,-0.2,0,0.2,0.2,-0.5,0.6,0.895377297677252,0.692635999790177,-0.408443801665943,2.22462654695173,0,0.97,0,"no"
0.9,-0.2,0,0.2,0.2,-0.5,0.9,0.893466108387104,0.964611674168094,-0.949068920011075,2.73004163136027,0,1,0,"no"
0.9,-0.2,0,0.2,0.2,-0.5,1,0.892829045290389,1.05857581694837,-1.13102411341571,2.90542272976908,0,1,0,"no"
0.9,-0.2,0,0.2,0.2,0,0.3,0.8972884869674,0.455391355858919,0.0185254142864454,1.77749959585748,0,0,0,"no"
0.9,-0.2,0,0.2,0.2,0,0.6,0.895377297677252,0.691704984670458,-0.434735019587541,2.20588834772302,0,0.96,0,"no"
0.9,-0.2,0,0.2,0.2,0,0.9,0.893466108387104,0.963775353626666,-0.957903717410851,2.72024085210871,0,1,0,"no"
0.9,-0.2,0,0.2,0.2,0,1,0.892829045290389,1.05776297260115,-1.13502667136938,2.90080795952916,0,1,0,"no"
0.9,-0.2,0,0.2,0.2,0.5,0.3,0.8972884869674,0.453878017801814,-0.0196438044375923,1.73029780075444,0,0,0,"no"
0.9,-0.2,0,0.2,0.2,0.5,0.6,0.895377297677252,0.690796674524011,-0.450152965793317,2.192178417877,0,0.96,0,"no"
0.9,-0.2,0,0.2,0.2,0.5,0.9,0.893466108387104,0.9631828960082,-0.976238028114678,2.71205514519145,0,1,0,"no"
0.9,-0.2,0,0.2,0.2,0.5,1,0.892829045290389,1.05724100965439,-1.15278085813071,2.89191236045308,0,1,0,"no"
0.9,-0.2,0,0.2,0.3,-0.5,0.3,0.8972884869674,0.506432783770932,-0.0362049389014682,1.94602489480858,0,0.02,0,"no"
0.9,-0.2,0,0.2,0.3,-0.5,0.6,0.895377297677252,0.726272585185556,-0.465878614717277,2.30442562293848,0,1,0,"no"
0.9,-0.2,0,0.2,0.3,-0.5,0.9,0.893466108387104,0.98877354318247,-0.990926000912207,2.77298769673896,0,1,0,"no"
0.9,-0.2,0,0.2,0.3,-0.5,1,0.892829045290389,1.08054956247516,-1.17586248616563,2.94456715957798,0,1,0,"no"
0.9,-0.2,0,0.2,0.3,0,0.3,0.8972884869674,0.504633050410811,-0.0790158492977314,1.87837488440067,0,0.02,0,"no"
0.9,-0.2,0,0.2,0.3,0,0.6,0.895377297677252,0.724686262446232,-0.495596515274336,2.27346357253377,0,1,0,"no"
0.9,-0.2,0,0.2,0.3,0,0.9,0.893466108387104,0.987366109645933,-1.0032698011976,2.76274340288408,0,1,0,"no"
0.9,-0.2,0,0.2,0.3,0,1,0.892829045290389,1.07918791175828,-1.18376037505304,2.9360893800439,0,1,0,"no"
0.9,-0.2,0,0.2,0.3,0.5,0.3,0.8972884869674,0.501363886979781,-0.122166615271493,1.83553456299498,0,0.02,0,"no"
0.9,-0.2,0,0.2,0.3,0.5,0.6,0.895377297677252,0.722563159025643,-0.5168057019542,2.25015073430875,0,0.98,0,"no"
0.9,-0.2,0,0.2,0.3,0.5,0.9,0.893466108387104,0.985902023094,-1.02170846766078,2.75601892536285,0,1,0,"no"
0.9,-0.2,0,0.2,0.3,0.5,1,0.892829045290389,1.0778759256174,-1.194631385078,2.93145977311584,0,1,0,"no"
0.9,-0.2,0,0.3,0.1,-0.5,0.3,0.896888325096173,0.477263750519669,0.0149213844149753,1.84144661601547,0,0,0,"no"
0.9,-0.2,0,0.3,0.1,-0.5,0.6,0.894977135806026,0.707343115559681,-0.441158955467773,2.24279514502133,0,0.99,0,"no"
0.9,-0.2,0,0.3,0.1,-0.5,0.9,0.893065946515878,0.975837347271372,-0.967742863036618,2.74067545286436,0,1,0,"no"
0.9,-0.2,0,0.3,0.1,-0.5,1,0.892428883419162,1.0690031030817,-1.15120371793844,2.91900592620865,0,1,0,"no"
0.9,-0.2,0,0.3,0.1,0,0.3,0.896888325096173,0.47692671484849,-0.0171241478342393,1.80797812297686,0,0,0,"no"
0.9,-0.2,0,0.3,0.1,0,0.6,0.894977135806026,0.706986708911331,-0.462435668675048,2.22366713899688,0,1,0,"no"
0.9,-0.2,0,0.3,0.1,0,0.9,0.893065946515878,0.975491715848276,-0.975906771179108,2.73342143677819,0,1,0,"no"
0.9,-0.2,0,0.3,0.1,0,1,0.892428883419162,1.06866165461213,-1.15536091257419,2.91335431490413,0,1,0,"no"
0.9,-0.2,0,0.3,0.1,0.5,0.3,0.896888325096173,0.476635071481675,-0.0478734811812773,1.77006292511072,0,0,0,"no"
0.9,-0.2,0,0.3,0.1,0.5,0.6,0.894977135806026,0.706826583274018,-0.479653339309219,2.20787282830783,0,1,0,"no"
0.9,-0.2,0,0.3,0.1,0.5,0.9,0.893065946515878,0.975403542060476,-0.989493597041656,2.72813960014095,0,1,0,"no"
0.9,-0.2,0,0.3,0.1,0.5,1,0.892428883419162,1.06858974163543,-1.16761441091474,2.90666398548534,0,1,0,"no"
0.9,-0.2,0,0.3,0.2,-0.5,0.3,0.896888325096173,0.506296960660171,-0.0225744309205341,1.92655303655667,0,0.01,0,"no"
0.9,-0.2,0,0.3,0.2,-0.5,0.6,0.894977135806026,0.726864157019075,-0.459979747115927,2.29535136075121,0,1,0,"no"
0.9,-0.2,0,0.3,0.2,-0.5,0.9,0.893065946515878,0.989773146076706,-0.987468789264951,2.77427929621674,0,1,0,"no"
0.9,-0.2,0,0.3,0.2,-0.5,1,0.892428883419162,1.08164347067033,-1.16933255240283,2.94638588996986,0,1,0,"no"
0.9,-0.2,0,0.3,0.2,0,0.3,0.896888325096173,0.505421478847368,-0.0686598217520034,1.86590315531959,0,0.01,0,"no"
0.9,-0.2,0,0.3,0.2,0,0.6,0.894977135806026,0.726008111379987,-0.491778745987453,2.26457266538805,0,1,0,"no"
0.9,-0.2,0,0.3,0.2,0,0.9,0.893065946515878,0.988973570711837,-1.00318738617786,2.76174656494521,0,1,0,"no"
0.9,-0.2,0,0.3,0.2,0,1,0.892428883419162,1.08086080736171,-1.1786445207728,2.93451406587207,0,1,0,"no"
0.9,-0.2,0,0.3,0.2,0.5,0.3,0.896888325096173,0.50406434764061,-0.126028626982219,1.81438068026169,0,0.01,0,"no"
0.9,-0.2,0,0.3,0.2,0.5,0.6,0.894977135806026,0.725150567280023,-0.52884948898538,2.23627910764576,0,1,0,"no"
0.9,-0.2,0,0.3,0.2,0.5,0.9,0.893065946515878,0.98840350606401,-1.02991223241892,2.74614284656405,0,1,0,"no"
0.9,-0.2,0,0.3,0.2,0.5,1,0.892428883419162,1.08035696495568,-1.20564650185799,2.9216285710302,0,1,0,"no"
0.9,-0.2,0,0.3,0.3,-0.5,0.3,0.896888325096173,0.551867062399063,-0.10719179054753,2.03654842500598,0,0.13,0,"no"
0.9,-0.2,0,0.3,0.3,-0.5,0.6,0.894977135806026,0.758994935242933,-0.515319848631952,2.37770787859984,0,1,0,"no"
0.9,-0.2,0,0.3,0.3,-0.5,0.9,0.893065946515878,1.01333186976338,-1.02049312437936,2.82292038839783,0,1,0,"no"
0.9,-0.2,0,0.3,0.3,-0.5,1,0.892428883419162,1.10315334641652,-1.20177483918539,2.98973955900589,0,1,0,"no"
0.9,-0.2,0,0.3,0.3,0,0.3,0.896888325096173,0.550327677819784,-0.157998361260062,1.95972514297918,0,0.09,0,"no"
0.9,-0.2,0,0.3,0.3,0,0.6,0.894977135806026,0.757527451221174,-0.549803883377393,2.33233832720458,0,1,0,"no"
0.9,-0.2,0,0.3,0.3,0,0.9,0.893065946515878,1.01198387329196,-1.04503801324717,2.80413044813222,0,1,0,"no"
0.9,-0.2,0,0.3,0.3,0,1,0.892428883419162,1.10184052475368,-1.21878655429249,2.97780247376291,0,1,0,"no"
0.9,-0.2,0,0.3,0.3,0.5,0.3,0.896888325096173,0.547329234983787,-0.219330470717005,1.90545572997335,0,0.07,0,"no"
0.9,-0.2,0,0.3,0.3,0.5,0.6,0.894977135806026,0.755502056474523,-0.590199529783528,2.29915971507367,0,1,0,"no"
0.9,-0.2,0,0.3,0.3,0.5,0.9,0.893065946515878,1.0105634658756,-1.07664194707647,2.78830310000851,0,1,0,"no"
0.9,-0.2,0,0.3,0.3,0.5,1,0.892428883419162,1.10056366886173,-1.25229567861459,2.96140535705592,0,1,0,"no"
0.9,-0.1,0,0.1,0.1,-0.5,0.3,0.897688648838626,0.346317999895089,0.245778099167028,1.56231327347587,0,0,0,"no"
0.9,-0.1,0,0.1,0.1,-0.5,0.6,0.895777459548478,0.624619514971486,-0.30092844519922,2.08428972359431,0,0.66,0,"no"
0.9,-0.1,0,0.1,0.1,-0.5,0.9,0.893866270258331,0.916389499084263,-0.865484715718893,2.64107933508391,0,1,0,"no"
0.9,-0.1,0,0.1,0.1,-0.5,1,0.893229207161615,1.0146495001347,-1.05482755634789,2.82621991189242,0,1,0,"no"
0.9,-0.1,0,0.1,0.1,0,0.3,0.897688648838626,0.345852492335229,0.232632490206229,1.55294417386151,0,0,0,"no"
0.9,-0.1,0,0.1,0.1,0,0.6,0.895777459548478,0.624232168052204,-0.298697793158855,2.08274876115451,0,0.65,0,"no"
0.9,-0.1,0,0.1,0.1,0,0.9,0.893866270258331,0.916037767944394,-0.861172601805667,2.63697710362983,0,1,0,"no"
0.9,-0.1,0,0.1,0.1,0,1,0.893229207161615,1.0143054381565,-1.05089555510218,2.824007371331,0,1,0,"no"
0.9,-0.1,0,0.1,0.1,0.5,0.3,0.897688648838626,0.345398337262005,0.224923517103341,1.5460892089385,0,0,0,"no"
0.9,-0.1,0,0.1,0.1,0.5,0.6,0.895777459548478,0.624026112909317,-0.304818413967618,2.07998606689354,0,0.66,0,"no"
0.9,-0.1,0,0.1,0.1,0.5,0.9,0.893866270258331,0.915927976270658,-0.857235659352614,2.6405163303898,0,1,0,"no"
0.9,-0.1,0,0.1,0.1,0.5,1,0.893229207161615,1.01421547913531,-1.04509678178426,2.82956712136875,0,1,0,"no"
0.9,-0.1,0,0.1,0.2,-0.5,0.3,0.897688648838626,0.385639995909602,0.17301198418637,1.64998767889487,0,0,0,"no"
0.9,-0.1,0,0.1,0.2,-0.5,0.6,0.895777459548478,0.646839450607837,-0.340096073339137,2.12061782346417,0,0.86,0,"no"
0.9,-0.1,0,0.1,0.2,-0.5,0.9,0.893866270258331,0.931347455537582,-0.897744125457805,2.65972865672104,0,1,0,"no"
0.9,-0.1,0,0.1,0.2,-0.5,1,0.893229207161615,1.02807680398549,-1.08431110794748,2.84582064065113,0,1,0,"no"
0.9,-0.1,0,0.1,0.2,0,0.3,0.897688648838626,0.384487519905856,0.153409458985902,1.63406078099985,0,0,0,"no"
0.9,-0.1,0,0.1,0.2,0,0.6,0.895777459548478,0.645906155639698,-0.341585224223784,2.117248766464,0,0.87,0,"no"
0.9,-0.1,0,0.1,0.2,0,0.9,0.893866270258331,0.930528693257438,-0.886545555104568,2.65710835160314,0,1,0,"no"
0.9,-0.1,0,0.1,0.2,0,1,0.893229207161615,1.02728344315776,-1.07193838299767,2.8432577425057,0,1,0,"no"
0.9,-0.1,0,0.1,0.2,0.5,0.3,0.897688648838626,0.382628761344716,0.148323997769025,1.6207831484254,0,0,0,"no"
0.9,-0.1,0,0.1,0.2,0.5,0.6,0.895777459548478,0.644901271305911,-0.348174760450367,2.11438006067688,0,0.82,0,"no"
0.9,-0.1,0,0.1,0.2,0.5,0.9,0.893866270258331,0.929894415691877,-0.886006613775872,2.66562323839128,0,1,0,"no"
0.9,-0.1,0,0.1,0.2,0.5,1,0.893229207161615,1.02672756721662,-1.07022871087467,2.85423626580777,0,1,0,"no"
0.9,-0.1,0,0.1,0.3,-0.5,0.3,0.897688648838626,0.443995939717006,0.0434168407124021,1.77170569416864,0,0,0,"no"
0.9,-0.1,0,0.1,0.3,-0.5,0.6,0.895777459548478,0.682941842185686,-0.406651088564821,2.19102420885682,0,0.95,0,"no"
0.9,-0.1,0,0.1,0.3,-0.5,0.9,0.893866270258331,0.956484627191042,-0.944851587399464,2.70303356904963,0,1,0,"no"
0.9,-0.1,0,0.1,0.3,-0.5,1,0.893229207161615,1.05080807437047,-1.13143356528295,2.8819720871279,0,1,0,"no"
0.9,-0.1,0,0.1,0.3,0,0.3,0.897688648838626,0.442108809119104,0.0252387855260825,1.75992239644179,0,0,0,"no"
0.9,-0.1,0,0.1,0.3,0,0.6,0.895777459548478,0.681354398608191,-0.416111733122271,2.19463013926018,0,0.92,0,"no"
0.9,-0.1,0,0.1,0.3,0,0.9,0.893866270258331,0.955101883908002,-0.934489937681812,2.70364012027427,0,1,0,"no"
0.9,-0.1,0,0.1,0.3,0,1,0.893229207161615,1.04947401765996,-1.11626429878558,2.88219850472503,0,1,0,"no"
0.9,-0.1,0,0.1,0.3,0.5,0.3,0.897688648838626,0.438284821998669,0.0269835021960528,1.74206390986155,0,0,0,"no"
0.9,-0.1,0,0.1,0.3,0.5,0.6,0.895777459548478,0.679049293177401,-0.41867771235252,2.1894220710547,0,0.94,0,"no"
0.9,-0.1,0,0.1,0.3,0.5,0.9,0.893866270258331,0.953558061039264,-0.935973864972085,2.7008517152991,0,1,0,"no"
0.9,-0.1,0,0.1,0.3,0.5,1,0.893229207161615,1.04809785916704,-1.11247699444883,2.88093889030602,0,1,0,"no"
0.9,-0.1,0,0.2,0.1,-0.5,0.3,0.8972884869674,0.385945380739518,0.181481158397221,1.6459537954743,0,0,0,"no"
0.9,-0.1,0,0.2,0.1,-0.5,0.6,0.895377297677252,0.647896665695322,-0.337827790140138,2.12090854499728,0,0.87,0,"no"
0.9,-0.1,0,0.2,0.1,-0.5,0.9,0.893466108387104,0.932724507962537,-0.894276259376827,2.66438825372957,0,1,0,"no"
0.9,-0.1,0,0.2,0.1,-0.5,1,0.892829045290389,1.0295205679471,-1.08085714105209,2.84831643431319,0,1,0,"no"
0.9,-0.1,0,0.2,0.1,0,0.3,0.8972884869674,0.385557953062646,0.159146786302644,1.62341860316093,0,0,0,"no"
0.9,-0.1,0,0.2,0.1,0,0.6,0.895377297677252,0.647533074724878,-0.342577313071885,2.11549139848941,0,0.83,0,"no"
0.9,-0.1,0,0.2,0.1,0,0.9,0.893466108387104,0.932384036342357,-0.889922474433865,2.6587093971019,0,1,0,"no"
0.9,-0.1,0,0.2,0.1,0,1,0.892829045290389,1.02918582536972,-1.07566034444435,2.84223937936392,0,1,0,"no"
0.9,-0.1,0,0.2,0.1,0.5,0.3,0.8972884869674,0.3851571789278,0.13919035870669,1.6075808070758,0,0,0,"no"
0.9,-0.1,0,0.2,0.1,0.5,0.6,0.895377297677252,0.64734036386391,-0.355500223056726,2.10941404605156,0,0.84,0,"no"
0.9,-0.1,0,0.2,0.1,0.5,0.9,0.893466108387104,0.93228072623952,-0.895194564085395,2.65745992966659,0,1,0,"no"
0.9,-0.1,0,0.2,0.1,0.5,1,0.892829045290389,1.02910136130964,-1.07926577324129,2.84168744659753,0,1,0,"no"
0.9,-0.1,0,0.2,0.2,-0.5,0.3,0.8972884869674,0.421621835704253,0.114804891433725,1.72850953770703,0,0,0,"no"
0.9,-0.1,0,0.2,0.2,-0.5,0.6,0.895377297677252,0.669336669417099,-0.374202600032034,2.16457885636451,0,0.93,0,"no"
0.9,-0.1,0,0.2,0.2,-0.5,0.9,0.893466108387104,0.947415967378434,-0.917936650286046,2.68241530263772,0,1,0,"no"
0.9,-0.1,0,0.2,0.2,-0.5,1,0.892829045290389,1.04274820596718,-1.10158910836334,2.86450391439223,0,1,0,"no"
0.9,-0.1,0,0.2,0.2,0,0.3,0.8972884869674,0.420635556211472,0.0958389637276423,1.69626103552163,0,0,0,"no"
0.9,-0.1,0,0.2,0.2,0,0.6,0.895377297677252,0.668457429598827,-0.383005592092137,2.15500020272902,0,0.91,0,"no"
0.9,-0.1,0,0.2,0.2,0,0.9,0.893466108387104,0.94662225088832,-0.915134348633306,2.6838321808182,0,1,0,"no"
0.9,-0.1,0,0.2,0.2,0,1,0.892829045290389,1.04197538162238,-1.09922168175385,2.86590872964221,0,1,0,"no"
0.9,-0.1,0,0.2,0.2,0.5,0.3,0.8972884869674,0.418936313568252,0.0742963921380407,1.68058853051802,0,0,0,"no"
0.9,-0.1,0,0.2,0.2,0.5,0.6,0.895377297677252,0.667494145722586,-0.400462669579634,2.14756893082448,0,0.94,0,"no"
0.9,-0.1,0,0.2,0.2,0.5,0.9,0.893466108387104,0.94600628546376,-0.927953744565191,2.68305835877107,0,1,0,"no"
0.9,-0.1,0,0.2,0.2,0.5,1,0.892829045290389,1.04143452508822,-1.109056032167,2.86866659595864,0,1,0,"no"
0.9,-0.1,0,0.2,0.3,-0.5,0.3,0.8972884869674,0.475638901263545,-0.00237643814185594,1.8407664527573,0,0,0,"no"
0.9,-0.1,0,0.2,0.3,-0.5,0.6,0.895377297677252,0.70428454064809,-0.442978661694915,2.23670934444378,0,0.99,0,"no"
0.9,-0.1,0,0.2,0.3,-0.5,0.9,0.893466108387104,0.972129830159286,-0.967342452273901,2.72547353691708,0,1,0,"no"
0.9,-0.1,0,0.2,0.3,-0.5,1,0.892829045290389,1.06515851069517,-1.14646702386588,2.90042909312802,0,1,0,"no"
0.9,-0.1,0,0.2,0.3,0,0.3,0.8972884869674,0.473968338042901,-0.0241476174928192,1.81007514280842,0,0,0,"no"
0.9,-0.1,0,0.2,0.3,0,0.6,0.895377297677252,0.702780816828486,-0.456873123685864,2.22721647706351,0,0.97,0,"no"
0.9,-0.1,0,0.2,0.3,0,0.9,0.893466108387104,0.970787010802596,-0.964548367677043,2.73105467654739,0,1,0,"no"
0.9,-0.1,0,0.2,0.3,0,1,0.892829045290389,1.06385718833878,-1.14150230042841,2.90881130617092,0,1,0,"no"
0.9,-0.1,0,0.2,0.3,0.5,0.3,0.8972884869674,0.470394990290111,-0.0356833629719008,1.78882896970287,0,0,0,"no"
0.9,-0.1,0,0.2,0.3,0.5,0.6,0.895377297677252,0.70055290201625,-0.466441385682438,2.22211635581434,0,0.98,0,"no"
0.9,-0.1,0,0.2,0.3,0.5,0.9,0.893466108387104,0.96927728324855,-0.975037901272959,2.72641345423422,0,1,0,"no"
0.9,-0.1,0,0.2,0.3,0.5,1,0.892829045290389,1.06250872113411,-1.15112900091641,2.90287948831722,0,1,0,"no"
0.9,-0.1,0,0.3,0.1,-0.5,0.3,0.896888325096173,0.443648317780925,0.0763209664579213,1.75928380604741,0,0,0,"no"
0.9,-0.1,0,0.3,0.1,-0.5,0.6,0.894977135806026,0.684343592816422,-0.390597646407559,2.18796289567518,0,0.97,0,"no"
0.9,-0.1,0,0.3,0.1,-0.5,0.9,0.893065946515878,0.958722887839996,-0.936086107642,2.70372323247905,0,1,0,"no"
0.9,-0.1,0,0.3,0.1,-0.5,1,0.892428883419162,1.05322700182426,-1.12300511295549,2.88760764404626,0,1,0,"no"
0.9,-0.1,0,0.3,0.1,0,0.3,0.896888325096173,0.443335870134698,0.0473123465265386,1.74344665415889,0,0,0,"no"
0.9,-0.1,0,0.3,0.1,0,0.6,0.894977135806026,0.684010272215556,-0.405628134890458,2.17686427170144,0,0.97,0,"no"
0.9,-0.1,0,0.3,0.1,0,0.9,0.893065946515878,0.958397527778088,-0.938991369353547,2.70125812594976,0,1,0,"no"
0.9,-0.1,0,0.3,0.1,0,1,0.892428883419162,1.05290479924115,-1.12239633925745,2.88038780764283,0,1,0,"no"
0.9,-0.1,0,0.3,0.1,0.5,0.3,0.896888325096173,0.44299045921617,0.0232775487088661,1.72220616876716,0,0,0,"no"
0.9,-0.1,0,0.3,0.1,0.5,0.6,0.894977135806026,0.683832324352783,-0.418981202089901,2.16874124380366,0,0.97,0,"no"
0.9,-0.1,0,0.3,0.1,0.5,0.9,0.893065946515878,0.958301031775882,-0.945216978972437,2.69124024712239,0,1,0,"no"
0.9,-0.1,0,0.3,0.1,0.5,1,0.892428883419162,1.05282602491191,-1.12807075525194,2.86986006921362,0,1,0,"no"
0.9,-0.1,0,0.3,0.2,-0.5,0.3,0.896888325096173,0.475066890633839,0.0285970907036622,1.83357533812713,0,0,0,"no"
0.9,-0.1,0,0.3,0.2,-0.5,0.6,0.894977135806026,0.704675870343462,-0.42433315294612,2.2350173443167,0,0.99,0,"no"
0.9,-0.1,0,0.3,0.2,-0.5,0.9,0.893065946515878,0.973016105572481,-0.956007878150477,2.73175531400335,0,1,0,"no"
0.9,-0.1,0,0.3,0.2,-0.5,1,0.892428883419162,1.06615452275617,-1.13997043081437,2.90656758424398,0,1,0,"no"
0.9,-0.1,0,0.3,0.2,0,0.3,0.896888325096173,0.474252559378369,-0.000814535825476834,1.80275610191754,0,0,0,"no"
0.9,-0.1,0,0.3,0.2,0,0.6,0.894977135806026,0.703867398820247,-0.440533136404631,2.21620858569694,0,1,0,"no"
0.9,-0.1,0,0.3,0.2,0,0.9,0.893065946515878,0.972256908986531,-0.96081405764215,2.72066609342408,0,1,0,"no"
0.9,-0.1,0,0.3,0.2,0,1,0.892428883419162,1.06541007883009,-1.14027387587265,2.89961261506504,0,1,0,"no"
0.9,-0.1,0,0.3,0.2,0.5,0.3,0.896888325096173,0.47273912425937,-0.0370935059593982,1.77853635544301,0,0,0,"no"
0.9,-0.1,0,0.3,0.2,0.5,0.6,0.894977135806026,0.702956364328969,-0.470483746802573,2.20124424837322,0,0.99,0,"no"
0.9,-0.1,0,0.3,0.2,0.5,0.9,0.893065946515878,0.971663020644551,-0.982095347259423,2.71543351601658,0,1,0,"no"
0.9,-0.1,0,0.3,0.2,0.5,1,0.892428883419162,1.06488699771227,-1.15764221403262,2.89615619665971,0,1,0,"no"
0.9,-0.1,0,0.3,0.3,-0.5,0.3,0.896888325096173,0.523684940583776,-0.071166094377242,1.93910292455614,0,0.03,0,"no"
0.9,-0.1,0,0.3,0.3,-0.5,0.6,0.894977135806026,0.737959971291526,-0.490780165230244,2.30493604909808,0,1,0,"no"
0.9,-0.1,0,0.3,0.3,-0.5,0.9,0.893065946515878,0.997091301164497,-1.00452097992435,2.77487491280687,0,1,0,"no"
0.9,-0.1,0,0.3,0.3,-0.5,1,0.892428883419162,1.08807758905447,-1.18043754945803,2.94471851908867,0,1,0,"no"
0.9,-0.1,0,0.3,0.3,0,0.3,0.896888325096173,0.522259276716504,-0.101412568933105,1.89926121283253,0,0.03,0,"no"
0.9,-0.1,0,0.3,0.3,0,0.6,0.894977135806026,0.736568751683244,-0.506441166485057,2.279478574058,0,1,0,"no"
0.9,-0.1,0,0.3,0.3,0,0.9,0.893065946515878,0.995804678147983,-1.00730110672573,2.77028172067192,0,1,0,"no"
0.9,-0.1,0,0.3,0.3,0,1,0.892428883419162,1.08682246879361,-1.18465671081,2.94275397122758,0,1,0,"no"
0.9,-0.1,0,0.3,0.3,0.5,0.3,0.896888325096173,0.519000780759886,-0.123071557968296,1.87435292886015,0,0.02,0,"no"
0.9,-0.1,0,0.3,0.3,0.5,0.6,0.894977135806026,0.734443199224405,-0.532272794619105,2.27179681195419,0,1,0,"no"
0.9,-0.1,0,0.3,0.3,0.5,0.9,0.893065946515878,0.994338815537554,-1.02961314413828,2.75921556877758,0,1,0,"no"
0.9,-0.1,0,0.3,0.3,0.5,1,0.892428883419162,1.0855090500545,-1.20095295833246,2.93172505080735,0,1,0,"no"
0.9,0,0,0.1,0.1,-0.5,0.3,0.897688648838626,0.330227712932657,0.265913210573445,1.51854063908994,0,0,0,"no"
0.9,0,0,0.1,0.1,-0.5,0.6,0.895777459548478,0.614916170294206,-0.282881770036414,2.0582096385105,0,0.58,0,"no"
0.9,0,0,0.1,0.1,-0.5,0.9,0.893866270258331,0.909178783149714,-0.854627876309085,2.61255299471957,0,1,0,"no"
0.9,0,0,0.1,0.1,-0.5,1,0.893229207161615,1.00795417505795,-1.04505929891391,2.8012084177886,0,1,0,"no"
0.9,0,0,0.1,0.1,0,0.3,0.897688648838626,0.329823142240748,0.267938433747659,1.52053481790548,0,0,0,"no"
0.9,0,0,0.1,0.1,0,0.6,0.895777459548478,0.614567108094264,-0.281237474253203,2.0594320354278,0,0.56,0,"no"
0.9,0,0,0.1,0.1,0,0.9,0.893866270258331,0.908854493863011,-0.846519376268767,2.61919015470935,0,1,0,"no"
0.9,0,0,0.1,0.1,0,1,0.893229207161615,1.00763515447771,-1.03634513858551,2.80800719462463,0,1,0,"no"
0.9,0,0,0.1,0.1,0.5,0.3,0.897688648838626,0.329324634766048,0.266928802836191,1.51803142661206,0,0,0,"no"
0.9,0,0,0.1,0.1,0.5,0.6,0.895777459548478,0.614349817077154,-0.276611598125954,2.06273877629925,0,0.54,0,"no"
0.9,0,0,0.1,0.1,0.5,0.9,0.893866270258331,0.908739041707212,-0.839973605082497,2.62669336421907,0,1,0,"no"
0.9,0,0,0.1,0.1,0.5,1,0.893229207161615,1.00754036873734,-1.02985979533502,2.81382704195213,0,1,0,"no"
0.9,0,0,0.1,0.2,-0.5,0.3,0.897688648838626,0.371616581686334,0.181608076053598,1.60423263973502,0,0,0,"no"
0.9,0,0,0.1,0.2,-0.5,0.6,0.895777459548478,0.637648058715122,-0.331416929835436,2.09879322820093,0,0.79,0,"no"
0.9,0,0,0.1,0.2,-0.5,0.9,0.893866270258331,0.924364474708045,-0.877890666104973,2.64040153647498,0,1,0,"no"
0.9,0,0,0.1,0.2,-0.5,1,0.893229207161615,1.02156850194713,-1.06460791734066,2.82578979754589,0,1,0,"no"
0.9,0,0,0.1,0.2,0,0.3,0.897688648838626,0.370597983324334,0.177287387647246,1.60706070105159,0,0,0,"no"
0.9,0,0,0.1,0.2,0,0.6,0.895777459548478,0.636791354958782,-0.324342497303726,2.11103615789178,0,0.8,0,"no"
0.9,0,0,0.1,0.2,0,0.9,0.893866270258331,0.923600040633006,-0.870693594289051,2.64437382770354,0,1,0,"no"
0.9,0,0,0.1,0.2,0,1,0.893229207161615,1.02082468108697,-1.05747126930259,2.82686511850875,0,1,0,"no"
0.9,0,0,0.1,0.2,0.5,0.3,0.897688648838626,0.368618135210722,0.182108070613422,1.60875708720306,0,0,0,"no"
0.9,0,0,0.1,0.2,0.5,0.6,0.895777459548478,0.635754277561712,-0.321467561191146,2.10869729396503,0,0.74,0,"no"
0.9,0,0,0.1,0.2,0.5,0.9,0.893866270258331,0.922950953518141,-0.872530689344877,2.65501140908202,0,1,0,"no"
0.9,0,0,0.1,0.2,0.5,1,0.893229207161615,1.02025651681864,-1.05841708983789,2.84098099967557,0,1,0,"no"
0.9,0,0,0.1,0.3,-0.5,0.3,0.897688648838626,0.432193301564858,0.0622014102398126,1.72875165290248,0,0,0,"no"
0.9,0,0,0.1,0.3,-0.5,0.6,0.895777459548478,0.674422747742993,-0.408626077368982,2.16965816951505,0,0.91,0,"no"
0.9,0,0,0.1,0.3,-0.5,0.9,0.893866270258331,0.949802466231118,-0.940705954666091,2.68830334476432,0,1,0,"no"
0.9,0,0,0.1,0.3,-0.5,1,0.893229207161615,1.04454464508692,-1.12416381753343,2.86881305524302,0,1,0,"no"
0.9,0,0,0.1,0.3,0,0.3,0.897688648838626,0.430523617690314,0.0508558525482048,1.72812323703571,0,0,0,"no"
0.9,0,0,0.1,0.3,0,0.6,0.895777459548478,0.672952597421336,-0.406743653465877,2.18130819501956,0,0.92,0,"no"
0.9,0,0,0.1,0.3,0,0.9,0.893866270258331,0.948501281735048,-0.926881527848992,2.70284806491473,0,1,0,"no"
0.9,0,0,0.1,0.3,0,1,0.893229207161615,1.04328476209957,-1.10637608677912,2.87759162423113,0,1,0,"no"
0.9,0,0,0.1,0.3,0.5,0.3,0.897688648838626,0.426522074922465,0.0657592180418956,1.72228756523578,0,0,0,"no"
0.9,0,0,0.1,0.3,0.5,0.6,0.895777459548478,0.67058867046727,-0.391483761067751,2.18389304352213,0,0.91,0,"no"
0.9,0,0,0.1,0.3,0.5,0.9,0.893866270258331,0.946930336778494,-0.918296483993603,2.70456672270186,0,1,0,"no"
0.9,0,0,0.1,0.3,0.5,1,0.893229207161615,1.04188632812072,-1.10164473746395,2.88397201204217,0,1,0,"no"
0.9,0,0,0.2,0.1,-0.5,0.3,0.8972884869674,0.371541450118645,0.195164588724142,1.59794887899843,0,0,0,"no"
0.9,0,0,0.2,0.1,-0.5,0.6,0.895377297677252,0.638545394605872,-0.322615718205491,2.0995913377082,0,0.78,0,"no"
0.9,0,0,0.2,0.1,-0.5,0.9,0.893466108387104,0.925643910694917,-0.884225064831264,2.64523601876394,0,1,0,"no"
0.9,0,0,0.2,0.1,-0.5,1,0.892829045290389,1.02292586406678,-1.07187743081551,2.8272373284461,0,1,0,"no"
0.9,0,0,0.2,0.1,0,0.3,0.8972884869674,0.371200262494989,0.197863151293983,1.59259320184293,0,0,0,"no"
0.9,0,0,0.2,0.1,0,0.6,0.895377297677252,0.638216689964993,-0.323011383004055,2.09879784749732,0,0.79,0,"no"
0.9,0,0,0.2,0.1,0,0.9,0.893466108387104,0.92532968696118,-0.880439790623848,2.64494928022671,0,1,0,"no"
0.9,0,0,0.2,0.1,0,1,0.892829045290389,1.02261526419534,-1.06793546270362,2.82737762139392,0,1,0,"no"
0.9,0,0,0.2,0.1,0.5,0.3,0.8972884869674,0.370753544978671,0.191794439916353,1.59676334959067,0,0,0,"no"
0.9,0,0,0.2,0.1,0.5,0.6,0.895377297677252,0.638011501201463,-0.321085133026519,2.09510628190611,0,0.8,0,"no"
0.9,0,0,0.2,0.1,0.5,0.9,0.893466108387104,0.925220283681688,-0.876108637966161,2.64505990184148,0,1,0,"no"
0.9,0,0,0.2,0.1,0.5,1,0.892829045290389,1.02252565522196,-1.06322254349978,2.83103074393169,0,1,0,"no"
0.9,0,0,0.2,0.2,-0.5,0.3,0.8972884869674,0.408799765012117,0.119100131229813,1.67754349253777,0,0,0,"no"
0.9,0,0,0.2,0.2,-0.5,0.6,0.895377297677252,0.660455425865313,-0.368173578853109,2.13708127817987,0,0.92,0,"no"
0.9,0,0,0.2,0.2,-0.5,0.9,0.893466108387104,0.940554539399532,-0.907720078752024,2.66613307750545,0,1,0,"no"
0.9,0,0,0.2,0.2,-0.5,1,0.892829045290389,1.03633482791374,-1.09248988401954,2.84926170634285,0,1,0,"no"
0.9,0,0,0.2,0.2,0,0.3,0.8972884869674,0.407919667048364,0.119817042431576,1.67580104610987,0,0,0,"no"
0.9,0,0,0.2,0.2,0,0.6,0.895377297677252,0.659646284481495,-0.364123132504681,2.14106963581096,0,0.89,0,"no"
0.9,0,0,0.2,0.2,0,0.9,0.893466108387104,0.939812822156238,-0.905548907548318,2.66958532701007,0,1,0,"no"
0.9,0,0,0.2,0.2,0,1,0.892829045290389,1.03560978448567,-1.09069995753538,2.85226287098761,0,1,0,"no"
0.9,0,0,0.2,0.2,0.5,0.3,0.8972884869674,0.406104746682511,0.117014149572256,1.68256261253888,0,0,0,"no"
0.9,0,0,0.2,0.2,0.5,0.6,0.895377297677252,0.658649269532096,-0.366142394327619,2.13606285322412,0,0.89,0,"no"
0.9,0,0,0.2,0.2,0.5,0.9,0.893466108387104,0.939181344986783,-0.901659829398905,2.6662703486701,0,1,0,"no"
0.9,0,0,0.2,0.2,0.5,1,0.892829045290389,1.03505610582721,-1.08460168777587,2.8511770764341,0,1,0,"no"
0.9,0,0,0.2,0.3,-0.5,0.3,0.8972884869674,0.464610090940428,0.00296813511809383,1.79427899099258,0,0,0,"no"
0.9,0,0,0.2,0.3,-0.5,0.6,0.895377297677252,0.69602222490399,-0.440724994747873,2.20950174520602,0,0.98,0,"no"
0.9,0,0,0.2,0.3,-0.5,0.9,0.893466108387104,0.965557372034763,-0.959836444860177,2.71239237388788,0,1,0,"no"
0.9,0,0,0.2,0.3,-0.5,1,0.892829045290389,1.0589820703853,-1.14111144820701,2.88720335092841,0,1,0,"no"
0.9,0,0,0.2,0.3,0,0.3,0.8972884869674,0.463118908614384,-0.0054608520568226,1.78676911799631,0,0,0,"no"
0.9,0,0,0.2,0.3,0,0.6,0.895377297677252,0.694626416430777,-0.44118659013042,2.21511735824126,0,0.96,0,"no"
0.9,0,0,0.2,0.3,0,0.9,0.893466108387104,0.964292677604656,-0.953037820248022,2.73138402068086,0,1,0,"no"
0.9,0,0,0.2,0.3,0,1,0.892829045290389,1.0577523187598,-1.12957256572722,2.9027368746262,0,1,0,"no"
0.9,0,0,0.2,0.3,0.5,0.3,0.8972884869674,0.459374617501966,0.00782254029653957,1.78682277071164,0,0,0,"no"
0.9,0,0,0.2,0.3,0.5,0.6,0.895377297677252,0.692338268880102,-0.443807224603551,2.22050416370511,0,0.98,0,"no"
0.9,0,0,0.2,0.3,0.5,0.9,0.893466108387104,0.962754965058457,-0.950916157820443,2.72196588432813,0,1,0,"no"
0.9,0,0,0.2,0.3,0.5,1,0.892829045290389,1.05638089600857,-1.13124237733873,2.89704031219968,0,1,0,"no"
0.9,0,0,0.3,0.1,-0.5,0.3,0.896888325096173,0.431137683272847,0.0871320347816055,1.7183781995048,0,0,0,"no"
0.9,0,0,0.3,0.1,-0.5,0.6,0.894977135806026,0.675488487782358,-0.386026851535221,2.16654051560018,0,0.96,0,"no"
0.9,0,0,0.3,0.1,-0.5,0.9,0.893065946515878,0.951835007779825,-0.925583297976945,2.69503619074799,0,1,0,"no"
0.9,0,0,0.3,0.1,-0.5,1,0.892428883419162,1.04678202458678,-1.11222129958812,2.8749783459246,0,1,0,"no"
0.9,0,0,0.3,0.1,0,0.3,0.896888325096173,0.430855928228265,0.0851336759452634,1.71272216011154,0,0,0,"no"
0.9,0,0,0.3,0.1,0,0.6,0.894977135806026,0.675185185562906,-0.382058174783434,2.1575341450595,0,0.96,0,"no"
0.9,0,0,0.3,0.1,0,0.9,0.893065946515878,0.951534038617515,-0.926232969680879,2.68833219777408,0,1,0,"no"
0.9,0,0,0.3,0.1,0,1,0.892428883419162,1.04648254958495,-1.11174615083859,2.86856063813106,0,1,0,"no"
0.9,0,0,0.3,0.1,0.5,0.3,0.896888325096173,0.430463339355793,0.0786167466621163,1.7172185279213,0,0,0,"no"
0.9,0,0,0.3,0.1,0.5,0.6,0.894977135806026,0.674992704630635,-0.386831369884125,2.15820612147915,0,0.97,0,"no"
0.9,0,0,0.3,0.1,0.5,0.9,0.893065946515878,0.951430628050633,-0.927826998850535,2.68553030468327,0,1,0,"no"
0.9,0,0,0.3,0.1,0.5,1,0.892428883419162,1.04639800900472,-1.11300634590583,2.86467817777657,0,1,0,"no"
0.9,0,0,0.3,0.2,-0.5,0.3,0.896888325096173,0.463686080195707,0.0225469308835247,1.78598019707089,0,0,0,"no"
0.9,0,0,0.3,0.2,-0.5,0.6,0.894977135806026,0.696236890881591,-0.428491429461838,2.19875879176102,0,0.98,0,"no"
0.9,0,0,0.3,0.2,-0.5,0.9,0.893065946515878,0.966335586807513,-0.950116913889721,2.7104843114196,0,1,0,"no"
0.9,0,0,0.3,0.2,-0.5,1,0.892428883419162,1.05988297652606,-1.13460686991137,2.88913761628722,0,1,0,"no"
0.9,0,0,0.3,0.2,0,0.3,0.896888325096173,0.46294751123493,0.0175654131075809,1.78062664423657,0,0,0,"no"
0.9,0,0,0.3,0.2,0,0.6,0.894977135806026,0.695489295070168,-0.422370023688665,2.19577932674246,0,0.98,0,"no"
0.9,0,0,0.3,0.2,0,0.9,0.893065946515878,0.965624796687006,-0.947050971382254,2.71156921923313,0,1,0,"no"
0.9,0,0,0.3,0.2,0,1,0.892428883419162,1.05918356321733,-1.13256513043523,2.8899503932153,0,1,0,"no"
0.9,0,0,0.3,0.2,0.5,0.3,0.896888325096173,0.461324820822496,0.0153378537060759,1.78633719868576,0,0,0,"no"
0.9,0,0,0.3,0.2,0.5,0.6,0.894977135806026,0.694541850949498,-0.430588444713058,2.20166216190707,0,0.98,0,"no"
0.9,0,0,0.3,0.2,0.5,0.9,0.893065946515878,0.965014022500106,-0.947348502665834,2.70549669186611,0,1,0,"no"
0.9,0,0,0.3,0.2,0.5,1,0.892428883419162,1.05864658631895,-1.12886912863082,2.88412973114006,0,1,0,"no"
0.9,0,0,0.3,0.3,-0.5,0.3,0.896888325096173,0.513652751580955,-0.0838950567217153,1.88651859796731,0,0.03,0,"no"
0.9,0,0,0.3,0.3,-0.5,0.6,0.894977135806026,0.730069582044035,-0.494285098584829,2.27367538176393,0,1,0,"no"
0.9,0,0,0.3,0.3,-0.5,0.9,0.893065946515878,0.99068313879797,-1.00226036827966,2.75562191726981,0,1,0,"no"
0.9,0,0,0.3,0.3,-0.5,1,0.892428883419162,1.08203179595134,-1.17803898929686,2.92571535639545,0,1,0,"no"
0.9,0,0,0.3,0.3,0,0.3,0.896888325096173,0.512363439427604,-0.0914313702658297,1.87944645405368,0,0.01,0,"no"
0.9,0,0,0.3,0.3,0,0.6,0.894977135806026,0.728773166474737,-0.488986625877535,2.27501242303407,0,1,0,"no"
0.9,0,0,0.3,0.3,0,0.9,0.893065946515878,0.989469426722243,-0.996184698757022,2.76160445371644,0,1,0,"no"
0.9,0,0,0.3,0.3,0,1,0.892428883419162,1.08084423497893,-1.17185866881564,2.93174402088965,0,1,0,"no"
0.9,0,0,0.3,0.3,0.5,0.3,0.896888325096173,0.508943731250329,-0.0817672756537759,1.88285219451211,0,0.02,0,"no"
0.9,0,0,0.3,0.3,0.5,0.6,0.894977135806026,0.726585002942832,-0.501324717461067,2.2800924015817,0,1,0,"no"
0.9,0,0,0.3,0.3,0.5,0.9,0.893065946515878,0.987973904298143,-0.999213591491428,2.75409427983618,0,1,0,"no"
0.9,0,0,0.3,0.3,0.5,1,0.892428883419162,1.0795064984875,-1.17378181066229,2.92523712047697,0,1,0,"no"
0.9,0.1,0,0.1,0.1,-0.5,0.3,0.897688648838626,0.343615982179202,0.224850876755027,1.54218635516826,0,0,0,"no"
0.9,0.1,0,0.1,0.1,-0.5,0.6,0.895777459548478,0.621301418705387,-0.30721615685424,2.07069462749924,0,0.65,0,"no"
0.9,0.1,0,0.1,0.1,-0.5,0.9,0.893866270258331,0.912889484181106,-0.865380764307819,2.62168803364289,0,1,0,"no"
0.9,0.1,0,0.1,0.1,-0.5,1,0.893229207161615,1.01111573959392,-1.05405034921288,2.80864719199406,0,1,0,"no"
0.9,0.1,0,0.1,0.1,0,0.3,0.897688648838626,0.343299164215675,0.232672630854967,1.55190791647852,0,0,0,"no"
0.9,0.1,0,0.1,0.1,0,0.6,0.895777459548478,0.620999904217036,-0.300426864199438,2.07476468054016,0,0.64,0,"no"
0.9,0.1,0,0.1,0.1,0,0.9,0.893866270258331,0.912597062856894,-0.861615812610245,2.62794629634361,0,1,0,"no"
0.9,0.1,0,0.1,0.1,0,1,0.893229207161615,1.01082538946706,-1.05038753736421,2.81534942466293,0,1,0,"no"
0.9,0.1,0,0.1,0.1,0.5,0.3,0.897688648838626,0.342806266683811,0.247083606175338,1.56485359928839,0,0,0,"no"
0.9,0.1,0,0.1,0.1,0.5,0.6,0.895777459548478,0.620779242469822,-0.29257775217636,2.07836364528422,0,0.61,0,"no"
0.9,0.1,0,0.1,0.1,0.5,0.9,0.893866270258331,0.912478424191144,-0.85546024981391,2.63330393269303,0,1,0,"no"
0.9,0.1,0,0.1,0.1,0.5,1,0.893229207161615,1.01072760293777,-1.04384375974402,2.82095229411597,0,1,0,"no"
0.9,0.1,0,0.1,0.2,-0.5,0.3,0.897688648838626,0.383792386031181,0.14151439315641,1.62026880220693,0,0,0,"no"
0.9,0.1,0,0.1,0.2,-0.5,0.6,0.895777459548478,0.643951207169453,-0.351923315553542,2.11816245689743,0,0.82,0,"no"
0.9,0.1,0,0.1,0.2,-0.5,0.9,0.893866270258331,0.928114953738249,-0.897466502739381,2.65074348122765,0,1,0,"no"
0.9,0.1,0,0.1,0.2,-0.5,1,0.893229207161615,1.02477916609952,-1.08433551281088,2.83175861131837,0,1,0,"no"
0.9,0.1,0,0.1,0.2,0,0.3,0.897688648838626,0.38294498114854,0.154008099031039,1.63082030393671,0,0,0,"no"
0.9,0.1,0,0.1,0.2,0,0.6,0.895777459548478,0.643188173276542,-0.346258979136184,2.11618124965821,0,0.81,0,"no"
0.9,0.1,0,0.1,0.2,0,0.9,0.893866270258331,0.92741340445067,-0.886785340644418,2.6546189481329,0,1,0,"no"
0.9,0.1,0,0.1,0.2,0,1,0.893229207161615,1.02409194761891,-1.07426693988331,2.83914404894236,0,1,0,"no"
0.9,0.1,0,0.1,0.2,0.5,0.3,0.897688648838626,0.381000100581184,0.169632336288554,1.63675340733405,0,0,0,"no"
0.9,0.1,0,0.1,0.2,0.5,0.6,0.895777459548478,0.642149209538832,-0.328488047475387,2.12394314032111,0,0.79,0,"no"
0.9,0.1,0,0.1,0.2,0.5,0.9,0.893866270258331,0.926759398908224,-0.877367409601734,2.66627935301197,0,1,0,"no"
0.9,0.1,0,0.1,0.2,0.5,1,0.893229207161615,1.02351882127328,-1.06702782056691,2.85019114110657,0,1,0,"no"
0.9,0.1,0,0.1,0.3,-0.5,0.3,0.897688648838626,0.442933641878245,0.0216491984125274,1.7329023729273,0,0,0,"no"
0.9,0.1,0,0.1,0.3,-0.5,0.6,0.895777459548478,0.680528458838879,-0.425493495507581,2.1851074788459,0,0.95,0,"no"
0.9,0.1,0,0.1,0.3,-0.5,0.9,0.893866270258331,0.95355407734521,-0.950960786142812,2.70348372887879,0,1,0,"no"
0.9,0.1,0,0.1,0.3,-0.5,1,0.893229207161615,1.04777677343111,-1.1278241889958,2.87853831758201,0,1,0,"no"
0.9,0.1,0,0.1,0.3,0,0.3,0.897688648838626,0.44151053944885,0.0349509475429283,1.74417404122651,0,0,0,"no"
0.9,0.1,0,0.1,0.3,0,0.6,0.895777459548478,0.679197399610263,-0.420284236333792,2.19296361096573,0,0.95,0,"no"
0.9,0.1,0,0.1,0.3,0,0.9,0.893866270258331,0.952346480221403,-0.943653802703668,2.7044339079312,0,1,0,"no"
0.9,0.1,0,0.1,0.3,0,1,0.893229207161615,1.04660112914273,-1.12360135535504,2.88221251442012,0,1,0,"no"
0.9,0.1,0,0.1,0.3,0.5,0.3,0.897688648838626,0.43756797098229,0.0583689912146489,1.75459875448076,0,0,0,"no"
0.9,0.1,0,0.1,0.3,0.5,0.6,0.895777459548478,0.676834852508856,-0.407764700339138,2.19716809406769,0,0.96,0,"no"
0.9,0.1,0,0.1,0.3,0.5,0.9,0.893866270258331,0.950769586617819,-0.918889246095193,2.7158020416944,0,1,0,"no"
0.9,0.1,0,0.1,0.3,0.5,1,0.893229207161615,1.0451962829357,-1.09982856349203,2.89663964046701,0,1,0,"no"
0.9,0.1,0,0.2,0.1,-0.5,0.3,0.8972884869674,0.38351835137463,0.151242881095293,1.60570338715936,0,0,0,"no"
0.9,0.1,0,0.2,0.1,-0.5,0.6,0.895377297677252,0.644706193982911,-0.344011117430015,2.1099618464242,0,0.85,0,"no"
0.9,0.1,0,0.2,0.1,-0.5,0.9,0.893466108387104,0.929295445467254,-0.89589566587665,2.65348680849039,0,1,0,"no"
0.9,0.1,0,0.2,0.1,-0.5,1,0.892829045290389,1.02604735062453,-1.08183097442787,2.83539678486755,0,1,0,"no"
0.9,0.1,0,0.2,0.1,0,0.3,0.8972884869674,0.383237937788017,0.168260606444794,1.62847022553813,0,0,0,"no"
0.9,0.1,0,0.2,0.1,0,0.6,0.895377297677252,0.64441992968142,-0.33521750196923,2.11134435933447,0,0.85,0,"no"
0.9,0.1,0,0.2,0.1,0,0.9,0.893466108387104,0.929011452334501,-0.891797163927572,2.65508600075558,0,1,0,"no"
0.9,0.1,0,0.2,0.1,0,1,0.892829045290389,1.02576421259068,-1.07827585586358,2.83733110533479,0,1,0,"no"
0.9,0.1,0,0.2,0.1,0.5,0.3,0.8972884869674,0.382780216720376,0.182548624935244,1.64837800050916,0,0,0,"no"
0.9,0.1,0,0.2,0.1,0.5,0.6,0.895377297677252,0.644208719627509,-0.329781998519142,2.12044713837839,0,0.85,0,"no"
0.9,0.1,0,0.2,0.1,0.5,0.9,0.893466108387104,0.928898074071954,-0.886679791276783,2.65479638544776,0,1,0,"no"
0.9,0.1,0,0.2,0.1,0.5,1,0.892829045290389,1.02567103397302,-1.07357074003511,2.8391035419009,0,1,0,"no"
0.9,0.1,0,0.2,0.2,-0.5,0.3,0.8972884869674,0.419926440585596,0.0701338152752521,1.67602567543789,0,0,0,"no"
0.9,0.1,0,0.2,0.2,-0.5,0.6,0.895377297677252,0.666552619823494,-0.390701487360455,2.153131378742,0,0.92,0,"no"
0.9,0.1,0,0.2,0.2,-0.5,0.9,0.893466108387104,0.944247144184924,-0.923468196001047,2.68039808708124,0,1,0,"no"
0.9,0.1,0,0.2,0.2,-0.5,1,0.892829045290389,1.03950577783858,-1.10782800439036,2.860497108743,0,1,0,"no"
0.9,0.1,0,0.2,0.2,0,0.3,0.8972884869674,0.419171939393614,0.0889240804356364,1.69768663142524,0,0,0,"no"
0.9,0.1,0,0.2,0.2,0,0.6,0.895377297677252,0.665827415295939,-0.382264997987388,2.15908255397539,0,0.93,0,"no"
0.9,0.1,0,0.2,0.2,0,0.9,0.893466108387104,0.943565111716714,-0.913720389319996,2.67678885898679,0,1,0,"no"
0.9,0.1,0,0.2,0.2,0,1,0.892829045290389,1.03883496687334,-1.09874086801177,2.85620345280652,0,1,0,"no"
0.9,0.1,0,0.2,0.2,0.5,0.3,0.8972884869674,0.417359525004815,0.110173487126452,1.72156773721742,0,0,0,"no"
0.9,0.1,0,0.2,0.2,0.5,0.6,0.895377297677252,0.664823068174119,-0.36684994412022,2.17083023191529,0,0.94,0,"no"
0.9,0.1,0,0.2,0.2,0.5,0.9,0.893466108387104,0.942927108724212,-0.905878296024354,2.68315977731338,0,1,0,"no"
0.9,0.1,0,0.2,0.2,0.5,1,0.892829045290389,1.03827517058514,-1.09002810533826,2.86169566910307,0,1,0,"no"
0.9,0.1,0,0.2,0.3,-0.5,0.3,0.8972884869674,0.474636597429563,-0.045490516879996,1.78564155759957,0,0,0,"no"
0.9,0.1,0,0.2,0.3,-0.5,0.6,0.895377297677252,0.701948901843182,-0.458732972273752,2.21264710030143,0,0.99,0,"no"
0.9,0.1,0,0.2,0.3,-0.5,0.9,0.893466108387104,0.969254021258275,-0.976470713459199,2.72819429715459,0,1,0,"no"
0.9,0.1,0,0.2,0.3,-0.5,1,0.892829045290389,1.06217580568439,-1.15015694861432,2.90115659530173,0,1,0,"no"
0.9,0.1,0,0.2,0.3,0,0.3,0.8972884869674,0.473339448608762,-0.0229545944044498,1.80471759213181,0,0,0,"no"
0.9,0.1,0,0.2,0.3,0,0.6,0.895377297677252,0.700678724118054,-0.458236090778365,2.23306757346152,0,0.98,0,"no"
0.9,0.1,0,0.2,0.3,0,0.9,0.893466108387104,0.968078262121893,-0.969899770792781,2.73085900568718,0,1,0,"no"
0.9,0.1,0,0.2,0.3,0,1,0.892829045290389,1.06102682326612,-1.14739017753289,2.90730836193286,0,1,0,"no"
0.9,0.1,0,0.2,0.3,0.5,0.3,0.8972884869674,0.469615787087111,0.00354838353508834,1.82488424931773,0,0,0,"no"
0.9,0.1,0,0.2,0.3,0.5,0.6,0.895377297677252,0.698384095407699,-0.444178872276958,2.24287203021398,0,0.98,0,"no"
0.9,0.1,0,0.2,0.3,0.5,0.9,0.893466108387104,0.966532185676185,-0.950813255863656,2.73978165420211,0,1,0,"no"
0.9,0.1,0,0.2,0.3,0.5,1,0.892829045290389,1.05964724532724,-1.12625887960411,2.91431330149242,0,1,0,"no"
0.9,0.1,0,0.3,0.1,-0.5,0.3,0.896888325096173,0.441525435983883,0.0467410771205798,1.71847776280473,0,0,0,"no"
0.9,0.1,0,0.3,0.1,-0.5,0.6,0.894977135806026,0.681322062326019,-0.408793756027969,2.16713406130437,0,0.98,0,"no"
0.9,0.1,0,0.3,0.1,-0.5,0.9,0.893065946515878,0.95539109087383,-0.936962193481195,2.69628799819109,0,1,0,"no"
0.9,0.1,0,0.3,0.1,-0.5,1,0.892428883419162,1.04983696384722,-1.12255743298544,2.87772273339115,0,1,0,"no"
0.9,0.1,0,0.3,0.1,0,0.3,0.896888325096173,0.44128151291356,0.0637752979415117,1.74258951264903,0,0,0,"no"
0.9,0.1,0,0.3,0.1,0,0.6,0.894977135806026,0.681054529509136,-0.39472346580799,2.17476463475568,0,0.99,0,"no"
0.9,0.1,0,0.3,0.1,0,0.9,0.893065946515878,0.955117963643205,-0.930198305235732,2.69649474214524,0,1,0,"no"
0.9,0.1,0,0.3,0.1,0,1,0.892428883419162,1.04956315786209,-1.11669044134954,2.8775654977745,0,1,0,"no"
0.9,0.1,0,0.3,0.1,0.5,0.3,0.896888325096173,0.440865024743954,0.0812318800292898,1.76347098748808,0,0,0,"no"
0.9,0.1,0,0.3,0.1,0.5,0.6,0.894977135806026,0.680852652510347,-0.389635994898976,2.18525030171308,0,0.99,0,"no"
0.9,0.1,0,0.3,0.1,0.5,0.9,0.893065946515878,0.955009404701111,-0.92889853791836,2.6996165856988,0,1,0,"no"
0.9,0.1,0,0.3,0.1,0.5,1,0.892428883419162,1.04947417582786,-1.113969219107,2.87956816361239,0,1,0,"no"
0.9,0.1,0,0.3,0.2,-0.5,0.3,0.896888325096173,0.473551879423558,-0.0304855509587261,1.77687289237311,0,0,0,"no"
0.9,0.1,0,0.3,0.2,-0.5,0.6,0.894977135806026,0.702031285256336,-0.457103540346158,2.20415263741371,0,0.99,0,"no"
0.9,0.1,0,0.3,0.2,-0.5,0.9,0.893065946515878,0.969934954041034,-0.965675002874485,2.71846144136466,0,1,0,"no"
0.9,0.1,0,0.3,0.2,-0.5,1,0.892428883419162,1.06298821546703,-1.14643872463923,2.89990500890836,0,1,0,"no"
0.9,0.1,0,0.3,0.2,0,0.3,0.896888325096173,0.47289691449465,-0.0028039588382634,1.80086611379943,0,0,0,"no"
0.9,0.1,0,0.3,0.2,0,0.6,0.894977135806026,0.701354889226111,-0.434069173799851,2.21790621784869,0,0.99,0,"no"
0.9,0.1,0,0.3,0.2,0,0.9,0.893065946515878,0.969279187712246,-0.952255097815977,2.72037830294584,0,1,0,"no"
0.9,0.1,0,0.3,0.2,0,1,0.892428883419162,1.06233952394386,-1.13722960402163,2.89512958766972,0,1,0,"no"
0.9,0.1,0,0.3,0.2,0.5,0.3,0.896888325096173,0.471248636635301,0.0218146883155823,1.83610254589736,0,0,0,"no"
0.9,0.1,0,0.3,0.2,0.5,0.6,0.894977135806026,0.700393195003032,-0.423252138944096,2.23388219357477,0,0.99,0,"no"
0.9,0.1,0,0.3,0.2,0.5,0.9,0.893065946515878,0.968659510936011,-0.947831500144978,2.72800401471882,0,1,0,"no"
0.9,0.1,0,0.3,0.2,0.5,1,0.892428883419162,1.06179466806587,-1.1305115467237,2.90007630543041,0,1,0,"no"
0.9,0.1,0,0.3,0.3,-0.5,0.3,0.896888325096173,0.522760574871744,-0.138405007392697,1.87032382561916,0,0.03,0,"no"
0.9,0.1,0,0.3,0.3,-0.5,0.6,0.894977135806026,0.735729864070374,-0.519774273442825,2.26937212821356,0,1,0,"no"
0.9,0.1,0,0.3,0.3,-0.5,0.9,0.893065946515878,0.994291253906174,-1.01931839648876,2.76746484677856,0,1,0,"no"
0.9,0.1,0,0.3,0.3,-0.5,1,0.892428883419162,1.08516216976579,-1.19130630614869,2.93729509078027,0,1,0,"no"
0.9,0.1,0,0.3,0.3,0,0.3,0.896888325096173,0.521611572999218,-0.110386500665986,1.89061698399801,0,0.01,0,"no"
0.9,0.1,0,0.3,0.3,0,0.6,0.894977135806026,0.734541366633564,-0.510134696062836,2.29380236723099,0,1,0,"no"
0.9,0.1,0,0.3,0.3,0,0.9,0.893065946515878,0.993159732771874,-1.00590560693534,2.7759587402556,0,1,0,"no"
0.9,0.1,0,0.3,0.3,0,1,0.892428883419162,1.08405026378394,-1.17978677334936,2.94431172066414,0,1,0,"no"
0.9,0.1,0,0.3,0.3,0.5,0.3,0.896888325096173,0.51817564867287,-0.0786437153680514,1.92932788505585,0,0.02,0,"no"
0.9,0.1,0,0.3,0.3,0.5,0.6,0.894977135806026,0.732336819047775,-0.491656183350982,2.31288626799562,0,1,0,"no"
0.9,0.1,0,0.3,0.3,0.5,0.9,0.893065946515878,0.991652337375706,-0.990432428545294,2.78393715384547,0,1,0,"no"
0.9,0.1,0,0.3,0.3,0.5,1,0.892428883419162,1.08270175963115,-1.16777996333292,2.9534926099002,0,1,0,"no"
0.9,0.2,0,0.1,0.1,-0.5,0.3,0.897688648838626,0.383438187259192,0.136929623839352,1.61598945149686,0,0,0,"no"
0.9,0.2,0,0.1,0.1,-0.5,0.6,0.895777459548478,0.643301409137421,-0.351823849810491,2.11773508991111,0,0.82,0,"no"
0.9,0.2,0,0.1,0.1,-0.5,0.9,0.893866270258331,0.927391927687726,-0.898317352129302,2.65498399435722,0,1,0,"no"
0.9,0.2,0,0.1,0.1,-0.5,1,0.893229207161615,1.02404389298645,-1.08377164838843,2.83800906005424,0,1,0,"no"
0.9,0.2,0,0.1,0.1,0,0.3,0.897688648838626,0.383213404613638,0.149160030302466,1.63246181479247,0,0,0,"no"
0.9,0.2,0,0.1,0.1,0,0.6,0.895777459548478,0.643052194856843,-0.344207432064175,2.12358417210553,0,0.81,0,"no"
0.9,0.2,0,0.1,0.1,0,0.9,0.893866270258331,0.927134375934981,-0.892438148702268,2.65817477237733,0,1,0,"no"
0.9,0.2,0,0.1,0.1,0,1,0.893229207161615,1.02378479857397,-1.07714289277402,2.84077134267655,0,1,0,"no"
0.9,0.2,0,0.1,0.1,0.5,0.3,0.897688648838626,0.382765341441134,0.166296661695827,1.649751645212,0,0,0,"no"
0.9,0.2,0,0.1,0.1,0.5,0.6,0.895777459548478,0.64283546224156,-0.332966696599549,2.12898489832943,0,0.81,0,"no"
0.9,0.2,0,0.1,0.1,0.5,0.9,0.893866270258331,0.927014941009768,-0.884801215098516,2.66159293211679,0,1,0,"no"
0.9,0.2,0,0.1,0.1,0.5,1,0.893229207161615,1.02368578736446,-1.07030470592204,2.84442499211198,0,1,0,"no"
0.9,0.2,0,0.1,0.2,-0.5,0.3,0.897688648838626,0.419930598533525,0.0509825488257835,1.6827354127182,0,0,0,"no"
0.9,0.2,0,0.1,0.2,-0.5,0.6,0.895777459548478,0.665313414741383,-0.407724806276391,2.15931873508114,0,0.89,0,"no"
0.9,0.2,0,0.1,0.2,-0.5,0.9,0.893866270258331,0.942471911817279,-0.935439521854997,2.68450290385922,0,1,0,"no"
0.9,0.2,0,0.1,0.2,-0.5,1,0.893229207161615,1.03761935790952,-1.11796773374891,2.86254518674908,0,1,0,"no"
0.9,0.2,0,0.1,0.2,0,0.3,0.897688648838626,0.419255990783111,0.0748263518723454,1.69869801100387,0,0,0,"no"
0.9,0.2,0,0.1,0.2,0,0.6,0.895777459548478,0.664652832634893,-0.396752953766594,2.16408180516989,0,0.94,0,"no"
0.9,0.2,0,0.1,0.2,0,0.9,0.893866270258331,0.941839080527355,-0.927757639793173,2.68596281517127,0,1,0,"no"
0.9,0.2,0,0.1,0.2,0,1,0.893229207161615,1.03699379640191,-1.10945321193091,2.86809873222521,0,1,0,"no"
0.9,0.2,0,0.1,0.2,0.5,0.3,0.897688648838626,0.417472509925098,0.109877365969645,1.72393061063852,0,0,0,"no"
0.9,0.2,0,0.1,0.2,0.5,0.6,0.895777459548478,0.663640418487469,-0.368753287940574,2.17550051861059,0,0.94,0,"no"
0.9,0.2,0,0.1,0.2,0.5,0.9,0.893866270258331,0.941189790730682,-0.910367536362863,2.69625934203754,0,1,0,"no"
0.9,0.2,0,0.1,0.2,0.5,1,0.893229207161615,1.03642288678469,-1.09599108091449,2.8767382195365,0,1,0,"no"
0.9,0.2,0,0.1,0.3,-0.5,0.3,0.897688648838626,0.474713078519583,-0.0602415941291856,1.78611025860501,0,0,0,"no"
0.9,0.2,0,0.1,0.3,-0.5,0.6,0.895777459548478,0.700880241910079,-0.479766281052615,2.22959359104209,0,0.99,0,"no"
0.9,0.2,0,0.1,0.3,-0.5,0.9,0.893866270258331,0.967618782733875,-0.98450069398351,2.73521615045426,0,1,0,"no"
0.9,0.2,0,0.1,0.3,-0.5,1,0.893229207161615,1.06041805575069,-1.16289335344284,2.91083900186402,0,1,0,"no"
0.9,0.2,0,0.1,0.3,0,0.3,0.897688648838626,0.473523636494925,-0.0357985622730821,1.80817794399776,0,0,0,"no"
0.9,0.2,0,0.1,0.3,0,0.6,0.895777459548478,0.699698708321719,-0.464430528467192,2.23139907165679,0,0.99,0,"no"
0.9,0.2,0,0.1,0.3,0,0.9,0.893866270258331,0.966512886036508,-0.97352327538633,2.73008381236138,0,1,0,"no"
0.9,0.2,0,0.1,0.3,0,1,0.893229207161615,1.05933380734621,-1.14943507996509,2.90813777618102,0,1,0,"no"
0.9,0.2,0,0.1,0.3,0.5,0.3,0.897688648838626,0.469841658391719,0.00453024416094862,1.83800701539401,0,0,0,"no"
0.9,0.2,0,0.1,0.3,0.5,0.6,0.895777459548478,0.697394665846961,-0.443151221648998,2.23956503587262,0,0.98,0,"no"
0.9,0.2,0,0.1,0.3,0.5,0.9,0.893866270258331,0.964950782356081,-0.949051031251876,2.73900785765893,0,1,0,"no"
0.9,0.2,0,0.1,0.3,0.5,1,0.893229207161615,1.05793816658103,-1.12936810248175,2.91576143959838,0,1,0,"no"
0.9,0.2,0,0.2,0.1,-0.5,0.3,0.8972884869674,0.419629241734814,0.0636739252272176,1.67565299953782,0,0,0,"no"
0.9,0.2,0,0.2,0.1,-0.5,0.6,0.895377297677252,0.665951145030421,-0.397008192868655,2.15467240027335,0,0.95,0,"no"
0.9,0.2,0,0.2,0.1,-0.5,0.9,0.893466108387104,0.943555260490614,-0.925225198045943,2.68077308720054,0,1,0,"no"
0.9,0.2,0,0.2,0.1,-0.5,1,0.892829045290389,1.03879795111993,-1.11061385575529,2.86035445577853,0,1,0,"no"
0.9,0.2,0,0.2,0.1,0,0.3,0.8972884869674,0.41941695528238,0.086093059405904,1.70370849844079,0,0,0,"no"
0.9,0.2,0,0.2,0.1,0,0.6,0.895377297677252,0.66571152558161,-0.38319973173471,2.16681762367419,0,0.95,0,"no"
0.9,0.2,0,0.2,0.1,0,0.9,0.893466108387104,0.943304234152831,-0.919089466351583,2.6869551455825,0,1,0,"no"
0.9,0.2,0,0.2,0.1,0,1,0.892829045290389,1.03854465714407,-1.10504593502932,2.86509932300358,0,1,0,"no"
0.9,0.2,0,0.2,0.1,0.5,0.3,0.8972884869674,0.418983976734082,0.114489708449193,1.73253423692461,0,0,0,"no"
0.9,0.2,0,0.2,0.1,0.5,0.6,0.895377297677252,0.665500853102431,-0.368908840514305,2.17472005929731,0,0.96,0,"no"
0.9,0.2,0,0.2,0.1,0.5,0.9,0.893466108387104,0.943189010489513,-0.909778864447089,2.6922853595195,0,1,0,"no"
0.9,0.2,0,0.2,0.1,0.5,1,0.892829045290389,1.03844949032857,-1.09499617030952,2.87043732937276,0,1,0,"no"
0.9,0.2,0,0.2,0.2,-0.5,0.3,0.8972884869674,0.453255247527351,-0.0214202175188453,1.72640951911234,0,0,0,"no"
0.9,0.2,0,0.2,0.2,-0.5,0.6,0.895377297677252,0.687231964358404,-0.450298246489945,2.18437271033652,0,0.99,0,"no"
0.9,0.2,0,0.2,0.2,-0.5,0.9,0.893466108387104,0.958372297141977,-0.965225591613403,2.70639430547721,0,1,0,"no"
0.9,0.2,0,0.2,0.2,-0.5,1,0.892829045290389,1.05217471983366,-1.14502550356249,2.884296961392,0,1,0,"no"
0.9,0.2,0,0.2,0.2,0,0.3,0.8972884869674,0.452631696815587,0.0168280694250087,1.76572393315648,0,0,0,"no"
0.9,0.2,0,0.2,0.2,0,0.6,0.895377297677252,0.68659832843135,-0.434654738290066,2.20381583295705,0,0.99,0,"no"
0.9,0.2,0,0.2,0.2,0,0.9,0.893466108387104,0.957755251909358,-0.950471664098837,2.71422465786737,0,1,0,"no"
0.9,0.2,0,0.2,0.2,0,1,0.892829045290389,1.05156279111786,-1.13117614073817,2.89198846650474,0,1,0,"no"
0.9,0.2,0,0.2,0.2,0.5,0.3,0.8972884869674,0.450931191463195,0.0622658584740768,1.80731786463017,0,0,0,"no"
0.9,0.2,0,0.2,0.2,0.5,0.6,0.895377297677252,0.685612533367622,-0.405832787649324,2.22970719857678,0,0.98,0,"no"
0.9,0.2,0,0.2,0.2,0.5,0.9,0.893466108387104,0.957119645072791,-0.930734453253378,2.7242025623045,0,1,0,"no"
0.9,0.2,0,0.2,0.2,0.5,1,0.892829045290389,1.05100354746839,-1.11377359170607,2.89956162338932,0,1,0,"no"
0.9,0.2,0,0.2,0.3,-0.5,0.3,0.8972884869674,0.504475326751325,-0.132561454370107,1.82554561813522,0,0.01,0,"no"
0.9,0.2,0,0.2,0.3,-0.5,0.6,0.895377297677252,0.721716420471634,-0.518106907847016,2.25176455460581,0,0.99,0,"no"
0.9,0.2,0,0.2,0.3,-0.5,0.9,0.893466108387104,0.983104040745728,-1.01729027113603,2.75566921588052,0,1,0,"no"
0.9,0.2,0,0.2,0.3,-0.5,1,0.892829045290389,1.07465618002514,-1.19186823224112,2.92878308631491,0,1,0,"no"
0.9,0.2,0,0.2,0.3,0,0.3,0.8972884869674,0.503365024108412,-0.0865820032787891,1.87012782222119,0,0.01,0,"no"
0.9,0.2,0,0.2,0.3,0,0.6,0.895377297677252,0.720580882608898,-0.502660657740945,2.27319343377822,0,0.99,0,"no"
0.9,0.2,0,0.2,0.3,0,0.9,0.893466108387104,0.9820245911076,-1.00517223050689,2.75342707467032,0,1,0,"no"
0.9,0.2,0,0.2,0.3,0,1,0.892829045290389,1.07359455233017,-1.17829042874048,2.92916898843675,0,1,0,"no"
0.9,0.2,0,0.2,0.3,0.5,0.3,0.8972884869674,0.499838394533426,-0.0335034922079181,1.91630068905637,0,0.01,0,"no"
0.9,0.2,0,0.2,0.3,0.5,0.6,0.895377297677252,0.718332295826811,-0.465475022863477,2.29763914601122,0,0.99,0,"no"
0.9,0.2,0,0.2,0.3,0.5,0.9,0.893466108387104,0.980489622797342,-0.972715308888179,2.78193193139241,0,1,0,"no"
0.9,0.2,0,0.2,0.3,0.5,1,0.892829045290389,1.07222154318981,-1.1490038731569,2.94778942180007,0,1,0,"no"
0.9,0.2,0,0.3,0.1,-0.5,0.3,0.896888325096173,0.473297408282352,-0.0343238486400439,1.77643611678033,0,0,0,"no"
0.9,0.2,0,0.3,0.1,-0.5,0.6,0.894977135806026,0.7014783913263,-0.462684775944091,2.20876484570296,0,0.99,0,"no"
0.9,0.2,0,0.3,0.1,-0.5,0.9,0.893065946515878,0.969276396603829,-0.968322718565646,2.71987552738622,0,1,0,"no"
0.9,0.2,0,0.3,0.1,-0.5,1,0.892428883419162,1.06230998761723,-1.1505280696066,2.89890851915031,0,1,0,"no"
0.9,0.2,0,0.3,0.1,0,0.3,0.896888325096173,0.473099910364235,-0.00580737546684273,1.81229876531039,0,0,0,"no"
0.9,0.2,0,0.3,0.1,0,0.6,0.894977135806026,0.701250362092677,-0.445812784196933,2.22485903554206,0,0.99,0,"no"
0.9,0.2,0,0.3,0.1,0,0.9,0.893065946515878,0.969033563053868,-0.959876662710053,2.72767592838138,0,1,0,"no"
0.9,0.2,0,0.3,0.1,0,1,0.892428883419162,1.06206400838086,-1.14420808686708,2.90436475902383,0,1,0,"no"
0.9,0.2,0,0.3,0.1,0.5,0.3,0.896888325096173,0.472689493398498,0.0259108517123885,1.84879324652636,0,0,0,"no"
0.9,0.2,0,0.3,0.1,0.5,0.6,0.894977135806026,0.701045027491429,-0.427339484750189,2.24697476311275,0,0.99,0,"no"
0.9,0.2,0,0.3,0.1,0.5,0.9,0.893065946515878,0.968921760017308,-0.95290903554129,2.73890708590611,0,1,0,"no"
0.9,0.2,0,0.3,0.1,0.5,1,0.892428883419162,1.06197199389152,-1.13521592093649,2.91257330678608,0,1,0,"no"
0.9,0.2,0,0.3,0.2,-0.5,0.3,0.896888325096173,0.503414539396307,-0.121114720141546,1.81068808545988,0,0.01,0,"no"
0.9,0.2,0,0.3,0.2,-0.5,0.6,0.894977135806026,0.72171652938584,-0.512107426226459,2.23110966176262,0,0.99,0,"no"
0.9,0.2,0,0.3,0.2,-0.5,0.9,0.893065946515878,0.983701342223803,-1.00753198578672,2.74451194152742,0,1,0,"no"
0.9,0.2,0,0.3,0.2,-0.5,1,0.892428883419162,1.07538894851594,-1.18285250554497,2.92155220061181,0,1,0,"no"
0.9,0.2,0,0.3,0.2,0,0.3,0.896888325096173,0.502850829922707,-0.0646215204487132,1.86236241358801,0,0.01,0,"no"
0.9,0.2,0,0.3,0.2,0,0.6,0.894977135806026,0.721117856267973,-0.485120156312447,2.26756253307605,0,0.99,0,"no"
0.9,0.2,0,0.3,0.2,0,0.9,0.893065946515878,0.983105305547752,-0.989154299388872,2.75782583959528,0,1,0,"no"
0.9,0.2,0,0.3,0.2,0,1,0.892428883419162,1.07479516301297,-1.16821002191257,2.92787082322181,0,1,0,"no"
0.9,0.2,0,0.3,0.2,0.5,0.3,0.896888325096173,0.501264919144382,-0.0179441794945566,1.91878533027533,0,0.01,0,"no"
0.9,0.2,0,0.3,0.2,0.5,0.6,0.894977135806026,0.720164980892234,-0.46254892452669,2.30442403085742,0,0.99,0,"no"
0.9,0.2,0,0.3,0.2,0.5,0.9,0.893065946515878,0.982484900060936,-0.973160724940588,2.77424406572794,0,1,0,"no"
0.9,0.2,0,0.3,0.2,0.5,1,0.892428883419162,1.07424856707853,-1.1512426268589,2.94717493786835,0,1,0,"no"
0.9,0.2,0,0.3,0.3,-0.5,0.3,0.896888325096173,0.550058580616495,-0.229904661228577,1.89632241166988,0,0.1,0,"no"
0.9,0.2,0,0.3,0.3,-0.5,0.6,0.894977135806026,0.75463553490242,-0.58180256856507,2.2904026059047,0,1,0,"no"
0.9,0.2,0,0.3,0.3,-0.5,0.9,0.893065946515878,1.00780768788273,-1.06183659755128,2.7874613926537,0,1,0,"no"
0.9,0.2,0,0.3,0.3,-0.5,1,0.892428883419162,1.09738983891616,-1.23347131775393,2.96035395036077,0,1,0,"no"
0.9,0.2,0,0.3,0.3,0,0.3,0.896888325096173,0.549047512995481,-0.166015902449944,1.9566229439279,0,0.05,0,"no"
0.9,0.2,0,0.3,0.3,0,0.6,0.894977135806026,0.753562452271388,-0.554426286055302,2.33336097671735,0,1,0,"no"
0.9,0.2,0,0.3,0.3,0,0.9,0.893065946515878,1.0067648605946,-1.04728176797379,2.80401887970067,0,1,0,"no"
0.9,0.2,0,0.3,0.3,0,1,0.892428883419162,1.09635948891936,-1.2159926825645,2.96930544344139,0,1,0,"no"
0.9,0.2,0,0.3,0.3,0.5,0.3,0.896888325096173,0.545739886114424,-0.106754324555941,2.01832935698272,0,0.06,0,"no"
0.9,0.2,0,0.3,0.3,0.5,0.6,0.894977135806026,0.751388450839541,-0.521641885855605,2.3733920086071,0,1,0,"no"
0.9,0.2,0,0.3,0.3,0.5,0.9,0.893065946515878,1.00526359728767,-1.01434363100635,2.82944340112629,0,1,0,"no"
0.9,0.2,0,0.3,0.3,0.5,1,0.892428883419162,1.09501391851817,-1.18768854167546,2.99435517313405,0,1,0,"no"
0.9,0.3,0,0.1,0.1,-0.5,0.3,0.897688648838626,0.44268078084891,0.0214078741369036,1.73026386480251,0,0,0,"no"
0.9,0.3,0,0.1,0.1,-0.5,0.6,0.895777459548478,0.679419230510336,-0.426096208430283,2.18744813306777,0,0.96,0,"no"
0.9,0.3,0,0.1,0.1,-0.5,0.9,0.893866270258331,0.952199727683234,-0.941796268414023,2.70732235550309,0,1,0,"no"
0.9,0.3,0,0.1,0.1,-0.5,1,0.893229207161615,1.04638162075251,-1.12301976715283,2.88514471086242,0,1,0,"no"
0.9,0.3,0,0.1,0.1,0,0.3,0.897688648838626,0.442537492509256,0.0379942631043027,1.74622669018403,0,0,0,"no"
0.9,0.3,0,0.1,0.1,0,0.6,0.895777459548478,0.679222419117385,-0.418500651073889,2.19180539895039,0,0.97,0,"no"
0.9,0.3,0,0.1,0.1,0,0.9,0.893866270258331,0.951978413072105,-0.936878845369133,2.71057498404613,0,1,0,"no"
0.9,0.3,0,0.1,0.1,0,1,0.893229207161615,1.04615515545371,-1.1189472552441,2.888539268081,0,1,0,"no"
0.9,0.3,0,0.1,0.1,0.5,0.3,0.897688648838626,0.442145250259072,0.0542714749742343,1.76891774344378,0,0,0,"no"
0.9,0.3,0,0.1,0.1,0.5,0.6,0.895777459548478,0.679014699036377,-0.409086985870142,2.20338871256812,0,0.97,0,"no"
0.9,0.3,0,0.1,0.1,0.5,0.9,0.893866270258331,0.95186017068815,-0.931778498780042,2.71525377629338,0,1,0,"no"
0.9,0.3,0,0.1,0.1,0.5,1,0.893229207161615,1.04605644126375,-1.11363082057316,2.89148083557912,0,1,0,"no"
0.9,0.3,0,0.1,0.2,-0.5,0.3,0.897688648838626,0.474697075506212,-0.0697320488502019,1.78535605294817,0,0,0,"no"
0.9,0.3,0,0.1,0.2,-0.5,0.6,0.895777459548478,0.700381200011736,-0.488275956936465,2.22607257841923,0,0.99,0,"no"
0.9,0.3,0,0.1,0.2,-0.5,0.9,0.893866270258331,0.966970342817631,-0.984546548034118,2.73443731275664,0,1,0,"no"
0.9,0.3,0,0.1,0.2,-0.5,1,0.893229207161615,1.05974445760202,-1.1588569387574,2.90929629794798,0,1,0,"no"
0.9,0.3,0,0.1,0.2,0,0.3,0.897688648838626,0.474180794946141,-0.0355766772280762,1.81073848246291,0,0,0,"no"
0.9,0.3,0,0.1,0.2,0,0.6,0.895777459548478,0.69982405088668,-0.473069138869905,2.23499845198227,0,0.99,0,"no"
0.9,0.3,0,0.1,0.2,0,0.9,0.893866270258331,0.966409080131745,-0.982747372317415,2.7371160606719,0,1,0,"no"
0.9,0.3,0,0.1,0.2,0,1,0.893229207161615,1.05918336438722,-1.15741481939429,2.91215772119102,0,1,0,"no"
0.9,0.3,0,0.1,0.2,0.5,0.3,0.897688648838626,0.472604160006586,0.00633616879315657,1.85097538862334,0,0,0,"no"
0.9,0.3,0,0.1,0.2,0.5,0.6,0.895777459548478,0.698858837214829,-0.442402026391901,2.2541964080617,0,0.99,0,"no"
0.9,0.3,0,0.1,0.2,0.5,0.9,0.893866270258331,0.96577276676511,-0.954452740871949,2.7429555869065,0,1,0,"no"
0.9,0.3,0,0.1,0.2,0.5,1,0.893229207161615,1.05862099565081,-1.13581252963271,2.92049324650665,0,1,0,"no"
0.9,0.3,0,0.1,0.3,-0.5,0.3,0.897688648838626,0.523831950035733,-0.180469534808422,1.88219872901834,0,0.02,0,"no"
0.9,0.3,0,0.1,0.3,-0.5,0.6,0.895777459548478,0.734321327556026,-0.559304367902257,2.29362600892967,0,0.99,0,"no"
0.9,0.3,0,0.1,0.3,-0.5,0.9,0.893866270258331,0.991565898640326,-1.04106825928926,2.77989660930451,0,1,0,"no"
0.9,0.3,0,0.1,0.3,-0.5,1,0.893229207161615,1.08214459597566,-1.21033903441251,2.95428120268315,0,1,0,"no"
0.9,0.3,0,0.1,0.3,0,0.3,0.897688648838626,0.522853259218096,-0.144931508563146,1.9127813889885,0,0.01,0,"no"
0.9,0.3,0,0.1,0.3,0,0.6,0.895777459548478,0.733290215497506,-0.534568798226361,2.29575331576767,0,0.99,0,"no"
0.9,0.3,0,0.1,0.3,0,0.9,0.893866270258331,0.990565755920608,-1.03044314723581,2.7832545537365,0,1,0,"no"
0.9,0.3,0,0.1,0.3,0,1,0.893229207161615,1.08115579606275,-1.20301326937746,2.95389125622987,0,1,0,"no"
0.9,0.3,0,0.1,0.3,0.5,0.3,0.897688648838626,0.519528005531139,-0.0955911974916591,1.95327605590651,0,0.03,0,"no"
0.9,0.3,0,0.1,0.3,0.5,0.6,0.895777459548478,0.731087815130032,-0.511025138216753,2.30760143306186,0,0.99,0,"no"
0.9,0.3,0,0.1,0.3,0.5,0.9,0.893866270258331,0.989036505757906,-0.995589314947812,2.79448455925804,0,1,0,"no"
0.9,0.3,0,0.1,0.3,0.5,1,0.893229207161615,1.07978330145738,-1.17249205659505,2.96246259115553,0,1,0,"no"
0.9,0.3,0,0.2,0.1,-0.5,0.3,0.8972884869674,0.474421318190341,-0.0470854452103589,1.77652915651253,0,0,0,"no"
0.9,0.3,0,0.2,0.1,-0.5,0.6,0.895377297677252,0.700922848173152,-0.471064190949454,2.21941608030223,0,0.99,0,"no"
0.9,0.3,0,0.2,0.1,-0.5,0.9,0.893466108387104,0.967959926761924,-0.976800700864435,2.73298328944275,0,1,0,"no"
0.9,0.3,0,0.2,0.1,-0.5,1,0.892829045290389,1.06083456543242,-1.1561044200438,2.90746894453201,0,1,0,"no"
0.9,0.3,0,0.2,0.1,0,0.3,0.8972884869674,0.474276218992092,-0.0201089933228851,1.81106489082723,0,0,0,"no"
0.9,0.3,0,0.2,0.1,0,0.6,0.895377297677252,0.700730555500579,-0.458553133886478,2.2323599899052,0,0.99,0,"no"
0.9,0.3,0,0.2,0.1,0,0.9,0.893466108387104,0.967743182252375,-0.964032952204128,2.74049086525213,0,1,0,"no"
0.9,0.3,0,0.2,0.1,0,1,0.892829045290389,1.06061241783518,-1.14630624939304,2.91596249103593,0,1,0,"no"
0.9,0.3,0,0.2,0.1,0.5,0.3,0.8972884869674,0.473885922998932,0.0132499767540401,1.84628576966508,0,0,0,"no"
0.9,0.3,0,0.2,0.1,0.5,0.6,0.895377297677252,0.700525630341713,-0.442170824197041,2.25280145547181,0,0.99,0,"no"
0.9,0.3,0,0.2,0.1,0.5,0.9,0.893466108387104,0.967627986166211,-0.954440505042378,2.74616211418432,0,1,0,"no"
0.9,0.3,0,0.2,0.1,0.5,1,0.892829045290389,1.06051667789173,-1.13512046544076,2.92090034437699,0,1,0,"no"
0.9,0.3,0,0.2,0.2,-0.5,0.3,0.8972884869674,0.504469340414945,-0.142060962627404,1.81949564781216,0,0,0,"no"
0.9,0.3,0,0.2,0.2,-0.5,0.6,0.895377297677252,0.721257505682991,-0.526559983419462,2.24739488154451,0,0.99,0,"no"
0.9,0.3,0,0.2,0.2,-0.5,0.9,0.893466108387104,0.98248610851955,-1.0213678356356,2.75205372816022,0,1,0,"no"
0.9,0.3,0,0.2,0.2,-0.5,1,0.892829045290389,1.0740100329955,-1.19490478352471,2.92767145231363,0,1,0,"no"
0.9,0.3,0,0.2,0.2,0,0.3,0.8972884869674,0.50397491882771,-0.088305010893218,1.87377117195379,0,0,0,"no"
0.9,0.3,0,0.2,0.2,0,0.6,0.895377297677252,0.72071722994201,-0.508874150568034,2.27433605584675,0,0.99,0,"no"
0.9,0.3,0,0.2,0.2,0,0.9,0.893466108387104,0.981936766779759,-1.00960734519327,2.76754363531248,0,1,0,"no"
0.9,0.3,0,0.2,0.2,0,1,0.892829045290389,1.07345964159672,-1.18203519169162,2.93949301533765,0,1,0,"no"
0.9,0.3,0,0.2,0.2,0.5,0.3,0.8972884869674,0.502441111481791,-0.0280104512052953,1.92995142649061,0,0,0,"no"
0.9,0.3,0,0.2,0.2,0.5,0.6,0.895377297677252,0.719770165333939,-0.473981581495083,2.30843144488508,0,0.99,0,"no"
0.9,0.3,0,0.2,0.2,0.5,0.9,0.893466108387104,0.981311426577048,-0.977677979720386,2.78173623997948,0,1,0,"no"
0.9,0.3,0,0.2,0.2,0.5,1,0.892829045290389,1.0729069588235,-1.15222432242432,2.95175219896102,0,1,0,"no"
0.9,0.3,0,0.2,0.3,-0.5,0.3,0.8972884869674,0.550997340454044,-0.251421730460743,1.90632712609334,0,0.09,0,"no"
0.9,0.3,0,0.2,0.3,-0.5,0.6,0.895377297677252,0.75425831480087,-0.605716964206998,2.31301821474107,0,0.99,0,"no"
0.9,0.3,0,0.2,0.3,-0.5,0.9,0.893466108387104,1.00669517478512,-1.08330973073771,2.7965902577635,0,1,0,"no"
0.9,0.3,0,0.2,0.3,-0.5,1,0.892829045290389,1.0961109137196,-1.24820101154409,2.97403323139815,0,1,0,"no"
0.9,0.3,0,0.2,0.3,0,0.3,0.8972884869674,0.550063339676008,-0.187050972191842,1.96764868113615,0,0.08,0,"no"
0.9,0.3,0,0.2,0.3,0,0.6,0.895377297677252,0.753259235496109,-0.574999031576207,2.33541717947767,0,0.99,0,"no"
0.9,0.3,0,0.2,0.3,0,0.9,0.893466108387104,1.0057158856603,-1.06364065656668,2.81314694776988,0,1,0,"no"
0.9,0.3,0,0.2,0.3,0,1,0.892829045290389,1.09514046474628,-1.23550307652067,2.98175772903045,0,1,0,"no"
0.9,0.3,0,0.2,0.3,0.5,0.3,0.8972884869674,0.546834486164056,-0.113789661295968,2.03568557624823,0,0.09,0,"no"
0.9,0.3,0,0.2,0.3,0.5,0.6,0.895377297677252,0.751098335139493,-0.531828029727801,2.36447203499322,0,1,0,"no"
0.9,0.3,0,0.2,0.3,0.5,0.9,0.893466108387104,1.00420932643686,-1.01520359010328,2.83771782586181,0,1,0,"no"
0.9,0.3,0,0.2,0.3,0.5,1,0.892829045290389,1.0937873735613,-1.18804092053933,2.99788270466962,0,1,0,"no"
0.9,0.3,0,0.3,0.1,-0.5,0.3,0.896888325096173,0.522561654658752,-0.136496443878219,1.87046019514302,0,0.01,0,"no"
0.9,0.3,0,0.3,0.1,-0.5,0.6,0.894977135806026,0.734786720469416,-0.535144339905848,2.27250151127016,0,0.99,0,"no"
0.9,0.3,0,0.3,0.1,-0.5,0.9,0.893065946515878,0.993061603287159,-1.0227637290584,2.77291447828157,0,1,0,"no"
0.9,0.3,0,0.3,0.1,-0.5,1,0.892428883419162,1.08387908279709,-1.19570656556667,2.94317782206209,0,1,0,"no"
0.9,0.3,0,0.3,0.1,0,0.3,0.896888325096173,0.522415957715255,-0.103340600142746,1.90992613961775,0,0.02,0,"no"
0.9,0.3,0,0.3,0.1,0,0.6,0.894977135806026,0.734599628823243,-0.514391891229513,2.29631649493937,0,0.99,0,"no"
0.9,0.3,0,0.3,0.1,0,0.9,0.893065946515878,0.992850368380541,-1.01095185042766,2.78619546996707,0,1,0,"no"
0.9,0.3,0,0.3,0.1,0,1,0.892428883419162,1.08366218349795,-1.18602337222918,2.95567517248335,0,1,0,"no"
0.9,0.3,0,0.3,0.1,0.5,0.3,0.896888325096173,0.522032802896095,-0.0648327899813676,1.95435343236969,0,0.02,0,"no"
0.9,0.3,0,0.3,0.1,0.5,0.6,0.894977135806026,0.734396269624878,-0.491459254117116,2.32346184784414,0,0.99,0,"no"
0.9,0.3,0,0.3,0.1,0.5,0.9,0.893065946515878,0.992737134821669,-0.995851323590246,2.79625828986665,0,1,0,"no"
0.9,0.3,0,0.3,0.1,0.5,1,0.892428883419162,1.08356848370851,-1.17409643073467,2.96453068928533,0,1,0,"no"
0.9,0.3,0,0.3,0.2,-0.5,0.3,0.896888325096173,0.550051657291303,-0.236273992556053,1.88905058713966,0,0.05,0,"no"
0.9,0.3,0,0.3,0.2,-0.5,0.6,0.894977135806026,0.75421648506504,-0.592626900487053,2.29325202374236,0,1,0,"no"
0.9,0.3,0,0.3,0.2,-0.5,0.9,0.893065946515878,1.00722241987952,-1.06973222558538,2.79119230451461,0,1,0,"no"
0.9,0.3,0,0.3,0.2,-0.5,1,0.892428883419162,1.0967733450345,-1.23797934132083,2.96280448484644,0,1,0,"no"
0.9,0.3,0,0.3,0.2,0,0.3,0.896888325096173,0.549586205844714,-0.165024516862289,1.9588222013927,0,0.05,0,"no"
0.9,0.3,0,0.3,0.2,0,0.6,0.894977135806026,0.753698366233274,-0.560110697183415,2.33462975023619,0,0.99,0,"no"
0.9,0.3,0,0.3,0.2,0,0.9,0.893065946515878,1.00668874624816,-1.04917622089743,2.81263314258905,0,1,0,"no"
0.9,0.3,0,0.3,0.2,0,1,0.892428883419162,1.09623698699822,-1.21706019620486,2.98279007623259,0,1,0,"no"
0.9,0.3,0,0.3,0.2,0.5,0.3,0.896888325096173,0.548119834867359,-0.097077498578204,2.035288437504,0,0.05,0,"no"
0.9,0.3,0,0.3,0.2,0.5,0.6,0.894977135806026,0.752773853974047,-0.527391309788205,2.37555360353453,0,1,0,"no"
0.9,0.3,0,0.3,0.2,0.5,0.9,0.893065946515878,1.00607511412751,-1.0232807469477,2.83417288161227,0,1,0,"no"
0.9,0.3,0,0.3,0.2,0.5,1,0.892428883419162,1.09569436158678,-1.19327593514054,3.00023112712331,0,1,0,"no"
0.9,0.3,0,0.3,0.3,-0.5,0.3,0.896888325096173,0.593085130592794,-0.34522039093993,1.96191958093031,0,0.29,0,"no"
0.9,0.3,0,0.3,0.3,-0.5,0.6,0.894977135806026,0.7858456415387,-0.670378684925664,2.3466072820255,0,1,0,"no"
0.9,0.3,0,0.3,0.3,-0.5,0.9,0.893065946515878,1.03084794653761,-1.12544736973492,2.82655906550479,0,1,0,"no"
0.9,0.3,0,0.3,0.3,-0.5,1,0.892428883419162,1.11842031819106,-1.29563848041803,2.99937052470783,0,1,0,"no"
0.9,0.3,0,0.3,0.3,0,0.3,0.896888325096173,0.592211681496713,-0.254876038426128,2.05222613632874,0,0.34,0,"no"
0.9,0.3,0,0.3,0.3,0,0.6,0.894977135806026,0.784890925045307,-0.631375814814381,2.3932765761275,0,1,0,"no"
0.9,0.3,0,0.3,0.3,0,0.9,0.893065946515878,1.02989749264703,-1.1019821074351,2.85572374943557,0,1,0,"no"
0.9,0.3,0,0.3,0.3,0,1,0.892428883419162,1.11747512390643,-1.27335921764823,3.02402911787501,0,1,0,"no"
0.9,0.3,0,0.3,0.3,0.5,0.3,0.896888325096173,0.589130130876811,-0.174515503431957,2.13581361764676,0,0.37,0,"no"
0.9,0.3,0,0.3,0.3,0.5,0.6,0.894977135806026,0.782786931717285,-0.573930329347157,2.44281439568308,0,1,0,"no"
0.9,0.3,0,0.3,0.3,0.5,0.9,0.893065946515878,1.02841880005143,-1.05874918147399,2.89456079786517,0,1,0,"no"
0.9,0.3,0,0.3,0.3,0.5,1,0.892428883419162,1.11614518478593,-1.22852286379378,3.05033097244159,0,1,0,"no"
0.9,0.4,0,0.1,0.1,-0.5,0.3,0.897688648838626,0.514708870917144,-0.114277582036015,1.8735031362143,0,0,0,"no"
0.9,0.4,0,0.1,0.1,-0.5,0.6,0.895777459548478,0.727574907295406,-0.525722224287548,2.27369069073836,0,1,0,"no"
0.9,0.4,0,0.1,0.1,-0.5,0.9,0.893866270258331,0.986544990039881,-1.00633354115253,2.77566935593458,0,1,0,"no"
0.9,0.4,0,0.1,0.1,-0.5,1,0.893229207161615,1.07755115319548,-1.17949876257669,2.95212474527031,0,1,0,"no"
0.9,0.4,0,0.1,0.1,0,0.3,0.897688648838626,0.514631696233726,-0.0922494627717153,1.88544503229968,0,0,0,"no"
0.9,0.4,0,0.1,0.1,0,0.6,0.895777459548478,0.727427226596436,-0.515749504065264,2.28242488657537,0,1,0,"no"
0.9,0.4,0,0.1,0.1,0,0.9,0.893866270258331,0.98635975344158,-1.00247600877468,2.77333259809453,0,1,0,"no"
0.9,0.4,0,0.1,0.1,0,1,0.893229207161615,1.07735751127139,-1.17687180556198,2.94993789277107,0,1,0,"no"
0.9,0.4,0,0.1,0.1,0.5,0.3,0.897688648838626,0.514289944273724,-0.0806639082001808,1.90295220305823,0,0,0,"no"
0.9,0.4,0,0.1,0.1,0.5,0.6,0.895777459548478,0.727231039887219,-0.501437198285221,2.29022737281023,0,1,0,"no"
0.9,0.4,0,0.1,0.1,0.5,0.9,0.893866270258331,0.986244123751682,-0.996181338196965,2.77962840029006,0,1,0,"no"
0.9,0.4,0,0.1,0.1,0.5,1,0.893229207161615,1.07726024114493,-1.16993241532414,2.95131328258364,0,1,0,"no"
0.9,0.4,0,0.1,0.2,-0.5,0.3,0.897688648838626,0.542544481356421,-0.203450308066489,1.92365575273213,0,0.01,0,"no"
0.9,0.4,0,0.1,0.2,-0.5,0.6,0.895777459548478,0.747254462419111,-0.582619646940841,2.31774243623729,0,1,0,"no"
0.9,0.4,0,0.1,0.2,-0.5,0.9,0.893866270258331,1.00087657459053,-1.05484042749782,2.80065291736753,0,1,0,"no"
0.9,0.4,0,0.1,0.2,-0.5,1,0.893229207161615,1.09059772718369,-1.22027504876874,2.97315941846463,0,1,0,"no"
0.9,0.4,0,0.1,0.2,0,0.3,0.897688648838626,0.542165698571505,-0.170375907045312,1.9513144261702,0,0.02,0,"no"
0.9,0.4,0,0.1,0.2,0,0.6,0.895777459548478,0.746796172995239,-0.566981930630187,2.32334948516317,0,1,0,"no"
0.9,0.4,0,0.1,0.2,0,0.9,0.893866270258331,1.00038700816654,-1.04888447822692,2.80077407727745,0,1,0,"no"
0.9,0.4,0,0.1,0.2,0,1,0.893229207161615,1.09010177639499,-1.21707427657707,2.97007138601525,0,1,0,"no"
0.9,0.4,0,0.1,0.2,0.5,0.3,0.897688648838626,0.540785565595799,-0.12656601241761,1.98693170487836,0,0.01,0,"no"
0.9,0.4,0,0.1,0.2,0.5,0.6,0.895777459548478,0.745889214883848,-0.539067529963605,2.35004905923317,0,1,0,"no"
0.9,0.4,0,0.1,0.2,0.5,0.9,0.893866270258331,0.999769876123079,-1.02409762127585,2.8131483173495,0,1,0,"no"
0.9,0.4,0,0.1,0.2,0.5,1,0.893229207161615,1.0895529457549,-1.19538990746327,2.98004948258247,0,1,0,"no"
0.9,0.4,0,0.1,0.3,-0.5,0.3,0.897688648838626,0.586040767831377,-0.314730033523189,2.01146496810059,0,0.3,0,"no"
0.9,0.4,0,0.1,0.3,-0.5,0.6,0.895777459548478,0.779202718010714,-0.656784101106879,2.37032759157164,0,1,0,"no"
0.9,0.4,0,0.1,0.3,-0.5,0.9,0.893866270258331,1.02471539693032,-1.11651019201609,2.84693069672424,0,1,0,"no"
0.9,0.4,0,0.1,0.3,-0.5,1,0.893229207161615,1.11243358692191,-1.28051993206412,3.01061211411014,0,1,0,"no"
0.9,0.4,0,0.1,0.3,0,0.3,0.897688648838626,0.585250278914725,-0.278147050890984,2.0463744312189,0,0.37,0,"no"
0.9,0.4,0,0.1,0.3,0,0.6,0.895777459548478,0.778316584891839,-0.622001182709132,2.38083750268207,0,1,0,"no"
0.9,0.4,0,0.1,0.3,0,0.9,0.893866270258331,1.02382147943027,-1.10423644626632,2.84764782594383,0,1,0,"no"
0.9,0.4,0,0.1,0.3,0,1,0.893229207161615,1.11154141490768,-1.27163362753319,3.01419319301594,0,1,0,"no"
0.9,0.4,0,0.1,0.3,0.5,0.3,0.897688648838626,0.582288225762552,-0.218183238984083,2.09432067565508,0,0.32,0,"no"
0.9,0.4,0,0.1,0.3,0.5,0.6,0.895777459548478,0.776240811547979,-0.600524149712924,2.40206891754881,0,1,0,"no"
0.9,0.4,0,0.1,0.3,0.5,0.9,0.893866270258331,1.02233900771958,-1.06734286354146,2.86470520700203,0,1,0,"no"
0.9,0.4,0,0.1,0.3,0.5,1,0.893229207161615,1.11020331968111,-1.23401615152324,3.02670581821343,0,1,0,"no"
0.9,0.4,0,0.2,0.1,-0.5,0.3,0.8972884869674,0.54227806561193,-0.174718017466254,1.90753979775631,0,0,0,"no"
0.9,0.4,0,0.2,0.1,-0.5,0.6,0.895377297677252,0.747712635839504,-0.56541458409827,2.30532501505742,0,1,0,"no"
0.9,0.4,0,0.2,0.1,-0.5,0.9,0.893466108387104,1.00177610424962,-1.04629947195218,2.79701152384464,0,1,0,"no"
0.9,0.4,0,0.2,0.1,-0.5,1,0.892829045290389,1.09160121986445,-1.21615890840559,2.96819686996361,0,1,0,"no"
0.9,0.4,0,0.2,0.1,0,0.3,0.8972884869674,0.542192595740689,-0.148201462120676,1.9417747399422,0,0.01,0,"no"
0.9,0.4,0,0.2,0.1,0,0.6,0.895377297677252,0.747565587535355,-0.551799345293205,2.32549524500939,0,1,0,"no"
0.9,0.4,0,0.2,0.1,0,0.9,0.893466108387104,1.0015936179342,-1.03416885313239,2.80696018226189,0,1,0,"no"
0.9,0.4,0,0.2,0.1,0,1,0.892829045290389,1.09141046712446,-1.20382074900716,2.97629615731152,0,1,0,"no"
0.9,0.4,0,0.2,0.1,0.5,0.3,0.8972884869674,0.541846800046218,-0.114305521200324,1.98016394880386,0,0.01,0,"no"
0.9,0.4,0,0.2,0.1,0.5,0.6,0.895377297677252,0.747369635866432,-0.533040371065268,2.34445941591425,0,1,0,"no"
0.9,0.4,0,0.2,0.1,0.5,0.9,0.893466108387104,1.00147989976995,-1.02461769705017,2.81743096501184,0,1,0,"no"
0.9,0.4,0,0.2,0.1,0.5,1,0.892829045290389,1.09131528938372,-1.1964791109944,2.9855271021084,0,1,0,"no"
0.9,0.4,0,0.2,0.2,-0.5,0.3,0.8972884869674,0.568806391980066,-0.274953519720282,1.94466202332383,0,0.13,0,"no"
0.9,0.4,0,0.2,0.2,-0.5,0.6,0.895377297677252,0.766876374518383,-0.626140752321296,2.33197890299372,0,1,0,"no"
0.9,0.4,0,0.2,0.2,-0.5,0.9,0.893466108387104,1.01588674256275,-1.09633921764072,2.81768686315164,0,1,0,"no"
0.9,0.4,0,0.2,0.2,-0.5,1,0.892829045290389,1.10447533571876,-1.25874803579692,2.98794378281348,0,1,0,"no"
0.9,0.4,0,0.2,0.2,0,0.3,0.8972884869674,0.568432183088806,-0.216162102305583,2.00489788580687,0,0.14,0,"no"
0.9,0.4,0,0.2,0.2,0,0.6,0.895377297677252,0.766426809227277,-0.601679939395068,2.36492362958495,0,1,0,"no"
0.9,0.4,0,0.2,0.2,0,0.9,0.893466108387104,1.01540544610228,-1.08175758555678,2.83580275750905,0,1,0,"no"
0.9,0.4,0,0.2,0.2,0,1,0.892829045290389,1.10398723389521,-1.24771489224092,3.00051134625965,0,1,0,"no"
0.9,0.4,0,0.2,0.2,0.5,0.3,0.8972884869674,0.567070709291381,-0.151957462727196,2.06603764338682,0,0.14,0,"no"
0.9,0.4,0,0.2,0.2,0.5,0.6,0.895377297677252,0.765530682882269,-0.567406676608345,2.399503290424,0,1,0,"no"
0.9,0.4,0,0.2,0.2,0.5,0.9,0.893466108387104,1.01479653145669,-1.04881888161949,2.86221827328975,0,1,0,"no"
0.9,0.4,0,0.2,0.2,0.5,1,0.892829045290389,1.10344601097687,-1.21744824625657,3.02007329341233,0,1,0,"no"
0.9,0.4,0,0.2,0.3,-0.5,0.3,0.8972884869674,0.610474883471398,-0.385592241734813,2.0211256861998,0,0.5,0,"no"
0.9,0.4,0,0.2,0.3,-0.5,0.6,0.895377297677252,0.798041929925985,-0.705807059641385,2.38768240985713,0,1,0,"no"
0.9,0.4,0,0.2,0.3,-0.5,0.9,0.893466108387104,1.03937528497497,-1.15812699018558,2.85685949588333,0,1,0,"no"
0.9,0.4,0,0.2,0.3,-0.5,1,0.892829045290389,1.12603541031403,-1.32285885322086,3.02495828066014,0,1,0,"no"
0.9,0.4,0,0.2,0.3,0,0.3,0.8972884869674,0.609706081822312,-0.31646237650176,2.09348290701644,0,0.53,0,"no"
0.9,0.4,0,0.2,0.3,0,0.6,0.895377297677252,0.797176129284813,-0.665748291999432,2.41709573899751,0,1,0,"no"
0.9,0.4,0,0.2,0.3,0,0.9,0.893466108387104,1.03849688900026,-1.13275510284371,2.88040425156993,0,1,0,"no"
0.9,0.4,0,0.2,0.3,0,1,0.892829045290389,1.12515740904138,-1.29759888571683,3.0455899808503,0,1,0,"no"
0.9,0.4,0,0.2,0.3,0.5,0.3,0.8972884869674,0.606799194218442,-0.225988675284256,2.1693106118706,0,0.49,0,"no"
0.9,0.4,0,0.2,0.3,0.5,0.6,0.895377297677252,0.79512908490592,-0.610601814614002,2.45979530323059,0,1,0,"no"
0.9,0.4,0,0.2,0.3,0.5,0.9,0.893466108387104,1.03703245993523,-1.08383770892929,2.91506577661402,0,1,0,"no"
0.9,0.4,0,0.2,0.3,0.5,1,0.892829045290389,1.12383524896677,-1.24956516555077,3.07232887576919,0,1,0,"no"
0.9,0.4,0,0.3,0.1,-0.5,0.3,0.896888325096173,0.584913783504294,-0.259680979594953,1.97907244808208,0,0.2,0,"no"
0.9,0.4,0,0.3,0.1,-0.5,0.6,0.894977135806026,0.779572116794145,-0.623984229037403,2.36046102440957,0,1,0,"no"
0.9,0.4,0,0.3,0.1,-0.5,0.9,0.893065946515878,1.02606452020232,-1.09531046036722,2.83903016898149,0,1,0,"no"
0.9,0.4,0,0.3,0.1,-0.5,1,0.892428883419162,1.11402106333944,-1.26095889927707,3.00984527009592,0,1,0,"no"
0.9,0.4,0,0.3,0.1,0,0.3,0.896888325096173,0.584819122014526,-0.220662075796466,2.03157270187146,0,0.23,0,"no"
0.9,0.4,0,0.3,0.1,0,0.6,0.894977135806026,0.779425300914313,-0.605427802821239,2.38796591046183,0,1,0,"no"
0.9,0.4,0,0.3,0.1,0,0.9,0.893065946515878,1.02588508166587,-1.07892908040499,2.85051425518279,0,1,0,"no"
0.9,0.4,0,0.3,0.1,0,1,0.892428883419162,1.11383360191975,-1.24888198013,3.01713066301158,0,1,0,"no"
0.9,0.4,0,0.3,0.1,0.5,0.3,0.896888325096173,0.584471358707363,-0.178976078198861,2.07851773742201,0,0.18,0,"no"
0.9,0.4,0,0.3,0.1,0.5,0.6,0.894977135806026,0.779227942629012,-0.58038681408983,2.41705196060146,0,1,0,"no"
0.9,0.4,0,0.3,0.1,0.5,0.9,0.893065946515878,1.02577196435892,-1.0624728976452,2.867396273832,0,1,0,"no"
0.9,0.4,0,0.3,0.1,0.5,1,0.892428883419162,1.11373938860389,-1.23221687463491,3.03125631968746,0,1,0,"no"
0.9,0.4,0,0.3,0.2,-0.5,0.3,0.896888325096173,0.609651133931037,-0.363821408802463,1.99824840327817,0,0.53,0,"no"
0.9,0.4,0,0.3,0.2,-0.5,0.6,0.894977135806026,0.797981731253513,-0.693099873116542,2.37494548957982,0,1,0,"no"
0.9,0.4,0,0.3,0.2,-0.5,0.9,0.893065946515878,1.03984374310057,-1.14206112045232,2.854809631331,0,1,0,"no"
0.9,0.4,0,0.3,0.2,-0.5,1,0.892428883419162,1.12663578606518,-1.30626729786374,3.02327698295565,0,1,0,"no"
0.9,0.4,0,0.3,0.2,0,0.3,0.896888325096173,0.609285100600785,-0.286164782620134,2.08445316799163,0,0.52,0,"no"
0.9,0.4,0,0.3,0.2,0,0.6,0.894977135806026,0.79754379210497,-0.652597027040786,2.42858933463675,0,1,0,"no"
0.9,0.4,0,0.3,0.2,0,0.9,0.893065946515878,1.03937312471965,-1.12422638229793,2.88088648369029,0,1,0,"no"
0.9,0.4,0,0.3,0.2,0,1,0.892428883419162,1.12615777336813,-1.28876019132512,3.0430948748962,0,1,0,"no"
0.9,0.4,0,0.3,0.2,0.5,0.3,0.896888325096173,0.607957926296409,-0.203763532711892,2.16516563581318,0,0.52,0,"no"
0.9,0.4,0,0.3,0.2,0.5,0.6,0.894977135806026,0.796661037516647,-0.611314489433394,2.4673966607821,0,1,0,"no"
0.9,0.4,0,0.3,0.2,0.5,0.9,0.893065946515878,1.03877244792651,-1.08908256259194,2.91296386671926,0,1,0,"no"
0.9,0.4,0,0.3,0.2,0.5,1,0.892428883419162,1.12562397119992,-1.25528165134346,3.07185127537748,0,1,0,"no"
0.9,0.4,0,0.3,0.3,-0.5,0.3,0.896888325096173,0.648767627524542,-0.475441280264259,2.06860007716701,0,0.84,0,"no"
0.9,0.4,0,0.3,0.3,-0.5,0.6,0.894977135806026,0.827991145554992,-0.774517957622857,2.42601798526226,0,1,0,"no"
0.9,0.4,0,0.3,0.3,-0.5,0.9,0.893065946515878,1.06280172664432,-1.19729671460416,2.88504669162299,0,1,0,"no"
0.9,0.4,0,0.3,0.3,-0.5,1,0.892428883419162,1.1477767005565,-1.36150927268252,3.05158154094537,0,1,0,"no"
0.9,0.4,0,0.3,0.3,0,0.3,0.896888325096173,0.648031173269169,-0.37062701704109,2.16856070524576,0,0.79,0,"no"
0.9,0.4,0,0.3,0.3,0,0.6,0.894977135806026,0.827154290943304,-0.717274854490611,2.47554927850148,0,1,0,"no"
0.9,0.4,0,0.3,0.3,0,0.9,0.893065946515878,1.06194479376803,-1.17160533919637,2.92448104107701,0,1,0,"no"
0.9,0.4,0,0.3,0.3,0,1,0.892428883419162,1.14691811814547,-1.33970932990896,3.08306047964122,0,1,0,"no"
0.9,0.4,0,0.3,0.3,0.5,0.3,0.896888325096173,0.645215291219666,-0.273625459630186,2.26414902325572,0,0.74,0,"no"
0.9,0.4,0,0.3,0.3,0.5,0.6,0.894977135806026,0.825147470663359,-0.649570231913417,2.53353452343634,0,1,0,"no"
0.9,0.4,0,0.3,0.3,0.5,0.9,0.893065946515878,1.06050219351166,-1.1243191355692,2.97061417275377,0,1,0,"no"
0.9,0.4,0,0.3,0.3,0.5,1,0.892428883419162,1.14561459214103,-1.29020172430358,3.12766939664504,0,1,0,"no"
0.9,0.5,0,0.1,0.1,-0.5,0.3,0.897688648838626,0.594899415835539,-0.26332364144045,2.03047179033794,0,0.36,0,"no"
0.9,0.5,0,0.1,0.1,-0.5,0.6,0.895777459548478,0.785571209535935,-0.642089091582505,2.38106183036537,0,1,0,"no"
0.9,0.5,0,0.1,0.1,-0.5,0.9,0.893866270258331,1.02948279032523,-1.09705342789655,2.84969302691295,0,1,0,"no"
0.9,0.5,0,0.1,0.1,-0.5,1,0.893229207161615,1.11682099293652,-1.26133353692793,3.02185352072912,0,1,0,"no"
0.9,0.5,0,0.1,0.1,0,0.3,0.897688648838626,0.594873940735991,-0.246548823978641,2.04176908304955,0,0.31,0,"no"
0.9,0.5,0,0.1,0.1,0,0.6,0.895777459548478,0.785467613993293,-0.635067132466807,2.38824404257556,0,1,0,"no"
0.9,0.5,0,0.1,0.1,0,0.9,0.893866270258331,1.02933226732604,-1.08874673691425,2.85364714382043,0,1,0,"no"
0.9,0.5,0,0.1,0.1,0,1,0.893229207161615,1.11665937519888,-1.25543959333096,3.01943848703629,0,1,0,"no"
0.9,0.5,0,0.1,0.1,0.5,0.3,0.897688648838626,0.594573419398937,-0.230937518950893,2.05258521097605,0,0.37,0,"no"
0.9,0.5,0,0.1,0.1,0.5,0.6,0.895777459548478,0.785283527204014,-0.61833117191167,2.39625988951195,0,1,0,"no"
0.9,0.5,0,0.1,0.1,0.5,0.9,0.893866270258331,1.02922009522403,-1.08348055096284,2.8600145955927,0,1,0,"no"
0.9,0.5,0,0.1,0.1,0.5,1,0.893229207161615,1.11656429687635,-1.25221535631033,3.02272106399294,0,1,0,"no"
0.9,0.5,0,0.1,0.2,-0.5,0.3,0.897688648838626,0.619204478582316,-0.347489398211325,2.07462943132449,0,0.63,0,"no"
0.9,0.5,0,0.1,0.2,-0.5,0.6,0.895777459548478,0.803891169712233,-0.688250293724863,2.42375769424672,0,1,0,"no"
0.9,0.5,0,0.1,0.2,-0.5,0.9,0.893866270258331,1.04328487997888,-1.14565596360809,2.88116661747526,0,1,0,"no"
0.9,0.5,0,0.1,0.2,-0.5,1,0.893229207161615,1.12947312050623,-1.30387871050066,3.04383089516461,0,1,0,"no"
0.9,0.5,0,0.1,0.2,0,0.3,0.897688648838626,0.618940885461464,-0.318559632450002,2.10754447182009,0,0.63,0,"no"
0.9,0.5,0,0.1,0.2,0,0.6,0.895777459548478,0.803523959077182,-0.671610865757223,2.43020520069859,0,1,0,"no"
0.9,0.5,0,0.1,0.2,0,0.9,0.893866270258331,1.04286498275777,-1.13200874706905,2.88257283981068,0,1,0,"no"
0.9,0.5,0,0.1,0.2,0,1,0.893229207161615,1.12904119159693,-1.29413562890591,3.04491633009729,0,1,0,"no"
0.9,0.5,0,0.1,0.2,0.5,0.3,0.897688648838626,0.617727853629119,-0.276848137135306,2.13603887887537,0,0.56,0,"no"
0.9,0.5,0,0.1,0.2,0.5,0.6,0.895777459548478,0.802678385107295,-0.648573405261556,2.45802126056927,0,1,0,"no"
0.9,0.5,0,0.1,0.2,0.5,0.9,0.893866270258331,1.04227102181829,-1.10748846268927,2.897359682853,0,1,0,"no"
0.9,0.5,0,0.1,0.2,0.5,1,0.893229207161615,1.12850939603129,-1.27325525874646,3.05657036521832,0,1,0,"no"
0.9,0.5,0,0.1,0.3,-0.5,0.3,0.897688648838626,0.657675651506067,-0.459585267009821,2.15532963190771,0,0.83,0,"no"
0.9,0.5,0,0.1,0.3,-0.5,0.6,0.895777459548478,0.833707554135919,-0.758408183789787,2.46999944810471,0,1,0,"no"
0.9,0.5,0,0.1,0.3,-0.5,0.9,0.893866270258331,1.06622289976246,-1.20833734066519,2.92497482715663,0,1,0,"no"
0.9,0.5,0,0.1,0.3,-0.5,1,0.893229207161615,1.15061970618648,-1.3607751654278,3.08818431649258,0,1,0,"no"
0.9,0.5,0,0.1,0.3,0,0.3,0.897688648838626,0.657050676920581,-0.422100406390948,2.19526898873651,0,0.82,0,"no"
0.9,0.5,0,0.1,0.3,0,0.6,0.895777459548478,0.832957239651144,-0.724048963706537,2.49139145383555,0,1,0,"no"
0.9,0.5,0,0.1,0.3,0,0.9,0.893866270258331,1.06543287590747,-1.19029483469143,2.92837288522656,0,1,0,"no"
0.9,0.5,0,0.1,0.3,0,1,0.893229207161615,1.14982295885189,-1.3503691071343,3.08758377575207,0,1,0,"no"
0.9,0.5,0,0.1,0.3,0.5,0.3,0.897688648838626,0.65441545056862,-0.365448677717047,2.24038727307434,0,0.8,0,"no"
0.9,0.5,0,0.1,0.3,0.5,0.6,0.895777459548478,0.831017123120157,-0.700334031023915,2.51812389392624,0,1,0,"no"
0.9,0.5,0,0.1,0.3,0.5,0.9,0.893866270258331,1.06400650337445,-1.15534550057553,2.95565258275755,0,1,0,"no"
0.9,0.5,0,0.1,0.3,0.5,1,0.893229207161615,1.14852738888084,-1.31611462856669,3.10896364450431,0,1,0,"no"
0.9,0.5,0,0.2,0.1,-0.5,0.3,0.8972884869674,0.618922209628105,-0.322425901709746,2.0563988138814,0,0.64,0,"no"
0.9,0.5,0,0.2,0.1,-0.5,0.6,0.895377297677252,0.804271703110995,-0.678180892537536,2.41008205192227,0,1,0,"no"
0.9,0.5,0,0.2,0.1,-0.5,0.9,0.893466108387104,1.04409779340145,-1.13336406993629,2.88047516663824,0,1,0,"no"
0.9,0.5,0,0.2,0.1,-0.5,1,0.892829045290389,1.13039216614666,-1.29570825240515,3.04444517897637,0,1,0,"no"
0.9,0.5,0,0.2,0.1,0,0.3,0.8972884869674,0.618886342114067,-0.293712330700454,2.08573045371544,0,0.61,0,"no"
0.9,0.5,0,0.2,0.1,0,0.6,0.895377297677252,0.804166122256644,-0.662831861525972,2.4297808325771,0,1,0,"no"
0.9,0.5,0,0.2,0.1,0,0.9,0.893466108387104,1.04394846103329,-1.12263786633095,2.89264268589679,0,1,0,"no"
0.9,0.5,0,0.2,0.1,0,1,0.892829045290389,1.1302321577459,-1.28673714465019,3.05609282691871,0,1,0,"no"
0.9,0.5,0,0.2,0.1,0.5,0.3,0.8972884869674,0.618579791120557,-0.260065770118547,2.12449342933618,0,0.61,0,"no"
0.9,0.5,0,0.2,0.1,0.5,0.6,0.895377297677252,0.803980566786337,-0.646458476682498,2.44796154253803,0,1,0,"no"
0.9,0.5,0,0.2,0.1,0.5,0.9,0.893466108387104,1.04383720388808,-1.10722217460066,2.90557957344451,0,1,0,"no"
0.9,0.5,0,0.2,0.1,0.5,1,0.892829045290389,1.13013835700032,-1.27542957007596,3.06686561327652,0,1,0,"no"
0.9,0.5,0,0.2,0.2,-0.5,0.3,0.8972884869674,0.642353636058984,-0.4129785705258,2.09157999912536,0,0.84,0,"no"
0.9,0.5,0,0.2,0.2,-0.5,0.6,0.895377297677252,0.822178429798713,-0.73952900326141,2.43846450842302,0,1,0,"no"
0.9,0.5,0,0.2,0.2,-0.5,0.9,0.893466108387104,1.05770459359434,-1.18408143670292,2.89543956537375,0,1,0,"no"
0.9,0.5,0,0.2,0.2,-0.5,1,0.892829045290389,1.14288873539553,-1.34151543915791,3.05914585030127,0,1,0,"no"
0.9,0.5,0,0.2,0.2,0,0.3,0.8972884869674,0.642085562146046,-0.358413994598017,2.15268278306189,0,0.81,0,"no"
0.9,0.5,0,0.2,0.2,0,0.6,0.895377297677252,0.821813980857291,-0.707606571330707,2.47103468912086,0,1,0,"no"
0.9,0.5,0,0.2,0.2,0,0.9,0.893466108387104,1.05728976617097,-1.16328989599858,2.91341847235614,0,1,0,"no"
0.9,0.5,0,0.2,0.2,0,1,0.892829045290389,1.14246205943854,-1.32533241221095,3.07507469965136,0,1,0,"no"
0.9,0.5,0,0.2,0.2,0.5,0.3,0.8972884869674,0.64087854436558,-0.290320389022531,2.2106274342458,0,0.79,0,"no"
0.9,0.5,0,0.2,0.2,0.5,0.6,0.895377297677252,0.820973747057788,-0.673070739314001,2.51083750023014,0,1,0,"no"
0.9,0.5,0,0.2,0.2,0.5,0.9,0.893466108387104,1.05670149435244,-1.13364578526661,2.94712588063672,0,1,0,"no"
0.9,0.5,0,0.2,0.2,0.5,1,0.892829045290389,1.14193588513588,-1.29980845087438,3.10444838016005,0,1,0,"no"
0.9,0.5,0,0.2,0.3,-0.5,0.3,0.8972884869674,0.679552711351821,-0.523314448369546,2.15629236997699,0,0.92,0,"no"
0.9,0.5,0,0.2,0.3,-0.5,0.6,0.895377297677252,0.851359596074059,-0.817433764935039,2.48932394893156,0,1,0,"no"
0.9,0.5,0,0.2,0.3,-0.5,0.9,0.893466108387104,1.0803320020891,-1.24152343354098,2.9351536931123,0,1,0,"no"
0.9,0.5,0,0.2,0.3,-0.5,1,0.892829045290389,1.16378611446968,-1.40362589768401,3.09431256991143,0,0.99,0,"no"
0.9,0.5,0,0.2,0.3,0,0.3,0.8972884869674,0.67893517398297,-0.461002634611982,2.23683971364282,0,0.91,0,"no"
0.9,0.5,0,0.2,0.3,0,0.6,0.895377297677252,0.850620576177714,-0.769002273972597,2.52240828161104,0,1,0,"no"
0.9,0.5,0,0.2,0.3,0,0.9,0.893466108387104,1.07955274740805,-1.21953853156469,2.9659880738749,0,1,0,"no"
0.9,0.5,0,0.2,0.3,0,1,0.892829045290389,1.16299969027055,-1.37768051252896,3.11981510364864,0,1,0,"no"
0.9,0.5,0,0.2,0.3,0.5,0.3,0.8972884869674,0.676329899883861,-0.359604799879738,2.31462929152063,0,0.91,0,"no"
0.9,0.5,0,0.2,0.3,0.5,0.6,0.895377297677252,0.848698960517244,-0.712759027339484,2.57642906633091,0,1,0,"no"
0.9,0.5,0,0.2,0.3,0.5,0.9,0.893466108387104,1.0781400298082,-1.1703007183712,3.00298718866946,0,1,0,"no"
0.9,0.5,0,0.2,0.3,0.5,1,0.892829045290389,1.16171666412667,-1.32751755518517,3.15609385685405,0,1,0,"no"
0.9,0.5,0,0.3,0.1,-0.5,0.3,0.896888325096173,0.656637030224409,-0.399946348448163,2.11871374907315,0,0.95,0,"no"
0.9,0.5,0,0.3,0.1,-0.5,0.6,0.894977135806026,0.833995170762605,-0.734963600715744,2.46151567504383,0,1,0,"no"
0.9,0.5,0,0.3,0.1,-0.5,0.9,0.893065946515878,1.06743699964108,-1.17808233336961,2.9155052883085,0,1,0,"no"
0.9,0.5,0,0.3,0.1,-0.5,1,0.892428883419162,1.15206893109435,-1.33992240801453,3.08073025651696,0,1,0,"no"
0.9,0.5,0,0.3,0.1,0,0.3,0.896888325096173,0.656588230639777,-0.361869178764651,2.17040417840638,0,0.95,0,"no"
0.9,0.5,0,0.3,0.1,0,0.6,0.894977135806026,0.833886384156298,-0.711546620688108,2.48893677918037,0,1,0,"no"
0.9,0.5,0,0.3,0.1,0,0.9,0.893065946515878,1.06728862229088,-1.16400265719467,2.93216041174791,0,1,0,"no"
0.9,0.5,0,0.3,0.1,0,1,0.892428883419162,1.15191048132722,-1.32602110477827,3.09308580397417,0,1,0,"no"
0.9,0.5,0,0.3,0.1,0.5,0.3,0.896888325096173,0.656275467828319,-0.318262279994981,2.21291273459668,0,0.95,0,"no"
0.9,0.5,0,0.3,0.1,0.5,0.6,0.894977135806026,0.833697420882067,-0.684748675871787,2.51813193027706,0,1,0,"no"
0.9,0.5,0,0.3,0.1,0.5,0.9,0.893065946515878,1.06717680984161,-1.14641432167877,2.95456474382467,0,1,0,"no"
0.9,0.5,0,0.3,0.1,0.5,1,0.892428883419162,1.15181668744475,-1.31166492433585,3.11098955759577,0,1,0,"no"
0.9,0.5,0,0.3,0.2,-0.5,0.3,0.896888325096173,0.678821302183074,-0.501018470559432,2.13097290070589,0,0.96,0,"no"
0.9,0.5,0,0.3,0.2,-0.5,0.6,0.894977135806026,0.851289532812446,-0.804313865052074,2.47241717433684,0,1,0,"no"
0.9,0.5,0,0.3,0.2,-0.5,0.9,0.893065946515878,1.08074964779504,-1.2259154896079,2.92613583629337,0,1,0,"no"
0.9,0.5,0,0.3,0.2,-0.5,1,0.892428883419162,1.16433087658215,-1.38645624503978,3.09139806195604,0,1,0,"no"
0.9,0.5,0,0.3,0.2,0,0.3,0.896888325096173,0.678549021469817,-0.424340949772082,2.22205849071483,0,0.95,0,"no"
0.9,0.5,0,0.3,0.2,0,0.6,0.894977135806026,0.850928797214683,-0.76088045752899,2.53330537703708,0,1,0,"no"
0.9,0.5,0,0.3,0.2,0,0.9,0.893065946515878,1.08034114414388,-1.20421497574224,2.96022385895494,0,1,0,"no"
0.9,0.5,0,0.3,0.2,0,1,0.892428883419162,1.16391073129295,-1.36794056849749,3.11757618553775,0,1,0,"no"
0.9,0.5,0,0.3,0.2,0.5,0.3,0.896888325096173,0.677356469778136,-0.33614350361615,2.30438567396916,0,0.95,0,"no"
0.9,0.5,0,0.3,0.2,0.5,0.6,0.894977135806026,0.850094822569822,-0.709218917065882,2.57677398501436,0,1,0,"no"
0.9,0.5,0,0.3,0.2,0.5,0.9,0.893065946515878,1.07975796963633,-1.16721543671742,2.99962188878252,0,1,0,"no"
0.9,0.5,0,0.3,0.2,0.5,1,0.892428883419162,1.16338950855187,-1.33251105518982,3.15249314473956,0,1,0,"no"
0.9,0.5,0,0.3,0.3,-0.5,0.3,0.896888325096173,0.714182868856388,-0.609637224593107,2.19543966352221,0,0.98,0,"no"
0.9,0.5,0,0.3,0.3,-0.5,0.6,0.894977135806026,0.879521218026408,-0.886395624638762,2.51831751064117,0,1,0,"no"
0.9,0.5,0,0.3,0.3,-0.5,0.9,0.893065946515878,1.10290477312007,-1.28323898520177,2.95937929384417,0,1,0,"no"
0.9,0.5,0,0.3,0.3,-0.5,1,0.892428883419162,1.18484850400787,-1.43981356388963,3.12062034737334,0,0.98,0,"no"
0.9,0.5,0,0.3,0.3,0,0.3,0.896888325096173,0.713578575178566,-0.511486542391651,2.30421340514035,0,0.98,0,"no"
0.9,0.5,0,0.3,0.3,0,0.6,0.894977135806026,0.878798933599955,-0.822736052096677,2.58142532145094,0,1,0,"no"
0.9,0.5,0,0.3,0.3,0,0.9,0.893065946515878,1.10214041835957,-1.25880057052815,3.00399034319705,0,1,0,"no"
0.9,0.5,0,0.3,0.3,0,1,0.892428883419162,1.18407615555428,-1.41666011835125,3.15724065376564,0,0.98,0,"no"
0.9,0.5,0,0.3,0.3,0.5,0.3,0.896888325096173,0.711026341442264,-0.39615933898244,2.40517847422611,0,0.96,0,"no"
0.9,0.5,0,0.3,0.3,0.5,0.6,0.894977135806026,0.876903707283316,-0.746457907286145,2.65162314207185,0,1,0,"no"
0.9,0.5,0,0.3,0.3,0.5,0.9,0.893065946515878,1.10074384755757,-1.20212418490497,3.05394463172469,0,1,0,"no"
0.9,0.5,0,0.3,0.3,0.5,1,0.892428883419162,1.18280739054652,-1.36116047254094,3.21051972964067,0,0.99,0,"no"
